condition_id,category,liquidity_tier,strategy,side,entry_price,stake,fee,outcome_yes_won,pnl
0x868395f961c26281e2ab9ad2dbcf72232ef9c5617c971ea85c294d7a8f3608df,earnings,<5K,S1,YES,0.01,50.0,1.0,0,-51.0
0x3a7bf042a63ad2ed6825ee9b06c8e3f62d65a227522cbf1a54b94a65d21bfb28,earnings,<5K,S1,NO,0.885,50.0,1.0,1,-51.0
0xff3db55dd6ad4dc3938876a6b18812b121556a314309a9e08c870f99f797818f,earnings,<5K,S1,NO,0.865,50.0,1.0,1,-51.0
0x8d3ca023239d93aad864f4b27e12818000b7b878bd5719e23345452108e2ecfd,earnings,<5K,S1,NO,0.9995,50.0,1.0,1,-51.0
0x5880d5ea3d38f4fc3dd68cbda0e82bf4fdd87240be6c823df98fadbbce097852,earnings,<5K,S1,NO,0.935,50.0,1.0,1,-51.0
0x615a2a38e8d86cf7cfae2613359f15201f8533506004415d27825de9d99923b3,earnings,<5K,S1,NO,0.86,50.0,1.0,0,306.1428571428571
0xe7c561000aec1ea32649c6ce22c5c87e0ec736ba0f72bf9cf582ec93de99ba30,earnings,<5K,S1,NO,0.975,50.0,1.0,1,-51.0
0xa932cf6f7a99d2ab04e0833ae79fdc848f9fd417a81e86d8c1aedb3f9b41ee7f,earnings,<5K,S1,NO,0.875,50.0,1.0,1,-51.0
0x055dda80d2596defe1bb72d34b291dbf618a7f99be1cda4a2393e9b200704ddc,earnings,<5K,S1,NO,0.895,50.0,1.0,1,-51.0
0x75817b7d53552b67005b06ef9a9377c602155242b2869324e3bd0eacdc92892d,earnings,<5K,S1,NO,0.935,50.0,1.0,1,-51.0
0x20cab10e9552a88c30a2c8eeadaf6e4c6b4f401e8bcbc1d572cf4cbb2218a269,earnings,<5K,S1,NO,0.865,50.0,1.0,1,-51.0
0x1a88907b82c96a145fcfae7b0248af8661118672a4a7a9d7e80284c8a1d533e8,earnings,<5K,S1,NO,0.89,50.0,1.0,1,-51.0
0x31451d5ec63c74a64a33eedd3e23a4f357aaaf7942c3a7a94046e40c7f4952ff,earnings,<5K,S1,NO,0.865,50.0,1.0,1,-51.0
0xb5a187313d629d6bde08aca6d0e7843e6c762e8e16d20a6b637156b5e8f288e9,earnings,<5K,S1,NO,0.915,50.0,1.0,1,-51.0
0xd86d2dbee5ec6000380bed001d85f159d73c56221e8c73a43248be1fd43c82cf,earnings,<5K,S1,NO,0.865,50.0,1.0,1,-51.0
0xbcb0f727bfabb7914ec5a1fbf543f4ad1a0baf49950ebb4547d4fbb62d35c1af,earnings,<5K,S1,NO,0.875,50.0,1.0,1,-51.0
0x3c5f263697f146a5a95fca192e4f4dbb17186cece93288ba0ebd7a2eebb15dcf,earnings,<5K,S1,NO,0.875,50.0,1.0,1,-51.0
0xb3f6990608a86c7dd8b2a6234af7c3f03354349f4d57b8e517e75727508b48a4,earnings,<5K,S1,NO,0.88,50.0,1.0,1,-51.0
0xc954e999dea5adfd38be130b4d95f9a05a682e15d6d18135baf439721b794660,earnings,<5K,S1,NO,0.895,50.0,1.0,1,-51.0
0x235ce53a39a8b1a938e895785371cec35d2a8efc1f86d947a89fc6768af28e63,earnings,<5K,S1,NO,0.87,50.0,1.0,0,333.6153846153846
0xaf42a8d372fdcc9803d424e216d793072b7fc33bc3325e7081cb5a9de81b25fa,earnings,<5K,S1,NO,0.885,50.0,1.0,1,-51.0
0x5df82da99ee50977056e0d4c1a13608cf9fbe091259037ba49aaf42a0e3fed46,earnings,<5K,S1,NO,0.94,50.0,1.0,1,-51.0
0xd9b6d1231ce6a119f239951ce51d1b2ace9176e5c0f46b81b08b21e4bb0002cc,earnings,<5K,S1,NO,0.9625,50.0,1.0,1,-51.0
0x4c65028ff841efda5a53f66258bdd4c8406e5cb2319639621935bd335cb89cde,earnings,<5K,S1,NO,0.91,50.0,1.0,1,-51.0
0xd7c275ba6e0ec876a20db252e1d9f41e164376835e3573e7965c09a257fcb4c0,earnings,<5K,S1,NO,0.91,50.0,1.0,1,-51.0
0x9dd4a37d1673e7b6ca87fa964179a7a3f8fff75ade389ac5ca266221dfa02a0c,earnings,<5K,S1,NO,0.885,50.0,1.0,1,-51.0
0x64fa42538ec262554829aabe0d037358b7bfa98d7770d2baf0ec34c275b535a9,earnings,<5K,S1,NO,0.855,50.0,1.0,1,-51.0
0x4a09076d4eca529052cdb86a4537dd95970d5c4c7062669c97b6438fcd99dde3,earnings,<5K,S1,NO,0.9695,50.0,1.0,1,-51.0
0x75d3c8452ecabc2dc2bd0acb86bb6d8fd6aedfc8a404c270e784406f566f0783,earnings,<5K,S1,NO,0.9095,50.0,1.0,1,-51.0
0x254db11701f2fc714dc60524076296bfabaae6b3c52da8c26e140a520020ec5f,earnings,<5K,S1,NO,0.92,50.0,1.0,1,-51.0
0x54b1721f66ca09f94b360b2747922612d2c5ca5b0d6c90d9fceac9546b744c20,earnings,<5K,S1,NO,0.91,50.0,1.0,1,-51.0
0x8f7b4987a14c36d3e2d05454ec2193c6c3724446acb5e29d948b4729931d913d,earnings,<5K,S1,NO,0.895,50.0,1.0,1,-51.0
0xec1a6445382594b45968ff196c4a8b8226443b905d717aa7eb4cb57c00292156,earnings,<5K,S1,NO,0.905,50.0,1.0,1,-51.0
0x9ab62b8f6d718f74c019c87e3ffc63365b84dac9ea13628ed2eef16dabc0bf04,earnings,<5K,S1,NO,0.865,50.0,1.0,1,-51.0
0xa626f84bfafa763610ae8fb800a2386bc10bdb6afe6e61a017caceee9f34d5ec,earnings,<5K,S1,NO,0.91,50.0,1.0,1,-51.0
0xd75ee7d46d513226c413c74d527cf9e5c79203895dcb9b2d3a390314b9fbef7b,earnings,<5K,S1,NO,0.87,50.0,1.0,1,-51.0
0x393c6ffb79e74bfd9afdbeb947cf2991522bee6f656d0332027c9814b30b8721,earnings,<5K,S1,NO,0.945,50.0,1.0,1,-51.0
0x02ca6d1cf9af58f50c96571f9eae289e9154629c1f841ffe78effbe0658021fd,earnings,<5K,S1,NO,0.88,50.0,1.0,1,-51.0
0xc0c1847132d2bf995842c15b2196e64988efc5baaccf337358d11d8ef13d1f06,earnings,<5K,S1,NO,0.88,50.0,1.0,1,-51.0
0x26e2d8bf49dcb170bd268d64c8a15d2ee6921500cbde5e06c4e735420b2df215,earnings,<5K,S1,NO,0.875,50.0,1.0,1,-51.0
0x9d5751efa34a643e5c37fc5b9d8349592d6abb283bcab8bf315eee02e2774ebb,earnings,<5K,S1,NO,0.885,50.0,1.0,0,383.7826086956522
0x7e53cf31b446a4f131d9218cb5b42e2e22860183ec89fc354d6c3b47f0543a05,earnings,<5K,S1,NO,0.94,50.0,1.0,1,-51.0
0x55160517bc772d8a1808ae6ae2816cf8a72e78f9985c43021d400bf89f3edaf8,earnings,<5K,S1,NO,0.865,50.0,1.0,1,-51.0
0x8ec10f4ee905b6a497ebb8c73b6aabfa6de2009889958184c24ff833efede1cf,earnings,<5K,S1,NO,0.855,50.0,1.0,1,-51.0
0xe83891ec9a85382c39c6bf52bf6f3edc6322c6118f30001f70f2bb394bbf4d95,earnings,<5K,S1,NO,0.89,50.0,1.0,1,-51.0
0xb56646001e1d8a623a45dcafd68e8b589d29b834f436da9d37d1152ecb1ef4e8,earnings,<5K,S1,NO,0.906,50.0,1.0,1,-51.0
0x47bed979a3f9e4b22956f1c8308f1b5b62b94963f7b97502ae1a5c7b9f042566,earnings,<5K,S1,NO,0.94,50.0,1.0,1,-51.0
0xa65efcfe126832f7e1d399d5b1ae0853555dc726817c803a6fa1e9750944def5,earnings,<5K,S1,NO,0.885,50.0,1.0,1,-51.0
0xa2a6a018db066545fd0519e5168c1f5f2d2281d797b76159af42fefe1115bc41,earnings,<5K,S1,NO,0.905,50.0,1.0,1,-51.0
0xb936171965af07ed369c19a0d9d10b2a6debfcde8877268fc934c377f4dca6bf,earnings,<5K,S1,NO,0.953,50.0,1.0,1,-51.0
0x42515cedaf24d8c4b804bbf750a5ace8de2094b65760ade9599488be6338f682,earnings,<5K,S1,NO,0.89,50.0,1.0,1,-51.0
0xac11b9769a9b237cf6fe5f3564aab538a48ac7375eb600a74e69db80b0a3eb9e,earnings,<5K,S1,NO,0.87,50.0,1.0,1,-51.0
0xa063152c3d9353f824e6f9d98910cbaca93d3548114e86ea80ec16707a05c51c,earnings,<5K,S1,NO,0.895,50.0,1.0,1,-51.0
0x2c6c5deeaa153ee443a4b2b4df406d74d5ecee63a394e9ac3d22200558212ac2,earnings,<5K,S1,NO,0.93,50.0,1.0,1,-51.0
0x0e02c9fb7b1dacb8a129bc2d9fd51b529d74d97f8c69598670caf151cb69b631,earnings,<5K,S1,NO,0.94,50.0,1.0,1,-51.0
0x080980e11accdadd452700113263658ea60b535f898927dfe54ecd9c968c2b1d,earnings,<5K,S1,NO,0.885,50.0,1.0,1,-51.0
0xd88085a5d7eb64d9d18fa2e0e05dc35fbd3d778cf9841d82c2843cf87747d3b4,earnings,<5K,S1,NO,0.93,50.0,1.0,0,663.2857142857148
0x868395f961c26281e2ab9ad2dbcf72232ef9c5617c971ea85c294d7a8f3608df,earnings,<5K,S2,YES,0.01,50.0,1.0,0,-51.0
0x65e1b00fec4a5aeea88a634a8cbd6c6212031a9563280da17906d0c8effb39e9,earnings,<5K,S2,NO,0.725,50.0,1.0,1,-51.0
0x8ea8c63a6ce57c6cb6e6ca3c1a3ddb6d1282f12d64da66b2b38e7f287ec60be8,earnings,<5K,S2,NO,0.63,50.0,1.0,1,-51.0
0x8d3ca023239d93aad864f4b27e12818000b7b878bd5719e23345452108e2ecfd,earnings,<5K,S2,NO,0.9995,50.0,1.0,1,-51.0
0x2c2d30157f3dbc5788c2c5f0f540272d97f417ef176a2f1feb4ab10968a9191e,earnings,<5K,S2,NO,0.665,50.0,1.0,0,98.25373134328359
0xf1608932598295f9c1bd6c801bc0111dcd41d8723a4af7cdceb50fe903b7d949,earnings,<5K,S2,YES,0.515,50.0,1.0,1,46.08737864077669
0x7cb095bd306cbf3920e010ffdc12e5b828d01a9276266f3a916cf1a92f71e30e,earnings,<5K,S2,NO,0.845,50.0,1.0,1,-51.0
0xe7c561000aec1ea32649c6ce22c5c87e0ec736ba0f72bf9cf582ec93de99ba30,earnings,<5K,S2,NO,0.975,50.0,1.0,1,-51.0
0xac1d7ea60be2f5dd44155505fa5ac9fab2a488c9070a67b129eeb25153dc2147,earnings,<5K,S2,NO,0.78,50.0,1.0,1,-51.0
0x4b8368164e02ff0992c9f8835c0fb4d37bbd9f9f25610c11f65e4085cb1dec2d,earnings,<5K,S2,NO,0.765,50.0,1.0,1,-51.0
0xa4ca111ba1793e73ac6c032d4b730d19bc624fb3b8d53541db13c4924b99eff8,earnings,<5K,S2,NO,0.795,50.0,1.0,1,-51.0
0x25afa79a84eb8b7a89cb8ac46df47b1cc232d4b7a185e315dded78173a5b209b,earnings,<5K,S2,YES,0.3,50.0,1.0,0,-51.0
0x5e01e65c8b1131afd5c0bc6515e9a2b9ad0d3a28a628dfcc8f16c373b21df907,earnings,<5K,S2,NO,0.485,50.0,1.0,0,46.08737864077669
0x73d0bd1bcc5307042d2b6e1a416f0f19914b3aabf1d7f4f7e389b2ad89f56376,earnings,<5K,S2,YES,0.455,50.0,1.0,1,58.89010989010988
0x1a9c4c83572563ad11afaff9c459444e351bef8723548afe655c3e2a9c78dd4e,earnings,<5K,S2,NO,0.81,50.0,1.0,0,212.1578947368422
0xbc0b897a00e93e3c1718638d6302e6594b87f2b6890ba4556da537a53adbe2d6,earnings,<5K,S2,YES,0.315,50.0,1.0,0,-51.0
0x2b4e8012bf177228dcf4ebc18c6a51c4bc7c3423a00e54f5eb3952e352405ea4,earnings,<5K,S2,NO,0.695,50.0,1.0,1,-51.0
0xf30336690af57f64f7e87478c386a8006965f85e38bbb4af104b764150338b22,earnings,<5K,S2,YES,0.275,50.0,1.0,0,-51.0
0x29dd5b95164fc53fcc43b734f93b9c2920ddfbf217cd725c68bc15c2d2377b1f,earnings,<5K,S2,YES,0.165,50.0,1.0,0,-51.0
0x5df82da99ee50977056e0d4c1a13608cf9fbe091259037ba49aaf42a0e3fed46,earnings,<5K,S2,NO,0.94,50.0,1.0,1,-51.0
0x4c65028ff841efda5a53f66258bdd4c8406e5cb2319639621935bd335cb89cde,earnings,<5K,S2,NO,0.91,50.0,1.0,1,-51.0
0x64fa42538ec262554829aabe0d037358b7bfa98d7770d2baf0ec34c275b535a9,earnings,<5K,S2,NO,0.855,50.0,1.0,1,-51.0
0xf67594a31cf5fa5698cdeca867f66094d995411eb8ff2ef562973179230cecf5,earnings,<5K,S2,NO,0.837,50.0,1.0,0,255.74846625766867
0x54b1721f66ca09f94b360b2747922612d2c5ca5b0d6c90d9fceac9546b744c20,earnings,<5K,S2,NO,0.91,50.0,1.0,1,-51.0
0x42abc0d45d1985a2fd9cf9047b9d9da5759005506ede2e63555ec082033aab76,earnings,<5K,S2,YES,0.755,50.0,1.0,1,15.2251655629139
0xa2dc0ae9b6c47b2f474436990e3f42e550246ecc1a61f71ff17723ebaf8f1073,earnings,<5K,S2,YES,0.455,50.0,1.0,1,58.89010989010988
0x4b09f50ce844bdc9e9858bf4d7477a4576cd9d43997261cdf211496673061d2b,earnings,<5K,S2,NO,0.85,50.0,1.0,1,-51.0
0xf6daf876725740bec404f38bb3418b97ab7f86a2213dcb0ceaf0e97c810259cd,earnings,<5K,S2,YES,0.285,50.0,1.0,1,124.43859649122808
0x00a7577d0b55fbbfc5b46d4906c24e205f64ce6e32e3dec1f6a3cdad487ba5f2,earnings,<5K,S2,NO,0.42,50.0,1.0,0,35.20689655172413
0x55160517bc772d8a1808ae6ae2816cf8a72e78f9985c43021d400bf89f3edaf8,earnings,<5K,S2,NO,0.865,50.0,1.0,1,-51.0
0x8ec10f4ee905b6a497ebb8c73b6aabfa6de2009889958184c24ff833efede1cf,earnings,<5K,S2,NO,0.855,50.0,1.0,1,-51.0
0xe83891ec9a85382c39c6bf52bf6f3edc6322c6118f30001f70f2bb394bbf4d95,earnings,<5K,S2,NO,0.89,50.0,1.0,1,-51.0
0xb56646001e1d8a623a45dcafd68e8b589d29b834f436da9d37d1152ecb1ef4e8,earnings,<5K,S2,NO,0.906,50.0,1.0,1,-51.0
0x47bed979a3f9e4b22956f1c8308f1b5b62b94963f7b97502ae1a5c7b9f042566,earnings,<5K,S2,NO,0.94,50.0,1.0,1,-51.0
0x4927b766531927dac85f6cfdc3ea09639dca10622826f0e2e8ea7740a0b814fb,earnings,<5K,S2,NO,0.835,50.0,1.0,1,-51.0
0xa65efcfe126832f7e1d399d5b1ae0853555dc726817c803a6fa1e9750944def5,earnings,<5K,S2,NO,0.885,50.0,1.0,1,-51.0
0xd851aa5c9c195548b35a660a11cc955a2fbfa50fdcecb88c19d22b2f0adefd17,earnings,<5K,S2,YES,0.575,50.0,1.0,0,-51.0
0xa2a6a018db066545fd0519e5168c1f5f2d2281d797b76159af42fefe1115bc41,earnings,<5K,S2,NO,0.905,50.0,1.0,1,-51.0
0xed2268c034c08243833293268ef9629cc2237940ec7545efbf0a3e69307c8b1d,earnings,<5K,S2,YES,0.515,50.0,1.0,0,-51.0
0x10c28ae57be265c367877db2e9cdb66ce03cec87e5aed13bf666f2d7c799be89,earnings,<5K,S2,NO,0.815,50.0,1.0,1,-51.0
0xac11b9769a9b237cf6fe5f3564aab538a48ac7375eb600a74e69db80b0a3eb9e,earnings,<5K,S2,NO,0.87,50.0,1.0,1,-51.0
0xa063152c3d9353f824e6f9d98910cbaca93d3548114e86ea80ec16707a05c51c,earnings,<5K,S2,NO,0.895,50.0,1.0,1,-51.0
0x8195f1681e0eade18cf79431f0b5b5f004d3a6b927a66d852c0ca2361e0188a2,earnings,<5K,S2,YES,0.215,50.0,1.0,1,181.55813953488374
0x2a60f1993776edcaf5479689e51c66148f8e47794f4b60f3244deb8384ff8f66,earnings,<5K,S2,NO,0.83,50.0,1.0,1,-51.0
0x657ec542c3230c69d6c26cdac9391571ba19ac4674a1553e1e0ecd80605720ea,earnings,<5K,S2,NO,0.54,50.0,1.0,0,57.69565217391305
0x2c6c5deeaa153ee443a4b2b4df406d74d5ecee63a394e9ac3d22200558212ac2,earnings,<5K,S2,NO,0.93,50.0,1.0,1,-51.0
0x0e02c9fb7b1dacb8a129bc2d9fd51b529d74d97f8c69598670caf151cb69b631,earnings,<5K,S2,NO,0.94,50.0,1.0,1,-51.0
0x080980e11accdadd452700113263658ea60b535f898927dfe54ecd9c968c2b1d,earnings,<5K,S2,NO,0.885,50.0,1.0,1,-51.0
0xe05e03247fe3c1c3feadf2d77ee9d9bb0828473b114c69644b80242184f8ea99,earnings,<5K,S2,NO,0.835,50.0,1.0,1,-51.0
0xd88085a5d7eb64d9d18fa2e0e05dc35fbd3d778cf9841d82c2843cf87747d3b4,earnings,<5K,S2,NO,0.93,50.0,1.0,0,663.2857142857148
0xff3db55dd6ad4dc3938876a6b18812b121556a314309a9e08c870f99f797818f,earnings,<5K,S3,NO,0.865,50.0,1.0,1,-51.0
0xfea64802bcf719c00c22dfa52660c4818e053f74c75da97b528bca254882ada6,earnings,<5K,S3,NO,0.795,50.0,1.0,1,-51.0
0xcf1e39e8e54392442711030179952dd9029afde35c0868fb510ac28b72da5998,earnings,<5K,S3,NO,0.695,50.0,1.0,1,-51.0
0xccb5380ae6d7c6407ca1bcb0f3f333b4cd342f74f2106cf543752615b56fc532,earnings,<5K,S3,NO,0.655,50.0,1.0,1,-51.0
0xe6ef2b93e7f5482aed7c0d12b22365f3d28ab348208b6c97d053ec5316055275,earnings,<5K,S3,NO,0.59,50.0,1.0,1,-51.0
0xb595bc3b1b4698125fd9c804e6414477890d8f291f33c3d582b401792bb404ed,earnings,<5K,S3,NO,0.825,50.0,1.0,1,-51.0
0xce81dca21240b68c9ec667cb9bd6e12f17387d75b85397233afe278646019569,earnings,<5K,S3,NO,0.75,50.0,1.0,1,-51.0
0xfcf726fe7a0d431c461a8df4367074bf18a43ffa6d018e1b8480adc746a37020,earnings,<5K,S3,NO,0.625,50.0,1.0,0,82.33333333333334
0x7d1474f2b4dd9b63a7555b80dacf07c7194cd43aaf358a353b0b087fe3f6bfcc,earnings,<5K,S3,NO,0.71,50.0,1.0,0,121.41379310344826
0x93424933a0a7e9f430ebebbc630ee1034a5ed5346cd6b803f6fbe368474cb766,earnings,<5K,S3,NO,0.7,50.0,1.0,1,-51.0
0x7200d6e5d29bb5b6e1b7a4eeac679b928d4f4c8392e8856eb33c475a87ca156c,earnings,<5K,S3,NO,0.71,50.0,1.0,1,-51.0
0xcdb1a38de3470c5ba12171a7015866daa072408190bd6c7598ba47609ba99ae5,earnings,<5K,S3,NO,0.64,50.0,1.0,0,87.88888888888889
0xa932cf6f7a99d2ab04e0833ae79fdc848f9fd417a81e86d8c1aedb3f9b41ee7f,earnings,<5K,S3,NO,0.875,50.0,1.0,1,-51.0
0x4b8368164e02ff0992c9f8835c0fb4d37bbd9f9f25610c11f65e4085cb1dec2d,earnings,<5K,S3,NO,0.765,50.0,1.0,1,-51.0
0xa4ca111ba1793e73ac6c032d4b730d19bc624fb3b8d53541db13c4924b99eff8,earnings,<5K,S3,NO,0.795,50.0,1.0,1,-51.0
0x75817b7d53552b67005b06ef9a9377c602155242b2869324e3bd0eacdc92892d,earnings,<5K,S3,NO,0.935,50.0,1.0,1,-51.0
0x20cab10e9552a88c30a2c8eeadaf6e4c6b4f401e8bcbc1d572cf4cbb2218a269,earnings,<5K,S3,NO,0.865,50.0,1.0,1,-51.0
0x3f1b51fa1ded874e0d1fad6ab6d0f49972c4ded3632a18b3e920f005cb9afa8f,earnings,<5K,S3,NO,0.81,50.0,1.0,1,-51.0
0xb819eecb4a37e3e629a590f3f90f9bd8483d8ced0f23985cff1ae8ba799825c8,earnings,<5K,S3,NO,0.58,50.0,1.0,1,-51.0
0x25d6fa1f15039d717043a595712090f65c0cefabed3254adc285086a5f953a68,earnings,<5K,S3,NO,0.775,50.0,1.0,1,-51.0
0x1204dc7352df96e2ebd536331c3c0d99c860442344b6cb952652e1f5ab2d1e0a,earnings,<5K,S3,NO,0.66,50.0,1.0,0,96.05882352941177
0x3c5f263697f146a5a95fca192e4f4dbb17186cece93288ba0ebd7a2eebb15dcf,earnings,<5K,S3,NO,0.875,50.0,1.0,1,-51.0
0xba32ef1ced81ce80a2fe32c674ff54562f99eae779ef62d99af3f73e0d316514,earnings,<5K,S3,NO,0.725,50.0,1.0,0,130.8181818181818
0xaf42a8d372fdcc9803d424e216d793072b7fc33bc3325e7081cb5a9de81b25fa,earnings,<5K,S3,NO,0.885,50.0,1.0,1,-51.0
0x9dd4a37d1673e7b6ca87fa964179a7a3f8fff75ade389ac5ca266221dfa02a0c,earnings,<5K,S3,NO,0.885,50.0,1.0,1,-51.0
0x75d3c8452ecabc2dc2bd0acb86bb6d8fd6aedfc8a404c270e784406f566f0783,earnings,<5K,S3,NO,0.9095,50.0,1.0,1,-51.0
0x254db11701f2fc714dc60524076296bfabaae6b3c52da8c26e140a520020ec5f,earnings,<5K,S3,NO,0.92,50.0,1.0,1,-51.0
0xc126eb6a8b983472ef344d56576477f4daaa48dd0f191f27286481cdfe9d40a1,earnings,<5K,S3,NO,0.835,50.0,1.0,0,252.03030303030295
0xec1a6445382594b45968ff196c4a8b8226443b905d717aa7eb4cb57c00292156,earnings,<5K,S3,NO,0.905,50.0,1.0,1,-51.0
0xbe2375ce62c3b4721d65df37398c8675c4a7357c4bccad30a356951248ad6cc2,earnings,<5K,S3,NO,0.835,50.0,1.0,0,252.03030303030295
0xa626f84bfafa763610ae8fb800a2386bc10bdb6afe6e61a017caceee9f34d5ec,earnings,<5K,S3,NO,0.91,50.0,1.0,1,-51.0
0x393c6ffb79e74bfd9afdbeb947cf2991522bee6f656d0332027c9814b30b8721,earnings,<5K,S3,NO,0.945,50.0,1.0,1,-51.0
0x2264cc6e300d580b3cc122788dc96a705f4bc6cd1e064f9626ade11160e9a1fe,earnings,<5K,S3,NO,0.77,50.0,1.0,1,-51.0
0x605aa03f16c4ac6bff0395c2d84b4dd575fc0d02640ee2b424aee6a654a53d23,earnings,<5K,S3,NO,0.555,50.0,1.0,1,-51.0
0xd3d4080315114bd1edd3e96415f9a9e31fef066116a483331bda6f150d48e850,earnings,<5K,S3,YES,0.45,50.0,1.0,0,-51.0
0xb88b63d351137c0228585d483cc17d6469285052ff4f3c534862fae918314095,earnings,<5K,S3,NO,0.66,50.0,1.0,1,-51.0
0x00879f5e3f072e07805207c2587893a3a98175602b1fff4fa06858b939a24549,earnings,<5K,S3,NO,0.575,50.0,1.0,1,-51.0
0xc0c1847132d2bf995842c15b2196e64988efc5baaccf337358d11d8ef13d1f06,earnings,<5K,S3,NO,0.88,50.0,1.0,1,-51.0
0x49678123f57453770d58e3917e03afa3154996e5b74b3a593709b0668dc26727,earnings,<5K,S3,NO,0.815,50.0,1.0,1,-51.0
0xd2bd35eafb9c9bf68a7edeee8bd59456884fc845baff8f53efc9b3de79ab32e7,earnings,<5K,S3,NO,0.84,50.0,1.0,1,-51.0
0x7e53cf31b446a4f131d9218cb5b42e2e22860183ec89fc354d6c3b47f0543a05,earnings,<5K,S3,NO,0.94,50.0,1.0,1,-51.0
0x55160517bc772d8a1808ae6ae2816cf8a72e78f9985c43021d400bf89f3edaf8,earnings,<5K,S3,NO,0.865,50.0,1.0,1,-51.0
0x0f84778f8e5251b4d1b96583923fcc501afd7d7f21a63da633ddf9ff8373a461,earnings,5-15K,S1,NO,0.9955,50.0,1.0,1,-51.0
0x5466a34f86708de3b1014fcb0c02ad2fa63456a1e7af1d393d2b16aca3c79832,earnings,5-15K,S1,NO,0.87,50.0,1.0,0,333.6153846153846
0x0cf7d752a5ab03ebb18d46d3924a652dfa6b6d63c03cc2367444fcad1a3fad7d,earnings,5-15K,S1,NO,0.875,50.0,1.0,1,-51.0
0x22b76c016f0461a63ad874a04a3c30094e1b33d476d1d1cb53d85c9d33a78982,earnings,5-15K,S1,NO,0.9545,50.0,1.0,1,-51.0
0xb1ee462d0f3863d30badc5cdd1c6d22fa941a883463f4610173501bbe94f1dda,earnings,5-15K,S1,NO,0.875,50.0,1.0,1,-51.0
0x06fbb392e84a4fd0e669a69569e74de8b203b7452939100bcc8cedd07b16601c,earnings,5-15K,S1,NO,0.865,50.0,1.0,1,-51.0
0x51b35684d2937730df80e0e55c13451c85bfecbd58dcb509720b71d24001c6db,earnings,5-15K,S1,NO,0.885,50.0,1.0,1,-51.0
0xe29975752adf840118daf1df6ddf15f0e85bd5b2cc3a79a66ca0189c5d23c9a6,earnings,5-15K,S1,NO,0.87,50.0,1.0,1,-51.0
0x9235a428976ad408046e7a07137943ade4bfbd70ceade1a85f2e7ef659273535,earnings,5-15K,S1,NO,0.88,50.0,1.0,1,-51.0
0x798fecf33230e3b20823dcb611efc3646bc711f9b17b3cc0b580e6b88dbe44b1,earnings,5-15K,S1,NO,0.93,50.0,1.0,1,-51.0
0xcb5bc87893fe2469451d7376362ed4099705322095c5d81fcca8f9005896043c,earnings,5-15K,S1,NO,0.855,50.0,1.0,1,-51.0
0xecfa8e8a51a7961761be09355bacc9aa3210bf80236da3a3e79bc06e9c794462,earnings,5-15K,S1,NO,0.9,50.0,1.0,1,-51.0
0x4e19bb2282fc34f3ad60595f53dbc49bdce2fae8855ed960d2fdd1749b042c60,earnings,5-15K,S1,NO,0.925,50.0,1.0,1,-51.0
0xb7ad64e3807a2715e3a68d9b4d2173e427ef68b77ce29ce1a0c9f46db87e5f5c,earnings,5-15K,S1,NO,0.865,50.0,1.0,1,-51.0
0xc0cf08310a9fa92e82a482249662e5088e01d77aba3dc48cf0cbc211f9293a4c,earnings,5-15K,S1,NO,0.89,50.0,1.0,0,403.5454545454546
0xeccac2fb9981c6702515b1d7a58f4482917c16c68d831321f683351b930f3fe5,earnings,5-15K,S1,NO,0.86,50.0,1.0,1,-51.0
0x2d808f639bc283667e027a3f6f41a6c5d694841ab380922458d6a26b13c9c467,earnings,5-15K,S1,NO,0.91,50.0,1.0,1,-51.0
0x0812be9adc5030e38f7b5fbcd227beeea3b07a0fedccc7f69c0cff039d22c5e1,earnings,5-15K,S1,NO,0.87,50.0,1.0,1,-51.0
0x050863f2237eea3ac0b227d3c3e645fa839820de4da4f8bfba0f9c65e1e1eb22,earnings,5-15K,S1,NO,0.89,50.0,1.0,1,-51.0
0x62214a6ea3f07b771f70fd173b587b369793880af3b7cb51b7f50dd3f9a94b7b,earnings,5-15K,S1,NO,0.885,50.0,1.0,1,-51.0
0x9094e56a0f9730656d72ea0884d507ff691c898fd10cea1f8e83273b94b4f386,earnings,5-15K,S1,NO,0.86,50.0,1.0,1,-51.0
0x7157b77baab9207cdfd67c1eab3fc67d4918a54c5fd94adb304d016e83752173,earnings,5-15K,S1,NO,0.875,50.0,1.0,1,-51.0
0xf924776e2939fc431529ab280882fcfcc8c04ddd0901bf89396507becf94b2d2,earnings,5-15K,S1,YES,0.02,50.0,1.0,0,-51.0
0x71573c097b3b0be64ff26c940174f4795e1a5467315d8d3645ddb37f2d8830ce,earnings,5-15K,S1,NO,0.88,50.0,1.0,1,-51.0
0xd4077aa5398c80f55799aa06b50497bdbafaafd589286f73ab3b561ffe2b593d,earnings,5-15K,S1,NO,0.925,50.0,1.0,1,-51.0
0x7a677d53c7b8fb14305f21faf9735b912e47655a15abc9db99f58db929103bbd,earnings,5-15K,S1,NO,0.915,50.0,1.0,1,-51.0
0x79816eff7de53a019e8128a4236d5cd60ecea8b5c49c55362f5bee8d4720f994,earnings,5-15K,S1,NO,0.885,50.0,1.0,1,-51.0
0x1e88a10aa1aaeef9a5dc70cd7f1d04c9d385341ad5220885a882f53f919423dc,earnings,5-15K,S1,NO,0.92,50.0,1.0,1,-51.0
0x16319c2cb245207804b4481ffe84a3837676b3da0289f411f6811da00a1bc600,earnings,5-15K,S1,NO,0.895,50.0,1.0,1,-51.0
0xa20cdd3bd8f1f51c4adafadd3882bb0bc143e684942e0b6199208cb0dce8a8d9,earnings,5-15K,S1,NO,0.88,50.0,1.0,1,-51.0
0x8996d8d6944bf8b68056ddda88585ec3ba230318a07663b451a4fb476eed9cfc,earnings,5-15K,S1,NO,0.945,50.0,1.0,1,-51.0
0xf83337525e09673acd4babdccbcae8dcc8e6b5db8d92886491dd21049ff1c169,earnings,5-15K,S1,NO,0.93,50.0,1.0,1,-51.0
0xf024e728c043c2acb9c5e2640e34aa4aa188a74da767a85e202d20468cd67dc0,earnings,5-15K,S1,NO,0.865,50.0,1.0,1,-51.0
0x0ad6aa4e0be83ac0885c95cad5d55be31cdb8e80e2946202e17b3c8f7c4e9b98,earnings,5-15K,S1,NO,0.94,50.0,1.0,1,-51.0
0xebc715f2dd39e126674375f7fe28004d70e4ed166a648988bdd3e9a5f8dae054,earnings,5-15K,S1,NO,0.895,50.0,1.0,1,-51.0
0x85988e902516aa98141dd505a1196499eed6861b14446e36068d3f1acc445b7e,earnings,5-15K,S1,NO,0.875,50.0,1.0,1,-51.0
0xa609275ff11d44a796888759b03dcb6bbc6cedf7adf57f97d17510d2aba252ad,earnings,5-15K,S1,NO,0.885,50.0,1.0,1,-51.0
0x1615eee22bbef1e025233f7b3b755da43f1a3d362df79b6971d893c5b2869716,earnings,5-15K,S1,NO,0.945,50.0,1.0,1,-51.0
0xb8f209cafe90f216c4817b1ca8768b1d2fb21001883441673f999b2650942a29,earnings,5-15K,S1,NO,0.905,50.0,1.0,0,475.3157894736844
0xd3ed1da669c995ea953690cd148dd8e5df5b9428da17176504c6cef246607314,earnings,5-15K,S1,NO,0.92,50.0,1.0,1,-51.0
0x8568563368bd614e55d979add2245a284e7d3e8ea4f280af29beed8be4c7cb95,earnings,5-15K,S1,NO,0.87,50.0,1.0,1,-51.0
0x7d0fb10621c751e1cd7607fd3054f48a46b87ee482431bc5c659848256ec2130,earnings,5-15K,S1,NO,0.91,50.0,1.0,1,-51.0
0x7cc5c58cc79518cf62598914455e86120aabe5b81bd5defda71266f8386afc7f,earnings,5-15K,S1,NO,0.865,50.0,1.0,1,-51.0
0x2fcabb691c96ca59f21da5cc3e891bb7de7a885f9391372258a8a87f54b481c9,earnings,5-15K,S1,NO,0.855,50.0,1.0,1,-51.0
0x1735b95b08192800f7262274dc50b8b5e8de2f35b21997e7c335728d4151384c,earnings,5-15K,S1,NO,0.895,50.0,1.0,1,-51.0
0x59f351e056a0cc1ddda8c9b40688344b4b889488f234ae008dab185b435ad395,earnings,5-15K,S1,NO,0.86,50.0,1.0,1,-51.0
0x9d1137dbdef87b6dd6697b1cd366b246f21c6948394d83f376698ec85e93d8d9,earnings,5-15K,S1,NO,0.855,50.0,1.0,1,-51.0
0xa8fd24f97556a99b77e39eae8ee5f8bc291aace29809366bbdf6f2cbc75f23ba,earnings,5-15K,S1,NO,0.89,50.0,1.0,1,-51.0
0xf631156902398cbab0c521c6db6d7238771dcf7746ccc8fff26e99122111cb34,earnings,5-15K,S1,NO,0.865,50.0,1.0,1,-51.0
0x4515f314ba01684f46b90b347fa62ecfacb93c1694a503c4b5769b4b3746d55f,earnings,5-15K,S1,NO,0.865,50.0,1.0,1,-51.0
0x05e41c8fb81af63d4c165bc0c23d93c574694de71216f0ffadc79428cbeab1bb,earnings,5-15K,S1,NO,0.88,50.0,1.0,1,-51.0
0x3726731a3d0689f6d73035ab5ceb2c3b3bae35f089a4863bf4739e919667181c,earnings,5-15K,S1,NO,0.855,50.0,1.0,1,-51.0
0x4d0f256bccd786f1d07492c4c90a836982b0dc11c2193e6145f49fc70c086696,earnings,5-15K,S1,NO,0.89,50.0,1.0,1,-51.0
0xc90591bcefff8d3a37002b4dcd1ddac751e2075a4a0874d7692ecc5bd6b59082,earnings,5-15K,S1,NO,0.865,50.0,1.0,1,-51.0
0x403061a4ef4ce00912ad4822552fc2e996c6d5721065020b6517f4d377601f8a,earnings,5-15K,S1,NO,0.91,50.0,1.0,1,-51.0
0xc764f65948c6b8cc60b05968bfa3ecdbd90d8aab871aad731e13cfae8ab630df,earnings,5-15K,S1,NO,0.855,50.0,1.0,1,-51.0
0x9167aa7e1a5cfe8fbfedee443503039b7fa926cc3549f3a66c1d4d09b5ced893,earnings,5-15K,S1,NO,0.89,50.0,1.0,1,-51.0
0xfb10a9fb7e5ad5379e915fc25cc9092f612871d1a8d7611f80bde3f8a7b78383,earnings,5-15K,S1,NO,0.855,50.0,1.0,1,-51.0
0xc699d899015aa42b75decc2a93737017bc0ffba0628d5bec4a4ae991d0f94e35,earnings,5-15K,S1,NO,0.87,50.0,1.0,1,-51.0
0x0fb677f9155baa4309130a70c05f64353ef96e833020b9ab978a3bcc8ff75f7b,earnings,5-15K,S1,NO,0.89,50.0,1.0,1,-51.0
0xebb4e5764a2ccb47c9cef80f74e4aacf464f663987ad89522ccc13b89d433448,earnings,5-15K,S1,NO,0.915,50.0,1.0,1,-51.0
0x91a9c860963f2abfb7bbef38737c9afb9bb921f0222947dd83ecb00dc2614976,earnings,5-15K,S1,NO,0.91,50.0,1.0,1,-51.0
0x92cf1f0046f660297ac62942e517f4f66ff6c4bf11d51855c54558bac3b9e887,earnings,5-15K,S1,NO,0.91,50.0,1.0,1,-51.0
0xcdbba00ef159f3405e1ae4986f8dc5a3b3b168db6f6a99718446552a323d03ec,earnings,5-15K,S1,NO,0.875,50.0,1.0,1,-51.0
0x7843afe735d99ce1125c1cc6d78051fa11a313799b9ae307488896ea5bfb54c7,earnings,5-15K,S1,NO,0.885,50.0,1.0,1,-51.0
0xcb4f0c28834522c4d5b3e98df6bd8a9e299a93be521afcc0251e375c4837d680,earnings,5-15K,S1,NO,0.885,50.0,1.0,1,-51.0
0x2ec40cdf2cbaa60b41b5991c6ccede05656db85ad6271e341e80eca0cc240bb6,earnings,5-15K,S1,NO,0.88,50.0,1.0,1,-51.0
0x0d4ca709025f50de4d461e8f01e7cebcb818b06659421922c2b40e8401eaa9b1,earnings,5-15K,S1,NO,0.905,50.0,1.0,0,475.3157894736844
0x21421d6ad73ce68962a0d7f8299137375a67dcfcf80ce05008a037f54e171e1c,earnings,5-15K,S1,NO,0.93,50.0,1.0,1,-51.0
0xc8c1f2e3d13f55774cf0745aa96341d01e9ec4815ac3224a91710e36f66e7b5c,earnings,5-15K,S1,NO,0.9045,50.0,1.0,1,-51.0
0xfb4af91980720e221017cc4e1a6dca77e36ceb58a53226f34d97b4837a7694a1,earnings,5-15K,S1,NO,0.91,50.0,1.0,1,-51.0
0x01712033768f53116ecfad4e4234902bac1c72a4285aa6c034b844f986fabf5d,earnings,5-15K,S1,NO,0.93,50.0,1.0,0,663.2857142857148
0x214f240fa0b2e5223559b39460d198391902e0d1af4bca1ef45e33eb46ba3fd9,earnings,5-15K,S1,NO,0.9045,50.0,1.0,1,-51.0
0xa5f974d87f1a205bd5a18676a9af927a2ce1f3669617ae124b9f808941f9a01a,earnings,5-15K,S1,NO,0.92,50.0,1.0,1,-51.0
0x60823da163c9c1dc377c0090b7e21546854f55f52549c29faf0ea432d7dbbb33,earnings,5-15K,S1,NO,0.895,50.0,1.0,1,-51.0
0x72f04aef19f3beb045f1579b76c0b1e795eed4f2c1ef1bcceb046d51254276d0,earnings,5-15K,S1,NO,0.9415,50.0,1.0,1,-51.0
0xf9c3693574cb52bd6396f0dfc76016856200ee654bb7a076511c20ccb1d42742,earnings,5-15K,S1,NO,0.915,50.0,1.0,1,-51.0
0x2469a0e176ac6090f21f1b7f2ac98e766733d0921a32b2c4b321c6571b0ee4cf,earnings,5-15K,S1,NO,0.93,50.0,1.0,1,-51.0
0xa2d9964735dff551f7657f8bfaa30697f16c8a43894c4250ebae1b8f3426a6ef,earnings,5-15K,S1,NO,0.935,50.0,1.0,1,-51.0
0x33147caa22f1203528adc083258848c6c3ce99a7e93d702d34a648651f8f9980,earnings,5-15K,S1,NO,0.93,50.0,1.0,0,663.2857142857148
0xe9f91cd30b1e6b5f046d0676726acb497db71bff3cf8223fb46707fdfa755af8,earnings,5-15K,S1,NO,0.87,50.0,1.0,1,-51.0
0x69e66a9d8bdeefc56ba399fc07e9eac02fcb71847ed13d6cc8ecde789f2d6143,earnings,5-15K,S1,NO,0.95,50.0,1.0,1,-51.0
0x289c19974c3b3d5ff8e6bf03549f4c5018c1329e54ca000be463d553dda38b98,earnings,5-15K,S1,YES,0.0635,50.0,1.0,0,-51.0
0x7d2af763731d4806bb7324c1fc145101c67ee807fc5b5138b6cef5731d532000,earnings,5-15K,S1,NO,0.935,50.0,1.0,1,-51.0
0xb5503451f7748ffa38655bf17e3df0dbb72b48e27011480738b5f7f5dae6068c,earnings,5-15K,S1,NO,0.9465,50.0,1.0,1,-51.0
0x09721c774f246df4bf2a41b72efff1e99d8ae7c509dd4cdf6de22bb8b445fba6,earnings,5-15K,S1,NO,0.9345,50.0,1.0,1,-51.0
0x77e3fb69899f66c7284b18cbb2a8e5aef084a145886cfdf76fd3a05665ccb5ed,earnings,5-15K,S1,NO,0.9235,50.0,1.0,1,-51.0
0x0f84778f8e5251b4d1b96583923fcc501afd7d7f21a63da633ddf9ff8373a461,earnings,5-15K,S2,NO,0.9955,50.0,1.0,1,-51.0
0x7944a0bd55b7c3acf9fc3da78ebe6a53881c576bf7a72074d868181403a00a7b,earnings,5-15K,S2,YES,0.705,50.0,1.0,1,19.921985815602838
0xfdf3a1ae0c405d6c515647b30080dd20936b44cdc9848fbec75e933e30b3bd27,earnings,5-15K,S2,YES,0.695,50.0,1.0,0,-51.0
0xd165dd3fbe08b8c4246141895779cb2003e9cdbea4534ee8a5ef0873852ba5ec,earnings,5-15K,S2,YES,0.505,50.0,1.0,0,-51.0
0x01955b0dae956491f1cdf6829ae438d39d768f6a55698f0084b37cc2a7f84c1a,earnings,5-15K,S2,YES,0.355,50.0,1.0,0,-51.0
0xecfa8e8a51a7961761be09355bacc9aa3210bf80236da3a3e79bc06e9c794462,earnings,5-15K,S2,NO,0.9,50.0,1.0,1,-51.0
0xee42d7233531b4f1498ac62c557b9ea83e7d4c1c6bfbcee6c08c040d6b154f4f,earnings,5-15K,S2,YES,0.245,50.0,1.0,1,153.08163265306123
0xf65865cf70adde28879bd3692be67f89db8053fd57f1285192d55da2d8ed13b0,earnings,5-15K,S2,NO,0.835,50.0,1.0,0,252.03030303030295
0x9094e56a0f9730656d72ea0884d507ff691c898fd10cea1f8e83273b94b4f386,earnings,5-15K,S2,NO,0.86,50.0,1.0,1,-51.0
0xb922ab1a9b47dbd6d6349e43462e03f33f44c38f0039f5e41c82b364903e39cf,earnings,5-15K,S2,NO,0.34,50.0,1.0,1,-51.0
0x77966830304d64c82eb3404815a62129d5ccae6ef311677f4ba5feb40e7793ac,earnings,5-15K,S2,NO,0.78,50.0,1.0,1,-51.0
0x869b0832cdad10bc72b315f53343d0336ebea3298d20b1f2411ec2780f1f1dbd,earnings,5-15K,S2,NO,0.835,50.0,1.0,1,-51.0
0x3558b515ba6483368607cddec743b85f55d47234b18d0ed16ec632ee289d3fac,earnings,5-15K,S2,NO,0.785,50.0,1.0,1,-51.0
0xa1d692f441135e3098a20c81fb9f4830df37ccfbd1a9f6ff37a84f7559a59bd4,earnings,5-15K,S2,NO,0.81,50.0,1.0,1,-51.0
0x3feaa00b195d8d77c9e54e5feb64ae90d68d36dded2da07e30ed5a72e2bbf51f,earnings,5-15K,S2,NO,0.69,50.0,1.0,0,110.29032258064512
0x6421d99701ffeae2f07c4e7bb1f72cab75f647e5cf9112155f38b2fa9277069d,earnings,5-15K,S2,YES,0.42,50.0,1.0,0,-51.0
0x6a5dbdcf83804cdc2ecbf14cb4ffcfa9c6b1a28607c373b9e3bb83546176a279,earnings,5-15K,S2,NO,0.395,50.0,1.0,0,31.64462809917356
0x6f55065d9f82950cd293272cf776e815ecbeb25d1ccd46e48b25eb80f433b306,earnings,5-15K,S2,NO,0.815,50.0,1.0,1,-51.0
0xd386542c6e77e555851e1461f08f9db8565cf168fa4907bc90c95e74873932a7,earnings,5-15K,S2,YES,0.465,50.0,1.0,0,-51.0
0x8c1f9cd8939474ed6c2c983e31020da1b5bf5fbdfeb56a50de938c230ad53ea9,earnings,5-15K,S2,YES,0.15,50.0,1.0,0,-51.0
0x688da28c436f9f49ee08df3afbe1d0de138de7a828478cf50eb9cc013766bdb3,earnings,5-15K,S2,YES,0.645,50.0,1.0,1,26.519379844961236
0x08687859dade05f7029aadfbc704d41e299b6286d7b9e9f8e5a43fb47615f0a1,earnings,5-15K,S2,YES,0.525,50.0,1.0,0,-51.0
0x3726731a3d0689f6d73035ab5ceb2c3b3bae35f089a4863bf4739e919667181c,earnings,5-15K,S2,NO,0.855,50.0,1.0,1,-51.0
0x98f047e8dbd64ab7ec2b55570ca05ef74379bd99c2518e0f161bafa8385384e3,earnings,5-15K,S2,NO,0.735,50.0,1.0,0,137.67924528301887
0x8d7d46f40cd6aa4830f5fc415a8eca9d9df40b506f2b784cf5eb5de762d5c10a,earnings,5-15K,S2,NO,0.785,50.0,1.0,1,-51.0
0x659227aad68ef74aea26975f864d153f908b66a7b50c6eb56f8bb660558bbc32,earnings,5-15K,S2,NO,0.77,50.0,1.0,0,166.3913043478261
0x655d8a8ce7713d12c776f00b625e07cb747b979661b19a536ceb4af41ed9a6ad,earnings,5-15K,S2,YES,0.74,50.0,1.0,1,16.567567567567565
0xc699d899015aa42b75decc2a93737017bc0ffba0628d5bec4a4ae991d0f94e35,earnings,5-15K,S2,NO,0.87,50.0,1.0,1,-51.0
0x42805e0a43125b1d66004e1032db2e461218d83619c6090d2c631319f014bc4e,earnings,5-15K,S2,YES,0.7,50.0,1.0,1,20.42857142857143
0x941ecb1562777b01b3964735462cd59db9220ac95625e5404b8c75ada7a0aa33,earnings,5-15K,S2,YES,0.76,50.0,1.0,1,14.78947368421052
0xcf5eed900375db73fd3f389260038db1cb87321b5212dac06320ecbfe6cfe3d0,earnings,5-15K,S2,YES,0.335,50.0,1.0,0,-51.0
0xc78d33680f069737cb1b10c6b6b3e84cc4dc501c4b094ab4d566beeaf3ea8685,earnings,5-15K,S2,NO,0.715,50.0,1.0,1,-51.0
0x8df67128e0f9188b2f6604dada0a377a05996ef3f3a2bcbf5e0470ec15e47014,earnings,5-15K,S2,YES,0.285,50.0,1.0,0,-51.0
0xcb4f0c28834522c4d5b3e98df6bd8a9e299a93be521afcc0251e375c4837d680,earnings,5-15K,S2,NO,0.885,50.0,1.0,1,-51.0
0x6e54cae7bef130be09698496b15501179ef0025a744eec9df708d04e26b80b94,earnings,5-15K,S2,NO,0.66,50.0,1.0,0,96.05882352941177
0x0d4ca709025f50de4d461e8f01e7cebcb818b06659421922c2b40e8401eaa9b1,earnings,5-15K,S2,NO,0.905,50.0,1.0,0,475.3157894736844
0xc8c1f2e3d13f55774cf0745aa96341d01e9ec4815ac3224a91710e36f66e7b5c,earnings,5-15K,S2,NO,0.9045,50.0,1.0,1,-51.0
0xebb9a98e06abca49f05f4d77f5b9ef8f0adba7b051be789409caa8d6d0cb8ea1,earnings,5-15K,S2,YES,0.335,50.0,1.0,0,-51.0
0xfb4af91980720e221017cc4e1a6dca77e36ceb58a53226f34d97b4837a7694a1,earnings,5-15K,S2,NO,0.91,50.0,1.0,1,-51.0
0xc0a568643af8ef72532e0562c199a335e997df697f9ae64b3474747dea5e9942,earnings,5-15K,S2,YES,0.295,50.0,1.0,0,-51.0
0x4090952496871e17fc6a3602cee1ebf8c9ff3b5afd7d63e2538ef896e750aca7,earnings,5-15K,S2,YES,0.255,50.0,1.0,1,145.078431372549
0x33147caa22f1203528adc083258848c6c3ce99a7e93d702d34a648651f8f9980,earnings,5-15K,S2,NO,0.93,50.0,1.0,0,663.2857142857148
0x289c19974c3b3d5ff8e6bf03549f4c5018c1329e54ca000be463d553dda38b98,earnings,5-15K,S2,YES,0.0635,50.0,1.0,0,-51.0
0x7d2af763731d4806bb7324c1fc145101c67ee807fc5b5138b6cef5731d532000,earnings,5-15K,S2,NO,0.935,50.0,1.0,1,-51.0
0xe93a06dbe65c443e9da13a60b58d2251fcdb62a56d6a84db4bd8d2265f8a31df,earnings,5-15K,S2,YES,0.355,50.0,1.0,1,89.84507042253523
0xb5503451f7748ffa38655bf17e3df0dbb72b48e27011480738b5f7f5dae6068c,earnings,5-15K,S2,NO,0.9465,50.0,1.0,1,-51.0
0x1d3dfd3ff61891cb3e0bf490e0c4156966c84ecff10a1cc375a25cc4475ce33d,earnings,5-15K,S3,NO,0.74,50.0,1.0,1,-51.0
0xb4fc7085019ffdf2c9c0c70581d16340c4e99b85d091dfbec32340c81785eb62,earnings,5-15K,S3,NO,0.825,50.0,1.0,1,-51.0
0x46396867efc69c36b9ece504df9b8f9716658e30a0890920ed355b1ca681d9c0,earnings,5-15K,S3,NO,0.745,50.0,1.0,1,-51.0
0x34b757c5f3db545a90059fe79b03ba79488b72acf7c2df7ad267a2424baf9c68,earnings,5-15K,S3,NO,0.85,50.0,1.0,1,-51.0
0x06fbb392e84a4fd0e669a69569e74de8b203b7452939100bcc8cedd07b16601c,earnings,5-15K,S3,NO,0.865,50.0,1.0,1,-51.0
0x51b35684d2937730df80e0e55c13451c85bfecbd58dcb509720b71d24001c6db,earnings,5-15K,S3,NO,0.885,50.0,1.0,1,-51.0
0x2b16c241a1296ca1a6aee7f86407aea2f87ff18c6ddf0a1f978312eb3fb86c98,earnings,5-15K,S3,NO,0.665,50.0,1.0,0,98.25373134328359
0xedfed5786411127b0e0537514fd3b5f82f670b4e0a25555732bc4760cfc02538,earnings,5-15K,S3,NO,0.815,50.0,1.0,1,-51.0
0x26c0dbef4fec7aa73032355a33133ee97a1a4c3cc3fed61acffe51d9e15de1ad,earnings,5-15K,S3,NO,0.805,50.0,1.0,1,-51.0
0xfdf3a1ae0c405d6c515647b30080dd20936b44cdc9848fbec75e933e30b3bd27,earnings,5-15K,S3,NO,0.695,50.0,1.0,0,112.93442622950818
0xf009d7b286c70198500f37d96db0c43aa5a5ed264264f35890a57aebdd79c332,earnings,5-15K,S3,NO,0.695,50.0,1.0,1,-51.0
0xf264cacf5ddbd6a541463e574939da8657913e27b78fc6a3e9d5bd33346adcc5,earnings,5-15K,S3,NO,0.79,50.0,1.0,1,-51.0
0xfdc4e7426ea66db764b114c47148d1dbd7dbfdfeaafb555c7dcedbd2eb8010b4,earnings,5-15K,S3,NO,0.745,50.0,1.0,1,-51.0
0x93791240499402bc591d2ee8461a9d3b74decf79a85937bf4c8b6337e7a10158,earnings,5-15K,S3,NO,0.565,50.0,1.0,1,-51.0
0x2d808f639bc283667e027a3f6f41a6c5d694841ab380922458d6a26b13c9c467,earnings,5-15K,S3,NO,0.91,50.0,1.0,1,-51.0
0xa299cf46721157bc15014476ee7098960decdbe6a1b83be6da47bb902bd0b470,earnings,5-15K,S3,YES,0.4,50.0,1.0,1,74.0
0x7157b77baab9207cdfd67c1eab3fc67d4918a54c5fd94adb304d016e83752173,earnings,5-15K,S3,NO,0.875,50.0,1.0,1,-51.0
0x71573c097b3b0be64ff26c940174f4795e1a5467315d8d3645ddb37f2d8830ce,earnings,5-15K,S3,NO,0.88,50.0,1.0,1,-51.0
0x7a677d53c7b8fb14305f21faf9735b912e47655a15abc9db99f58db929103bbd,earnings,5-15K,S3,NO,0.915,50.0,1.0,1,-51.0
0x1e88a10aa1aaeef9a5dc70cd7f1d04c9d385341ad5220885a882f53f919423dc,earnings,5-15K,S3,NO,0.92,50.0,1.0,1,-51.0
0x16319c2cb245207804b4481ffe84a3837676b3da0289f411f6811da00a1bc600,earnings,5-15K,S3,NO,0.895,50.0,1.0,1,-51.0
0xa20cdd3bd8f1f51c4adafadd3882bb0bc143e684942e0b6199208cb0dce8a8d9,earnings,5-15K,S3,NO,0.88,50.0,1.0,1,-51.0
0x8996d8d6944bf8b68056ddda88585ec3ba230318a07663b451a4fb476eed9cfc,earnings,5-15K,S3,NO,0.945,50.0,1.0,1,-51.0
0xf83337525e09673acd4babdccbcae8dcc8e6b5db8d92886491dd21049ff1c169,earnings,5-15K,S3,NO,0.93,50.0,1.0,1,-51.0
0x913ae1bf13cafc0332cbb4385bcdda27f4097a546406b937b9ede670c85f5a9f,earnings,5-15K,S3,NO,0.74,50.0,1.0,1,-51.0
0xf024e728c043c2acb9c5e2640e34aa4aa188a74da767a85e202d20468cd67dc0,earnings,5-15K,S3,NO,0.865,50.0,1.0,1,-51.0
0x9c36c341e446ee96ad541ff4ddc9486dc1556948e40f7041be75e61814d20a28,earnings,5-15K,S3,NO,0.745,50.0,1.0,1,-51.0
0x0ad6aa4e0be83ac0885c95cad5d55be31cdb8e80e2946202e17b3c8f7c4e9b98,earnings,5-15K,S3,NO,0.94,50.0,1.0,1,-51.0
0x4704dd8921a4baa8c84f7ba3117584f601d96f6c3d25945f309fb3a266f43f8a,earnings,5-15K,S3,NO,0.84,50.0,1.0,1,-51.0
0x250f38ab5ba9aad558c722208478066e573a784ab31394c0c3db335b6a6b3c46,earnings,5-15K,S3,YES,0.38,50.0,1.0,0,-51.0
0x1615eee22bbef1e025233f7b3b755da43f1a3d362df79b6971d893c5b2869716,earnings,5-15K,S3,NO,0.945,50.0,1.0,1,-51.0
0xd3ed1da669c995ea953690cd148dd8e5df5b9428da17176504c6cef246607314,earnings,5-15K,S3,NO,0.92,50.0,1.0,1,-51.0
0x8568563368bd614e55d979add2245a284e7d3e8ea4f280af29beed8be4c7cb95,earnings,5-15K,S3,NO,0.87,50.0,1.0,1,-51.0
0x7d0fb10621c751e1cd7607fd3054f48a46b87ee482431bc5c659848256ec2130,earnings,5-15K,S3,NO,0.91,50.0,1.0,1,-51.0
0xcc0691f4d4a3eda0c0d9306e41d52e5c3f09e3fdc752f19791937ad2a3ffe89b,earnings,5-15K,S3,NO,0.575,50.0,1.0,1,-51.0
0x1f5c8acbf361f92bba1529aa3d314446985a8dc8698ef2940c4322bdef9f68ac,earnings,5-15K,S3,NO,0.68,50.0,1.0,0,105.25000000000003
0xc98c3127f8bf77e6e54244693e13ea4299b886ba70ef180d7a720f0cbdfc5a2f,earnings,5-15K,S3,NO,0.73,50.0,1.0,0,134.18518518518516
0x7cc5c58cc79518cf62598914455e86120aabe5b81bd5defda71266f8386afc7f,earnings,5-15K,S3,NO,0.865,50.0,1.0,1,-51.0
0x2fcabb691c96ca59f21da5cc3e891bb7de7a885f9391372258a8a87f54b481c9,earnings,5-15K,S3,NO,0.855,50.0,1.0,1,-51.0
0x561fbcac1b906bfc402452d6b78e1e96b9fd22b1ea300b39bf53bf6a07baba13,earnings,5-15K,S3,NO,0.8,50.0,1.0,0,199.00000000000006
0x9437055959ce88282f5c8e946b0c99e71c70d1acd2b1416ccc4263b4438f9af7,earnings,5-15K,S3,NO,0.82,50.0,1.0,1,-51.0
0x59f351e056a0cc1ddda8c9b40688344b4b889488f234ae008dab185b435ad395,earnings,5-15K,S3,NO,0.86,50.0,1.0,1,-51.0
0x635e83eacc27eaaa4431a5d7232bb0f1e46be2e3362b0f39a0cd39721e622f3d,earnings,5-15K,S3,NO,0.655,50.0,1.0,1,-51.0
0x4d17e3841ff9fa0626f39d9658a57356f914abfe476e5b4faa9a48051925dde1,earnings,5-15K,S3,NO,0.665,50.0,1.0,1,-51.0
0x9d1137dbdef87b6dd6697b1cd366b246f21c6948394d83f376698ec85e93d8d9,earnings,5-15K,S3,NO,0.855,50.0,1.0,1,-51.0
0x0dd0550322357a47468b0ee9402a0bb9b47e50e700cdb6a23e485d02bd725f91,earnings,5-15K,S3,NO,0.6,50.0,1.0,0,74.0
0xfdedadc7ba6dacad2d4ba2fcd4fd585995b1b74bcfc64a1e1d22d68dcf0d789f,earnings,5-15K,S3,NO,0.83,50.0,1.0,1,-51.0
0x48b84dbcb663729bad138d8bf9f16dd26fc7c2d508e3f3097dd67c911f9db9dc,earnings,5-15K,S3,NO,0.845,50.0,1.0,1,-51.0
0x20dbf77e3a6641e9df9f591f4c62816a171424415184ab4a76972708a3a5a3e9,earnings,5-15K,S3,NO,0.825,50.0,1.0,1,-51.0
0xf8ddcf99974af0b8bd2fc0a2defb60ed2105e82f183b897379f1431a58b65e28,earnings,5-15K,S3,NO,0.765,50.0,1.0,1,-51.0
0x6a5dbdcf83804cdc2ecbf14cb4ffcfa9c6b1a28607c373b9e3bb83546176a279,earnings,5-15K,S3,YES,0.395,50.0,1.0,0,-51.0
0xbdbe413591a2e4c725cd9bb310bc3d9c948e23591b3b03e5eb9efc482e4f1d34,earnings,5-15K,S3,NO,0.695,50.0,1.0,0,112.93442622950818
0x7082edf8efdceff4c004319f03fc573e203e6ecf54a3bf396c68ecf807876c65,earnings,5-15K,S3,NO,0.64,50.0,1.0,0,87.88888888888889
0x22dd76a42b2bf220c6e175637027215a2362531eecfb71c2e095fec68cfceeb5,earnings,5-15K,S3,NO,0.84,50.0,1.0,1,-51.0
0x6f55065d9f82950cd293272cf776e815ecbeb25d1ccd46e48b25eb80f433b306,earnings,5-15K,S3,NO,0.815,50.0,1.0,1,-51.0
0x5aa2773e6fdc50609e285e07cf005e76fa9dc965849838fc16db1b3b974a7a8b,earnings,5-15K,S3,NO,0.775,50.0,1.0,1,-51.0
0xf631156902398cbab0c521c6db6d7238771dcf7746ccc8fff26e99122111cb34,earnings,5-15K,S3,NO,0.865,50.0,1.0,1,-51.0
0x05e41c8fb81af63d4c165bc0c23d93c574694de71216f0ffadc79428cbeab1bb,earnings,5-15K,S3,NO,0.88,50.0,1.0,1,-51.0
0x348410b5dd28a7743ec0219a713a0e38392e088273a9aded08783ccca6400e56,earnings,5-15K,S3,NO,0.645,50.0,1.0,0,89.84507042253523
0x98f047e8dbd64ab7ec2b55570ca05ef74379bd99c2518e0f161bafa8385384e3,earnings,5-15K,S3,NO,0.735,50.0,1.0,0,137.67924528301887
0xc90591bcefff8d3a37002b4dcd1ddac751e2075a4a0874d7692ecc5bd6b59082,earnings,5-15K,S3,NO,0.865,50.0,1.0,1,-51.0
0xc764f65948c6b8cc60b05968bfa3ecdbd90d8aab871aad731e13cfae8ab630df,earnings,5-15K,S3,NO,0.855,50.0,1.0,1,-51.0
0x2283b23da5df673df981804e61e0f56d393976671f23608af4f12604008fb773,earnings,5-15K,S3,NO,0.67,50.0,1.0,1,-51.0
0x77f64d937ba842861dc6a9dbaaafc8c85dfda68fc01f1c76d3160b4caaf6fa67,earnings,5-15K,S3,YES,0.215,50.0,1.0,0,-51.0
0x11d1a2071e422864eca23cd5284748ac309037fba7d3f4cdf7a1d1e6970b37d0,earnings,5-15K,S3,NO,0.63,50.0,1.0,0,84.13513513513513
0xd0e65ec7ec82c771eaadc1df1ebe8c2a0a8161e351937df73e76a0e42dd796ac,earnings,5-15K,S3,NO,0.74,50.0,1.0,1,-51.0
0x1c2f6d6e78e94fc4667e4d79605c670f51565864ac081494511b79cd7a3caa44,earnings,5-15K,S3,NO,0.71,50.0,1.0,0,121.41379310344826
0xc78d33680f069737cb1b10c6b6b3e84cc4dc501c4b094ab4d566beeaf3ea8685,earnings,5-15K,S3,NO,0.715,50.0,1.0,1,-51.0
0x8df67128e0f9188b2f6604dada0a377a05996ef3f3a2bcbf5e0470ec15e47014,earnings,5-15K,S3,YES,0.285,50.0,1.0,0,-51.0
0xb2d4ebc8eec9904102af85b0ab5d5cfe2a72758fc9fed5dc7b1adb99aa3d7acc,earnings,5-15K,S3,NO,0.8,50.0,1.0,1,-51.0
0x9517da80b6edfccdc6091d850bd647a75089ff0938c174dddc39e80feb7ac190,earnings,5-15K,S3,NO,0.81,50.0,1.0,1,-51.0
0x6e54cae7bef130be09698496b15501179ef0025a744eec9df708d04e26b80b94,earnings,5-15K,S3,NO,0.66,50.0,1.0,0,96.05882352941177
0x21421d6ad73ce68962a0d7f8299137375a67dcfcf80ce05008a037f54e171e1c,earnings,5-15K,S3,NO,0.93,50.0,1.0,1,-51.0
0x01712033768f53116ecfad4e4234902bac1c72a4285aa6c034b844f986fabf5d,earnings,5-15K,S3,NO,0.93,50.0,1.0,0,663.2857142857148
0x214f240fa0b2e5223559b39460d198391902e0d1af4bca1ef45e33eb46ba3fd9,earnings,5-15K,S3,NO,0.9045,50.0,1.0,1,-51.0
0x96e18000641f79382f0bef190cbaa58e96cbef13450f7c3dc3e1edcf756367d9,earnings,5-15K,S3,NO,0.68,50.0,1.0,0,105.25000000000003
0xa5f974d87f1a205bd5a18676a9af927a2ce1f3669617ae124b9f808941f9a01a,earnings,5-15K,S3,NO,0.92,50.0,1.0,1,-51.0
0x00764c0ab2a057c74fe4beef7473013d531dc002366d090b83638e6b130dd49d,earnings,5-15K,S3,NO,0.84,50.0,1.0,1,-51.0
0x72f04aef19f3beb045f1579b76c0b1e795eed4f2c1ef1bcceb046d51254276d0,earnings,5-15K,S3,NO,0.9415,50.0,1.0,1,-51.0
0xf9c3693574cb52bd6396f0dfc76016856200ee654bb7a076511c20ccb1d42742,earnings,5-15K,S3,NO,0.915,50.0,1.0,1,-51.0
0x2469a0e176ac6090f21f1b7f2ac98e766733d0921a32b2c4b321c6571b0ee4cf,earnings,5-15K,S3,NO,0.93,50.0,1.0,1,-51.0
0x7fdf2ade3ef67874f1e2bc222437c6cd565491671fe0709e6b4f5dfc605e820e,earnings,5-15K,S3,YES,0.49,50.0,1.0,1,51.04081632653062
0xf924776e2939fc431529ab280882fcfcc8c04ddd0901bf89396507becf94b2d2,earnings,5-15K,S4,NO,0.02,50.0,1.0,0,0.020408163265308588
0x289c19974c3b3d5ff8e6bf03549f4c5018c1329e54ca000be463d553dda38b98,earnings,5-15K,S4,NO,0.0635,50.0,1.0,0,2.390282968499733
0x0c34c74198cab30b9502db7d619941879ab26c0e4938d85355a1332b9c7e60ec,earnings,15-50K,S1,NO,0.9965,50.0,1.0,1,-51.0
0xd10fcc3d3f8c1143e26b12ff6c5c317e191f758ec8020f0f6959e5f884c1cd7e,earnings,15-50K,S1,YES,0.005,50.0,1.0,0,-51.0
0x5eeb84c257e7d455b0dd6f32109c9b591682b693e1665f313ea839daf60df380,earnings,15-50K,S1,NO,0.995,50.0,1.0,1,-51.0
0xe45d221e88fdad50b78507ff1ccdd4ca25c441f1940796871fdbdb96cbc0a621,earnings,15-50K,S1,NO,0.991,50.0,1.0,1,-51.0
0xb89baccda5af9c6cbc15c029df25e26ba5bbcc515563e85f15fa50790cc0ec6f,earnings,15-50K,S1,NO,0.985,50.0,1.0,1,-51.0
0x70536feb531c08c7bbe808959246ba5f4eaf07ed045f532fe41d404e93e3809f,earnings,15-50K,S1,NO,0.989,50.0,1.0,1,-51.0
0xca3f4b688bce03a24747d339ff30aa2cf45fff9addfd43ea11e1f20689ae091b,earnings,15-50K,S1,NO,0.885,50.0,1.0,1,-51.0
0x4a84f18a410227e4579a509b346913dde3664ce5f332d77ab37cab7aca1e35bc,earnings,15-50K,S1,NO,0.89,50.0,1.0,1,-51.0
0xd67c63a0b0fec10ad997cb6f083a5657589758d2a2a0769313e13e6d9de19e98,earnings,15-50K,S1,NO,0.935,50.0,1.0,0,718.2307692307699
0x90e3d9debdf680213bd15218b2071aba5cbaa3ed5c937dc5fd88330a07561e1b,earnings,15-50K,S1,NO,0.91,50.0,1.0,1,-51.0
0x3abde55383b9a88c77ad2c6f51ffa96631c40a56134d117901e690d667daf5d4,earnings,15-50K,S1,NO,0.9345,50.0,1.0,1,-51.0
0x47380287d3a4337ac7c6104284c17f3edaed87d5f8a3dbbe2eb4c12e055eb644,earnings,15-50K,S1,NO,0.935,50.0,1.0,1,-51.0
0xc274f712e56f0be1fa161557c773897784f77fa0cffd238e5561917a9f58b863,earnings,15-50K,S1,NO,0.91,50.0,1.0,1,-51.0
0x3df6317f9955a852b02f1fd386c91ea67cf793360acbca25629b226393ddf497,earnings,15-50K,S1,NO,0.895,50.0,1.0,0,425.19047619047626
0x41010e119c211a44503b83370da7be84bd4e3eee48ee4e836b5958125735d62d,earnings,15-50K,S1,NO,0.92,50.0,1.0,1,-51.0
0x1d3a78376b50e04fdc49fb0318f01bac1ae45fc41217718df5dfc32e985ce839,earnings,15-50K,S1,NO,0.855,50.0,1.0,1,-51.0
0x0f18d1e749bab471b8a4d2201250a067a8e211cf4ecf664b6435ae75c6c50925,earnings,15-50K,S1,NO,0.915,50.0,1.0,1,-51.0
0xfe1169bc73a4d54074e6856e7c4f56d49403940bc03ea31a46b404a2fa58aa31,earnings,15-50K,S1,NO,0.91,50.0,1.0,1,-51.0
0x9849b5eb1d6c6b79589b1890c7ea3764ff4bba56c63e07ac9134c2799a1f4e24,earnings,15-50K,S1,NO,0.8785,50.0,1.0,1,-51.0
0x55ff4c7d4bcfbc76164c59fb3953401630acbf18ac6bdcae10bcb1159c5f010e,earnings,15-50K,S1,NO,0.92,50.0,1.0,1,-51.0
0x4eec1dadeed73cacafeb72c4bebb7563a41c979b31f35f180b5be9c1440fdb78,earnings,15-50K,S1,NO,0.875,50.0,1.0,1,-51.0
0xecffad8c6917c58ca287eedd3314906980071a765aa2bd18cb7290ce64249447,earnings,15-50K,S1,NO,0.865,50.0,1.0,1,-51.0
0xc86f9fe2b22de273f0ea0360c28f972304015778382f171b40fe2c8634e31dc2,earnings,15-50K,S1,NO,0.88,50.0,1.0,1,-51.0
0x2def86f0dd8833060353d0462072444a0b515d4f5ffc49d84506cfa12f25bdaf,earnings,15-50K,S1,NO,0.865,50.0,1.0,1,-51.0
0xba17d9b3086864ee6c44bf475a9f2ec97459c0602d469e3fa8ae34db82f413c6,earnings,15-50K,S1,NO,0.9995,50.0,1.0,1,-51.0
0xa69793f4e18e169b21244bab9451acc7610ac41234d05a6edf2079b5c9f1e7e7,earnings,15-50K,S1,NO,0.89,50.0,1.0,1,-51.0
0x9a14a5f8fac102b6e37face4df35b0447e7b25a4dee4296d18f03a1bef49cdb0,earnings,15-50K,S1,NO,0.915,50.0,1.0,0,537.2352941176473
0xa60f72aa1c1b7a2f2cee9823a510e8dd0a6a1f206355794439a31ca9794c1333,earnings,15-50K,S1,NO,0.9785,50.0,1.0,1,-51.0
0xab8d700fb1a8afc20134af099006b7fa97a2c366e13b2d0a3d2c4d4d9649f209,earnings,15-50K,S1,NO,0.915,50.0,1.0,1,-51.0
0xc7ab38fcf9d0f3877076dd8c0dd38a9791ecac23b1ce63c6bcc151bc0d59092b,earnings,15-50K,S1,NO,0.895,50.0,1.0,1,-51.0
0xdd4129a0dec786aff9511bcf98627556ddc26873d83296de8c18151805f9f3ff,earnings,15-50K,S1,NO,0.855,50.0,1.0,1,-51.0
0x77471ad1bdea9a9a19b157677d1fe0d8cac45249ae4c674f073ea3ca7a156a61,earnings,15-50K,S1,NO,0.855,50.0,1.0,1,-51.0
0x1b794b9ee72a50e51870648a0763ee050f51f6f672664f2087ce645932976862,earnings,15-50K,S1,NO,0.8995,50.0,1.0,1,-51.0
0x68aebfc344401afe8c729bdfa3d5ffdc451d941985a79439a8db9fbc8425d996,earnings,15-50K,S1,NO,0.895,50.0,1.0,1,-51.0
0xff1818064df839307d6244ec98d332c5cfc2dfc4d7b5f847d1ca0d32999ebf2e,earnings,15-50K,S1,NO,0.905,50.0,1.0,1,-51.0
0x64cf9a65a2a9805c06e00cb087d5328f311dd71d2648f1166f6d6b372f52399f,earnings,15-50K,S1,NO,0.92,50.0,1.0,1,-51.0
0xd8c64a03c894a23f8314a2591d42fa115fe834c27b50c2959a51035d15ab37ff,earnings,15-50K,S1,NO,0.865,50.0,1.0,1,-51.0
0x11afdbf49a0d97d6dc3175a17523e2f1eb54521552f5528899378e2d54e717ab,earnings,15-50K,S1,NO,0.895,50.0,1.0,1,-51.0
0xe4c5595db8dcb010f2ae062111986b4fcffbd36b83b4502c1ce588a8fe80ebd6,earnings,15-50K,S1,NO,0.89,50.0,1.0,1,-51.0
0x1d6fabd17f8925213468fd175cbc85df74a76e7152cc16188e5f2b426a4e1b35,earnings,15-50K,S1,NO,0.89,50.0,1.0,1,-51.0
0xbba19d6b76282eb50acd3daf141e13d8ee7bda6a246b919904b70ffa52dfa638,earnings,15-50K,S1,NO,0.895,50.0,1.0,1,-51.0
0x7e5bba81e8fe9f2f1c440808d1714a72633b17ae86b54c338144c7974385ff41,earnings,15-50K,S1,NO,0.885,50.0,1.0,1,-51.0
0x76033c55cd66ae86839ca898b89c083bb4c699c668cd2b10cff1c3368c9764ea,earnings,15-50K,S1,NO,0.935,50.0,1.0,1,-51.0
0x3206e3e62ec273d4656e26b9c1816e824cf8b2f4db34a346650389851d37e57d,earnings,15-50K,S1,NO,0.885,50.0,1.0,0,383.7826086956522
0x37ecaec524dfa449405d15ea13102316601816b616fec6b6d2b8911dc53b56e1,earnings,15-50K,S1,NO,0.875,50.0,1.0,1,-51.0
0xe4d179b9cdfbdab157ac61a649750ab43aa969cd8492067fe350ed1b07354960,earnings,15-50K,S1,NO,0.93,50.0,1.0,1,-51.0
0x63075823f870341b0ce734a369e449a2c3f8a6f2dce2785ad6cd4c65f8a3b119,earnings,15-50K,S1,NO,0.875,50.0,1.0,1,-51.0
0xb21f7da1c064869df42d2253392303b50a652551c88393ff3c10362704fbb68d,earnings,15-50K,S1,NO,0.885,50.0,1.0,1,-51.0
0x97264c8249d9d7218da0f022abbfe512d61e338df0279c6ec905aa46bd1f0aec,earnings,15-50K,S1,NO,0.88,50.0,1.0,1,-51.0
0x0abd05861bb16fabd78044f6d583055e05722e2bbacdf50bdb5e86cbae2d6cb5,earnings,15-50K,S1,NO,0.895,50.0,1.0,1,-51.0
0xbc5d2d71124d51e24abe89b98f7d668c71906724dd3f557a1dbe401152fa86fc,earnings,15-50K,S1,NO,0.935,50.0,1.0,1,-51.0
0x53d35fb2ee3bfc83738082e083c4f2303301697463e8d49ae99a4abb75ab5811,earnings,15-50K,S1,NO,0.925,50.0,1.0,1,-51.0
0xcbf5493648f44bf4a8677b713b7fd3f4aef88a30471ebbad9ef2667eba614bee,earnings,15-50K,S1,YES,0.0005,50.0,1.0,0,-51.0
0x73c95a75f53d66ab7fc174331c74407c02aadaacce95fa417601cdbf71d11c4e,earnings,15-50K,S1,NO,0.915,50.0,1.0,1,-51.0
0x20a31eacfa76cfc6a43d9a4c974bff8e6f9903ad7b881bdb54c0341d666ab006,earnings,15-50K,S1,NO,0.855,50.0,1.0,1,-51.0
0x4c7e6762545f14147b2a539f168be8e1234bcf9e76ff793b6f603f63b0baecd3,earnings,15-50K,S1,NO,0.855,50.0,1.0,1,-51.0
0xa1f261fd2b4085cc283c7baa3b2b7e20b8540d66f19b0c866dd985ebd7ca884c,earnings,15-50K,S1,NO,0.88,50.0,1.0,1,-51.0
0xf13e6346f6153a1e063861a848b462241335d94014b1e2352f87c01698681173,earnings,15-50K,S1,NO,0.885,50.0,1.0,1,-51.0
0xaf26bfb76e1f2925408f22f15749f815c78e873b773e516dfdef335d54188758,earnings,15-50K,S1,NO,0.925,50.0,1.0,1,-51.0
0x5066929058d9e416ec61d945ec9603c0d3eaf98df01ea0907658d7399225cf94,earnings,15-50K,S1,NO,0.905,50.0,1.0,1,-51.0
0x75c63d40cc5ec31a6bdadde479b14e9f2bae17bc3cd5885ba449f08da84e5c96,earnings,15-50K,S1,NO,0.915,50.0,1.0,1,-51.0
0x6e90b9f10d7349fd6e50692c92ed9d0c9f27e633341f60981695c432ea61b22f,earnings,15-50K,S1,NO,0.94,50.0,1.0,1,-51.0
0x59326d68ec624aa2e19132b40dc7a6da2da850b83274d6cb751dd441bb286340,earnings,15-50K,S1,NO,0.925,50.0,1.0,1,-51.0
0x289fe9339e7d3e69c36fc9d13940cbb97d25d5f50d0bf6da08fecd7575d6f569,earnings,15-50K,S1,NO,0.86,50.0,1.0,1,-51.0
0x3f936ab5f413b4dcce95895b5943f7396de43e0877c882e865a2d9cdc6020fda,earnings,15-50K,S1,NO,0.954,50.0,1.0,1,-51.0
0xdd2db1de97992c0c91941560e0e101537167835f5b0ea67fd6697350b3e76c7a,earnings,15-50K,S1,NO,0.9495,50.0,1.0,1,-51.0
0xcca692af8cf3f70d1cfd1eb363fdde50010c07ab09477e382a3a237d212184cb,earnings,15-50K,S1,NO,0.9675,50.0,1.0,1,-51.0
0x6fb70a04fdb518b14dd8ebc8e9101b07671dbc499eac1d72627fe877cdce0f81,earnings,15-50K,S1,NO,0.905,50.0,1.0,1,-51.0
0xc89624e9bbebce235ce68fc1bede968d6e72e800cd99788cc700ed292fa64333,earnings,15-50K,S1,NO,0.955,50.0,1.0,1,-51.0
0x66b01858d6c1fb1823060cd818a25318f2824928353d4df87c96523a3690b2d0,earnings,15-50K,S1,NO,0.935,50.0,1.0,1,-51.0
0x9b49db9417c3275700691123dae474dd4183f02ae2bd5e1fd088a883e0d12ac3,earnings,15-50K,S1,NO,0.915,50.0,1.0,1,-51.0
0xbfd6497fca9e900c03e88734d2f91ec11ffe1952928f7c4338582f64ec0c116e,earnings,15-50K,S1,NO,0.855,50.0,1.0,1,-51.0
0xc3e2caf899d38010e4797d6c9f7c1b3b46ee01e5ccfed0322ab20678b3362fb7,earnings,15-50K,S1,NO,0.895,50.0,1.0,1,-51.0
0xbd97540446a2a4a084e55d240de00d3bd3387c70d3cadc9b5517a482fafe4b8b,earnings,15-50K,S1,NO,0.9925,50.0,1.0,1,-51.0
0xf2944b1ab640c4cedb977b2bf59a528276131b5090941acb84c98db36bb90c95,earnings,15-50K,S1,NO,0.865,50.0,1.0,1,-51.0
0xaa961d07661553768261adcaaf680a40d5da6e5bd3b4a6b060415d6999154b6d,earnings,15-50K,S1,NO,0.855,50.0,1.0,1,-51.0
0x307cb08f3dd72cf84d3f766cf6afe0d08c731805e4c03611f6e184f6e5ab47cc,earnings,15-50K,S1,NO,0.935,50.0,1.0,1,-51.0
0xded00ece4352bc848e310dc5ef71eefa39df1146f8a6bf45ebf9fb9f51bab68d,earnings,15-50K,S1,NO,0.88,50.0,1.0,1,-51.0
0xeff9b11ac0059339d8ca504ee47d9a3c15471d5c4ff4a97d92e57e219aff0525,earnings,15-50K,S1,NO,0.91,50.0,1.0,1,-51.0
0xd63994beb77dc627524e6cb6b51425afec6afcfeb65d27a922f44c865d815d61,earnings,15-50K,S1,NO,0.88,50.0,1.0,1,-51.0
0x65d280af90da1827ab015d1e40fdfa2ab20356b3566f045e035ef49d68a25922,earnings,15-50K,S1,NO,0.875,50.0,1.0,0,349.0
0x09692f40eeed2910ae4610d8caadc51f9dbd0dc67d850901eca81ecb556cef40,earnings,15-50K,S1,NO,0.855,50.0,1.0,1,-51.0
0x891619c52a01324fbc7e535a971f09e772e1c029424e9535b932a781fcb58e4f,earnings,15-50K,S1,NO,0.93,50.0,1.0,1,-51.0
0x942d5e65c51a08375b196f2f7b05a3e40a7b406f0ca2bd34a26e6eae9ea136c9,earnings,15-50K,S1,NO,0.855,50.0,1.0,1,-51.0
0x7d5f32e87646808f83fb04c9b218cce6ae9325d87236a1e33b52522dddc4bd37,earnings,15-50K,S1,NO,0.87,50.0,1.0,1,-51.0
0xf3bd23b770365e2d08c9267cc927da80c186c254ed83a182efed4a27853c1b56,earnings,15-50K,S1,NO,0.865,50.0,1.0,1,-51.0
0x0949804bdd01abdfc0a7a5da37df6309edab0b5a95f5eda4ac8f0e0fcb805fea,earnings,15-50K,S1,NO,0.89,50.0,1.0,1,-51.0
0x2b5dc901a31fc6ef23cab93c22dcd7d243b49fb5944938e49f7faaa39787316f,earnings,15-50K,S1,NO,0.89,50.0,1.0,0,403.5454545454546
0x3eccf9bde290cbb2b26364277776aea1fdb240b12e4c28427cf8bea0478a2429,earnings,15-50K,S1,NO,0.895,50.0,1.0,1,-51.0
0x29f439cbd9d1345f3b46c8661e0d8274048e985b87de970cb95d8f1a45c56cb7,earnings,15-50K,S1,NO,0.86,50.0,1.0,1,-51.0
0x30901fe6e3780d57d5482022c8807037e4eae5f1477f8db5da58386cf1ef0826,earnings,15-50K,S1,NO,0.915,50.0,1.0,1,-51.0
0x614260d38ef6966d3ff127fe96de879506230c26ba4967499242a10ad327eee6,earnings,15-50K,S1,NO,0.875,50.0,1.0,1,-51.0
0xbebb1c8c6996bdd0783db8891f4cb764afe301c7393ae19cad4c81b0d9e25e11,earnings,15-50K,S1,NO,0.89,50.0,1.0,1,-51.0
0xd7ce4020b83d09f10b671bee2016d4f359054f62eac58289d0e74d97c4c8c324,earnings,15-50K,S1,NO,0.89,50.0,1.0,1,-51.0
0x5948c26308fcb2e24d895ffdaabae57ae2fb870550d5dcbe1ebcff7c76a7288a,earnings,15-50K,S1,NO,0.94,50.0,1.0,1,-51.0
0x483bc2bec1cf8d3e5137e892fcb3a4d791a93a3c86484aac24369d224b5db059,earnings,15-50K,S1,NO,0.89,50.0,1.0,1,-51.0
0xdae2237c82b1ff856f876a7ec445b39f0ec7d7f52fefbf473ed4bd3d29b12105,earnings,15-50K,S1,NO,0.87,50.0,1.0,1,-51.0
0x2b12bcfad7a5f223af5f6d0df507aeddb5e386cab77d830576b5c883071eec1a,earnings,15-50K,S1,NO,0.905,50.0,1.0,1,-51.0
0xd7457afe5329090292c32bc5bde74b9b005426aadc09fc530da5b696b2655bba,earnings,15-50K,S1,NO,0.905,50.0,1.0,1,-51.0
0xeeb759e8db4eca494a8dcf81c9fe95bb35a019deaa004681b395a92ca4d2740d,earnings,15-50K,S1,NO,0.855,50.0,1.0,1,-51.0
0xd7118fc53709b96a1a2c415f5e4f7dfb281cea6fa41ea8f0432028543c6bb195,earnings,15-50K,S1,NO,0.9,50.0,1.0,1,-51.0
0xfd80d6eb29ce8fe36eb015b19627a0627a17a8ba3b0e2ff5cdfaec94209ec709,earnings,15-50K,S1,NO,0.9075,50.0,1.0,1,-51.0
0x25d304e7d3eca4898745c358be9f5209091acf2032473a7027911d86f58c3676,earnings,15-50K,S1,NO,0.951,50.0,1.0,1,-51.0
0x94dccda8ebb84ceb7df14d7a4386e83d308f9388bff00b67120813b7e2785340,earnings,15-50K,S1,NO,0.92,50.0,1.0,1,-51.0
0xf45ddbb98b2f8751a7475b88c1ede53090f303b556badb6647c73060e56e353f,earnings,15-50K,S1,YES,0.105,50.0,1.0,0,-51.0
0x0c34c74198cab30b9502db7d619941879ab26c0e4938d85355a1332b9c7e60ec,earnings,15-50K,S2,NO,0.9965,50.0,1.0,1,-51.0
0xd10fcc3d3f8c1143e26b12ff6c5c317e191f758ec8020f0f6959e5f884c1cd7e,earnings,15-50K,S2,YES,0.005,50.0,1.0,0,-51.0
0x5eeb84c257e7d455b0dd6f32109c9b591682b693e1665f313ea839daf60df380,earnings,15-50K,S2,NO,0.995,50.0,1.0,1,-51.0
0xe45d221e88fdad50b78507ff1ccdd4ca25c441f1940796871fdbdb96cbc0a621,earnings,15-50K,S2,NO,0.991,50.0,1.0,1,-51.0
0x70536feb531c08c7bbe808959246ba5f4eaf07ed045f532fe41d404e93e3809f,earnings,15-50K,S2,NO,0.989,50.0,1.0,1,-51.0
0xca3f4b688bce03a24747d339ff30aa2cf45fff9addfd43ea11e1f20689ae091b,earnings,15-50K,S2,NO,0.885,50.0,1.0,1,-51.0
0x4a84f18a410227e4579a509b346913dde3664ce5f332d77ab37cab7aca1e35bc,earnings,15-50K,S2,NO,0.89,50.0,1.0,1,-51.0
0xfe1169bc73a4d54074e6856e7c4f56d49403940bc03ea31a46b404a2fa58aa31,earnings,15-50K,S2,NO,0.91,50.0,1.0,1,-51.0
0x499806221a598eeb2761549f5f50cb2a32198b9e3c3342ad8eb09eb015bf008d,earnings,15-50K,S2,YES,0.745,50.0,1.0,0,-51.0
0xf6e24791df46f2dfb069dd01e3031db44976f8c9ea91960691a3b6649dfcacfe,earnings,15-50K,S2,YES,0.745,50.0,1.0,1,16.114093959731548
0x1d5483197944695ffd2d533dca4d516ca811959cb9cec5927718a96754bc1624,earnings,15-50K,S2,YES,0.325,50.0,1.0,0,-51.0
0x7666dbf2728c1ccf5ab7590cd04b6b8ffc8a682425ab27a393e4b3ec1aadb16d,earnings,15-50K,S2,YES,0.315,50.0,1.0,0,-51.0
0x4eec1dadeed73cacafeb72c4bebb7563a41c979b31f35f180b5be9c1440fdb78,earnings,15-50K,S2,NO,0.875,50.0,1.0,1,-51.0
0x0cd49ce7923605eef1e0fee776973ce9d0fe20d2393f745dae57858b99a8949a,earnings,15-50K,S2,NO,0.815,50.0,1.0,1,-51.0
0xeff2ee7e904e396c3a7208539f0f15e4234e87809dea07f87e8cf9ced2662846,earnings,15-50K,S2,YES,0.415,50.0,1.0,0,-51.0
0xba17d9b3086864ee6c44bf475a9f2ec97459c0602d469e3fa8ae34db82f413c6,earnings,15-50K,S2,NO,0.9995,50.0,1.0,1,-51.0
0xa69793f4e18e169b21244bab9451acc7610ac41234d05a6edf2079b5c9f1e7e7,earnings,15-50K,S2,NO,0.89,50.0,1.0,1,-51.0
0xab8d700fb1a8afc20134af099006b7fa97a2c366e13b2d0a3d2c4d4d9649f209,earnings,15-50K,S2,NO,0.915,50.0,1.0,1,-51.0
0xe724500a327bd2b511a0f819931b274d9df550a16fab238e28a01704bed48374,earnings,15-50K,S2,YES,0.435,50.0,1.0,1,63.94252873563218
0x5f71c338bca0686d2f09a8d61ecdf725171ce8792c56271fe6c79340c5cc7cde,earnings,15-50K,S2,NO,0.64,50.0,1.0,0,87.88888888888889
0x3206e3e62ec273d4656e26b9c1816e824cf8b2f4db34a346650389851d37e57d,earnings,15-50K,S2,NO,0.885,50.0,1.0,0,383.7826086956522
0x0abd05861bb16fabd78044f6d583055e05722e2bbacdf50bdb5e86cbae2d6cb5,earnings,15-50K,S2,NO,0.895,50.0,1.0,1,-51.0
0xcbf5493648f44bf4a8677b713b7fd3f4aef88a30471ebbad9ef2667eba614bee,earnings,15-50K,S2,YES,0.0005,50.0,1.0,0,-51.0
0x4c7e6762545f14147b2a539f168be8e1234bcf9e76ff793b6f603f63b0baecd3,earnings,15-50K,S2,NO,0.855,50.0,1.0,1,-51.0
0x8b62804bdbaba6bb1bf0f9e7ce596084f22ec633e00a8083262f417d690a6713,earnings,15-50K,S2,NO,0.625,50.0,1.0,0,82.33333333333334
0x59326d68ec624aa2e19132b40dc7a6da2da850b83274d6cb751dd441bb286340,earnings,15-50K,S2,NO,0.925,50.0,1.0,1,-51.0
0x289fe9339e7d3e69c36fc9d13940cbb97d25d5f50d0bf6da08fecd7575d6f569,earnings,15-50K,S2,NO,0.86,50.0,1.0,1,-51.0
0x81b113d08d679970a060495e58d1a1ce9f2fdb3933f36b0533d33bdcfef9c6b1,earnings,15-50K,S2,NO,0.795,50.0,1.0,1,-51.0
0xfffe2ac968bebd674b4dd91cbef3141483ac2b67f49f5d75547839320d4a8136,earnings,15-50K,S2,YES,0.82,50.0,1.0,0,-51.0
0x77f5af7d2bd3570be02290745c16ed4d6953d94436d2c1292c2c1f79418cf106,earnings,15-50K,S2,YES,0.455,50.0,1.0,0,-51.0
0x32f744a45c646d04a65563af38a30c34a147cf1c898035a953a49d0cd0660e37,earnings,15-50K,S2,YES,0.825,50.0,1.0,1,9.606060606060609
0x0a8bebb6884dae47328aa0ecf946dcf3a02e9302716566299087542f7f054be9,earnings,15-50K,S2,YES,0.54,50.0,1.0,1,41.59259259259258
0xcf44270ebe7eaa79485c11ae65d1bdc86a98b86cc48f6f933d0e5a4705adeb29,earnings,15-50K,S2,YES,0.575,50.0,1.0,0,-51.0
0xa9794d2a4b066f143edaa6728bd2946e54e8c2fedb56244ab6a3d52cbac5dec2,earnings,15-50K,S2,NO,0.785,50.0,1.0,1,-51.0
0x1859bedc7a7c34cdd13a7c864177423ed1732841eb486dc59ceb05177ef4cb1a,earnings,15-50K,S2,NO,0.7,50.0,1.0,0,115.66666666666663
0xbc2c0328e62b2577e2946404db39250331f18036f866c17a80e03fc83bbfcb73,earnings,15-50K,S2,NO,0.72,50.0,1.0,1,-51.0
0x65d280af90da1827ab015d1e40fdfa2ab20356b3566f045e035ef49d68a25922,earnings,15-50K,S2,NO,0.875,50.0,1.0,0,349.0
0x4694ec9169fd7df41af2741cc74a9da087cde234be2b89ab9470d66b5283ec58,earnings,15-50K,S2,NO,0.84,50.0,1.0,1,-51.0
0xdaca9df5d98e59cd5911c9eb9689741d453a29445de82727a32f332f7356f2bd,earnings,15-50K,S2,YES,0.55,50.0,1.0,0,-51.0
0x4b75c03ddcd720ab3f5ad0271cc24a7b0e1f5c33e01f463f51eabf0d7faef5e1,earnings,15-50K,S2,NO,0.66,50.0,1.0,1,-51.0
0xfeac04beeb67ec4844d38d5cc2875a81208f26347d7d281472081eff4fccb38e,earnings,15-50K,S2,YES,0.245,50.0,1.0,0,-51.0
0xf5f54f9fd01dd6904e50b1aac8727ca80b08e8fddd62d2e258caa34d9f461ec3,earnings,15-50K,S2,YES,0.585,50.0,1.0,0,-51.0
0xc2da51fc29676e529ecb2899593992473ebfd52fb3f16620fcf704ec23519705,earnings,15-50K,S2,YES,0.6455,50.0,1.0,0,-51.0
0xd3a228bcbad8cd4e3439a8a2d88d85cbf6d511febc1760f21af875831922f01d,earnings,15-50K,S2,YES,0.345,50.0,1.0,1,93.92753623188406
0xf45ddbb98b2f8751a7475b88c1ede53090f303b556badb6647c73060e56e353f,earnings,15-50K,S2,YES,0.105,50.0,1.0,0,-51.0
0xd67c63a0b0fec10ad997cb6f083a5657589758d2a2a0769313e13e6d9de19e98,earnings,15-50K,S3,NO,0.935,50.0,1.0,0,718.2307692307699
0x41010e119c211a44503b83370da7be84bd4e3eee48ee4e836b5958125735d62d,earnings,15-50K,S3,NO,0.92,50.0,1.0,1,-51.0
0x0f18d1e749bab471b8a4d2201250a067a8e211cf4ecf664b6435ae75c6c50925,earnings,15-50K,S3,NO,0.915,50.0,1.0,1,-51.0
0x8f8258ec96b5fae325f47d648f222654768e24bdae4bb3d35b35459cc9188912,earnings,15-50K,S3,NO,0.775,50.0,1.0,1,-51.0
0xe8b78ad8fa1c3f460f429a01c4c0877d6e0db4c18f972855a1e532391d1b93d4,earnings,15-50K,S3,NO,0.8,50.0,1.0,1,-51.0
0xfb5f8ed35e7f9078284a32c6dd127f90e251df77cfdca0cb48c7c70ce8a56a9c,earnings,15-50K,S3,YES,0.32,50.0,1.0,1,105.25
0xe724500a327bd2b511a0f819931b274d9df550a16fab238e28a01704bed48374,earnings,15-50K,S3,YES,0.435,50.0,1.0,1,63.94252873563218
0x76cf72845f1998e557b529b2208683ecbe6a4ba3654ef22efba6b129e514e27e,earnings,15-50K,S3,NO,0.83,50.0,1.0,1,-51.0
0x6dd1dd046d8c39fd397cdcd45c678d1475d55b318cca24dd5a935df88b4f73dc,earnings,15-50K,S3,NO,0.785,50.0,1.0,1,-51.0
0x3553f79810f95fb8b12c84ac37bb4804e6d3710baed016c273c6314780156bce,earnings,15-50K,S3,NO,0.815,50.0,1.0,1,-51.0
0x6eb843b51d183238ecac8832d04675e8665c677d6ccef15e0682e2f7701bb8d6,earnings,15-50K,S3,NO,0.765,50.0,1.0,1,-51.0
0xe4c5595db8dcb010f2ae062111986b4fcffbd36b83b4502c1ce588a8fe80ebd6,earnings,15-50K,S3,NO,0.89,50.0,1.0,1,-51.0
0x7ba4d51596a6ad7f49265e848dbb2af09259e264c8e0856105878d8913aabff6,earnings,15-50K,S3,YES,0.325,50.0,1.0,1,102.84615384615384
0x3b65b409d2030996de38861f6d1b45cc7f96b4148125630ad95a3369f8475b71,earnings,15-50K,S3,NO,0.85,50.0,1.0,0,282.33333333333326
0x7e5bba81e8fe9f2f1c440808d1714a72633b17ae86b54c338144c7974385ff41,earnings,15-50K,S3,NO,0.885,50.0,1.0,1,-51.0
0x76033c55cd66ae86839ca898b89c083bb4c699c668cd2b10cff1c3368c9764ea,earnings,15-50K,S3,NO,0.935,50.0,1.0,1,-51.0
0x3206e3e62ec273d4656e26b9c1816e824cf8b2f4db34a346650389851d37e57d,earnings,15-50K,S3,NO,0.885,50.0,1.0,0,383.7826086956522
0x63075823f870341b0ce734a369e449a2c3f8a6f2dce2785ad6cd4c65f8a3b119,earnings,15-50K,S3,NO,0.875,50.0,1.0,1,-51.0
0xb21f7da1c064869df42d2253392303b50a652551c88393ff3c10362704fbb68d,earnings,15-50K,S3,NO,0.885,50.0,1.0,1,-51.0
0xbc5d2d71124d51e24abe89b98f7d668c71906724dd3f557a1dbe401152fa86fc,earnings,15-50K,S3,NO,0.935,50.0,1.0,1,-51.0
0x53d35fb2ee3bfc83738082e083c4f2303301697463e8d49ae99a4abb75ab5811,earnings,15-50K,S3,NO,0.925,50.0,1.0,1,-51.0
0x73c95a75f53d66ab7fc174331c74407c02aadaacce95fa417601cdbf71d11c4e,earnings,15-50K,S3,NO,0.915,50.0,1.0,1,-51.0
0x20a31eacfa76cfc6a43d9a4c974bff8e6f9903ad7b881bdb54c0341d666ab006,earnings,15-50K,S3,NO,0.855,50.0,1.0,1,-51.0
0x4c7e6762545f14147b2a539f168be8e1234bcf9e76ff793b6f603f63b0baecd3,earnings,15-50K,S3,NO,0.855,50.0,1.0,1,-51.0
0xa1f261fd2b4085cc283c7baa3b2b7e20b8540d66f19b0c866dd985ebd7ca884c,earnings,15-50K,S3,NO,0.88,50.0,1.0,1,-51.0
0x5066929058d9e416ec61d945ec9603c0d3eaf98df01ea0907658d7399225cf94,earnings,15-50K,S3,NO,0.905,50.0,1.0,1,-51.0
0x75c63d40cc5ec31a6bdadde479b14e9f2bae17bc3cd5885ba449f08da84e5c96,earnings,15-50K,S3,NO,0.915,50.0,1.0,1,-51.0
0xc85bf44c5b8ec7ad89186f29f2972f7afc03a5e17c5103f0603e1695a62e5de8,earnings,15-50K,S3,YES,0.415,50.0,1.0,1,69.48192771084338
0xc70a9913e6ee7ca55cf159a1b82489e0ca976d5471551aa9c7742f7566622ca2,earnings,15-50K,S3,NO,0.84,50.0,1.0,1,-51.0
0x6fb70a04fdb518b14dd8ebc8e9101b07671dbc499eac1d72627fe877cdce0f81,earnings,15-50K,S3,NO,0.905,50.0,1.0,1,-51.0
0x32f744a45c646d04a65563af38a30c34a147cf1c898035a953a49d0cd0660e37,earnings,15-50K,S3,NO,0.825,50.0,1.0,1,-51.0
0x734292c6243ba3591eaa677eff5e8643ee411ad241af441c6db4b2b92a581cfc,earnings,15-50K,S3,NO,0.77,50.0,1.0,0,166.3913043478261
0x4694ec9169fd7df41af2741cc74a9da087cde234be2b89ab9470d66b5283ec58,earnings,15-50K,S3,NO,0.84,50.0,1.0,1,-51.0
0x71b7effd28a9683d303f2c5c8e7cf45a3afd9a56c73e9f372ec7e613640679db,earnings,15-50K,S3,NO,0.83,50.0,1.0,1,-51.0
0xb63c13fdf411dfed81010c3de36554e5f9691798bb57fce7654645851f16ceb8,earnings,15-50K,S3,NO,0.725,50.0,1.0,1,-51.0
0x942d5e65c51a08375b196f2f7b05a3e40a7b406f0ca2bd34a26e6eae9ea136c9,earnings,15-50K,S3,NO,0.855,50.0,1.0,1,-51.0
0xf3bd23b770365e2d08c9267cc927da80c186c254ed83a182efed4a27853c1b56,earnings,15-50K,S3,NO,0.865,50.0,1.0,1,-51.0
0x0949804bdd01abdfc0a7a5da37df6309edab0b5a95f5eda4ac8f0e0fcb805fea,earnings,15-50K,S3,NO,0.89,50.0,1.0,1,-51.0
0x1f26c2c251f60e68222b69b9f9637a542c2546a0a6873ee5f581c201a03162ce,earnings,15-50K,S3,NO,0.84,50.0,1.0,1,-51.0
0x0420d4ad423e8f87d86521a92111f5c209e80e65dc8d9f46534c590fc18d85db,earnings,15-50K,S3,YES,0.15,50.0,1.0,0,-51.0
0x29f439cbd9d1345f3b46c8661e0d8274048e985b87de970cb95d8f1a45c56cb7,earnings,15-50K,S3,NO,0.86,50.0,1.0,1,-51.0
0x67cf3facdef67851f2509bacb343bb685381d37799659e3594ba1ce88a472422,earnings,15-50K,S3,NO,0.835,50.0,1.0,1,-51.0
0x30901fe6e3780d57d5482022c8807037e4eae5f1477f8db5da58386cf1ef0826,earnings,15-50K,S3,NO,0.915,50.0,1.0,1,-51.0
0x5948c26308fcb2e24d895ffdaabae57ae2fb870550d5dcbe1ebcff7c76a7288a,earnings,15-50K,S3,NO,0.94,50.0,1.0,1,-51.0
0xd7118fc53709b96a1a2c415f5e4f7dfb281cea6fa41ea8f0432028543c6bb195,earnings,15-50K,S3,NO,0.9,50.0,1.0,1,-51.0
0xfd80d6eb29ce8fe36eb015b19627a0627a17a8ba3b0e2ff5cdfaec94209ec709,earnings,15-50K,S3,NO,0.9075,50.0,1.0,1,-51.0
0xd10fcc3d3f8c1143e26b12ff6c5c317e191f758ec8020f0f6959e5f884c1cd7e,earnings,15-50K,S4,NO,0.005,50.0,1.0,0,-0.7487437185929622
0xcbf5493648f44bf4a8677b713b7fd3f4aef88a30471ebbad9ef2667eba614bee,earnings,15-50K,S4,NO,0.0005,50.0,1.0,0,-0.9749874937468732
0xf45ddbb98b2f8751a7475b88c1ede53090f303b556badb6647c73060e56e353f,earnings,15-50K,S4,NO,0.105,50.0,1.0,0,4.865921787709496
0x726314a1fcc05d68fed64866bc404d3b9f0be759b1094a1437cb9a2f7a5ecf6c,geopolitics,<5K,S1,YES,0.065,50.0,1.0,0,-51.0
0x98373b521fb96a8ac01b352d38b3095c21c8d30eadac1fe3a7e69f6c77eb2c66,geopolitics,<5K,S1,YES,0.013,50.0,1.0,0,-51.0
0xdbf039208c7ec82f5fc414680ce98f0ce7e2bf396b12ed43e18519a354a6d7ed,geopolitics,<5K,S1,YES,0.0005,50.0,1.0,0,-51.0
0x3c870b5c93e1aa670cc421019a8317af0dff7ed2bc13576b3186a4b52f589b18,geopolitics,<5K,S1,YES,0.125,50.0,1.0,0,-51.0
0x43adc3e5c6f2a8500b30f59b2fca38779659a05fac792c9cb5b5fd3c02fb2cc2,geopolitics,<5K,S1,NO,0.9995,50.0,1.0,1,-51.0
0x11e7688550f7192a8fdc2678fe9711c06ff5117e11fe21be41a1a0827060ebdc,geopolitics,<5K,S1,NO,0.9955,50.0,1.0,1,-51.0
0xe351d100b5d0d183d740a185e7eb33b704fe76a644fb42c436f17d0f5c6ea4c1,geopolitics,<5K,S1,YES,0.0005,50.0,1.0,0,-51.0
0xcd6b8c35e1e11e19967784b0aa6811fc20a81639201203122de2c063fa9bb646,geopolitics,<5K,S1,YES,0.085,50.0,1.0,0,-51.0
0x68e11d8da6fbbfd7853effb7f5e3928de5fcdc255f520602bdfd5961347ff277,geopolitics,<5K,S1,YES,0.0035,50.0,1.0,0,-51.0
0x21c4ed93cba2c4e9ece886879875fa1f9e87ea5f27f706589a1e304d22f10747,geopolitics,<5K,S1,YES,0.0095,50.0,1.0,0,-51.0
0x455c0c8708d00d5c6eb84db8a6dc8771cf46d9830f8ee9a7b308333823388c05,geopolitics,<5K,S1,NO,0.93,50.0,1.0,1,-51.0
0xc4fc208787a6b40594f5236c754be025d52652c0c8a817ce4e2bb99ab980312c,geopolitics,<5K,S1,YES,0.065,50.0,1.0,0,-51.0
0x01e168ac93d7e3ab3cf472cb53daa1cd9102541c037ca94de45ee416df8e8eda,geopolitics,<5K,S1,YES,0.0005,50.0,1.0,0,-51.0
0xed9964452babe1123739620fa0c261bf1976b0183ce64f06b5329d53599e01bc,geopolitics,<5K,S1,YES,0.0155,50.0,1.0,0,-51.0
0xbdaf24dc4de4c82c57e6d95fa3a52b67404d9e0ce85df59eb253b8d5fc83c109,geopolitics,<5K,S1,YES,0.003,50.0,1.0,0,-51.0
0x3a7160fe898d4771ebcab763f7a6447b5341619de45a1b866d7aaba9524046b6,geopolitics,<5K,S1,YES,0.0145,50.0,1.0,0,-51.0
0x555b6636484ff3f6cf8f1e139ac492b4e8751477740a387a32d24b6265e61893,geopolitics,<5K,S1,YES,0.0045,50.0,1.0,0,-51.0
0xf86b5d640c385a42a621554ed9c766647c494917532a9f91d09241a440c5ed89,geopolitics,<5K,S1,YES,0.002,50.0,1.0,0,-51.0
0xbfd817dba69663fb4ddab7f8eef795c0aaf58f955c4a9598997454fd078f213e,geopolitics,<5K,S1,YES,0.0015,50.0,1.0,0,-51.0
0xdd603911e52e7276589c87ab3cbf34f30b685a2f450e8bd3b4ab4c9e07a0be5b,geopolitics,<5K,S1,YES,0.11,50.0,1.0,0,-51.0
0x5b2da90bfa4e369ae96f42a2ab96f8cafe8ed95b41b9fb03b4149a99dea34d34,geopolitics,<5K,S1,YES,0.125,50.0,1.0,0,-51.0
0xad7141bbf5412101b40b30c01ece77146390e73f72efbb6abc1e1dc963594515,geopolitics,<5K,S1,YES,0.001,50.0,1.0,0,-51.0
0x21baf6d500df8012399972c6229ac577af80ca39c67315dfce62b90968de9010,geopolitics,<5K,S1,YES,0.095,50.0,1.0,0,-51.0
0x95d998baf8752df3cf78ca73965bf3888ec5075188423db8d6028cbd78dad1b4,geopolitics,<5K,S1,YES,0.0025,50.0,1.0,0,-51.0
0x3c99905e19ccc0f3c4621eb8e5e293fb609859dcb81a460f901c3139fa97c7a9,geopolitics,<5K,S1,YES,0.0025,50.0,1.0,0,-51.0
0x00b7f0b221b7e80b23195016ff6cbc30292ba6ff652b2e7136fdbf2938f82bd7,geopolitics,<5K,S1,YES,0.0065,50.0,1.0,0,-51.0
0x3e70559be16abb4ab098a7c1c93af871e844e342a041d5e70c01585724d20e43,geopolitics,<5K,S1,YES,0.025,50.0,1.0,0,-51.0
0x54e3d64b727472e976d84f9f565d393814f83e8a168ca976fcdf739a1fbe5f8f,geopolitics,<5K,S1,YES,0.045,50.0,1.0,0,-51.0
0x96340ce434329e4a80a0d52307e748dc2730f6d1caa986026c03e7f31be653cb,geopolitics,<5K,S1,YES,0.036,50.0,1.0,0,-51.0
0x7ba30776ac9e5c90e3266d25ec8305c33316999581e0a80cf7c569e08bfe15b0,geopolitics,<5K,S1,YES,0.045,50.0,1.0,0,-51.0
0x747c04462642f9e51ad7ada416b4bd56db8331e47bd533894f89837191080dd0,geopolitics,<5K,S1,YES,0.027,50.0,1.0,0,-51.0
0xb5dd9533834c4f552754f7f8a1df775d8b1ce38661b9a03061c1da7bbf139aa3,geopolitics,<5K,S1,YES,0.0685,50.0,1.0,0,-51.0
0x0e1503701cdd563065ccc331e9a953603f79cbf610cfd88ec098db474f619999,geopolitics,<5K,S1,YES,0.0005,50.0,1.0,0,-51.0
0x3956eee805da67722c9fbfccb3ff049bc151f47a17298fd18732d1d2f016de4c,geopolitics,<5K,S1,YES,0.01,50.0,1.0,0,-51.0
0xd314c3116f5dcdd029f915cf2f420061b37989f7f3f49ca4ab00bb217af4515d,geopolitics,<5K,S1,YES,0.07,50.0,1.0,0,-51.0
0xd9bb53d1bb939149caafae1e2a584b6b702c1a674796c71e5bd66ab2f955fbb7,geopolitics,<5K,S1,YES,0.0805,50.0,1.0,0,-51.0
0x9b0bbdedf52788114787e3a00d6f982eb18c8136485e7abde7ec311f0ccd0f72,geopolitics,<5K,S1,YES,0.005,50.0,1.0,0,-51.0
0x23386629b6b0a5d2f8df8424b71162c73120efc01e0cd0984d2c03d254b22d72,geopolitics,<5K,S1,YES,0.0915,50.0,1.0,0,-51.0
0x4800c2fc26e10916ced5a329a66215b191fb37ea13df3d5df2cbed06c480724f,geopolitics,<5K,S1,YES,0.012,50.0,1.0,0,-51.0
0xcde9e4fdd35c536e66eed196a71d592f0c38e34b51b128de2e469b952c3088c1,geopolitics,<5K,S1,YES,0.0105,50.0,1.0,0,-51.0
0xc5fffea43cca905976bd62899a4d5b3ef37c4f1e156b28ef0f16fab71ed3767d,geopolitics,<5K,S1,YES,0.0015,50.0,1.0,0,-51.0
0xb20081a082c4d15cb478c250c86c99064075ffac321b2e04a0860bac7b048b33,geopolitics,<5K,S1,YES,0.07,50.0,1.0,0,-51.0
0xe0a6f7188e0ad397075975f673bf8e13685165a0c3fc7b2cbd60d90c040b692e,geopolitics,<5K,S1,YES,0.0015,50.0,1.0,0,-51.0
0xbcaa021ed4f29709e42964b8ddc6e0dee4e7f1b6b935486abca8edc09824e875,geopolitics,<5K,S1,YES,0.0025,50.0,1.0,0,-51.0
0x2e6e835cc8f97093656d73592d322dfc3332f1d43dc39ff2c6ce6a1ca53d696e,geopolitics,<5K,S1,NO,0.995,50.0,1.0,1,-51.0
0xd7ee0528c04c33761ec545da538ffeabcae04602bc19c9e035cdafb697dae325,geopolitics,<5K,S1,YES,0.006,50.0,1.0,0,-51.0
0x4e3337fb44d6c7a5b56f38a647cc288a8eee242e97870213a0e902ac4cca9d00,geopolitics,<5K,S1,YES,0.027,50.0,1.0,0,-51.0
0xc4cf7a48d20d95b2f74f966922dfd3f5dc8c755576758073f66482a7d8d6fbb4,geopolitics,<5K,S1,NO,0.985,50.0,1.0,1,-51.0
0xaedadf4772051419ed3cd9a787a1989ac6f2ab260ce76283dcfc8a3419177683,geopolitics,<5K,S1,YES,0.0005,50.0,1.0,0,-51.0
0x55a6b420ae53bc6d7739e8a33c3984ba1d21538d31fe3459a381e366b850530c,geopolitics,<5K,S1,YES,0.0005,50.0,1.0,0,-51.0
0x6fbd4837e709e999c3f82eb22fa68fc08c424fdb41059aa0cdf3405d06773a0d,geopolitics,<5K,S1,YES,0.0005,50.0,1.0,0,-51.0
0x959629b6a311f82d1d6bef6dfe4cdb08c303fec9e0ce4c1372c63113c2aea76c,geopolitics,<5K,S1,YES,0.0005,50.0,1.0,0,-51.0
0x01baad69976decb8226da9fbd5d3984f3a2aeb11a391f0345b4c675daaada837,geopolitics,<5K,S1,YES,0.0005,50.0,1.0,0,-51.0
0x3ba0d281712a7df3cabf1d641af2f269b4f5a4932887e635793d6fcd4a09aac0,geopolitics,<5K,S1,YES,0.0035,50.0,1.0,0,-51.0
0x960d6a09b40f33bb753bd042a1c7db1a349fcc5c3ca0cec81a18c3a732a493a1,geopolitics,<5K,S1,YES,0.0005,50.0,1.0,0,-51.0
0x9fdc84c2ec9402997b5bb5d0b977de745768b629600625c376f007825640bb67,geopolitics,<5K,S1,YES,0.0035,50.0,1.0,0,-51.0
0xdc8e885b8d8a00cbfa2ca9ee1d436dabf9210dca021a56163fa43231f6f9047c,geopolitics,<5K,S1,YES,0.025,50.0,1.0,0,-51.0
0x482770539bf90c1ce461ad13c2424a0f807fcc28c28cc67faf6cbb507aae2caa,geopolitics,<5K,S1,YES,0.0025,50.0,1.0,0,-51.0
0xebfb0486c055d27950a481ae92fe58888fd1d3432ab7869e7362048eeb432d01,geopolitics,<5K,S1,YES,0.0005,50.0,1.0,0,-51.0
0x9f5abf425562ab4c0308c2b799294eb630e5ffcad090123b8c5a2a8076608f02,geopolitics,<5K,S1,YES,0.045,50.0,1.0,0,-51.0
0xf4b99bb441359f1dff8f544f53e63bc1850ea4c6ed27bd52d15667859c9d9932,geopolitics,<5K,S1,YES,0.0135,50.0,1.0,0,-51.0
0xecea9731a89eb63695399025d5d3a8d367f4617c945587115733796c6876d520,geopolitics,<5K,S1,YES,0.087,50.0,1.0,0,-51.0
0x5bf2a9800247508b9605272056bfeef40b4e5eb9f49ffe481a9b8a6eb00b1dc7,geopolitics,<5K,S1,YES,0.0055,50.0,1.0,0,-51.0
0x3424b6158c22be5a65e2a3bf6b678e1a2f46196261f79e05fc3dbf465c573a80,geopolitics,<5K,S1,YES,0.0005,50.0,1.0,0,-51.0
0xc5153775b1693ef577a567cade666e1cae41327a48b3ba3d7748078d8181ca1e,geopolitics,<5K,S1,YES,0.0345,50.0,1.0,0,-51.0
0xea06822828e9c9e4273d8c4941c9b3e4fec6dfe594c6908c91ba38c338765bcd,geopolitics,<5K,S1,YES,0.02,50.0,1.0,0,-51.0
0x6be6c8aa318e5061d661b7569f5eef1b0e7e475a101498e9cfc9a69c36a82c9d,geopolitics,<5K,S1,NO,0.967,50.0,1.0,1,-51.0
0x18af6c77626be130410fa28fd8b4535b72d40e0e970c25da822329cdb6a73959,geopolitics,<5K,S1,YES,0.0075,50.0,1.0,0,-51.0
0x47789995e883b89bf00bb1646bc7eca8bed257b7aa7218d18f5f8ff74bc66d7b,geopolitics,<5K,S1,YES,0.021,50.0,1.0,0,-51.0
0x6a9af49e4d04d69c1d8be844267ddc798af37aec44c1ad06d09c16fb19c0846e,geopolitics,<5K,S1,YES,0.0085,50.0,1.0,0,-51.0
0xbb8466d31cf6be58c5664c0eab55ad29946eecee7408791ac5c0cbb9df9e3993,geopolitics,<5K,S1,YES,0.0005,50.0,1.0,0,-51.0
0xbf5952e2f44f1251863da558fb625484230648a9709807eeb39fb08670a87e01,geopolitics,<5K,S1,YES,0.003,50.0,1.0,0,-51.0
0x8447c9bc496834cc756de1e49652abd73481347209ff29991d3b81a3d976e8bc,geopolitics,<5K,S1,YES,0.0395,50.0,1.0,0,-51.0
0x3faa0b1404c38363b50690273c9949074510c6311853114c2271b3cd5ad8692a,geopolitics,<5K,S1,YES,0.02,50.0,1.0,0,-51.0
0x88c4aba5a59b33313d41e9fe4f06d0005199bcb12b421083a9806e16a3e30d49,geopolitics,<5K,S1,NO,0.9995,50.0,1.0,1,-51.0
0xcb0ec1a3c312524cca8015c0843aa1f97d0f6375be4a967e0882303b68e8d8ee,geopolitics,<5K,S1,NO,0.9505,50.0,1.0,1,-51.0
0x9a983bfceb49a764b5ac7e6dc7bac62281642d78abe8b90cfe58ab1292dad6cf,geopolitics,<5K,S1,YES,0.095,50.0,1.0,0,-51.0
0xcc9c1e331f1a11433ef7944421339e45c1871eb0b3204afa4588d00892c56ff4,geopolitics,<5K,S1,YES,0.04,50.0,1.0,1,1199.0
0xa17f9ca943405227c65e4f6b881d01557b4cd4835229e0c07190439c0b8b617c,geopolitics,<5K,S1,NO,0.977,50.0,1.0,1,-51.0
0xdc2132b6675c25777c9b93c5bd6b8c1c856fce18cb5b80fb0fa7cb8b0e72e322,geopolitics,<5K,S1,NO,0.9945,50.0,1.0,1,-51.0
0xf87bd9aaeb1d05bd460bf540f6cdaeb9b7e04400bcf6b2168fd8a17bbb65b0d3,geopolitics,<5K,S1,YES,0.105,50.0,1.0,0,-51.0
0x1ca1950d0483c9c33796bc9114a2364525c5b638a48004383ddf2926626109c7,geopolitics,<5K,S1,YES,0.019,50.0,1.0,0,-51.0
0xd1d8fa26ef7ad91590dd77ff463f1b5577dab3bbcef61d2697f797491f553f3a,geopolitics,<5K,S1,YES,0.0065,50.0,1.0,0,-51.0
0xda660a5eb2784ff0532094a5f7a43ab6b102206ca4e03d9814f9e5d5bfad5656,geopolitics,<5K,S1,NO,0.865,50.0,1.0,1,-51.0
0xd507350c6dbbc2473d016d58a2ea36b57ecb6a12100736749d3c7739c88f2839,geopolitics,<5K,S1,YES,0.0265,50.0,1.0,0,-51.0
0x2d88926d45bec2e089ed072b14afbf137cb2085cfc50d598a343b43a2756c26e,geopolitics,<5K,S1,YES,0.0005,50.0,1.0,0,-51.0
0xc653271dd2430252e32987b23d083cbf125b02ffa8fde56cc84051477e429856,geopolitics,<5K,S1,YES,0.0005,50.0,1.0,0,-51.0
0x2957a612a6bba277168f7b52d3ea7d2c44628bc130d841063f6cc1b158c4375e,geopolitics,<5K,S1,YES,0.07,50.0,1.0,0,-51.0
0xcb85aab42249e733ecffed7618b419df1be5da1874ce7ffe35dac66d8a9a65bc,geopolitics,<5K,S1,YES,0.0005,50.0,1.0,0,-51.0
0x67a776c285676937265be323be8de1021dc3f44bbb0ded250d7e579b8411bbb3,geopolitics,<5K,S1,YES,0.001,50.0,1.0,0,-51.0
0xbd4ca4d153696bb74db5493b27138eb1514ef16744befe4eff552168d5426c36,geopolitics,<5K,S1,YES,0.0015,50.0,1.0,0,-51.0
0x9a055ff77bd43b6fa1f097a86a9e87f5b5bc6aeaec3326d943b01c8eb7aea7d1,geopolitics,<5K,S1,YES,0.0005,50.0,1.0,0,-51.0
0xabf5cc61e402873d84f619357c7b4673994b302f81d0cd4adff234f9efa5e37a,geopolitics,<5K,S1,NO,0.9555,50.0,1.0,1,-51.0
0xf02a0f12219339e7cb16489465c926bbedc5767345aafc3679683141c6cc7c41,geopolitics,<5K,S1,YES,0.028,50.0,1.0,0,-51.0
0x2f99c403526da9553c4ac68218acbff90b1d63af271f0945996ce4a8efa1dcd7,geopolitics,<5K,S1,YES,0.13,50.0,1.0,0,-51.0
0x574571e4e87444e0078b7b991a43eef929be16365e607a7d9a950b6df8f02752,geopolitics,<5K,S1,YES,0.035,50.0,1.0,0,-51.0
0x72fee40790a2efa4a9a0fdf2be80d5aa47b62467ab69f10456a5ffe6b9afe9ec,geopolitics,<5K,S1,YES,0.031,50.0,1.0,0,-51.0
0xbcbaf0cda0371263542ae37e012a021f0f3a1ec85a4e674f95cdfeb18fa39d0c,geopolitics,<5K,S1,YES,0.0005,50.0,1.0,0,-51.0
0xa36f7e7b009f1275389f8ba46852ef83b8a412705a2c45c3098a40a18460bbd8,geopolitics,<5K,S1,YES,0.025,50.0,1.0,0,-51.0
0x89c30df2073bc62ae8e0128aa3bbd6642ac1a91f8fec7c97f3eb11f04898e3e7,geopolitics,<5K,S1,YES,0.0015,50.0,1.0,0,-51.0
0xc69075e9555b2da95ac78ccea9431b89549c30181cfde6520571ff5c3d52e6f1,geopolitics,<5K,S1,YES,0.0005,50.0,1.0,0,-51.0
0x7c08d2e1c19790f9376776ccbf3113340fb09f549f7f288e19af68a3a5e7eaa4,geopolitics,<5K,S1,YES,0.0185,50.0,1.0,0,-51.0
0xa3c415670913335266c2f895ece9c9c8c4924bea9b626ad364b4f9093ec4b218,geopolitics,<5K,S1,YES,0.0005,50.0,1.0,0,-51.0
0x2d8eafed91122236a8696e51ae582f5c04c1281fe8c6a8c36dbb9cf8b2e96f02,geopolitics,<5K,S1,YES,0.0005,50.0,1.0,0,-51.0
0x682140227736f5237b11edceb93cbd4e70ae967c16fc4bd597db938cfef7e0a8,geopolitics,<5K,S1,YES,0.009,50.0,1.0,0,-51.0
0xd513780a1859f1a5bd88054b3c98b7454557b4292bc07c52a008aa07dd87ab30,geopolitics,<5K,S2,YES,0.625,50.0,1.0,1,29.0
0x13de42d032bf66c9cbb5b7e00687c665fa253605228230a05de26cfed818c2c4,geopolitics,<5K,S2,NO,0.52,50.0,1.0,1,-51.0
0xd2ae4a02d708c97bc6f3a0dc7180918bd346f105a25f3b1362e4c94d05ebd190,geopolitics,<5K,S2,NO,0.38,50.0,1.0,0,29.645161290322577
0xd304e9e13e6b0bf28faf314d5c92f119bacd7c4076b8567d93a03a6bd445280e,geopolitics,<5K,S2,NO,0.585,50.0,1.0,0,69.48192771084337
0xdd603911e52e7276589c87ab3cbf34f30b685a2f450e8bd3b4ab4c9e07a0be5b,geopolitics,<5K,S2,YES,0.11,50.0,1.0,0,-51.0
0x166ab6a5f3e348dc7b6d732b0848f373b042aff0290a5d7754f7628db6e4dc0f,geopolitics,<5K,S2,YES,0.325,50.0,1.0,0,-51.0
0x0e72ce28c3f56e4ef9b3770e03f0d2cf08c5db1eeeb8d1c0a0d9b1d3865c500b,geopolitics,<5K,S2,YES,0.34,50.0,1.0,0,-51.0
0x4af1e46936a9f721b5f3729e332062ab9c8aa2b3f739574539d31c32a847c85b,geopolitics,<5K,S2,NO,0.1835,50.0,1.0,0,10.2369871402327
0x2e6e835cc8f97093656d73592d322dfc3332f1d43dc39ff2c6ce6a1ca53d696e,geopolitics,<5K,S2,NO,0.995,50.0,1.0,1,-51.0
0x4e3337fb44d6c7a5b56f38a647cc288a8eee242e97870213a0e902ac4cca9d00,geopolitics,<5K,S2,YES,0.027,50.0,1.0,0,-51.0
0x786f607c0608743fd2a66530c4df1bc340be493f4b2c1068fa5f84a3029196aa,geopolitics,<5K,S2,YES,0.245,50.0,1.0,0,-51.0
0xdc8e885b8d8a00cbfa2ca9ee1d436dabf9210dca021a56163fa43231f6f9047c,geopolitics,<5K,S2,YES,0.025,50.0,1.0,0,-51.0
0xf7fbf61a0c895d7466ef299db9436ccff6af59cea208ec3bfdfb01b4d52b1705,geopolitics,<5K,S2,NO,0.62,50.0,1.0,0,80.57894736842104
0xf4b99bb441359f1dff8f544f53e63bc1850ea4c6ed27bd52d15667859c9d9932,geopolitics,<5K,S2,YES,0.0135,50.0,1.0,0,-51.0
0xccb5d0ddc702fdf00e9f3dff8a72eb370cbf86a6b0849aa3544ab23d0af4c17c,geopolitics,<5K,S2,NO,0.545,50.0,1.0,0,58.8901098901099
0xf74a25ca00930e1b6bf444fcff9ded49cd7765d6e198a9af9c036688edb5a4ed,geopolitics,<5K,S2,NO,0.62,50.0,1.0,1,-51.0
0x5d36de3368b7d6b218038429039c3375c2c5524e1b9559bb883d341bb3aba6ed,geopolitics,<5K,S2,YES,0.175,50.0,1.0,0,-51.0
0xa706623e258521235d3874904d77b4dd4d55a9b092c59eb5c5ed4759882f657c,geopolitics,<5K,S2,YES,0.405,50.0,1.0,0,-51.0
0x8447c9bc496834cc756de1e49652abd73481347209ff29991d3b81a3d976e8bc,geopolitics,<5K,S2,YES,0.0395,50.0,1.0,0,-51.0
0x8b37b96c32b8b51e02dda4d63ae5f93b3172205766ff40778faf17df4e6b0265,geopolitics,<5K,S2,YES,0.32,50.0,1.0,0,-51.0
0xe65c106aa601e254aaa51c2897d1d99be0d0f753f642422656e6aa1db940f6ac,geopolitics,<5K,S2,NO,0.5,50.0,1.0,0,49.0
0x726314a1fcc05d68fed64866bc404d3b9f0be759b1094a1437cb9a2f7a5ecf6c,geopolitics,<5K,S3,YES,0.065,50.0,1.0,0,-51.0
0xd513780a1859f1a5bd88054b3c98b7454557b4292bc07c52a008aa07dd87ab30,geopolitics,<5K,S3,NO,0.625,50.0,1.0,1,-51.0
0x08a042be3a6c0324f4c5f75573cf9497b43c50a5e66f66286e21f0b0da555bd6,geopolitics,<5K,S3,YES,0.205,50.0,1.0,0,-51.0
0xd314c3116f5dcdd029f915cf2f420061b37989f7f3f49ca4ab00bb217af4515d,geopolitics,<5K,S3,YES,0.07,50.0,1.0,0,-51.0
0x23386629b6b0a5d2f8df8424b71162c73120efc01e0cd0984d2c03d254b22d72,geopolitics,<5K,S3,YES,0.0915,50.0,1.0,0,-51.0
0xb20081a082c4d15cb478c250c86c99064075ffac321b2e04a0860bac7b048b33,geopolitics,<5K,S3,YES,0.07,50.0,1.0,0,-51.0
0xcc1635ab47d7b8edbc0ec7877bfa8f94d511b5d239419367fb01ff6e3c0a05d4,geopolitics,<5K,S3,YES,0.435,50.0,1.0,1,63.94252873563218
0x9a983bfceb49a764b5ac7e6dc7bac62281642d78abe8b90cfe58ab1292dad6cf,geopolitics,<5K,S3,YES,0.095,50.0,1.0,0,-51.0
0x677740d692753fcb0f1227e99e564afebd643e9ff09ca32f73aeb1ae335cdb0f,geopolitics,<5K,S3,YES,0.42,50.0,1.0,0,-51.0
0x98373b521fb96a8ac01b352d38b3095c21c8d30eadac1fe3a7e69f6c77eb2c66,geopolitics,<5K,S4,NO,0.013,50.0,1.0,0,-0.341438703140831
0x3c870b5c93e1aa670cc421019a8317af0dff7ed2bc13576b3186a4b52f589b18,geopolitics,<5K,S4,NO,0.125,50.0,1.0,0,6.142857142857146
0xe351d100b5d0d183d740a185e7eb33b704fe76a644fb42c436f17d0f5c6ea4c1,geopolitics,<5K,S4,NO,0.0005,50.0,1.0,0,-0.9749874937468732
0xcd6b8c35e1e11e19967784b0aa6811fc20a81639201203122de2c063fa9bb646,geopolitics,<5K,S4,NO,0.085,50.0,1.0,0,3.644808743169399
0x68e11d8da6fbbfd7853effb7f5e3928de5fcdc255f520602bdfd5961347ff277,geopolitics,<5K,S4,NO,0.0035,50.0,1.0,0,-0.8243853487205257
0x21c4ed93cba2c4e9ece886879875fa1f9e87ea5f27f706589a1e304d22f10747,geopolitics,<5K,S4,NO,0.0095,50.0,1.0,0,-0.5204442200908659
0xbdaf24dc4de4c82c57e6d95fa3a52b67404d9e0ce85df59eb253b8d5fc83c109,geopolitics,<5K,S4,NO,0.003,50.0,1.0,0,-0.8495486459378156
0x3a7160fe898d4771ebcab763f7a6447b5341619de45a1b866d7aaba9524046b6,geopolitics,<5K,S4,NO,0.0145,50.0,1.0,0,-0.2643328259766662
0x555b6636484ff3f6cf8f1e139ac492b4e8751477740a387a32d24b6265e61893,geopolitics,<5K,S4,NO,0.0045,50.0,1.0,0,-0.7739829231541933
0xf86b5d640c385a42a621554ed9c766647c494917532a9f91d09241a440c5ed89,geopolitics,<5K,S4,NO,0.002,50.0,1.0,0,-0.8997995991983956
0xbfd817dba69663fb4ddab7f8eef795c0aaf58f955c4a9598997454fd078f213e,geopolitics,<5K,S4,NO,0.0015,50.0,1.0,0,-0.9248873309964978
0x5b2da90bfa4e369ae96f42a2ab96f8cafe8ed95b41b9fb03b4149a99dea34d34,geopolitics,<5K,S4,NO,0.125,50.0,1.0,0,6.142857142857146
0xad7141bbf5412101b40b30c01ece77146390e73f72efbb6abc1e1dc963594515,geopolitics,<5K,S4,NO,0.001,50.0,1.0,0,-0.9499499499499464
0x21baf6d500df8012399972c6229ac577af80ca39c67315dfce62b90968de9010,geopolitics,<5K,S4,NO,0.095,50.0,1.0,0,4.248618784530386
0x54e3d64b727472e976d84f9f565d393814f83e8a168ca976fcdf739a1fbe5f8f,geopolitics,<5K,S4,NO,0.045,50.0,1.0,0,1.356020942408378
0xb5dd9533834c4f552754f7f8a1df775d8b1ce38661b9a03061c1da7bbf139aa3,geopolitics,<5K,S4,NO,0.0685,50.0,1.0,0,2.6768652710681664
0x9b0bbdedf52788114787e3a00d6f982eb18c8136485e7abde7ec311f0ccd0f72,geopolitics,<5K,S4,NO,0.005,50.0,1.0,0,-0.7487437185929622
0xe0a6f7188e0ad397075975f673bf8e13685165a0c3fc7b2cbd60d90c040b692e,geopolitics,<5K,S4,NO,0.0015,50.0,1.0,0,-0.9248873309964978
0xbcaa021ed4f29709e42964b8ddc6e0dee4e7f1b6b935486abca8edc09824e875,geopolitics,<5K,S4,NO,0.0025,50.0,1.0,0,-0.8746867167919845
0x4e3337fb44d6c7a5b56f38a647cc288a8eee242e97870213a0e902ac4cca9d00,geopolitics,<5K,S4,NO,0.027,50.0,1.0,0,0.38746145940390875
0xaedadf4772051419ed3cd9a787a1989ac6f2ab260ce76283dcfc8a3419177683,geopolitics,<5K,S4,NO,0.0005,50.0,1.0,0,-0.9749874937468732
0x55a6b420ae53bc6d7739e8a33c3984ba1d21538d31fe3459a381e366b850530c,geopolitics,<5K,S4,NO,0.0005,50.0,1.0,0,-0.9749874937468732
0x6fbd4837e709e999c3f82eb22fa68fc08c424fdb41059aa0cdf3405d06773a0d,geopolitics,<5K,S4,NO,0.0005,50.0,1.0,0,-0.9749874937468732
0x959629b6a311f82d1d6bef6dfe4cdb08c303fec9e0ce4c1372c63113c2aea76c,geopolitics,<5K,S4,NO,0.0005,50.0,1.0,0,-0.9749874937468732
0x01baad69976decb8226da9fbd5d3984f3a2aeb11a391f0345b4c675daaada837,geopolitics,<5K,S4,NO,0.0005,50.0,1.0,0,-0.9749874937468732
0x3ba0d281712a7df3cabf1d641af2f269b4f5a4932887e635793d6fcd4a09aac0,geopolitics,<5K,S4,NO,0.0035,50.0,1.0,0,-0.8243853487205257
0x960d6a09b40f33bb753bd042a1c7db1a349fcc5c3ca0cec81a18c3a732a493a1,geopolitics,<5K,S4,NO,0.0005,50.0,1.0,0,-0.9749874937468732
0x9fdc84c2ec9402997b5bb5d0b977de745768b629600625c376f007825640bb67,geopolitics,<5K,S4,NO,0.0035,50.0,1.0,0,-0.8243853487205257
0xdc8e885b8d8a00cbfa2ca9ee1d436dabf9210dca021a56163fa43231f6f9047c,geopolitics,<5K,S4,NO,0.025,50.0,1.0,0,0.2820512820512846
0xf4b99bb441359f1dff8f544f53e63bc1850ea4c6ed27bd52d15667859c9d9932,geopolitics,<5K,S4,NO,0.0135,50.0,1.0,0,-0.31576279776989935
0x18af6c77626be130410fa28fd8b4535b72d40e0e970c25da822329cdb6a73959,geopolitics,<5K,S4,NO,0.0075,50.0,1.0,0,-0.6221662468513856
0x47789995e883b89bf00bb1646bc7eca8bed257b7aa7218d18f5f8ff74bc66d7b,geopolitics,<5K,S4,NO,0.021,50.0,1.0,0,0.0725229826353413
0xbb8466d31cf6be58c5664c0eab55ad29946eecee7408791ac5c0cbb9df9e3993,geopolitics,<5K,S4,NO,0.0005,50.0,1.0,0,-0.9749874937468732
0x3faa0b1404c38363b50690273c9949074510c6311853114c2271b3cd5ad8692a,geopolitics,<5K,S4,NO,0.02,50.0,1.0,0,0.020408163265308588
0xd1d8fa26ef7ad91590dd77ff463f1b5577dab3bbcef61d2697f797491f553f3a,geopolitics,<5K,S4,NO,0.0065,50.0,1.0,0,-0.6728736789129357
0xbd4ca4d153696bb74db5493b27138eb1514ef16744befe4eff552168d5426c36,geopolitics,<5K,S4,NO,0.0015,50.0,1.0,0,-0.9248873309964978
0x2f99c403526da9553c4ac68218acbff90b1d63af271f0945996ce4a8efa1dcd7,geopolitics,<5K,S4,NO,0.13,50.0,1.0,0,6.47126436781609
0x72fee40790a2efa4a9a0fdf2be80d5aa47b62467ab69f10456a5ffe6b9afe9ec,geopolitics,<5K,S4,NO,0.031,50.0,1.0,0,0.5995872033023772
0xc69075e9555b2da95ac78ccea9431b89549c30181cfde6520571ff5c3d52e6f1,geopolitics,<5K,S4,NO,0.0005,50.0,1.0,0,-0.9749874937468732
0x2d8eafed91122236a8696e51ae582f5c04c1281fe8c6a8c36dbb9cf8b2e96f02,geopolitics,<5K,S4,NO,0.0005,50.0,1.0,0,-0.9749874937468732
0x682140227736f5237b11edceb93cbd4e70ae967c16fc4bd597db938cfef7e0a8,geopolitics,<5K,S4,NO,0.009,50.0,1.0,0,-0.545913218970739
0x7176ea2c885ca312ef235ee387aa1268c93b2665174b8eb84e23cc2fb2405157,geopolitics,5-15K,S1,YES,0.0035,50.0,1.0,0,-51.0
0xaf41f7fb45897a56dc0ac8b5df42f1dcd8f99cf5bad80a5de888e4cf99307d40,geopolitics,5-15K,S1,YES,0.0005,50.0,1.0,0,-51.0
0x404597aa5f4e7f994206a48394963495f8a4d6a6854ac85ea9acaf1bcbccc297,geopolitics,5-15K,S1,YES,0.005,50.0,1.0,0,-51.0
0xf9c7971bcfc0de56bc9b09572e6919fd58a8987c555d6de259e76373f4ee6f1a,geopolitics,5-15K,S1,YES,0.0095,50.0,1.0,0,-51.0
0x1fc53f59947710cb613cd48d2c68f753100b02733cfee816d0194f8b47ee7817,geopolitics,5-15K,S1,YES,0.025,50.0,1.0,0,-51.0
0x62448ffe33386d8b36a2f6f640eaf06a65af6e51d356828bb08d7596effef03b,geopolitics,5-15K,S1,YES,0.04,50.0,1.0,0,-51.0
0x624894c23b387e4bf886f1db7947afafd2f8bd963e3cdb69b8366f206878392a,geopolitics,5-15K,S1,YES,0.0015,50.0,1.0,0,-51.0
0xa326973ab56abd02f43b4ce2a0532e03daff5a4f56085bbd5b0f029efbdd8dc5,geopolitics,5-15K,S1,YES,0.0005,50.0,1.0,0,-51.0
0x3d08c5e0b1017c1c25c3ba4ea169c16bd1c8ca2e965fdc820e506f9cfb2c4932,geopolitics,5-15K,S1,YES,0.0185,50.0,1.0,0,-51.0
0x0e01611dacdfeb89e9e02d4e74e5094e25b6334cc0c5842e84905e1b2704be13,geopolitics,5-15K,S1,YES,0.005,50.0,1.0,0,-51.0
0x516926e359f14dd1e7b5d2c54948253a521597169819bd896e80e11223862e04,geopolitics,5-15K,S1,YES,0.003,50.0,1.0,0,-51.0
0xbe2b2808fd555bc847b54dd65116539f79d1639d27a17da5626cbd31e2835683,geopolitics,5-15K,S1,YES,0.0035,50.0,1.0,0,-51.0
0xc61529c5988583ee3a6f753bd15db17b81ba19548a607e00f5238d48eb38a10b,geopolitics,5-15K,S1,YES,0.0205,50.0,1.0,0,-51.0
0x15e0b146150e82b933950410f5b55f6ce0dec34d3f49573fc462e9a09508a6cb,geopolitics,5-15K,S1,YES,0.13,50.0,1.0,1,333.6153846153846
0x2093833fcaeb0d0dde38db96c9ccd9ed95abfccae6e9d661ac1598ad51344a70,geopolitics,5-15K,S1,YES,0.002,50.0,1.0,0,-51.0
0xdccfe732bdb97b0c9157d27d5f8f5f8b51fab0d4453f0885882b0f73fbe18b32,geopolitics,5-15K,S1,YES,0.085,50.0,1.0,0,-51.0
0x08a131664f87229dbecab1af132999fff2f4da146c7e6c07423827996af5bdb0,geopolitics,5-15K,S1,YES,0.0395,50.0,1.0,0,-51.0
0xf6b7915ba50b1b67039083b3f6f681d59205ee60b132d23deea171eca171968b,geopolitics,5-15K,S1,YES,0.01,50.0,1.0,0,-51.0
0x64491574bb603c1bcda36090a23d8401db5116cf7c48b4499e4ec44386d194d9,geopolitics,5-15K,S1,YES,0.016,50.0,1.0,0,-51.0
0x80cd2c45399e16f58d51f9b10a9b376880f1d4cc47caf14732fabc10698d8ee5,geopolitics,5-15K,S1,YES,0.06,50.0,1.0,0,-51.0
0x1bf009231937cd876608131b4d168189825e2ad642b08ab472663948fef65cef,geopolitics,5-15K,S1,YES,0.0005,50.0,1.0,0,-51.0
0xc59e9fb081b5c3397ce2d66108d497c787f731768b7f32bbe86b5ff2fdb453ed,geopolitics,5-15K,S1,YES,0.033,50.0,1.0,0,-51.0
0xdd8f6ee8450f775642b7982bba551d112057a4585468012a0f0e12e42c5c50ed,geopolitics,5-15K,S1,YES,0.0035,50.0,1.0,0,-51.0
0x223433f5748810af91f2548aa48407a904e249cc2f8bf9622f802fd5760ab0bb,geopolitics,5-15K,S1,YES,0.029,50.0,1.0,0,-51.0
0x84d3f50aed81bd7e414e0e9f86f07b9ca439c4d672d7141562f9ff3dfe740b10,geopolitics,5-15K,S1,YES,0.135,50.0,1.0,0,-51.0
0x350401bb1fb8db6dd486595f9e47c0ef93a1fe5e3d6c646ad3916c9d2f8572c4,geopolitics,5-15K,S1,YES,0.0105,50.0,1.0,0,-51.0
0x1e96d97deb425994b88fc71e7ed335c9f64fe9bd674b0070dcade07b535c955e,geopolitics,5-15K,S1,YES,0.0125,50.0,1.0,0,-51.0
0x937b00af36c37c4f0a627bfa522c5aa677d661588851b368715af2e58bb1b20f,geopolitics,5-15K,S1,YES,0.0215,50.0,1.0,0,-51.0
0x8f40d01bba5ef204437e11663ae8c40af0f613e816d1b86978806fe3e0b3a903,geopolitics,5-15K,S1,YES,0.0005,50.0,1.0,0,-51.0
0x939643150756c693fa321aa8dc30bafd44ca71d608ee11ef66941688e63fb6f5,geopolitics,5-15K,S1,YES,0.085,50.0,1.0,0,-51.0
0x7c25cfe207398e1099aafe12fa163d2b53d4a89de4a61f7962c78258e7260697,geopolitics,5-15K,S1,YES,0.005,50.0,1.0,0,-51.0
0xd69aabaec949a0fbd1aa98f6bdc557d90469c0bed5fe516b7c48021481f00277,geopolitics,5-15K,S1,YES,0.012,50.0,1.0,0,-51.0
0x6d278d07154de8765c96a5e0c12cea5bfb31ebf52f843ad9d406bf59ead66fad,geopolitics,5-15K,S1,YES,0.007,50.0,1.0,0,-51.0
0x2a0dfcba4bf202737819f15d1a938c875c0b45019a822c4ea146233a8a124b27,geopolitics,5-15K,S1,YES,0.0095,50.0,1.0,0,-51.0
0x861c998374c15081dfb030cc5c740bf830e5223dde065ade50acf1e0e1c9ad5a,geopolitics,5-15K,S1,NO,0.9865,50.0,1.0,1,-51.0
0xf82f80421d0a6535c8480f042a0899f52ac09c67502c2504e6352cb2320c2215,geopolitics,5-15K,S1,YES,0.008,50.0,1.0,0,-51.0
0x8bf941a9c55903fb2ebf4718c2c3dc289497923eabdaa3ff0678b97e48371cc3,geopolitics,5-15K,S1,NO,0.97,50.0,1.0,1,-51.0
0x9eee062f20c9ca00dc8e373aebe808cd8a0f23f9ef42319176eb330a14d3ebdb,geopolitics,5-15K,S1,YES,0.014,50.0,1.0,0,-51.0
0xdc88a7ceed2b87a68d111ba935330c016f61ab486c99de314ae9e078a3e0ba6f,geopolitics,5-15K,S1,YES,0.085,50.0,1.0,0,-51.0
0xba48743eac0c82434df044e1071eb647e3dbfebae50d7a010734d1fa67636eb0,geopolitics,5-15K,S1,YES,0.04,50.0,1.0,0,-51.0
0x1b4d436df7454c8f9b2809693a6106f7ea978f61988936168bbbca7277462e5c,geopolitics,5-15K,S1,YES,0.09,50.0,1.0,0,-51.0
0xafa89f15f4478fe8de25d1b3cf6bfb730f1cbe71c49be0162d5ae49bfb6fc12d,geopolitics,5-15K,S1,YES,0.031,50.0,1.0,0,-51.0
0xe884b2766a826f02ade24fff30b687ffca77bbd263a55fa6ef61cf1ee6ecc3fe,geopolitics,5-15K,S1,YES,0.02,50.0,1.0,0,-51.0
0xa26b38fe0728080e4d97f6c392118fc674d5ff6e98dc49986852ef316fdd05fb,geopolitics,5-15K,S1,NO,0.9925,50.0,1.0,1,-51.0
0x466fa40a6f366eb2e9e7289520ece51c00ba09b093a1170ec9245a3a5bf6b4dd,geopolitics,5-15K,S1,YES,0.115,50.0,1.0,0,-51.0
0x447e4b169e62d6a0c3131c52df11a471b760f25e395e701a0c165f7b9d0cbad9,geopolitics,5-15K,S1,YES,0.085,50.0,1.0,0,-51.0
0x6eb92562df425ef6ddffa03fbf2d766b6816c9b5cc3175e799d439bbdb3d8c45,geopolitics,5-15K,S1,YES,0.0015,50.0,1.0,0,-51.0
0x58c601a4782130e23c508cc8eecbd6f9c0e047571c2ac5c81f5a4bbe752b2e5e,geopolitics,5-15K,S1,YES,0.095,50.0,1.0,0,-51.0
0x1b34e58c8dbc90b18f8fdee979a46bfa153a2bea35ac7678950d9ae88f266300,geopolitics,5-15K,S1,YES,0.0295,50.0,1.0,0,-51.0
0xb361aeecf5e34bfa760c3f715970e8b244f50d747e1843edd8698848a7fc4d9d,geopolitics,5-15K,S1,YES,0.015,50.0,1.0,0,-51.0
0x8cbd1eec9f4fec06441183d51ece9d314f9d90439b8faa1e9c3a56c3cd70a68a,geopolitics,5-15K,S1,YES,0.0005,50.0,1.0,0,-51.0
0x984d1ee788ff724a30af27cd77ef74455b49bf6382460aceabbec94f01961a35,geopolitics,5-15K,S1,YES,0.0155,50.0,1.0,0,-51.0
0x67c75f4852ca79f08a7766c60bd9edb7df7f353320c1e168514e53b8f6427a81,geopolitics,5-15K,S1,YES,0.0005,50.0,1.0,0,-51.0
0x2b52c752e7565b54fdd0c60d6c6db006dd4422611a9799d381285fa1771395f3,geopolitics,5-15K,S1,YES,0.0015,50.0,1.0,0,-51.0
0xf8b56301ef6e79875a783a89dbc4c1fe29be4152858a2f2c2d96fa52e8be5dc1,geopolitics,5-15K,S1,YES,0.017,50.0,1.0,0,-51.0
0xfca1a2c7262a3718b3079428b50dd4114add3f48d1e44f9692b34e1f4ebe32a6,geopolitics,5-15K,S1,YES,0.001,50.0,1.0,0,-51.0
0x4e67f9c7e72b7f10427b8f152bdce42ab9b9bf9209bc5662dbacf384bbd2a4c6,geopolitics,5-15K,S1,YES,0.002,50.0,1.0,0,-51.0
0xf2fac7fa4a31542b564faa725649dc596b59beae296fecc436d1e40202baa5b9,geopolitics,5-15K,S1,YES,0.04,50.0,1.0,0,-51.0
0x3f6d0c5fb6274a88afa19b9e6f4e5cecd719324ade47c97aff7883002880d64e,geopolitics,5-15K,S1,YES,0.055,50.0,1.0,1,858.0909090909091
0x2824d2633fafe8985a611c408b99505c18c7d9be4f05bd044e0a8085f9f2dcb1,geopolitics,5-15K,S1,YES,0.0005,50.0,1.0,0,-51.0
0x779c11cdb2946b7330be75b864228bc0c67bed919f7e96590cd80594d1cb1166,geopolitics,5-15K,S1,YES,0.0015,50.0,1.0,0,-51.0
0x8546a59f7bf128e652ce9448597ad83d301f795c92f523c7352717f4760665e3,geopolitics,5-15K,S1,YES,0.003,50.0,1.0,0,-51.0
0x94b6840fd4789ed22141fe13b44d65b7a172717ee5574bab326657f2e6035d80,geopolitics,5-15K,S1,YES,0.085,50.0,1.0,0,-51.0
0xe5ee25ddde1a96b51f26dc44e782147d56a4f401a8df9e1705e69c9c2ed45652,geopolitics,5-15K,S1,YES,0.0005,50.0,1.0,0,-51.0
0xd76cd9ad15dbfab721504055b11298c6698aad9e0c4d0cf6f795048d95fe607a,geopolitics,5-15K,S1,NO,0.9955,50.0,1.0,1,-51.0
0x448c358927e1010415b570d2f28fa15c2d5cda9b78b605a16c21fa116bebac5f,geopolitics,5-15K,S1,YES,0.09,50.0,1.0,0,-51.0
0xa1f352ecc07504abee723e29badf7f4b629d02c95c82337c35ffd7f402afa6dd,geopolitics,5-15K,S1,YES,0.0115,50.0,1.0,0,-51.0
0x4a8576498f2368190c72ee0536f34c30c6aaaf868ac6b72ab685fdbb5a4b0840,geopolitics,5-15K,S1,YES,0.004,50.0,1.0,0,-51.0
0xc4c1335387edfaf4729f49cab9f9541e6de3299fecf11224de7fd4fba6e3d39c,geopolitics,5-15K,S1,YES,0.085,50.0,1.0,0,-51.0
0x5fb3af0ad49773f85b9d9eaee0e169bda9fd90c13da2107ca01743a7bcf39663,geopolitics,5-15K,S1,YES,0.101,50.0,1.0,0,-51.0
0x9339212e711a0ed6185067689c98e1e42159cf46d671c9f0da14b62f9b69fefc,geopolitics,5-15K,S1,YES,0.004,50.0,1.0,0,-51.0
0x187098977ed6bcfa0ed23dd28b5f1e29ae83556bf16a7ad2c09c57e263a959e7,geopolitics,5-15K,S1,YES,0.0035,50.0,1.0,0,-51.0
0x0d26a40ed024d82761b2b07d2cf23f0045328f94f35bb3f95e73e544232a8975,geopolitics,5-15K,S1,YES,0.055,50.0,1.0,0,-51.0
0x4bf553d0029cca7d97bf42b2a28351c271bff3c898f57421a3a5e16c6515734f,geopolitics,5-15K,S1,YES,0.125,50.0,1.0,1,349.0
0x669b35203fbaaf260e1e5198b8ca2ebd7887d7ffa6985dab99abb0bf94ef674e,geopolitics,5-15K,S1,YES,0.08,50.0,1.0,0,-51.0
0xa05e5a87b0576f0cd1929145fce0bc6a4ed33d90a08e0319950075c6c0f0a0a8,geopolitics,5-15K,S1,YES,0.085,50.0,1.0,0,-51.0
0xd42095c555fc67294ee945b214b84f49f86b11e3274c325adcf0d49e09114e38,geopolitics,5-15K,S1,YES,0.0005,50.0,1.0,0,-51.0
0x4970172d9dc6f25bcce9891906dd3aea3050a0e4e40ee74daf911a8e4a3126ba,geopolitics,5-15K,S1,YES,0.0025,50.0,1.0,0,-51.0
0x40b9b62e09bf8429a058dd94edbeb3849691b41f2545fdd93af0473234a752be,geopolitics,5-15K,S1,YES,0.115,50.0,1.0,0,-51.0
0x2188d6a45be5d481c8910e16fefd9ee648dbeade00e5a26642fec71ea828ab4c,geopolitics,5-15K,S1,YES,0.008,50.0,1.0,0,-51.0
0x26140fbd80ec4d942e1c59f86472ea542f9ff3eb9c4015dffa381112f54ebed5,geopolitics,5-15K,S1,YES,0.0125,50.0,1.0,0,-51.0
0xeb005a466ab396190a47e815c0855820d554716e0873cff67a30a690f4174ba1,geopolitics,5-15K,S1,YES,0.045,50.0,1.0,0,-51.0
0xb98af52160e844fa40409c12c1e205be748d71446cd653b7b7b04ec05d6da4e3,geopolitics,5-15K,S1,YES,0.115,50.0,1.0,0,-51.0
0xb09761f564bc398ee978545973b85b952a5aca000557a49a3224895893aaf8b9,geopolitics,5-15K,S1,YES,0.105,50.0,1.0,0,-51.0
0x24392325f435e81d2d5f79a9e5ddd94dbbd59d7f2b43ba4c2fea1786065d055b,geopolitics,5-15K,S1,YES,0.0355,50.0,1.0,0,-51.0
0x46172824696c98fa617d0e7e1f1e0a86625814fc4f6aa414892bffac2a2d2f29,geopolitics,5-15K,S1,NO,0.998,50.0,1.0,1,-51.0
0x97c739bed00d60ed192e70500491d1a485c7c808d65cb131dd95a5d0b9d1f31c,geopolitics,5-15K,S1,YES,0.0195,50.0,1.0,0,-51.0
0x08edb367286b5c3c9ea0bea943ab0749edd854f6e4b3628278cf079766677111,geopolitics,5-15K,S1,YES,0.0005,50.0,1.0,0,-51.0
0x70322178742efe1415667480d0250b7e10125aa8afab7f969ff0dc16725cec48,geopolitics,5-15K,S1,YES,0.007,50.0,1.0,0,-51.0
0x83e670fd628dc76016696a01fd235ccca81b5796d0fb073a8d2672a56504419e,geopolitics,5-15K,S1,YES,0.0075,50.0,1.0,0,-51.0
0x6979dba3f5a7573f1814d6a5ee8f9c762e73b06fa81cef30086c547134ccf7b9,geopolitics,5-15K,S1,YES,0.014,50.0,1.0,0,-51.0
0x819c78a2541fe1402d06ff9f52d48c58fa09b783adca75d4d4eedf4a27d0e928,geopolitics,5-15K,S1,YES,0.012,50.0,1.0,0,-51.0
0x61870556c0637f5696a33075581854ba8a8108948ec9f554919cf839d25b5bdf,geopolitics,5-15K,S1,YES,0.003,50.0,1.0,0,-51.0
0xddb66024ea0bf7c7ea00880ec00d576b4b964cddfe260c4ee2cfe5d942ec24de,geopolitics,5-15K,S1,YES,0.0015,50.0,1.0,0,-51.0
0x28bddef098300d985d7d68d10d7d2a8661db61b059e8ca013ee68af7542b273e,geopolitics,5-15K,S1,YES,0.011,50.0,1.0,0,-51.0
0x6759371105c771777d5be32c98a7fd8fcb71004ff8f2ae636cb8b85cea519309,geopolitics,5-15K,S1,YES,0.0055,50.0,1.0,0,-51.0
0xfdd1e93d6de891bcd7317688268f81882d9082ba8de09b592e53b63a90d43267,geopolitics,5-15K,S1,YES,0.04,50.0,1.0,0,-51.0
0xa22f66e9deb9f2b7d17fa59ab7b3c277772bafe39ee3b4dfc5c34c99419108fa,geopolitics,5-15K,S1,YES,0.065,50.0,1.0,0,-51.0
0x3dff91ab1bb9077c5f7aac0abb908394871420e2c182f2dd0b4e4b9d70f54b13,geopolitics,5-15K,S1,YES,0.005,50.0,1.0,0,-51.0
0x016f0eb7684de2748aea07d967003a087bff3c79d2eeefd601570533c054a9ec,geopolitics,5-15K,S1,YES,0.0065,50.0,1.0,0,-51.0
0xdcb86d5bf312d4887b7f14328e76c6822d3bfcbf7716ce70318fbe1756ce9ac4,geopolitics,5-15K,S1,NO,0.992,50.0,1.0,1,-51.0
0x9bbd4aaca039b708e2c0c3b6324d3037be46c44db49541e6b0fc38c8ab719f0a,geopolitics,5-15K,S1,YES,0.0005,50.0,1.0,0,-51.0
0x70f21389361e24c1ff0a85dc73882a5bf8093fd33f8a0ac770b58233daf3e20c,geopolitics,5-15K,S1,YES,0.0115,50.0,1.0,0,-51.0
0x44dcfd813569f30bc8ecda61aaa47d94804c2e2d3614189aecc0a8dd0c164671,geopolitics,5-15K,S1,YES,0.105,50.0,1.0,0,-51.0
0xfdadcad423c4a5945a8c70d2473e07aba1f8988b1a6b78605a4956d0768f3bdd,geopolitics,5-15K,S1,YES,0.0015,50.0,1.0,0,-51.0
0x3d95c6d70bad806cf5cb76b2563308964a971a18ac7cea044d61785cb2ae79b7,geopolitics,5-15K,S1,YES,0.0025,50.0,1.0,0,-51.0
0xf8f345fb0909dcfacf5431e01c93d1454df348fe1cacef706297931b8e4b2cff,geopolitics,5-15K,S1,YES,0.0005,50.0,1.0,0,-51.0
0x169e70c922deb614f22617bb6e6816398141c13db0041d48c953be6fe73125bf,geopolitics,5-15K,S1,YES,0.0005,50.0,1.0,0,-51.0
0x155c85b47875dd5e8a77680325c5a5fec62642707616bf8cede73972287f61db,geopolitics,5-15K,S1,YES,0.0405,50.0,1.0,0,-51.0
0x4bc0a746e6ce6c096d4f6b052f74ac6781afa2bb12af3c0e8ce88d447920336e,geopolitics,5-15K,S1,YES,0.0065,50.0,1.0,0,-51.0
0xdeddc78c2b2adb95ae35d7796e989d38d014ee481a0e6f0d52ab34711f4ebcc9,geopolitics,5-15K,S1,YES,0.0085,50.0,1.0,0,-51.0
0x433f0e14de07b6a841021ec537ea1bc64f41146912966af74f347aa8f5bee013,geopolitics,5-15K,S1,YES,0.0005,50.0,1.0,0,-51.0
0x2b8b7aa9b685cd6b7b935a822d693a87578050d898535e6d128cb172eae099bb,geopolitics,5-15K,S1,YES,0.0025,50.0,1.0,0,-51.0
0x6e2a4b6c85ab696a130e69a768b5b045be55f11d4cbb337c10c8633060f96429,geopolitics,5-15K,S1,YES,0.0035,50.0,1.0,0,-51.0
0x17aae6dd6e7679ceb532fd10f72e0ca6912ae8d6063e7aa3d3dda7d1b6e600b1,geopolitics,5-15K,S1,YES,0.0015,50.0,1.0,0,-51.0
0xcecc8bb7906099b97d3bfc3890c0640cca8e934d66f65c5f185b0c1b263e0973,geopolitics,5-15K,S1,YES,0.0025,50.0,1.0,0,-51.0
0xb0eccbca0ba5fd07efdfcb09b99abd59ea11502969c0587b979d29900dbcc874,geopolitics,5-15K,S1,YES,0.003,50.0,1.0,0,-51.0
0x396b37233d7c36883428a540f848e4b655bd8bc8b169cb9b5e1c2f0a36a09f2d,geopolitics,5-15K,S1,YES,0.0045,50.0,1.0,0,-51.0
0xf74dc702c52c37ff6654148cbea82cdef18209fc8a702fd018c54c1619bf789b,geopolitics,5-15K,S1,YES,0.0005,50.0,1.0,0,-51.0
0xafdeaa4b9b41a2eb8b450360f190b7c129f8de71de8faf8af8ba53d0db4fa2f2,geopolitics,5-15K,S1,YES,0.0115,50.0,1.0,0,-51.0
0xdae8eb120cc18c5f8fe9fc1863df68d0f589c9db0408d9d248b934e57f7e1b81,geopolitics,5-15K,S1,NO,0.9565,50.0,1.0,1,-51.0
0x95436050e102daf4b531e0910799be2742a7a8769f98f4f833363e4afef791d2,geopolitics,5-15K,S1,YES,0.0305,50.0,1.0,0,-51.0
0x37f329dc3878b26f5f2d7f4f57fbc3b74b594657fd705eb07c748023d78abcf0,geopolitics,5-15K,S1,NO,0.885,50.0,1.0,1,-51.0
0xd640f9d87fa9c64980a6e6609e66a5f651048345d2d659887d23c5426fc6e672,geopolitics,5-15K,S1,NO,0.935,50.0,1.0,0,718.2307692307699
0x28e1e883c5e1043c31fe445bb35552c8628bc0d4156c6f1f3e8060489f4243d5,geopolitics,5-15K,S1,YES,0.0685,50.0,1.0,0,-51.0
0xf3cdab0cc84ccab80c8e06f38ab2580077a26d67f07dd98e7777e7b00058c838,geopolitics,5-15K,S1,YES,0.003,50.0,1.0,0,-51.0
0xf143aa3a6c93f0a82e38e242d7b0ae7bcc8ffe0f7fa310a0960a6025312c0277,geopolitics,5-15K,S1,YES,0.075,50.0,1.0,1,615.6666666666667
0x09178d8baa54118e1899a03f04b5dc64d0a3062683fd3d31fb6fe07c791ed251,geopolitics,5-15K,S1,YES,0.025,50.0,1.0,0,-51.0
0xe8c0a798faae1448aa0a038657a14dae1ba58a18e3ad3f38b5231d3d86057a0a,geopolitics,5-15K,S1,YES,0.001,50.0,1.0,0,-51.0
0xfbfae05057e0419e82f0b712dd21f8b37886f8cb9b1409ec044d27e24ec5d84a,geopolitics,5-15K,S1,YES,0.061,50.0,1.0,0,-51.0
0xba8a448cc9d7f859ffa5280014cab3f2973a11211cdac77925cdb7e93440abed,geopolitics,5-15K,S1,NO,0.985,50.0,1.0,1,-51.0
0x4524095e8835d504c29f27d2af982bffa70373f2f7fa1bc40adcc3ad0964408b,geopolitics,5-15K,S1,YES,0.0325,50.0,1.0,0,-51.0
0x6813d99ee682de526bbadddf904638d20616455321eaae1ca60c49da82edfffd,geopolitics,5-15K,S1,YES,0.09,50.0,1.0,0,-51.0
0x29678f23b6a77db6c99e320c2ed2709652e01ec14e9c3caeca5f4b692d735173,geopolitics,5-15K,S1,NO,0.89,50.0,1.0,1,-51.0
0x3b300c36b9c836df7abfc11d27e3772bcb43697be2c1ffa3bd8f614b500298ca,geopolitics,5-15K,S1,NO,0.9905,50.0,1.0,1,-51.0
0x56cb1f63d508262c16a4af7dd4a5d18d07288ebb03c1e8fb5242a1692692b7c5,geopolitics,5-15K,S1,NO,0.9945,50.0,1.0,1,-51.0
0xec01b68b417b073c619cb6f676692268dae467ef37be560375d9d39c8ac03223,geopolitics,5-15K,S1,YES,0.0015,50.0,1.0,0,-51.0
0xe300bb11ad99f542f22f87f0b96a9d667fe16abf33681576149971657c2bf9a0,geopolitics,5-15K,S1,YES,0.003,50.0,1.0,0,-51.0
0x248d7306736a1b62827ed2f83a24993d1586b7dd9cec3b31f6777de8ee8d14d4,geopolitics,5-15K,S1,YES,0.003,50.0,1.0,0,-51.0
0x47648295841c2508d7ebf8e1d0e28b1c25cf338cdf3f21cedd46141cc7c7a6ec,geopolitics,5-15K,S1,YES,0.001,50.0,1.0,0,-51.0
0xb856b719378120d10d93e78a52ad10ed553132b17dcf51c2daf4e9f90382661e,geopolitics,5-15K,S1,YES,0.0005,50.0,1.0,0,-51.0
0x276b0a06595274f60a004b6d1de663b270d3c92fd42052d895d9fa0bd8b46750,geopolitics,5-15K,S1,NO,0.9955,50.0,1.0,1,-51.0
0x37d7295a17db461c15867862afe90bfad6cd46436b0d121a7c96c37e166103b4,geopolitics,5-15K,S1,YES,0.0005,50.0,1.0,0,-51.0
0x290d12210eb22e590dde359f968f421b5c595571c0c4830476a6b8aa7c9bc5d1,geopolitics,5-15K,S1,YES,0.048,50.0,1.0,0,-51.0
0x710193727ac6a09331ee6e4ee1780bca7bff716279591a1348bcd9510813931c,geopolitics,5-15K,S1,YES,0.105,50.0,1.0,0,-51.0
0x2d62fd0b35a3999aab9ffad1fd0343bd21cd076b5e54b4e7e47e7153f8d67285,geopolitics,5-15K,S1,YES,0.004,50.0,1.0,0,-51.0
0x599446732613178835897ddf521458d210c41f0bd573faf17ad8c5b72c18277a,geopolitics,5-15K,S1,YES,0.0015,50.0,1.0,0,-51.0
0xb3d21b788d04e02a26029c54218973692da58fb930484c42a0a745fa81297def,geopolitics,5-15K,S1,YES,0.0345,50.0,1.0,0,-51.0
0x88c9d4dd72fe2af21e36816c8fb1e5729c5705fe8693f4fb4fdd769a45f91a7c,geopolitics,5-15K,S1,YES,0.0025,50.0,1.0,0,-51.0
0x895c592288d0afe678bff18bd0c74e6fad2200a0ec7b25c1cc0c24476e2e5afa,geopolitics,5-15K,S1,YES,0.125,50.0,1.0,0,-51.0
0xf7f72f4aa935744918cf3ddf3fc85d10762a7a0adec293957dafda85e233f334,geopolitics,5-15K,S1,YES,0.135,50.0,1.0,0,-51.0
0x5f561abe30e2f1c1f418b707c08966f65706efd49e4ba0ba60d17afa45035217,geopolitics,5-15K,S1,NO,0.9955,50.0,1.0,1,-51.0
0x44c7698903ec4787ff00bf74bba257c8803b11e4afbb74d2d376a1299c4cee19,geopolitics,5-15K,S1,NO,0.989,50.0,1.0,1,-51.0
0xea4d3584864651860c0afd2305b63570f42e1204dfda86145edf296b6718bcc3,geopolitics,5-15K,S1,NO,0.9995,50.0,1.0,1,-51.0
0x1fa1a6c43ce50fce4334766ef08f265ef5e0f8765ad302c0e318895a12b1040e,geopolitics,5-15K,S1,NO,0.915,50.0,1.0,1,-51.0
0x4091bf71e79a78c76242931f80ca94ae2ca9340ccc7a607667ba96e09d9c5730,geopolitics,5-15K,S1,YES,0.0015,50.0,1.0,0,-51.0
0x0799f444caca148ef5f550500a462833c39b9935ce9bc61375e18319e08a364a,geopolitics,5-15K,S1,YES,0.004,50.0,1.0,0,-51.0
0x15fedfabbde4e459d2b180fc754d56e29e0585fa9d6cb983196ff004d1090bc9,geopolitics,5-15K,S1,NO,0.9345,50.0,1.0,1,-51.0
0x92fa9bfd28ddbe07c035e2dad8defee4be3ffb945a2da25768a59990603ccb94,geopolitics,5-15K,S1,NO,0.9885,50.0,1.0,1,-51.0
0x6055a391e4b71183be85fb246f1527cb235c0662e09e5617ce2901c97fdcc9ba,geopolitics,5-15K,S1,NO,0.972,50.0,1.0,1,-51.0
0x3e3ddc44cdb765771c07b5898b9025c468c908f22f185810667f4fd88be24cea,geopolitics,5-15K,S1,YES,0.005,50.0,1.0,0,-51.0
0x6f41f28f3e160d0dfcc6ae58996665092e94081ef0b0d53d092582d70ab59ff1,geopolitics,5-15K,S1,YES,0.0135,50.0,1.0,0,-51.0
0x6791ea58d6bdaf33dd36a9194a8810408b44a5e4eac836209c950ad46893bf6e,geopolitics,5-15K,S1,YES,0.007,50.0,1.0,0,-51.0
0x3bf2955dbfde4496dff53d247355bf74cfc41397538b8678587b3462b6584451,geopolitics,5-15K,S1,YES,0.095,50.0,1.0,0,-51.0
0xf796efc04b4280e760fcb777ab8d33519ff777e36c680959ebb4fe6b84cc99ef,geopolitics,5-15K,S1,YES,0.0015,50.0,1.0,0,-51.0
0x83e0999fad067bfa7213444cd7dd55f4480d381fefa3656c38aa13ee0deaf970,geopolitics,5-15K,S1,YES,0.003,50.0,1.0,0,-51.0
0x613e429931f3073610c3a54c5c80c592fb9b949da3d5fbc8375bf5e9f188fc20,geopolitics,5-15K,S1,YES,0.145,50.0,1.0,0,-51.0
0x46e6e6b6166e36aa34595642bb5c534c64c6d8d6d86ea5c8beece600581efce3,geopolitics,5-15K,S1,YES,0.0005,50.0,1.0,0,-51.0
0x0939fff091b132b98cf3e3d7998d5033c60fd20f41999f7f450846653fc32642,geopolitics,5-15K,S1,YES,0.0145,50.0,1.0,0,-51.0
0xb45e08056a9cd66a37d8097eb47a1c97517934bdcabfb490d177166df7314ffa,geopolitics,5-15K,S1,YES,0.0155,50.0,1.0,0,-51.0
0xc64b0a947b10179c675fb093e0565af6a522edef28423175541614eaca9646b7,geopolitics,5-15K,S1,YES,0.075,50.0,1.0,0,-51.0
0x79a3155deb0060fe904f446def4d0c7b0e32dbb0b6ec1d29900d2ae14a171e50,geopolitics,5-15K,S1,NO,0.9605,50.0,1.0,1,-51.0
0xa571de6630800eb1dcd9cf6a39113b6e436f748335c7bf88e126ee14078177d3,geopolitics,5-15K,S1,YES,0.0005,50.0,1.0,0,-51.0
0xf0519224d6082069e2f4d63b7b8c463a174679a739e75b8c5c57d9e6f75b53ac,geopolitics,5-15K,S1,YES,0.065,50.0,1.0,0,-51.0
0xf05a4a187e05875b6d26389008dfc68edb9f026341ac98b5becf455276af478e,geopolitics,5-15K,S1,YES,0.0175,50.0,1.0,0,-51.0
0xb115de5476741ec60696e6f08ed2ca791f3156b324bebe191f71e1198d38199b,geopolitics,5-15K,S1,YES,0.14,50.0,1.0,0,-51.0
0x58cc4219cc5e48ce9594245db8942caed74a131a824ececaa2df6c20ded6319b,geopolitics,5-15K,S1,NO,0.895,50.0,1.0,1,-51.0
0x055e4a40d880f0a821b131d74dbb170952b41988cd763f6baeeb1fe72770abe9,geopolitics,5-15K,S1,YES,0.0095,50.0,1.0,0,-51.0
0xb32a8f9d6a33d17afda204649706b6a6e2684f5b4a983b3713da55b51fbe44af,geopolitics,5-15K,S1,NO,0.91,50.0,1.0,1,-51.0
0x0dd54661592b361dd215f93c4e443621ae49d43c74e45d9ab7580c84f3b20a2c,geopolitics,5-15K,S1,YES,0.0065,50.0,1.0,0,-51.0
0x7842b4eed48ae877d51805b0b09aad798e7ce12d52ba67f0b7e90ca75a3a6e76,geopolitics,5-15K,S1,YES,0.005,50.0,1.0,0,-51.0
0xbd5d1e406ef6afdf1bbf2fe3ccb2b936f3bac9a163a291b58c01cd03d830288d,geopolitics,5-15K,S1,NO,0.97,50.0,1.0,1,-51.0
0x0a68368782ad0b7798c3802233513ce20004906f69d24431a548e15a19bc2891,geopolitics,5-15K,S1,NO,0.9695,50.0,1.0,1,-51.0
0x3f24b4802bac08dcd85567198b079804e2fe914d7391e78fa55bb96d06abc3b8,geopolitics,5-15K,S1,YES,0.0025,50.0,1.0,0,-51.0
0xdc1559dc50cf439c5f97050984e11a3c0906712a2d536586df2c19dfbab2b9eb,geopolitics,5-15K,S1,YES,0.015,50.0,1.0,0,-51.0
0x089f3132b49c8db05df452752b6f3036a9e8f893e4a032cd8683fe16f85a75d4,geopolitics,5-15K,S1,YES,0.002,50.0,1.0,0,-51.0
0xba969da61cd51a1bc5fc2368f25d15b45588dfa87d7dbffd720186c771be7eb6,geopolitics,5-15K,S1,YES,0.0095,50.0,1.0,0,-51.0
0x0e01611dacdfeb89e9e02d4e74e5094e25b6334cc0c5842e84905e1b2704be13,geopolitics,5-15K,S2,YES,0.005,50.0,1.0,0,-51.0
0x4bf553d0029cca7d97bf42b2a28351c271bff3c898f57421a3a5e16c6515734f,geopolitics,5-15K,S2,YES,0.125,50.0,1.0,1,349.0
0x40b9b62e09bf8429a058dd94edbeb3849691b41f2545fdd93af0473234a752be,geopolitics,5-15K,S2,YES,0.115,50.0,1.0,0,-51.0
0x1859f2db5700c12c754b8d4c1f7fb0b663df1c90cf1c0b2a931744ed9d9ff002,geopolitics,5-15K,S2,YES,0.215,50.0,1.0,0,-51.0
0xb48372708bdfadbd7e045a1838847f5b2e80ff2c9aac5fcfb314c14168c5ffb0,geopolitics,5-15K,S2,YES,0.28,50.0,1.0,0,-51.0
0x70f21389361e24c1ff0a85dc73882a5bf8093fd33f8a0ac770b58233daf3e20c,geopolitics,5-15K,S2,YES,0.0115,50.0,1.0,0,-51.0
0x2bf00860d0daa4aa11d5f6e5aba62407c5f82225e652f6405701d9ddd83c5a6c,geopolitics,5-15K,S2,NO,0.75,50.0,1.0,1,-51.0
0xfbfae05057e0419e82f0b712dd21f8b37886f8cb9b1409ec044d27e24ec5d84a,geopolitics,5-15K,S2,YES,0.061,50.0,1.0,0,-51.0
0x3b300c36b9c836df7abfc11d27e3772bcb43697be2c1ffa3bd8f614b500298ca,geopolitics,5-15K,S2,NO,0.9905,50.0,1.0,1,-51.0
0x56cb1f63d508262c16a4af7dd4a5d18d07288ebb03c1e8fb5242a1692692b7c5,geopolitics,5-15K,S2,NO,0.9945,50.0,1.0,1,-51.0
0x276b0a06595274f60a004b6d1de663b270d3c92fd42052d895d9fa0bd8b46750,geopolitics,5-15K,S2,NO,0.9955,50.0,1.0,1,-51.0
0x67a6e3228b394eb8a29663cc329d4c727d32dd0034e990b11c9f74663815b839,geopolitics,5-15K,S2,YES,0.33,50.0,1.0,0,-51.0
0x35bb21df72dfd9ce9bb57e14fd449ff339f51dcb6a91e3604b1748ccf2f85b1c,geopolitics,5-15K,S2,YES,0.21,50.0,1.0,0,-51.0
0xf7f72f4aa935744918cf3ddf3fc85d10762a7a0adec293957dafda85e233f334,geopolitics,5-15K,S2,YES,0.135,50.0,1.0,0,-51.0
0x481657a00b8ad571ec4ac87f26c6911ab43b234da326b298da7d663b8ffc3b3d,geopolitics,5-15K,S2,YES,0.225,50.0,1.0,0,-51.0
0x21883719d5a0ca76297e4a933b6158c7caa64a7b4f5b538c4a9da51821838f01,geopolitics,5-15K,S2,YES,0.315,50.0,1.0,0,-51.0
0x3bf2955dbfde4496dff53d247355bf74cfc41397538b8678587b3462b6584451,geopolitics,5-15K,S2,YES,0.095,50.0,1.0,0,-51.0
0x1563b185a42f2f5ed9f686cc6ea156b544736ae6becbf1757b65443fac89ec43,geopolitics,5-15K,S2,YES,0.27,50.0,1.0,0,-51.0
0x37426c459b51c7f10b550f643feae2788516ea46261c862b5f6883d8b4314a4c,geopolitics,5-15K,S2,NO,0.465,50.0,1.0,1,-51.0
0xb115de5476741ec60696e6f08ed2ca791f3156b324bebe191f71e1198d38199b,geopolitics,5-15K,S2,YES,0.14,50.0,1.0,0,-51.0
0x939643150756c693fa321aa8dc30bafd44ca71d608ee11ef66941688e63fb6f5,geopolitics,5-15K,S3,YES,0.085,50.0,1.0,0,-51.0
0xf459f2a4cf56425af7346fbeed3f9c78e35463539fe38afa70ff3d00c127c7ab,geopolitics,5-15K,S3,YES,0.485,50.0,1.0,1,52.09278350515464
0x447e4b169e62d6a0c3131c52df11a471b760f25e395e701a0c165f7b9d0cbad9,geopolitics,5-15K,S3,YES,0.085,50.0,1.0,0,-51.0
0x9fb093c5361acd17289f7b9962d6e14bca8a0ce05618498f95ffbacacd64e77b,geopolitics,5-15K,S3,NO,0.65,50.0,1.0,1,-51.0
0x0d26a40ed024d82761b2b07d2cf23f0045328f94f35bb3f95e73e544232a8975,geopolitics,5-15K,S3,YES,0.055,50.0,1.0,0,-51.0
0x669b35203fbaaf260e1e5198b8ca2ebd7887d7ffa6985dab99abb0bf94ef674e,geopolitics,5-15K,S3,YES,0.08,50.0,1.0,0,-51.0
0xa05e5a87b0576f0cd1929145fce0bc6a4ed33d90a08e0319950075c6c0f0a0a8,geopolitics,5-15K,S3,YES,0.085,50.0,1.0,0,-51.0
0x4d6c87358a0a8522c775c20288ab7df7c8ceb4ffd1abf01881ba343cdf45964f,geopolitics,5-15K,S3,YES,0.405,50.0,1.0,0,-51.0
0xb09761f564bc398ee978545973b85b952a5aca000557a49a3224895893aaf8b9,geopolitics,5-15K,S3,YES,0.105,50.0,1.0,0,-51.0
0x61ca1f1af4ba9c66bd3ead0ea599f61996f34f0d9400648d63709859fb92f53c,geopolitics,5-15K,S3,YES,0.255,50.0,1.0,0,-51.0
0x9a615cbdd9d230739f633023c4ddcab6b38e37d9e7551f3d6297ee48f78eda2a,geopolitics,5-15K,S3,YES,0.265,50.0,1.0,0,-51.0
0xe1386710b61e8f800a3b27ed14528c4bc4756572451c7c97d140c5e8d8030f55,geopolitics,5-15K,S3,NO,0.57,50.0,1.0,0,65.27906976744185
0x680f7b23a5530b558ffe24268eb281fee6446352c05c3710197cc71f984165d3,geopolitics,5-15K,S3,YES,0.255,50.0,1.0,0,-51.0
0xe162833f35f03acd299aaf72ec2cc4da4ef8aee209da3bb63a5e3148fab3962f,geopolitics,5-15K,S3,YES,0.45,50.0,1.0,0,-51.0
0x4413ead4b809809217039b9a07e7d982485d0c8c4814f909caf7effe68f202c4,geopolitics,5-15K,S3,NO,0.715,50.0,1.0,1,-51.0
0xc192b7a27fdc74f8e77ba65a6d553bcfa88723cbae6bcbbb2ac539b532ce9db4,geopolitics,5-15K,S3,NO,0.715,50.0,1.0,1,-51.0
0xb60ff6bafcf4a93f264367439e27f6efb179100008c9b4e50e91c463e4100a6e,geopolitics,5-15K,S3,YES,0.29,50.0,1.0,0,-51.0
0x40144d050887a9e17375489e7a176f5c53712b75753db33b74be351621992ef3,geopolitics,5-15K,S3,YES,0.155,50.0,1.0,1,271.5806451612903
0xbc692175b4f15cf690207042084c0b6251f6263e8516d999306d431a832c1f41,geopolitics,5-15K,S3,YES,0.225,50.0,1.0,0,-51.0
0xf0519224d6082069e2f4d63b7b8c463a174679a739e75b8c5c57d9e6f75b53ac,geopolitics,5-15K,S3,YES,0.065,50.0,1.0,0,-51.0
0x7176ea2c885ca312ef235ee387aa1268c93b2665174b8eb84e23cc2fb2405157,geopolitics,5-15K,S4,NO,0.0035,50.0,1.0,0,-0.8243853487205257
0x516926e359f14dd1e7b5d2c54948253a521597169819bd896e80e11223862e04,geopolitics,5-15K,S4,NO,0.003,50.0,1.0,0,-0.8495486459378156
0xbe2b2808fd555bc847b54dd65116539f79d1639d27a17da5626cbd31e2835683,geopolitics,5-15K,S4,NO,0.0035,50.0,1.0,0,-0.8243853487205257
0xc61529c5988583ee3a6f753bd15db17b81ba19548a607e00f5238d48eb38a10b,geopolitics,5-15K,S4,NO,0.0205,50.0,1.0,0,0.0464522715671265
0x15e0b146150e82b933950410f5b55f6ce0dec34d3f49573fc462e9a09508a6cb,geopolitics,5-15K,S4,NO,0.13,50.0,1.0,1,-51.0
0xdccfe732bdb97b0c9157d27d5f8f5f8b51fab0d4453f0885882b0f73fbe18b32,geopolitics,5-15K,S4,NO,0.085,50.0,1.0,0,3.644808743169399
0x64491574bb603c1bcda36090a23d8401db5116cf7c48b4499e4ec44386d194d9,geopolitics,5-15K,S4,NO,0.016,50.0,1.0,0,-0.18699186991869965
0x80cd2c45399e16f58d51f9b10a9b376880f1d4cc47caf14732fabc10698d8ee5,geopolitics,5-15K,S4,NO,0.06,50.0,1.0,0,2.191489361702132
0xc59e9fb081b5c3397ce2d66108d497c787f731768b7f32bbe86b5ff2fdb453ed,geopolitics,5-15K,S4,NO,0.033,50.0,1.0,0,0.7063081695966957
0xdd8f6ee8450f775642b7982bba551d112057a4585468012a0f0e12e42c5c50ed,geopolitics,5-15K,S4,NO,0.0035,50.0,1.0,0,-0.8243853487205257
0x84d3f50aed81bd7e414e0e9f86f07b9ca439c4d672d7141562f9ff3dfe740b10,geopolitics,5-15K,S4,NO,0.135,50.0,1.0,0,6.8034682080924895
0x350401bb1fb8db6dd486595f9e47c0ef93a1fe5e3d6c646ad3916c9d2f8572c4,geopolitics,5-15K,S4,NO,0.0105,50.0,1.0,0,-0.4694290045477558
0x1e96d97deb425994b88fc71e7ed335c9f64fe9bd674b0070dcade07b535c955e,geopolitics,5-15K,S4,NO,0.0125,50.0,1.0,0,-0.3670886075949369
0x937b00af36c37c4f0a627bfa522c5aa677d661588851b368715af2e58bb1b20f,geopolitics,5-15K,S4,NO,0.0215,50.0,1.0,0,0.09862033725089248
0x8f40d01bba5ef204437e11663ae8c40af0f613e816d1b86978806fe3e0b3a903,geopolitics,5-15K,S4,NO,0.0005,50.0,1.0,0,-0.9749874937468732
0x6d278d07154de8765c96a5e0c12cea5bfb31ebf52f843ad9d406bf59ead66fad,geopolitics,5-15K,S4,NO,0.007,50.0,1.0,0,-0.6475327291037232
0x2a0dfcba4bf202737819f15d1a938c875c0b45019a822c4ea146233a8a124b27,geopolitics,5-15K,S4,NO,0.0095,50.0,1.0,0,-0.5204442200908659
0xf82f80421d0a6535c8480f042a0899f52ac09c67502c2504e6352cb2320c2215,geopolitics,5-15K,S4,NO,0.008,50.0,1.0,0,-0.5967741935483843
0x9eee062f20c9ca00dc8e373aebe808cd8a0f23f9ef42319176eb330a14d3ebdb,geopolitics,5-15K,S4,NO,0.014,50.0,1.0,0,-0.29006085192697384
0xdc88a7ceed2b87a68d111ba935330c016f61ab486c99de314ae9e078a3e0ba6f,geopolitics,5-15K,S4,NO,0.085,50.0,1.0,0,3.644808743169399
0xba48743eac0c82434df044e1071eb647e3dbfebae50d7a010734d1fa67636eb0,geopolitics,5-15K,S4,NO,0.04,50.0,1.0,0,1.0833333333333357
0x1b4d436df7454c8f9b2809693a6106f7ea978f61988936168bbbca7277462e5c,geopolitics,5-15K,S4,NO,0.09,50.0,1.0,0,3.9450549450549417
0x466fa40a6f366eb2e9e7289520ece51c00ba09b093a1170ec9245a3a5bf6b4dd,geopolitics,5-15K,S4,NO,0.115,50.0,1.0,0,5.497175141242934
0x8cbd1eec9f4fec06441183d51ece9d314f9d90439b8faa1e9c3a56c3cd70a68a,geopolitics,5-15K,S4,NO,0.0005,50.0,1.0,0,-0.9749874937468732
0x984d1ee788ff724a30af27cd77ef74455b49bf6382460aceabbec94f01961a35,geopolitics,5-15K,S4,NO,0.0155,50.0,1.0,0,-0.21279837480955166
0x2b52c752e7565b54fdd0c60d6c6db006dd4422611a9799d381285fa1771395f3,geopolitics,5-15K,S4,NO,0.0015,50.0,1.0,0,-0.9248873309964978
0xf8b56301ef6e79875a783a89dbc4c1fe29be4152858a2f2c2d96fa52e8be5dc1,geopolitics,5-15K,S4,NO,0.017,50.0,1.0,0,-0.1353001017293991
0xfca1a2c7262a3718b3079428b50dd4114add3f48d1e44f9692b34e1f4ebe32a6,geopolitics,5-15K,S4,NO,0.001,50.0,1.0,0,-0.9499499499499464
0x4e67f9c7e72b7f10427b8f152bdce42ab9b9bf9209bc5662dbacf384bbd2a4c6,geopolitics,5-15K,S4,NO,0.002,50.0,1.0,0,-0.8997995991983956
0xf2fac7fa4a31542b564faa725649dc596b59beae296fecc436d1e40202baa5b9,geopolitics,5-15K,S4,NO,0.04,50.0,1.0,0,1.0833333333333357
0x3f6d0c5fb6274a88afa19b9e6f4e5cecd719324ade47c97aff7883002880d64e,geopolitics,5-15K,S4,NO,0.055,50.0,1.0,1,-51.0
0x2824d2633fafe8985a611c408b99505c18c7d9be4f05bd044e0a8085f9f2dcb1,geopolitics,5-15K,S4,NO,0.0005,50.0,1.0,0,-0.9749874937468732
0xe5ee25ddde1a96b51f26dc44e782147d56a4f401a8df9e1705e69c9c2ed45652,geopolitics,5-15K,S4,NO,0.0005,50.0,1.0,0,-0.9749874937468732
0x448c358927e1010415b570d2f28fa15c2d5cda9b78b605a16c21fa116bebac5f,geopolitics,5-15K,S4,NO,0.09,50.0,1.0,0,3.9450549450549417
0x4a8576498f2368190c72ee0536f34c30c6aaaf868ac6b72ab685fdbb5a4b0840,geopolitics,5-15K,S4,NO,0.004,50.0,1.0,0,-0.7991967871485954
0xc4c1335387edfaf4729f49cab9f9541e6de3299fecf11224de7fd4fba6e3d39c,geopolitics,5-15K,S4,NO,0.085,50.0,1.0,0,3.644808743169399
0x5fb3af0ad49773f85b9d9eaee0e169bda9fd90c13da2107ca01743a7bcf39663,geopolitics,5-15K,S4,NO,0.101,50.0,1.0,0,4.617352614015573
0x0d26a40ed024d82761b2b07d2cf23f0045328f94f35bb3f95e73e544232a8975,geopolitics,5-15K,S4,NO,0.055,50.0,1.0,0,1.9100529100529116
0x4bf553d0029cca7d97bf42b2a28351c271bff3c898f57421a3a5e16c6515734f,geopolitics,5-15K,S4,NO,0.125,50.0,1.0,1,-51.0
0x40b9b62e09bf8429a058dd94edbeb3849691b41f2545fdd93af0473234a752be,geopolitics,5-15K,S4,NO,0.115,50.0,1.0,0,5.497175141242934
0xeb005a466ab396190a47e815c0855820d554716e0873cff67a30a690f4174ba1,geopolitics,5-15K,S4,NO,0.045,50.0,1.0,0,1.356020942408378
0xb09761f564bc398ee978545973b85b952a5aca000557a49a3224895893aaf8b9,geopolitics,5-15K,S4,NO,0.105,50.0,1.0,0,4.865921787709496
0xddb66024ea0bf7c7ea00880ec00d576b4b964cddfe260c4ee2cfe5d942ec24de,geopolitics,5-15K,S4,NO,0.0015,50.0,1.0,0,-0.9248873309964978
0x28bddef098300d985d7d68d10d7d2a8661db61b059e8ca013ee68af7542b273e,geopolitics,5-15K,S4,NO,0.011,50.0,1.0,0,-0.44388270980788747
0x6759371105c771777d5be32c98a7fd8fcb71004ff8f2ae636cb8b85cea519309,geopolitics,5-15K,S4,NO,0.0055,50.0,1.0,0,-0.7234791352438421
0xfdd1e93d6de891bcd7317688268f81882d9082ba8de09b592e53b63a90d43267,geopolitics,5-15K,S4,NO,0.04,50.0,1.0,0,1.0833333333333357
0xa22f66e9deb9f2b7d17fa59ab7b3c277772bafe39ee3b4dfc5c34c99419108fa,geopolitics,5-15K,S4,NO,0.065,50.0,1.0,0,2.475935828876999
0x70f21389361e24c1ff0a85dc73882a5bf8093fd33f8a0ac770b58233daf3e20c,geopolitics,5-15K,S4,NO,0.0115,50.0,1.0,0,-0.4183105715730946
0x44dcfd813569f30bc8ecda61aaa47d94804c2e2d3614189aecc0a8dd0c164671,geopolitics,5-15K,S4,NO,0.105,50.0,1.0,0,4.865921787709496
0x6e2a4b6c85ab696a130e69a768b5b045be55f11d4cbb337c10c8633060f96429,geopolitics,5-15K,S4,NO,0.0035,50.0,1.0,0,-0.8243853487205257
0x17aae6dd6e7679ceb532fd10f72e0ca6912ae8d6063e7aa3d3dda7d1b6e600b1,geopolitics,5-15K,S4,NO,0.0015,50.0,1.0,0,-0.9248873309964978
0xcecc8bb7906099b97d3bfc3890c0640cca8e934d66f65c5f185b0c1b263e0973,geopolitics,5-15K,S4,NO,0.0025,50.0,1.0,0,-0.8746867167919845
0xf74dc702c52c37ff6654148cbea82cdef18209fc8a702fd018c54c1619bf789b,geopolitics,5-15K,S4,NO,0.0005,50.0,1.0,0,-0.9749874937468732
0xafdeaa4b9b41a2eb8b450360f190b7c129f8de71de8faf8af8ba53d0db4fa2f2,geopolitics,5-15K,S4,NO,0.0115,50.0,1.0,0,-0.4183105715730946
0xf143aa3a6c93f0a82e38e242d7b0ae7bcc8ffe0f7fa310a0960a6025312c0277,geopolitics,5-15K,S4,NO,0.075,50.0,1.0,1,-51.0
0xe8c0a798faae1448aa0a038657a14dae1ba58a18e3ad3f38b5231d3d86057a0a,geopolitics,5-15K,S4,NO,0.001,50.0,1.0,0,-0.9499499499499464
0xfbfae05057e0419e82f0b712dd21f8b37886f8cb9b1409ec044d27e24ec5d84a,geopolitics,5-15K,S4,NO,0.061,50.0,1.0,0,2.2481363152289617
0xec01b68b417b073c619cb6f676692268dae467ef37be560375d9d39c8ac03223,geopolitics,5-15K,S4,NO,0.0015,50.0,1.0,0,-0.9248873309964978
0x290d12210eb22e590dde359f968f421b5c595571c0c4830476a6b8aa7c9bc5d1,geopolitics,5-15K,S4,NO,0.048,50.0,1.0,0,1.5210084033613498
0x2d62fd0b35a3999aab9ffad1fd0343bd21cd076b5e54b4e7e47e7153f8d67285,geopolitics,5-15K,S4,NO,0.004,50.0,1.0,0,-0.7991967871485954
0x3e3ddc44cdb765771c07b5898b9025c468c908f22f185810667f4fd88be24cea,geopolitics,5-15K,S4,NO,0.005,50.0,1.0,0,-0.7487437185929622
0x6791ea58d6bdaf33dd36a9194a8810408b44a5e4eac836209c950ad46893bf6e,geopolitics,5-15K,S4,NO,0.007,50.0,1.0,0,-0.6475327291037232
0x3bf2955dbfde4496dff53d247355bf74cfc41397538b8678587b3462b6584451,geopolitics,5-15K,S4,NO,0.095,50.0,1.0,0,4.248618784530386
0xf796efc04b4280e760fcb777ab8d33519ff777e36c680959ebb4fe6b84cc99ef,geopolitics,5-15K,S4,NO,0.0015,50.0,1.0,0,-0.9248873309964978
0x613e429931f3073610c3a54c5c80c592fb9b949da3d5fbc8375bf5e9f188fc20,geopolitics,5-15K,S4,NO,0.145,50.0,1.0,0,7.4795321637426895
0x46e6e6b6166e36aa34595642bb5c534c64c6d8d6d86ea5c8beece600581efce3,geopolitics,5-15K,S4,NO,0.0005,50.0,1.0,0,-0.9749874937468732
0xa571de6630800eb1dcd9cf6a39113b6e436f748335c7bf88e126ee14078177d3,geopolitics,5-15K,S4,NO,0.0005,50.0,1.0,0,-0.9749874937468732
0xf05a4a187e05875b6d26389008dfc68edb9f026341ac98b5becf455276af478e,geopolitics,5-15K,S4,NO,0.0175,50.0,1.0,0,-0.1094147582697218
0x055e4a40d880f0a821b131d74dbb170952b41988cd763f6baeeb1fe72770abe9,geopolitics,5-15K,S4,NO,0.0095,50.0,1.0,0,-0.5204442200908659
0xba969da61cd51a1bc5fc2368f25d15b45588dfa87d7dbffd720186c771be7eb6,geopolitics,5-15K,S4,NO,0.0095,50.0,1.0,0,-0.5204442200908659
0xc43c18c012d96ec13a57971335cc675dcc3d918b4749f2cfcda3fff38665d62d,geopolitics,15-50K,S1,YES,0.002,50.0,1.0,0,-51.0
0x6727df9eedb122a2f1e182709da2475dc7860e56d1ce7dc5b1155ba0199a8faa,geopolitics,15-50K,S1,YES,0.12,50.0,1.0,0,-51.0
0x029327103f06eecb01600bbb678e5b1bc27eaa17d27f6cfbe5d9a415ec46776e,geopolitics,15-50K,S1,YES,0.0015,50.0,1.0,0,-51.0
0x152c134a6603134d47643b976b9bcb275b35fa4ac259f5bfce2c9c5c328fa4a7,geopolitics,15-50K,S1,NO,0.95,50.0,1.0,1,-51.0
0x25078e84b111eba2d9ff88fdd9120d1e0e30227c05b1076bd245770c4c7ca653,geopolitics,15-50K,S1,YES,0.0115,50.0,1.0,0,-51.0
0x8e97cc08d441a872877f33d66730a30c98a3735c5b64cd72a9b9e779c9737c8f,geopolitics,15-50K,S1,YES,0.013,50.0,1.0,0,-51.0
0xa2ece5c7bb0eef95a16880a2d43135d3d97cdeeddc834cee0966bd12ea1bdc5b,geopolitics,15-50K,S1,NO,0.975,50.0,1.0,1,-51.0
0x654f1c8a3ce4e61961af9b620f36cfa8a6d48429bf9951ae5951ae3d5815ec4f,geopolitics,15-50K,S1,YES,0.11,50.0,1.0,0,-51.0
0xdf4d0baef31895effa199e618abe9ae3a8d6288bddcaad4e6ecd6df09594c25e,geopolitics,15-50K,S1,YES,0.0175,50.0,1.0,0,-51.0
0x238b1d5bd9d37fdfb4b840be41984397d7b39320bbdf08b21ecb50cbe100186e,geopolitics,15-50K,S1,YES,0.002,50.0,1.0,0,-51.0
0x9481768ac6a92513844183022afe2f4093f38245f427cdeb291c0480f9dbbe51,geopolitics,15-50K,S1,YES,0.0255,50.0,1.0,0,-51.0
0x4e4e752f13a3313eef2577a99f3aff16ac7b4f2543fd9edb0c61d8405993211e,geopolitics,15-50K,S1,NO,0.9905,50.0,1.0,1,-51.0
0x2303e7d877d176ee0641ebbd6b1be54f2c312ef5f53243e370c8e89cdcdc926a,geopolitics,15-50K,S1,YES,0.0045,50.0,1.0,0,-51.0
0x6083e93af7bd4b4d45d6cf8d7059815fe073fcab1df2d5e0e08f53ce54eadc14,geopolitics,15-50K,S1,YES,0.0025,50.0,1.0,0,-51.0
0x67d4918c6c8cd6c1c831e1555582d6e39c0fef1040a44bc3bf3a9900582d14a2,geopolitics,15-50K,S1,YES,0.0405,50.0,1.0,0,-51.0
0x4868359ffa5253cc5b4ced05612845ec5bd7fb4072324b62332033a8f895bcd3,geopolitics,15-50K,S1,YES,0.015,50.0,1.0,0,-51.0
0x9233fe6628a1aa25492294ab5774bcd18ad6accc00d883da620b27559f32c11d,geopolitics,15-50K,S1,YES,0.0195,50.0,1.0,0,-51.0
0xe12d115758e9e24fc40fda30fadce06aa960bcb5336cbc85071918a5c7fdfa2d,geopolitics,15-50K,S1,YES,0.0175,50.0,1.0,0,-51.0
0x111a93cf9000b6d7f004327c60e01374596e3e3718d37054e4b525151916e38e,geopolitics,15-50K,S1,YES,0.003,50.0,1.0,0,-51.0
0x457a6133557b924bc6ffc9d7d3831334072ee526b209963629496fd1b82ad500,geopolitics,15-50K,S1,YES,0.002,50.0,1.0,0,-51.0
0x626436e51a9b7486bf356594f29de0c729ae4e88b4c196e58d2eb9cc8d4105f9,geopolitics,15-50K,S1,YES,0.0025,50.0,1.0,0,-51.0
0x0c7d74eeb5c8e9ee6f642a190e445ae853f54e3e36d9e290de7dafb54f8c3feb,geopolitics,15-50K,S1,NO,0.996,50.0,1.0,1,-51.0
0x285e4aabc9c3c3234e3bd8f1e35aecde7dbb7cec879a53b231a2bd78831a3c63,geopolitics,15-50K,S1,YES,0.125,50.0,1.0,0,-51.0
0x7ba7837a3ae2e0aaa1a5e4a4f2b8ece8855ad0190e12d4cd0d372edd70174dd1,geopolitics,15-50K,S1,YES,0.085,50.0,1.0,1,537.2352941176471
0x729d6207e0e0093ab731cdb1c476bca1739280ba91cdc702b0ae53068ed65198,geopolitics,15-50K,S1,YES,0.0295,50.0,1.0,0,-51.0
0x8b6d62510907ffb835b26f6dc52bb0b1effef6a5c9139c89ccc753b9c58fc482,geopolitics,15-50K,S1,YES,0.0075,50.0,1.0,0,-51.0
0x0f32d4d7167f073d9d903b91b48dfe08d2762e8b0a29e14e649bfef89512ce61,geopolitics,15-50K,S1,YES,0.045,50.0,1.0,0,-51.0
0x6281da0c3cee2da5dfbdbaa9489b535f2295bc5d65159c4718d7f95738ddebc8,geopolitics,15-50K,S1,YES,0.0065,50.0,1.0,0,-51.0
0x78dca20ad6401138b24acc0d953b58fd2676128a92afb515f257dd334da9023c,geopolitics,15-50K,S1,YES,0.0075,50.0,1.0,0,-51.0
0xf6d2f149653747b4aea397565f4f562a50e0b5e0860c739f9a1fc79b76244032,geopolitics,15-50K,S1,YES,0.0075,50.0,1.0,0,-51.0
0x4e2f47832d9b760e5cd51368e899e421d2551524205cce86cf98ee9ec0703a88,geopolitics,15-50K,S1,NO,0.987,50.0,1.0,1,-51.0
0x27e47fcc55d252f5ffeee42bf8e2d7d6d5a54e4ff7a31e95e5cb057e18b7d0dc,geopolitics,15-50K,S1,YES,0.029,50.0,1.0,0,-51.0
0x5d7aae2086ed7e3ea82b65f5d8ed17ac4fa241c92a0a167bee0b356ae498f802,geopolitics,15-50K,S1,YES,0.035,50.0,1.0,0,-51.0
0x2b75971d9f62ff8adfd1b246b263cf41f6995eb06514c7b7adc77354d70d3b46,geopolitics,15-50K,S1,YES,0.085,50.0,1.0,0,-51.0
0xfc1c0fe6de97b694ace35cb972c6249f88bd3736ded927c8951e5abc30fe6d5f,geopolitics,15-50K,S1,YES,0.105,50.0,1.0,1,425.1904761904762
0x910cc8289ec1fd98364e7338297d87e581af6feaa5fa12475e4d5c10cb7658b8,geopolitics,15-50K,S1,YES,0.115,50.0,1.0,0,-51.0
0x2a1b9dbbe06dc0f6df7897c2154869a56bed24a2dc538b68b336e03b0c9625c6,geopolitics,15-50K,S1,YES,0.115,50.0,1.0,0,-51.0
0x29e7164544fd3c577bd2da5a9079ba388b1e4dcd6c52cb70bac4eb75abf00173,geopolitics,15-50K,S1,NO,0.87,50.0,1.0,1,-51.0
0x8abc1dbf73fec5af7107a682fdbecce4f4294afbd84fd4d857b103dd8a32f2ce,geopolitics,15-50K,S1,YES,0.002,50.0,1.0,0,-51.0
0xde869f771487aed89216a080b2279edc9de57735172f46d634643c0403e988f6,geopolitics,15-50K,S1,YES,0.011,50.0,1.0,0,-51.0
0x0cd78cbbc9196f363db2f4c6003504168526b7deaf3d1e79231d1c2ac97329ca,geopolitics,15-50K,S1,YES,0.07,50.0,1.0,1,663.2857142857142
0x964af551780a10a7a7be4cba2e441126830b18b831387f9b8006b3ff2371e744,geopolitics,15-50K,S1,YES,0.0005,50.0,1.0,0,-51.0
0x4ed3add94cc122aade943eb59d747bcfdc5068961ba27f1c2b1c4d1ff21d2dc1,geopolitics,15-50K,S1,YES,0.135,50.0,1.0,0,-51.0
0xc0cd9248d65fdc84719c2dd5b386651bfb888cfae1f91c11ec39c3382daac301,geopolitics,15-50K,S1,YES,0.009,50.0,1.0,0,-51.0
0x6a539d6b727716a683def53c8ace5f876a2b01b4fd4b74675a89e4c4ed9788e5,geopolitics,15-50K,S1,YES,0.003,50.0,1.0,0,-51.0
0x61075b95e0441d8d7248f6e206d4c6efc511020565ce96f8b92435fbfb0df7e2,geopolitics,15-50K,S1,YES,0.0205,50.0,1.0,0,-51.0
0xf29303f912db3223d9fb0945192ae67ab519ad0d6fa85288c6f82fde6d3afdea,geopolitics,15-50K,S1,YES,0.0025,50.0,1.0,0,-51.0
0x702abe9529336493889acfd656d5169f0aebd96f97d3afc4a8c7a3a5cf71ae7e,geopolitics,15-50K,S1,YES,0.0995,50.0,1.0,0,-51.0
0xc87eefa985446d46cd4251c089e120d6583f532df43d2f6a277b5c253097be8e,geopolitics,15-50K,S1,YES,0.0045,50.0,1.0,0,-51.0
0x5af55bec4d5a0b1fb4638a819a1532e2338a82bb432499314f70fb564110273c,geopolitics,15-50K,S1,YES,0.005,50.0,1.0,0,-51.0
0x380f7150652303197abdd7cebd9cfd188d4c34bf0d74dc8e0985010d23182a53,geopolitics,15-50K,S1,YES,0.0015,50.0,1.0,0,-51.0
0xe20ccccd24a2cb5b16a649b7843502672c8c6ab3b8982614487fe87340e16c30,geopolitics,15-50K,S1,YES,0.0055,50.0,1.0,0,-51.0
0xe00794dfbf7c8cbe606e335f542a22f1f1a1f6e40d4061fb5d3598e88f27fe2b,geopolitics,15-50K,S1,YES,0.09,50.0,1.0,0,-51.0
0xa04150f69e6b4b0faad54b940a0e4d65744722ea254597c75578ecaa96d1a5ea,geopolitics,15-50K,S1,YES,0.0075,50.0,1.0,0,-51.0
0xbfd324657c4d104733f50a1ac04437cab025bcf63868e82b87a2cddbe1b25903,geopolitics,15-50K,S1,YES,0.0005,50.0,1.0,0,-51.0
0x20a59e7c724fe4fd79b0797d17b03175ffcf79866c1e712e50a920fa90cdda76,geopolitics,15-50K,S1,YES,0.009,50.0,1.0,0,-51.0
0xf5a756ef898f9fa858d8710a63f4aa16b4d3c4d2fff27afae1d1ed329620eed7,geopolitics,15-50K,S1,YES,0.125,50.0,1.0,0,-51.0
0x8352897596d350e6946fe1ee342e692c7d02ab81632761edcc90f82ff21cf1ae,geopolitics,15-50K,S1,YES,0.0005,50.0,1.0,0,-51.0
0xe8cb25509e310da6a5bae13acef73bccdd9521b14f1c2d821a49f8466336e10e,geopolitics,15-50K,S1,YES,0.007,50.0,1.0,0,-51.0
0x44ed371c6f18a042223cb9f88e0a1363383657cd3a5d02a8b45c457fa1790ebf,geopolitics,15-50K,S1,NO,0.9955,50.0,1.0,1,-51.0
0xd1f77a3400817730aca6f1c9508b98f2a5e591e8945b5419b617b9586a17461f,geopolitics,15-50K,S1,YES,0.0035,50.0,1.0,0,-51.0
0x0a86c5aafaf6d09f50c4abd262cd688e948c9f267ca8df7882b3c68997055c1b,geopolitics,15-50K,S1,YES,0.0115,50.0,1.0,0,-51.0
0x36428bd51c8240d8063bbfbf1777f1b9e8e31f23b852f3fe14d2569f84d17401,geopolitics,15-50K,S1,YES,0.0065,50.0,1.0,0,-51.0
0x4d9aa1fd40e69a3edf1ad6f1bf75a9c42b8faf145d40e0350ca270632b3fc4dd,geopolitics,15-50K,S1,YES,0.0085,50.0,1.0,0,-51.0
0xf882b0d63becc41ea3a990d42e137728f4cdb147cc373321075c5dfa8cdaffa1,geopolitics,15-50K,S1,YES,0.075,50.0,1.0,0,-51.0
0x948ab7d22a31ab218c935e3999199b8ed6698bad52bc5e717629c591bd6f4190,geopolitics,15-50K,S1,YES,0.0115,50.0,1.0,0,-51.0
0xaf3d0dc7ae911f132057aceb5d90db5213503c47a6b07dc58e6a964ddc0b1ba5,geopolitics,15-50K,S1,YES,0.0025,50.0,1.0,0,-51.0
0xa690bcb4a1214dec6c41d3992c8909fb4faa68f481e91b83510a5926c8dcb818,geopolitics,15-50K,S1,NO,0.97,50.0,1.0,1,-51.0
0x6ee44a32b167a5d5d05a4b6522d7304a27b8682e3314528afbd99a9cf22a3ef6,geopolitics,15-50K,S1,YES,0.023,50.0,1.0,0,-51.0
0x38dfaef00556eb168b46e2c9e79d49ce4725df55d8fefb3c3dab07811db8d0f1,geopolitics,15-50K,S1,YES,0.021,50.0,1.0,0,-51.0
0xfa2fe71de6a4121dad1e599542e29f18f2da8c3107c8d13ca8c2c998e864a930,geopolitics,15-50K,S1,YES,0.008,50.0,1.0,0,-51.0
0x7e19a9159dc7710a8aecf24fbd2cedf01bd77baaf14aeedbbe9091b75dcdf319,geopolitics,15-50K,S1,YES,0.0055,50.0,1.0,0,-51.0
0x9cf011dcb1d04832b524118515fe1076764182ff54fd2a1bc36561f1ec2f8cf2,geopolitics,15-50K,S1,YES,0.122,50.0,1.0,0,-51.0
0xae8d0502816e3a509685ca7a3557119c212b4a930e8731e4e8f5e8017ecfb479,geopolitics,15-50K,S1,YES,0.008,50.0,1.0,0,-51.0
0x9eb11ec0a68daa7704d91cb9cf6505afed4a920a84d99eb9f35e834682b12df2,geopolitics,15-50K,S1,NO,0.9995,50.0,1.0,1,-51.0
0x4323d8fe52e4f1d04ec5d088b7cff3f1613722df7f140615d689c9dd4e794368,geopolitics,15-50K,S1,YES,0.0145,50.0,1.0,0,-51.0
0x754e9fbe2731ad1b775887a7e83d67b92b0700546740cefb204a2499f076eafd,geopolitics,15-50K,S1,YES,0.0005,50.0,1.0,0,-51.0
0x9f66d14b441a5af47cf31c9f063114d67c92968174c89de7badb722e0262f6a0,geopolitics,15-50K,S1,YES,0.0025,50.0,1.0,0,-51.0
0x0e0c14b89cb08fd028364656cc41b4771323ee7e0fda9c041271be62b3faf468,geopolitics,15-50K,S1,YES,0.0005,50.0,1.0,0,-51.0
0x72c6794d9be77f33287ba88554e4d153c08427c46216faea58de5eccd266a1da,geopolitics,15-50K,S1,YES,0.003,50.0,1.0,0,-51.0
0x3b1121fddcadbd2b8bb2c96bf815a5303b72b8f90fa3145140ab607cec232fae,geopolitics,15-50K,S1,NO,0.999,50.0,1.0,1,-51.0
0x1dd8d6afc998fe922a00c46a2705c325f4bc09f9af750bedf1946513dd60c099,geopolitics,15-50K,S1,YES,0.002,50.0,1.0,0,-51.0
0xabcc3eed397a203fbc9e4b99fdf37c42f7015fe3fe1cff090d58574d47496685,geopolitics,15-50K,S1,YES,0.0005,50.0,1.0,0,-51.0
0x6fd4cff7d7e09e613ae8db200557ec8487dfb2200412e230619400b23d52b5bc,geopolitics,15-50K,S1,YES,0.0205,50.0,1.0,0,-51.0
0x54905ea776fdd41043fcf0ef8828e8062afbc4cec663822302fd0ccdb307d8b5,geopolitics,15-50K,S1,YES,0.017,50.0,1.0,0,-51.0
0x93f4c7d110f2ac9752f56bc448d81f393c439ee96e4342898c9c5e535bb08e4a,geopolitics,15-50K,S1,YES,0.0005,50.0,1.0,0,-51.0
0x65e2de7aa9d97d3c1fa818321dcba2ead3a44c42a94f29df4b008d1cddb6fa46,geopolitics,15-50K,S1,NO,0.9,50.0,1.0,1,-51.0
0x1ea32b75e1572c8c471d4600b05bfa322c5e1a5ab97a95fb2b047ea798dab2ee,geopolitics,15-50K,S1,NO,0.9545,50.0,1.0,1,-51.0
0x23cfb7f4d4cefbac8e464cb53717654d84f82f5ab7ad4497662c122d94bb658f,geopolitics,15-50K,S1,YES,0.003,50.0,1.0,0,-51.0
0xf18e0785116e491c40b5a607fa69a451ae552a3f04f50a6bc51a7768fa581e96,geopolitics,15-50K,S1,YES,0.1145,50.0,1.0,0,-51.0
0x128f8900f9fcf26d6686566105a0bbb581813a0d3f16f1fa0a0324e56ed9c6fc,geopolitics,15-50K,S1,YES,0.002,50.0,1.0,0,-51.0
0xd6ba332e88335deb8d04b7faae06e1ad265f1e8ad464a2a906e7748dc8c7790a,geopolitics,15-50K,S1,YES,0.0005,50.0,1.0,0,-51.0
0x6d20fbec2da69596c8c350ba463fb1132ec47a34c89d71d0294ca75b6c419339,geopolitics,15-50K,S1,YES,0.075,50.0,1.0,1,615.6666666666667
0x461e3a6415a701a260c9f61ba726074e44c65c20d3e1f2ca916aaa10747ab319,geopolitics,15-50K,S1,YES,0.033,50.0,1.0,0,-51.0
0x0c5ae6834bad46eb993926dd5055818a0a695f93940860247556af7ddc18377e,geopolitics,15-50K,S1,YES,0.018,50.0,1.0,0,-51.0
0x6913acb3b4cd22d006de94416187e2fb3ae2cd56871aefd4cfd1c328548f7f5e,geopolitics,15-50K,S1,YES,0.0055,50.0,1.0,0,-51.0
0x67f5f2ce94e999560348ba7cea12b82e032f503f572084756bd6cad0b1f5bb3e,geopolitics,15-50K,S1,YES,0.015,50.0,1.0,0,-51.0
0xbf203db4288fb9d2644db867ba399900279f18026fbfd302fe858e539fad36d2,geopolitics,15-50K,S1,YES,0.029,50.0,1.0,0,-51.0
0x5baecd1f5286bb3150e6186b8cd6ca0468cbed8093cd6b8f4a1a8752d35139d4,geopolitics,15-50K,S1,YES,0.0025,50.0,1.0,0,-51.0
0x129ef0a1c46d47760646aaabbc6b9c229355476b8c392e85c614540a2532000b,geopolitics,15-50K,S1,YES,0.0025,50.0,1.0,0,-51.0
0x6373a53f15b4db85d6ba64e24e75a39211aa12781b9034ef94ee0bcb630212af,geopolitics,15-50K,S1,YES,0.003,50.0,1.0,0,-51.0
0x410dae9e439d5943703e08bab74b2147f526d13e432fcbf3583dd351c3f3936a,geopolitics,15-50K,S1,YES,0.0025,50.0,1.0,0,-51.0
0x8d93791d7c262550cdaf6edde9016add94aef0b8a4a06bea8c6bd53b233ce0d5,geopolitics,15-50K,S1,YES,0.0005,50.0,1.0,0,-51.0
0x07ff647adb4fccea99d476fefd88d31a09bd275748bd093305ae661e03ef2366,geopolitics,15-50K,S1,YES,0.0005,50.0,1.0,0,-51.0
0xa372387ff2de628dd2097d889a34b5cf08a6fcdd8e59b254400e0b47506c557e,geopolitics,15-50K,S1,YES,0.001,50.0,1.0,0,-51.0
0xcd70715798fc5a4ffe5650f41fc94d6ae981cc809da3561cdbea3dac869ff561,geopolitics,15-50K,S1,YES,0.0005,50.0,1.0,0,-51.0
0x6ba01b84505b019e8c3ace62e85916535bdd950c0f7d78a6c1c6077fcb9b625c,geopolitics,15-50K,S1,YES,0.0095,50.0,1.0,0,-51.0
0xbe79f22965635de887b6d690911d04ec6a9d86ada78f2323f1ed56b316ece79a,geopolitics,15-50K,S1,YES,0.009,50.0,1.0,0,-51.0
0xb71ee44874e6128bf90be5d2f1c07a58bbebdf2518535143069992ac22e277d1,geopolitics,15-50K,S1,YES,0.0005,50.0,1.0,0,-51.0
0x9c02440c284eaa4798096be5cbde0c845d9962ff22664e50e2d7922a5d26a1c7,geopolitics,15-50K,S1,YES,0.0005,50.0,1.0,0,-51.0
0xbd6c9dcbbf279ec16536724b73336b1b9f27e78f0034e872261c590a01110bf0,geopolitics,15-50K,S1,YES,0.005,50.0,1.0,0,-51.0
0x78d6c8f900ef99c64ee123db009cf864179d4b659c5c898030c756c5e528d8aa,geopolitics,15-50K,S1,YES,0.0155,50.0,1.0,0,-51.0
0x0e65ac45d12af61673ed92b0e65866d7b7fa58ce395c71cfc86d91e10af26ad4,geopolitics,15-50K,S1,YES,0.09,50.0,1.0,0,-51.0
0xf3714b6a1b25b3bcbf2bee6fa820b018bec57bd006fdb8459a5e6f5bd97749a9,geopolitics,15-50K,S1,YES,0.082,50.0,1.0,0,-51.0
0x27bc9a0246320133b3e57d9c698d1b94fb9c4f1924886b954960e8ac0b5514ce,geopolitics,15-50K,S1,YES,0.08,50.0,1.0,0,-51.0
0x343bd70dc933edcae475b2053c6a3cf10ea6383ef2ef87d0ab70e31a045f8645,geopolitics,15-50K,S1,YES,0.017,50.0,1.0,0,-51.0
0xf93c2cb39ae91f4d46ce09b9db68e2e446bf75c896e071ff90e83d16ed9bf182,geopolitics,15-50K,S1,YES,0.018,50.0,1.0,0,-51.0
0x7f99d8d0221a775ca04249b00d86c02da178a897c7847c1c50972895758fcb8c,geopolitics,15-50K,S1,YES,0.045,50.0,1.0,0,-51.0
0x8906ef02619ac44492cfdb44781bcc2848c32895d2c3c39ceef00a960fc4d87b,geopolitics,15-50K,S1,YES,0.0095,50.0,1.0,0,-51.0
0x92137f9e112c001cbef3e32da9aca4b42cd3d161f51c2963779ae694d45a48da,geopolitics,15-50K,S1,YES,0.105,50.0,1.0,1,425.1904761904762
0xfb9dd816b88371cce8f1367e3eaca65957233d5199d96058d22e89532c3d6356,geopolitics,15-50K,S1,YES,0.0035,50.0,1.0,0,-51.0
0xaa0bec393d2ed411398d4bd5cbeaf36d5dc2bf9d9b248ee7949f32bc6abee3a6,geopolitics,15-50K,S1,YES,0.0005,50.0,1.0,0,-51.0
0xe5764e7d18ccccc39b1f342f7a7b5c8866538ad801af9eae13d39d5322199985,geopolitics,15-50K,S1,YES,0.0035,50.0,1.0,0,-51.0
0xe8d1a07af334e35411c7237ff531fd98905aa60204bd8ff03c080132f42ee897,geopolitics,15-50K,S1,YES,0.0235,50.0,1.0,0,-51.0
0xc84cdea449f5921873a3f93ebca7a238fbe8723412d19c2b2698340e00ce5afc,geopolitics,15-50K,S1,YES,0.115,50.0,1.0,0,-51.0
0x21caf8776c903a31133ba57f63d2a23c33502189372f3046786876fd037abdef,geopolitics,15-50K,S1,YES,0.0005,50.0,1.0,0,-51.0
0x0bd2cb9ae2503784fed1110b9ccf19375b9cbeb420ba0f0ded93be0093f14543,geopolitics,15-50K,S1,YES,0.0005,50.0,1.0,0,-51.0
0xe97744bcb7f8a67743636ca4cfb4045326af8c9f572bf10d1b6c9c18b078ca69,geopolitics,15-50K,S1,YES,0.05,50.0,1.0,0,-51.0
0xd59d5b6e8e170415fac435fb4d7b072c9c4ab7231fdbf3292334a722ee93a7c1,geopolitics,15-50K,S1,NO,0.96,50.0,1.0,1,-51.0
0x020419fa798598e8bbb6a084432a1c8d690b6528f1cc6b085666ad1989b4b5c0,geopolitics,15-50K,S1,YES,0.0395,50.0,1.0,0,-51.0
0x9b792b2218e77b4c168b8cb603af34ad3703f2753d326f0f444de3711228116b,geopolitics,15-50K,S1,YES,0.024,50.0,1.0,0,-51.0
0x1dc56b0273b8de5535f64d6643800ec029501a8606b68f84f3dce232e47b2db9,geopolitics,15-50K,S1,YES,0.0035,50.0,1.0,0,-51.0
0x069274e4970955a64b5fe0656875833610665d54912ec16aa175d3b3e55b4189,geopolitics,15-50K,S1,YES,0.0015,50.0,1.0,0,-51.0
0x26205b37b6a134c44549b98178c5260ca8a9411d9bbc8ac882b91d6ab15e7713,geopolitics,15-50K,S1,YES,0.003,50.0,1.0,0,-51.0
0x9f5c624ebd59176bff519d147041052677cb2a4f0877b3e67f003534c402aee1,geopolitics,15-50K,S1,YES,0.003,50.0,1.0,0,-51.0
0x113b388d6e9ef1539ac9b7914eaad093570e206992c61299436fb1d2736ffb89,geopolitics,15-50K,S1,YES,0.011,50.0,1.0,0,-51.0
0xa068761026b778d901bda82e3fc1429b6a2922b68de80795ef7afd9204430a0d,geopolitics,15-50K,S1,YES,0.0385,50.0,1.0,0,-51.0
0x1fc2a8443ee2edace495659774b89963222351505a2b9bab7d4856b8638e5dab,geopolitics,15-50K,S1,NO,0.952,50.0,1.0,1,-51.0
0x3d8f4aefd2ee8568c15c35e00187214b66d8aea2542c6dc7d1b40c90c2544e9c,geopolitics,15-50K,S1,NO,0.9995,50.0,1.0,1,-51.0
0xf997dca922180bb38139f3435673d017c610f30f80eb0ee96212a96fea4bbb24,geopolitics,15-50K,S1,YES,0.0085,50.0,1.0,0,-51.0
0x137cbb1e5bbb4eb571c18a6dfe2777dd3cd7e06a6fa25afbcb75206918e3776f,geopolitics,15-50K,S1,YES,0.0255,50.0,1.0,0,-51.0
0x0f90742078c0807d6d17fd6808e187504989b6bd1aaa68aa9521d9499275025b,geopolitics,15-50K,S1,YES,0.0035,50.0,1.0,0,-51.0
0xf0982dec078df24338886583eeb3567b6a1d07b6092c20a7cf4a089a06d7ba56,geopolitics,15-50K,S1,YES,0.0305,50.0,1.0,0,-51.0
0xfb49ab21eeb7c15d59882cb00062a61d5215070156fe7706ea1a651fc4c143a9,geopolitics,15-50K,S1,YES,0.0005,50.0,1.0,0,-51.0
0xbdbffeb5cfbeeea9b09253c86b3c8401f8db93850db681f94b2005c20a0424ee,geopolitics,15-50K,S1,YES,0.0105,50.0,1.0,0,-51.0
0x4d51d65695bf66a3f7743a96ae9041ba14fc93d3fbd21b9c2a11fd0e3047e01a,geopolitics,15-50K,S1,YES,0.0055,50.0,1.0,0,-51.0
0xe35dba72c626cc2e73143f3da3bd525c7e98bab1392f544faaa3105343420da5,geopolitics,15-50K,S1,YES,0.0005,50.0,1.0,0,-51.0
0x38b4857b4be08493cdb6aad1052332b57fe58d4e16b2f1979434ce2260433358,geopolitics,15-50K,S1,YES,0.0005,50.0,1.0,0,-51.0
0xda440234b0f1fe76ca6fb6f66da25236ecbbbcd9a6ff274749dde9a5f3583c24,geopolitics,15-50K,S1,YES,0.075,50.0,1.0,0,-51.0
0xc8d4fe249823708e621af15dcc0bfbdf158e7737b37bd75a284fdea3db526b96,geopolitics,15-50K,S1,YES,0.1,50.0,1.0,0,-51.0
0xd30162fdb150667fd91c0c573dc74b1cb251e216e089fd20859133b5cb2ae5c9,geopolitics,15-50K,S1,YES,0.0365,50.0,1.0,1,1318.8630136986303
0x7793fb95b191bdc476eb4c18396735ac57da1164cba56670f4ba709925647a04,geopolitics,15-50K,S1,NO,0.89,50.0,1.0,0,403.5454545454546
0x21649e35e2374274c137b4bb2dad5c7e41a5bbf1ca5bec85fc42511e38a2b9c9,geopolitics,15-50K,S1,NO,0.945,50.0,1.0,1,-51.0
0x521c8ade9d59c45f946774716cf55aab0b6b95ef0766387f8ff21effb7f9b592,geopolitics,15-50K,S1,YES,0.029,50.0,1.0,0,-51.0
0xafe1b7be515259388df5bf5123dfcada1345866aa04704b5703ea8dacf5793e1,geopolitics,15-50K,S1,YES,0.0125,50.0,1.0,0,-51.0
0xeabe357efefbd2510a34d6d7b5c1b844bfff0d104383e86d30ac6669bf0d034c,geopolitics,15-50K,S1,YES,0.006,50.0,1.0,0,-51.0
0xb20a98a26ba3b1d1d29d37f80469465bcb103604b34c2a01ce1b9742ffba9b26,geopolitics,15-50K,S1,YES,0.0075,50.0,1.0,0,-51.0
0x6a4fb41f0a5a6a18bcc84a7b168cdb928a3e9fba7f5903a33bde22db8bc418bf,geopolitics,15-50K,S1,YES,0.003,50.0,1.0,0,-51.0
0x052a356ea100e7c57c79b80a9a29edd378e242c534f6d9cbfa707ef3d4e696e2,geopolitics,15-50K,S1,YES,0.0005,50.0,1.0,0,-51.0
0xf06a54d7176d2e19f000b1bc41af74d79a22619648d7a8ac74ef231cc537850f,geopolitics,15-50K,S1,YES,0.0015,50.0,1.0,0,-51.0
0x415fd8fd1fe843a0cc164cabf56bfa867f0d739f029db04dc083880a2f27ce65,geopolitics,15-50K,S1,YES,0.0095,50.0,1.0,0,-51.0
0x9d8a88abd5a103760c22e11551c7ae59f861326fcc823674fc02606b63560cf9,geopolitics,15-50K,S1,YES,0.0015,50.0,1.0,0,-51.0
0x8d71eebfeac93509b5d1061725583b8df364823d816be3b2284b07cfa913f20a,geopolitics,15-50K,S1,YES,0.0195,50.0,1.0,0,-51.0
0x3b489d201869b9e813047955884c846bfa69c768c7df1d5175e55d6cebe63310,geopolitics,15-50K,S1,YES,0.0125,50.0,1.0,0,-51.0
0x1d2cf8d200e14ad27fabd93f654ee999fa6ef413b902ddb0a71db21c45757f63,geopolitics,15-50K,S1,YES,0.0145,50.0,1.0,0,-51.0
0xf564fdfa282fade9a343c2b8b02a9cd25b9adfd491abe494e04233889e3cb9fc,geopolitics,15-50K,S1,YES,0.0015,50.0,1.0,0,-51.0
0x24b040251d1121196e5d21f479c33a869d0c7b3e35a41571a40690e3aebd54cc,geopolitics,15-50K,S1,YES,0.0025,50.0,1.0,0,-51.0
0xa7bdb4e554de13129dc429dc030e780661253f44a60aeed6a502a6d9a06a49d1,geopolitics,15-50K,S1,YES,0.002,50.0,1.0,0,-51.0
0xdac55cbd27e9a0a8fc8af153d6f584e411f401a054a5de55c2f6cafc06d1a8a8,geopolitics,15-50K,S1,YES,0.0095,50.0,1.0,0,-51.0
0x6b5ecd887aaa99a4c2745119f36a23e2846e3f6407ec74f77ad675ea90c3ef2a,geopolitics,15-50K,S1,YES,0.0015,50.0,1.0,0,-51.0
0xfcce7516a6edb3293fbd8482b69bd0543ac5440689a743d4dd14543f3958d002,geopolitics,15-50K,S1,YES,0.061,50.0,1.0,1,768.672131147541
0xe64946cd8d2d19ea559c78db03cd93688f842bc6277fbbf921a1423ca0e98f6c,geopolitics,15-50K,S1,YES,0.13,50.0,1.0,0,-51.0
0x96f6aed94facad5cfeca5507e1a3f6a5c6500dac44df4b373bb829ba8fe0b5a6,geopolitics,15-50K,S1,YES,0.0005,50.0,1.0,0,-51.0
0x19f72612d7e2e92adc3f2ac2d75806b37bd9788b0dd6999654474da2d67e6956,geopolitics,15-50K,S1,YES,0.0005,50.0,1.0,0,-51.0
0x54f2d63a6512045645b3789b498f95227b1ce57801b1f9d0c9f9fa9f4d5dc7eb,geopolitics,15-50K,S1,YES,0.0005,50.0,1.0,0,-51.0
0x185dfb6e222f3e467a98f39cd70a0083aa200425798efe9f1b2d9fb6dbd190ad,geopolitics,15-50K,S1,NO,0.997,50.0,1.0,1,-51.0
0x5193e1dbd548e792d51bbf361e419e45c3945ca3253275fbae82cfc13b2355a1,geopolitics,15-50K,S1,YES,0.0005,50.0,1.0,0,-51.0
0x5916b06ac023a9fd380b05d469d508d0ad722aae7ab9c5f3efc7aefa2e8fd39f,geopolitics,15-50K,S1,YES,0.0195,50.0,1.0,0,-51.0
0x0742e85e568235c6bbf715556bd9b26f32f76e5946f21a000d387c0e3b846e20,geopolitics,15-50K,S1,YES,0.0005,50.0,1.0,0,-51.0
0x8c673122e07691335ddca322dd41013711b9eb28dbd0406309df8a12ae353a2a,geopolitics,15-50K,S1,YES,0.0005,50.0,1.0,0,-51.0
0xe4e5cdc4135cfcc3afce62f24687609ae42b67982641015eda335828772edd08,geopolitics,15-50K,S1,YES,0.0005,50.0,1.0,0,-51.0
0xdaf6aa41c877b0a2f21f670e0b2b23343e24ea6743c7ddb5b373ebb1ae8e7915,geopolitics,15-50K,S1,YES,0.0005,50.0,1.0,0,-51.0
0x97f7ac6f9488a6c3470e8d0305bbde37f76692a78374cbef803946bdeac07e48,geopolitics,15-50K,S1,NO,0.999,50.0,1.0,1,-51.0
0x308fe0ad95520768ec0b794c7c30b3469bbdd4dd2feba218153672745ba0f6fe,geopolitics,15-50K,S1,YES,0.003,50.0,1.0,0,-51.0
0xbc89401b0d892987a1696442b97f736fab0a683c925eda4032cebbc3fb587759,geopolitics,15-50K,S1,NO,0.9985,50.0,1.0,1,-51.0
0x06eede5999a7a67a2b56811f81c7b352d17f8a6df556527731a95a1f4e07ff96,geopolitics,15-50K,S1,YES,0.031,50.0,1.0,1,1561.9032258064517
0xfb35c4b75b932f91fd543651473976d1124c6eab5e204050dce7028eae44ea8b,geopolitics,15-50K,S1,YES,0.0035,50.0,1.0,0,-51.0
0x6831e2d6108d2316252466bf828cdb02aa16c5e8152ff428d2c0a035d5637e60,geopolitics,15-50K,S1,YES,0.0005,50.0,1.0,0,-51.0
0x824494c789b70bcb571591f8efdbcabc2bef578e0498ad9d1348a1ce9f94b8e3,geopolitics,15-50K,S1,YES,0.0005,50.0,1.0,0,-51.0
0x6615814797e1f3be7a827c70a94c674e9e568bfc7f1986c1f9257abcc5624d82,geopolitics,15-50K,S1,YES,0.095,50.0,1.0,0,-51.0
0xaf9f82c55c0bcdbc4bfa99fe4a8ee9040361c79071754b299797480ab95b262b,geopolitics,15-50K,S1,YES,0.0645,50.0,1.0,0,-51.0
0x2474fea8345b414b9f1d9279b6a05b2dc0882d850c376a5efe885446576407da,geopolitics,15-50K,S1,YES,0.105,50.0,1.0,0,-51.0
0x09c729799fba39d2d21ecd5dc104e9e03aeea536543cd0a560230400218fcf94,geopolitics,15-50K,S1,YES,0.0005,50.0,1.0,0,-51.0
0xa355b428bba7888ea049f39827a9add26c1b4d8ad5cfd58d598346a257b96e91,geopolitics,15-50K,S1,YES,0.0005,50.0,1.0,0,-51.0
0xc30a8d604d0cf4d62c816a902c14ed0db890033a7334cca6f4b941c1ec3b5640,geopolitics,15-50K,S1,YES,0.0005,50.0,1.0,0,-51.0
0x2bdb09e4e7a2a4037db2401d2788e2565555db63967ed3e7c276c128d8e56f9a,geopolitics,15-50K,S1,YES,0.0005,50.0,1.0,0,-51.0
0x8a3b0aeb1043b701cd74342626b507468da35c944909517b435a152c1c0ef1d2,geopolitics,15-50K,S1,YES,0.0005,50.0,1.0,0,-51.0
0x5387de10b12c52e40eb885344a3723caf3d973f21fc588853cdda23d7ed754cf,geopolitics,15-50K,S1,YES,0.0005,50.0,1.0,0,-51.0
0x88352e2e5e5305c202da7c156c9642837bab9acb82dd2468cbf40edeacaf060e,geopolitics,15-50K,S1,YES,0.0015,50.0,1.0,0,-51.0
0x25ac9d2a86cb02a5db4347478f025703c9f2c8a6fab61b35d2ddc21de67058a6,geopolitics,15-50K,S1,YES,0.0015,50.0,1.0,0,-51.0
0x01b6f748bc326963f1f4cd24add622c83ac1a0656a07129d90f8226a6ec207dd,geopolitics,15-50K,S1,NO,0.9985,50.0,1.0,1,-51.0
0xbb4bb3a55254bcfb15e858e6d2e553d24016181e70d604c739e0b3e99fd144ca,geopolitics,15-50K,S1,YES,0.014,50.0,1.0,0,-51.0
0x3288bd6f375b24c8369d5e7c4079723006a682840f9fcf703d6c5a312f8a385e,geopolitics,15-50K,S1,YES,0.006,50.0,1.0,0,-51.0
0x39283deae2beada4b6c25f88f726ee11930bfdb195d2b26361f07329af484659,geopolitics,15-50K,S1,YES,0.021,50.0,1.0,0,-51.0
0x0832d2eb8afe687701554353e1794adaf6bf4663ec3116df80286338d0716615,geopolitics,15-50K,S1,YES,0.0005,50.0,1.0,0,-51.0
0xdc0bd6f9e7c36da2085c3f7444405bd4dce3298143f69b7f5f23677e91171cc2,geopolitics,15-50K,S1,YES,0.001,50.0,1.0,0,-51.0
0x6bceb0f2be7d25f62dc9edc582ff9002a445d199ff0b1f53ae4a5f3f548de1c4,geopolitics,15-50K,S1,YES,0.135,50.0,1.0,0,-51.0
0xc5285610c7f6585fb7606b0a3225f21619c8b754e750fb540b2f334164eaf90c,geopolitics,15-50K,S1,YES,0.0005,50.0,1.0,0,-51.0
0xef4860353148f9bd10be4ba84282384403e113942244f82c4d0dac8a2be0612f,geopolitics,15-50K,S1,YES,0.001,50.0,1.0,0,-51.0
0x3712962b5dec4f983b9adc2344d7ef270268969422dc799a8a9ea79048ec80f9,geopolitics,15-50K,S1,YES,0.0055,50.0,1.0,0,-51.0
0xea48854a5c19a29c6c38956685ba0607c95f93ac9f927a4810b2d428561141f8,geopolitics,15-50K,S1,YES,0.0005,50.0,1.0,0,-51.0
0xa379b8ee37319494f5eaea63dc538df747e36f0a2b8d26ce8f0ff9c049701af2,geopolitics,15-50K,S1,YES,0.009,50.0,1.0,0,-51.0
0x2c3e740697e50433b0ecafdadcb01d7e2e5d4dd61459733a39b5dd25311a275e,geopolitics,15-50K,S1,YES,0.0005,50.0,1.0,0,-51.0
0xc680fb95af936fc7fd2c5e8a1181104484540b963f8923e7c9593710711f2242,geopolitics,15-50K,S1,YES,0.036,50.0,1.0,0,-51.0
0x85aa838bb6cfcc7c70ac1ab6de0aff9ef53bafc994865b9571ecac1df0376f43,geopolitics,15-50K,S1,YES,0.0005,50.0,1.0,0,-51.0
0x74634b7ee56491ede6435a342e83ff2600aa6308bca3d3ae7b4ecfc095a36baa,geopolitics,15-50K,S1,YES,0.07,50.0,1.0,0,-51.0
0x4fbd086817445f575f5ca39d650d5f2f98761b20a8fad60bdf6d75f1a6024d63,geopolitics,15-50K,S1,YES,0.075,50.0,1.0,0,-51.0
0xb020e45afe4e743ab2628c608795dfd1e719056231f57731a9fad40d521c6673,geopolitics,15-50K,S1,YES,0.075,50.0,1.0,0,-51.0
0x069ba516b54b2e18545097211a510ec615758a50953255ba5e41dfab0446dc63,geopolitics,15-50K,S1,YES,0.11,50.0,1.0,0,-51.0
0xd5a74540b3e1cc65af6150bfbecb4d769c99adef982556c79fe21bd5c2fe7985,geopolitics,15-50K,S1,YES,0.065,50.0,1.0,0,-51.0
0x0758aa7db63be1ed058d237d8f502a18af9b9d5c58c1939886416b8c21f778a4,geopolitics,15-50K,S1,YES,0.006,50.0,1.0,0,-51.0
0x4c4fb6f271915e60c899281b74bf13876eb9ffdc5486527863900f1c35b673fd,geopolitics,15-50K,S1,YES,0.04,50.0,1.0,0,-51.0
0xb1621719120f210181d8f27e411d987ace6408dd3e0243cd0de518ed18289a91,geopolitics,15-50K,S1,YES,0.105,50.0,1.0,0,-51.0
0x0e2c1d7a29fb3ecbbbb320ea2d2261b141197ea28098a548271644b40b9a6fd7,geopolitics,15-50K,S1,NO,0.895,50.0,1.0,1,-51.0
0x8658f913e63080886a9da58d2ac9e5365cea530997c7fd6ea8aeef8c2c22d69f,geopolitics,15-50K,S1,NO,0.895,50.0,1.0,1,-51.0
0x99ccc2e019a8421742621c9896982f90fa4e73c3d490d609fb3687d56861367b,geopolitics,15-50K,S1,YES,0.0075,50.0,1.0,0,-51.0
0xdc169ca8e998ea2531440c5c10258b77e22680ce701f9f46edec84903a16cbfb,geopolitics,15-50K,S1,YES,0.0235,50.0,1.0,0,-51.0
0xd14145c56e36be13dccb37c63158c3bc8c691e8f13993816af24afd4b3fa702f,geopolitics,15-50K,S1,YES,0.06,50.0,1.0,0,-51.0
0x027b8d3b2f68a0f78ca5afec04ef182f3a6e9dd8a35dc572162dfe4483c89542,geopolitics,15-50K,S1,YES,0.095,50.0,1.0,0,-51.0
0x9b2241e5023cf5a319268637c6b525b29527ff627fea24d7ff11bf8dbbbce515,geopolitics,15-50K,S1,YES,0.045,50.0,1.0,0,-51.0
0x19ed51210cede6932e559922cbb832a0a218d45383feba376580e6ce2ad93853,geopolitics,15-50K,S1,YES,0.015,50.0,1.0,0,-51.0
0x0b62ca57f1de8b89add79078aaf413b129eef8315625b2fec1ffcf256d8dece4,geopolitics,15-50K,S1,YES,0.016,50.0,1.0,0,-51.0
0xa158db8eeff5631f5b1dde5bf231dc15b6258916ec39f79c2aa1d243e05789f2,geopolitics,15-50K,S1,YES,0.0175,50.0,1.0,0,-51.0
0x8153292497d6fd565744dcd34791082fa8fa5eafa8f55c8d017e557af8133002,geopolitics,15-50K,S1,YES,0.1,50.0,1.0,1,449.0
0x67ca01f75ad56b885aedae60d2a28c4569a69cf4e5814c356a95be28fb47678d,geopolitics,15-50K,S1,YES,0.095,50.0,1.0,0,-51.0
0x38f455d58244268a4adff6b5787cfbe21cf584883db31d4371523511d5313f61,geopolitics,15-50K,S1,YES,0.024,50.0,1.0,0,-51.0
0x950cf1c7a2c2b731389374697caf126fe71af6f48f7fd729ea80cd7445c4cf1e,geopolitics,15-50K,S1,YES,0.0325,50.0,1.0,0,-51.0
0x835293fdd731fd51f66f18e627e58ce4022ffb4f8db7a64f9e068a4c9bb20a66,geopolitics,15-50K,S1,YES,0.09,50.0,1.0,0,-51.0
0x73d9fc56285985bf2ce99fc8f501a002651b55e1cf644af26db80692c6673343,geopolitics,15-50K,S1,YES,0.001,50.0,1.0,0,-51.0
0x1da3b067be31eb471516bd0ae8d1f85f8f6770747c34f6cbd761438fd58397de,geopolitics,15-50K,S1,YES,0.125,50.0,1.0,0,-51.0
0x0baa8bbb7b974a19e8b91205be112e064df134c7e4ae90476ca50c247c82daf1,geopolitics,15-50K,S1,YES,0.0305,50.0,1.0,0,-51.0
0xbe26cb4271d859584f3acc2c8f8ea9ae872f6845d89b3b1777ab100918f08906,geopolitics,15-50K,S1,YES,0.07,50.0,1.0,0,-51.0
0xd2ba0333139cc904c92b7741b9457b8eaebd4964e3a450217dbbd8dadc882551,geopolitics,15-50K,S1,YES,0.0005,50.0,1.0,0,-51.0
0x5d07dbbd43ea9f1a4f585a4f22af1019f9f82b4901341910925ce74ff7b9b02e,geopolitics,15-50K,S1,NO,0.905,50.0,1.0,1,-51.0
0x02b4a096c4e3115d67b3eb05663b29ee5c982be66f53029ddaf16b22c9ce84c9,geopolitics,15-50K,S1,YES,0.0055,50.0,1.0,0,-51.0
0x683c00d1a271b8316d5851fe4b07508ebf230b2aa9e94b4f455dcbb4486b6ab5,geopolitics,15-50K,S1,YES,0.12,50.0,1.0,0,-51.0
0xaecd38f0d1b839a2621b54a6dd2a69d1f37d39c812bc2f1f1432ee79555623f8,geopolitics,15-50K,S1,YES,0.0095,50.0,1.0,0,-51.0
0x8cfbeb1d72b72ee16a05865b8b2a328c7386f1f544975ab58c9f33d825994f6b,geopolitics,15-50K,S1,YES,0.0155,50.0,1.0,0,-51.0
0x14d4b7687586f20713394670dd33875138c1b8107f62f54a6b3869c7d1b1c861,geopolitics,15-50K,S1,YES,0.0355,50.0,1.0,0,-51.0
0x6f9143b5c37be6829a0cd89127d146cb7eccf777e17bd355b06641641a14192f,geopolitics,15-50K,S1,YES,0.026,50.0,1.0,0,-51.0
0xbf245f51ee0cb5020ffc948b2e63d86ca112c2691665a043a2e139f0c9d4d1f1,geopolitics,15-50K,S1,YES,0.0295,50.0,1.0,0,-51.0
0xccbfe9aaeeb3639ebae86443370a955d5273ee47e43bd765bbd0a7306d3bce3a,geopolitics,15-50K,S1,YES,0.004,50.0,1.0,0,-51.0
0xa3b848a002b85952f7fab6337b26caa15612674b227a6246026d3c35d76fe464,geopolitics,15-50K,S1,NO,0.938,50.0,1.0,1,-51.0
0xf1f7d2cf64386174d05522499b147e18e60bbf7e2749967879ee8685b15c98a6,geopolitics,15-50K,S1,YES,0.002,50.0,1.0,0,-51.0
0x12b07f4fa02263c8d93c220e006b26b7e072c1ac54597ac5be6e4aab052927ae,geopolitics,15-50K,S1,YES,0.0345,50.0,1.0,0,-51.0
0x6eb70f72edc1698f445e6ad2a7392225f175f4171288e62c637f09c86593ab97,geopolitics,15-50K,S1,YES,0.0005,50.0,1.0,0,-51.0
0x4b4a00cc1b9a54b43cf79dfe8efbbf66826ce9129eb9d73f2a47907072792444,geopolitics,15-50K,S1,YES,0.0005,50.0,1.0,0,-51.0
0xa8a38708979d953a914860bcbd64093f7e532f300a04565e516fcaaa93942d69,geopolitics,15-50K,S1,YES,0.0125,50.0,1.0,0,-51.0
0xc567553c26e9955a40bcf3c6ca948b32be9e65c836e4178356dfe7dffa23f3e6,geopolitics,15-50K,S1,NO,0.925,50.0,1.0,1,-51.0
0x6019cb1669ec7dfeb2eb0c7a39a3b8f806192d160467a070cc5ecf1a1128ca48,geopolitics,15-50K,S1,YES,0.0005,50.0,1.0,0,-51.0
0xa454a98c451d635ee4d928ab690d694541868169b296bb3a5d01c9383fd8e438,geopolitics,15-50K,S1,YES,0.0165,50.0,1.0,0,-51.0
0x2eccb9409a0a88eaadb64cbe5d229e471299fd6c73824ce3be05ce0bb47ab85e,geopolitics,15-50K,S1,YES,0.0005,50.0,1.0,0,-51.0
0xbfd4bb8d6a1e16404dd95d2e5c4af005f11f07d37da91f1e9e442e4dd9878e6d,geopolitics,15-50K,S1,YES,0.0005,50.0,1.0,0,-51.0
0xa3bebe9029f1c1d6c470ae4a6ee6e5d806df30f56a80b17dffcd80b3c225af2f,geopolitics,15-50K,S1,YES,0.006,50.0,1.0,0,-51.0
0x2bea5055e9824663f02e4ef6f9d66b22650dd9be675f42ba5be9b32a5931b8b1,geopolitics,15-50K,S1,NO,0.985,50.0,1.0,1,-51.0
0xb71ee44874e6128bf90be5d2f1c07a58bbebdf2518535143069992ac22e277d1,geopolitics,15-50K,S2,YES,0.0005,50.0,1.0,0,-51.0
0x1a7d40a55ae60c5dd65ed758dcb503074916132eba2f93a701d25ab999a7a370,geopolitics,15-50K,S2,YES,0.575,50.0,1.0,1,35.95652173913044
0x0e65ac45d12af61673ed92b0e65866d7b7fa58ce395c71cfc86d91e10af26ad4,geopolitics,15-50K,S2,YES,0.09,50.0,1.0,0,-51.0
0x7058f8abef2ca5e080b6febb7ec45da60319582619e89183b700aca3d8fb21da,geopolitics,15-50K,S2,NO,0.77,50.0,1.0,1,-51.0
0x9f5c624ebd59176bff519d147041052677cb2a4f0877b3e67f003534c402aee1,geopolitics,15-50K,S2,YES,0.003,50.0,1.0,0,-51.0
0xfcce7516a6edb3293fbd8482b69bd0543ac5440689a743d4dd14543f3958d002,geopolitics,15-50K,S2,YES,0.061,50.0,1.0,1,768.672131147541
0x6bceb0f2be7d25f62dc9edc582ff9002a445d199ff0b1f53ae4a5f3f548de1c4,geopolitics,15-50K,S2,YES,0.135,50.0,1.0,0,-51.0
0xb62321e23190f4d23687b67371eebc3de87bcd54b65ba92467f88d05ada3a5ba,geopolitics,15-50K,S2,YES,0.175,50.0,1.0,0,-51.0
0xb01e7889e4bc668ddeade5a079b5a225b66a323244a8ab87ee1080f0d14a8143,geopolitics,15-50K,S2,YES,0.33,50.0,1.0,1,100.5151515151515
0xa6397cb04d2e20f63b589b9dd37e8db7db6a33ebda189d1123e4ff191ac430c1,geopolitics,15-50K,S2,NO,0.535,50.0,1.0,1,-51.0
0x4c4fb6f271915e60c899281b74bf13876eb9ffdc5486527863900f1c35b673fd,geopolitics,15-50K,S2,YES,0.04,50.0,1.0,0,-51.0
0x0b35eb5df8e17d42cba0909d8bb78e635cb0d014e6fba6322c173cfea6337cd9,geopolitics,15-50K,S2,NO,0.795,50.0,1.0,1,-51.0
0x0e2c1d7a29fb3ecbbbb320ea2d2261b141197ea28098a548271644b40b9a6fd7,geopolitics,15-50K,S2,NO,0.895,50.0,1.0,1,-51.0
0xdc169ca8e998ea2531440c5c10258b77e22680ce701f9f46edec84903a16cbfb,geopolitics,15-50K,S2,YES,0.0235,50.0,1.0,0,-51.0
0xd59eeffdd1e495d93841cfa5b9daacd3ff0e0b61ad134642b56fd1875562620b,geopolitics,15-50K,S2,YES,0.33,50.0,1.0,0,-51.0
0x8153292497d6fd565744dcd34791082fa8fa5eafa8f55c8d017e557af8133002,geopolitics,15-50K,S2,YES,0.1,50.0,1.0,1,449.0
0xbe26cb4271d859584f3acc2c8f8ea9ae872f6845d89b3b1777ab100918f08906,geopolitics,15-50K,S2,YES,0.07,50.0,1.0,0,-51.0
0x6f9143b5c37be6829a0cd89127d146cb7eccf777e17bd355b06641641a14192f,geopolitics,15-50K,S2,YES,0.026,50.0,1.0,0,-51.0
0xa8a38708979d953a914860bcbd64093f7e532f300a04565e516fcaaa93942d69,geopolitics,15-50K,S2,YES,0.0125,50.0,1.0,0,-51.0
0x8730e1eb7a53c8ae47f700f8233851cab23f1a8fd0ddd80bcbc15155ebbf5a84,geopolitics,15-50K,S2,NO,0.51,50.0,1.0,0,51.04081632653062
0x247d957588c3af33cd023f8caa2b5a316c68e4cf903087261934d41734aa7ea2,geopolitics,15-50K,S3,NO,0.745,50.0,1.0,1,-51.0
0x6727df9eedb122a2f1e182709da2475dc7860e56d1ce7dc5b1155ba0199a8faa,geopolitics,15-50K,S3,YES,0.12,50.0,1.0,0,-51.0
0x5720305ea5f0c987b4bbdff43e213b49ffb8df4cbca382e361370901bd7ffdbb,geopolitics,15-50K,S3,YES,0.229,50.0,1.0,1,167.34061135371178
0x0075f011c67cd76c108a1f6b9a994a399ed4e3ace3fa85939bee0e25aa659b68,geopolitics,15-50K,S3,YES,0.265,50.0,1.0,1,137.67924528301887
0xaef532e27cdf2efcb16c3ebbf779a24634afe30d74e005c20aab3ec09cf5e476,geopolitics,15-50K,S3,YES,0.225,50.0,1.0,0,-51.0
0x7edb08c2696bd1380e7c9db88298afeb36d856a1f59cbf3d02b64f13506523dc,geopolitics,15-50K,S3,YES,0.225,50.0,1.0,0,-51.0
0x2b75971d9f62ff8adfd1b246b263cf41f6995eb06514c7b7adc77354d70d3b46,geopolitics,15-50K,S3,YES,0.085,50.0,1.0,0,-51.0
0xfc1c0fe6de97b694ace35cb972c6249f88bd3736ded927c8951e5abc30fe6d5f,geopolitics,15-50K,S3,YES,0.105,50.0,1.0,1,425.1904761904762
0x910cc8289ec1fd98364e7338297d87e581af6feaa5fa12475e4d5c10cb7658b8,geopolitics,15-50K,S3,YES,0.115,50.0,1.0,0,-51.0
0x2a1b9dbbe06dc0f6df7897c2154869a56bed24a2dc538b68b336e03b0c9625c6,geopolitics,15-50K,S3,YES,0.115,50.0,1.0,0,-51.0
0x29e7164544fd3c577bd2da5a9079ba388b1e4dcd6c52cb70bac4eb75abf00173,geopolitics,15-50K,S3,NO,0.87,50.0,1.0,1,-51.0
0x9c23652df72861fe7fc5e697e11f0084290c7d457e201d5e7bfcdfab36eb3b69,geopolitics,15-50K,S3,YES,0.215,50.0,1.0,0,-51.0
0xee713b962d078edd60cc379ddeba60fb7762a95f667b3605b5eec187b638acf5,geopolitics,15-50K,S3,NO,0.815,50.0,1.0,1,-51.0
0xf5a756ef898f9fa858d8710a63f4aa16b4d3c4d2fff27afae1d1ed329620eed7,geopolitics,15-50K,S3,YES,0.125,50.0,1.0,0,-51.0
0xf16bb5a97c8d13e41b51dec9024d55f69a39736d4a0f8539bacc993470cb02f8,geopolitics,15-50K,S3,YES,0.28,50.0,1.0,0,-51.0
0x6d20fbec2da69596c8c350ba463fb1132ec47a34c89d71d0294ca75b6c419339,geopolitics,15-50K,S3,YES,0.075,50.0,1.0,1,615.6666666666667
0xc7e96db9aa56c83c19e7eb3d608ef821bf9ad7699c48c8864011e5caed4ebd3e,geopolitics,15-50K,S3,NO,0.625,50.0,1.0,1,-51.0
0xdbeb72564490bf3b0213dfff3181d40121ed898775bf9026886eedc373b568ba,geopolitics,15-50K,S3,NO,0.735,50.0,1.0,1,-51.0
0xb26a5b6abcf15659bf295f767226876e4b87f01abf4acc4804c0cfd7327f6513,geopolitics,15-50K,S3,YES,0.3415,50.0,1.0,0,-51.0
0x6615814797e1f3be7a827c70a94c674e9e568bfc7f1986c1f9257abcc5624d82,geopolitics,15-50K,S3,YES,0.095,50.0,1.0,0,-51.0
0x86cf498b6ad73c7631c08157c654b7e8c44ee33dfad2c261564aa375e3394578,geopolitics,15-50K,S3,NO,0.585,50.0,1.0,1,-51.0
0xdb93abfa2dd2026687b138417b8ba86c7f3f9729e288781de5688730d70d26e6,geopolitics,15-50K,S3,NO,0.525,50.0,1.0,0,54.26315789473685
0xd14145c56e36be13dccb37c63158c3bc8c691e8f13993816af24afd4b3fa702f,geopolitics,15-50K,S3,YES,0.06,50.0,1.0,0,-51.0
0x01510d4f36a4055795345072479f71f432533d2c2bf2f3265eaa142d34306914,geopolitics,15-50K,S3,YES,0.245,50.0,1.0,0,-51.0
0x6727df9eedb122a2f1e182709da2475dc7860e56d1ce7dc5b1155ba0199a8faa,geopolitics,15-50K,S4,NO,0.12,50.0,1.0,0,5.81818181818182
0x029327103f06eecb01600bbb678e5b1bc27eaa17d27f6cfbe5d9a415ec46776e,geopolitics,15-50K,S4,NO,0.0015,50.0,1.0,0,-0.9248873309964978
0x25078e84b111eba2d9ff88fdd9120d1e0e30227c05b1076bd245770c4c7ca653,geopolitics,15-50K,S4,NO,0.0115,50.0,1.0,0,-0.4183105715730946
0x654f1c8a3ce4e61961af9b620f36cfa8a6d48429bf9951ae5951ae3d5815ec4f,geopolitics,15-50K,S4,NO,0.11,50.0,1.0,0,5.179775280898873
0xdf4d0baef31895effa199e618abe9ae3a8d6288bddcaad4e6ecd6df09594c25e,geopolitics,15-50K,S4,NO,0.0175,50.0,1.0,0,-0.1094147582697218
0x2303e7d877d176ee0641ebbd6b1be54f2c312ef5f53243e370c8e89cdcdc926a,geopolitics,15-50K,S4,NO,0.0045,50.0,1.0,0,-0.7739829231541933
0x6083e93af7bd4b4d45d6cf8d7059815fe073fcab1df2d5e0e08f53ce54eadc14,geopolitics,15-50K,S4,NO,0.0025,50.0,1.0,0,-0.8746867167919845
0x67d4918c6c8cd6c1c831e1555582d6e39c0fef1040a44bc3bf3a9900582d14a2,geopolitics,15-50K,S4,NO,0.0405,50.0,1.0,0,1.1104742053152705
0x9233fe6628a1aa25492294ab5774bcd18ad6accc00d883da620b27559f32c11d,geopolitics,15-50K,S4,NO,0.0195,50.0,1.0,0,-0.005609382967875831
0xe12d115758e9e24fc40fda30fadce06aa960bcb5336cbc85071918a5c7fdfa2d,geopolitics,15-50K,S4,NO,0.0175,50.0,1.0,0,-0.1094147582697218
0x457a6133557b924bc6ffc9d7d3831334072ee526b209963629496fd1b82ad500,geopolitics,15-50K,S4,NO,0.002,50.0,1.0,0,-0.8997995991983956
0x285e4aabc9c3c3234e3bd8f1e35aecde7dbb7cec879a53b231a2bd78831a3c63,geopolitics,15-50K,S4,NO,0.125,50.0,1.0,0,6.142857142857146
0x7ba7837a3ae2e0aaa1a5e4a4f2b8ece8855ad0190e12d4cd0d372edd70174dd1,geopolitics,15-50K,S4,NO,0.085,50.0,1.0,1,-51.0
0x8b6d62510907ffb835b26f6dc52bb0b1effef6a5c9139c89ccc753b9c58fc482,geopolitics,15-50K,S4,NO,0.0075,50.0,1.0,0,-0.6221662468513856
0x8abc1dbf73fec5af7107a682fdbecce4f4294afbd84fd4d857b103dd8a32f2ce,geopolitics,15-50K,S4,NO,0.002,50.0,1.0,0,-0.8997995991983956
0xde869f771487aed89216a080b2279edc9de57735172f46d634643c0403e988f6,geopolitics,15-50K,S4,NO,0.011,50.0,1.0,0,-0.44388270980788747
0x0cd78cbbc9196f363db2f4c6003504168526b7deaf3d1e79231d1c2ac97329ca,geopolitics,15-50K,S4,NO,0.07,50.0,1.0,1,-51.0
0x964af551780a10a7a7be4cba2e441126830b18b831387f9b8006b3ff2371e744,geopolitics,15-50K,S4,NO,0.0005,50.0,1.0,0,-0.9749874937468732
0x4ed3add94cc122aade943eb59d747bcfdc5068961ba27f1c2b1c4d1ff21d2dc1,geopolitics,15-50K,S4,NO,0.135,50.0,1.0,0,6.8034682080924895
0x5af55bec4d5a0b1fb4638a819a1532e2338a82bb432499314f70fb564110273c,geopolitics,15-50K,S4,NO,0.005,50.0,1.0,0,-0.7487437185929622
0x380f7150652303197abdd7cebd9cfd188d4c34bf0d74dc8e0985010d23182a53,geopolitics,15-50K,S4,NO,0.0015,50.0,1.0,0,-0.9248873309964978
0xe20ccccd24a2cb5b16a649b7843502672c8c6ab3b8982614487fe87340e16c30,geopolitics,15-50K,S4,NO,0.0055,50.0,1.0,0,-0.7234791352438421
0xe00794dfbf7c8cbe606e335f542a22f1f1a1f6e40d4061fb5d3598e88f27fe2b,geopolitics,15-50K,S4,NO,0.09,50.0,1.0,0,3.9450549450549417
0xbfd324657c4d104733f50a1ac04437cab025bcf63868e82b87a2cddbe1b25903,geopolitics,15-50K,S4,NO,0.0005,50.0,1.0,0,-0.9749874937468732
0x20a59e7c724fe4fd79b0797d17b03175ffcf79866c1e712e50a920fa90cdda76,geopolitics,15-50K,S4,NO,0.009,50.0,1.0,0,-0.545913218970739
0xf5a756ef898f9fa858d8710a63f4aa16b4d3c4d2fff27afae1d1ed329620eed7,geopolitics,15-50K,S4,NO,0.125,50.0,1.0,0,6.142857142857146
0x8352897596d350e6946fe1ee342e692c7d02ab81632761edcc90f82ff21cf1ae,geopolitics,15-50K,S4,NO,0.0005,50.0,1.0,0,-0.9749874937468732
0xe8cb25509e310da6a5bae13acef73bccdd9521b14f1c2d821a49f8466336e10e,geopolitics,15-50K,S4,NO,0.007,50.0,1.0,0,-0.6475327291037232
0x0a86c5aafaf6d09f50c4abd262cd688e948c9f267ca8df7882b3c68997055c1b,geopolitics,15-50K,S4,NO,0.0115,50.0,1.0,0,-0.4183105715730946
0x4d9aa1fd40e69a3edf1ad6f1bf75a9c42b8faf145d40e0350ca270632b3fc4dd,geopolitics,15-50K,S4,NO,0.0085,50.0,1.0,0,-0.571356530509334
0xf882b0d63becc41ea3a990d42e137728f4cdb147cc373321075c5dfa8cdaffa1,geopolitics,15-50K,S4,NO,0.075,50.0,1.0,0,3.054054054054049
0x948ab7d22a31ab218c935e3999199b8ed6698bad52bc5e717629c591bd6f4190,geopolitics,15-50K,S4,NO,0.0115,50.0,1.0,0,-0.4183105715730946
0x38dfaef00556eb168b46e2c9e79d49ce4725df55d8fefb3c3dab07811db8d0f1,geopolitics,15-50K,S4,NO,0.021,50.0,1.0,0,0.0725229826353413
0x9cf011dcb1d04832b524118515fe1076764182ff54fd2a1bc36561f1ec2f8cf2,geopolitics,15-50K,S4,NO,0.122,50.0,1.0,0,5.9476082004555835
0xae8d0502816e3a509685ca7a3557119c212b4a930e8731e4e8f5e8017ecfb479,geopolitics,15-50K,S4,NO,0.008,50.0,1.0,0,-0.5967741935483843
0x0e0c14b89cb08fd028364656cc41b4771323ee7e0fda9c041271be62b3faf468,geopolitics,15-50K,S4,NO,0.0005,50.0,1.0,0,-0.9749874937468732
0xabcc3eed397a203fbc9e4b99fdf37c42f7015fe3fe1cff090d58574d47496685,geopolitics,15-50K,S4,NO,0.0005,50.0,1.0,0,-0.9749874937468732
0x6fd4cff7d7e09e613ae8db200557ec8487dfb2200412e230619400b23d52b5bc,geopolitics,15-50K,S4,NO,0.0205,50.0,1.0,0,0.0464522715671265
0x54905ea776fdd41043fcf0ef8828e8062afbc4cec663822302fd0ccdb307d8b5,geopolitics,15-50K,S4,NO,0.017,50.0,1.0,0,-0.1353001017293991
0xd6ba332e88335deb8d04b7faae06e1ad265f1e8ad464a2a906e7748dc8c7790a,geopolitics,15-50K,S4,NO,0.0005,50.0,1.0,0,-0.9749874937468732
0x6d20fbec2da69596c8c350ba463fb1132ec47a34c89d71d0294ca75b6c419339,geopolitics,15-50K,S4,NO,0.075,50.0,1.0,1,-51.0
0x129ef0a1c46d47760646aaabbc6b9c229355476b8c392e85c614540a2532000b,geopolitics,15-50K,S4,NO,0.0025,50.0,1.0,0,-0.8746867167919845
0x8d93791d7c262550cdaf6edde9016add94aef0b8a4a06bea8c6bd53b233ce0d5,geopolitics,15-50K,S4,NO,0.0005,50.0,1.0,0,-0.9749874937468732
0x07ff647adb4fccea99d476fefd88d31a09bd275748bd093305ae661e03ef2366,geopolitics,15-50K,S4,NO,0.0005,50.0,1.0,0,-0.9749874937468732
0xa372387ff2de628dd2097d889a34b5cf08a6fcdd8e59b254400e0b47506c557e,geopolitics,15-50K,S4,NO,0.001,50.0,1.0,0,-0.9499499499499464
0xcd70715798fc5a4ffe5650f41fc94d6ae981cc809da3561cdbea3dac869ff561,geopolitics,15-50K,S4,NO,0.0005,50.0,1.0,0,-0.9749874937468732
0xb71ee44874e6128bf90be5d2f1c07a58bbebdf2518535143069992ac22e277d1,geopolitics,15-50K,S4,NO,0.0005,50.0,1.0,0,-0.9749874937468732
0x9c02440c284eaa4798096be5cbde0c845d9962ff22664e50e2d7922a5d26a1c7,geopolitics,15-50K,S4,NO,0.0005,50.0,1.0,0,-0.9749874937468732
0x92137f9e112c001cbef3e32da9aca4b42cd3d161f51c2963779ae694d45a48da,geopolitics,15-50K,S4,NO,0.105,50.0,1.0,1,-51.0
0x020419fa798598e8bbb6a084432a1c8d690b6528f1cc6b085666ad1989b4b5c0,geopolitics,15-50K,S4,NO,0.0395,50.0,1.0,0,1.0562207183758474
0x9b792b2218e77b4c168b8cb603af34ad3703f2753d326f0f444de3711228116b,geopolitics,15-50K,S4,NO,0.024,50.0,1.0,0,0.22950819672131217
0x1dc56b0273b8de5535f64d6643800ec029501a8606b68f84f3dce232e47b2db9,geopolitics,15-50K,S4,NO,0.0035,50.0,1.0,0,-0.8243853487205257
0x26205b37b6a134c44549b98178c5260ca8a9411d9bbc8ac882b91d6ab15e7713,geopolitics,15-50K,S4,NO,0.003,50.0,1.0,0,-0.8495486459378156
0x9f5c624ebd59176bff519d147041052677cb2a4f0877b3e67f003534c402aee1,geopolitics,15-50K,S4,NO,0.003,50.0,1.0,0,-0.8495486459378156
0xe35dba72c626cc2e73143f3da3bd525c7e98bab1392f544faaa3105343420da5,geopolitics,15-50K,S4,NO,0.0005,50.0,1.0,0,-0.9749874937468732
0x38b4857b4be08493cdb6aad1052332b57fe58d4e16b2f1979434ce2260433358,geopolitics,15-50K,S4,NO,0.0005,50.0,1.0,0,-0.9749874937468732
0xda440234b0f1fe76ca6fb6f66da25236ecbbbcd9a6ff274749dde9a5f3583c24,geopolitics,15-50K,S4,NO,0.075,50.0,1.0,0,3.054054054054049
0xc8d4fe249823708e621af15dcc0bfbdf158e7737b37bd75a284fdea3db526b96,geopolitics,15-50K,S4,NO,0.1,50.0,1.0,0,4.555555555555557
0xd30162fdb150667fd91c0c573dc74b1cb251e216e089fd20859133b5cb2ae5c9,geopolitics,15-50K,S4,NO,0.0365,50.0,1.0,1,-51.0
0xafe1b7be515259388df5bf5123dfcada1345866aa04704b5703ea8dacf5793e1,geopolitics,15-50K,S4,NO,0.0125,50.0,1.0,0,-0.3670886075949369
0x9d8a88abd5a103760c22e11551c7ae59f861326fcc823674fc02606b63560cf9,geopolitics,15-50K,S4,NO,0.0015,50.0,1.0,0,-0.9248873309964978
0x8d71eebfeac93509b5d1061725583b8df364823d816be3b2284b07cfa913f20a,geopolitics,15-50K,S4,NO,0.0195,50.0,1.0,0,-0.005609382967875831
0x3b489d201869b9e813047955884c846bfa69c768c7df1d5175e55d6cebe63310,geopolitics,15-50K,S4,NO,0.0125,50.0,1.0,0,-0.3670886075949369
0x1d2cf8d200e14ad27fabd93f654ee999fa6ef413b902ddb0a71db21c45757f63,geopolitics,15-50K,S4,NO,0.0145,50.0,1.0,0,-0.2643328259766662
0x24b040251d1121196e5d21f479c33a869d0c7b3e35a41571a40690e3aebd54cc,geopolitics,15-50K,S4,NO,0.0025,50.0,1.0,0,-0.8746867167919845
0xa7bdb4e554de13129dc429dc030e780661253f44a60aeed6a502a6d9a06a49d1,geopolitics,15-50K,S4,NO,0.002,50.0,1.0,0,-0.8997995991983956
0xdac55cbd27e9a0a8fc8af153d6f584e411f401a054a5de55c2f6cafc06d1a8a8,geopolitics,15-50K,S4,NO,0.0095,50.0,1.0,0,-0.5204442200908659
0x6b5ecd887aaa99a4c2745119f36a23e2846e3f6407ec74f77ad675ea90c3ef2a,geopolitics,15-50K,S4,NO,0.0015,50.0,1.0,0,-0.9248873309964978
0xe64946cd8d2d19ea559c78db03cd93688f842bc6277fbbf921a1423ca0e98f6c,geopolitics,15-50K,S4,NO,0.13,50.0,1.0,0,6.47126436781609
0x96f6aed94facad5cfeca5507e1a3f6a5c6500dac44df4b373bb829ba8fe0b5a6,geopolitics,15-50K,S4,NO,0.0005,50.0,1.0,0,-0.9749874937468732
0x06eede5999a7a67a2b56811f81c7b352d17f8a6df556527731a95a1f4e07ff96,geopolitics,15-50K,S4,NO,0.031,50.0,1.0,1,-51.0
0x6615814797e1f3be7a827c70a94c674e9e568bfc7f1986c1f9257abcc5624d82,geopolitics,15-50K,S4,NO,0.095,50.0,1.0,0,4.248618784530386
0xaf9f82c55c0bcdbc4bfa99fe4a8ee9040361c79071754b299797480ab95b262b,geopolitics,15-50K,S4,NO,0.0645,50.0,1.0,0,2.4473543559593836
0x2474fea8345b414b9f1d9279b6a05b2dc0882d850c376a5efe885446576407da,geopolitics,15-50K,S4,NO,0.105,50.0,1.0,0,4.865921787709496
0x8a3b0aeb1043b701cd74342626b507468da35c944909517b435a152c1c0ef1d2,geopolitics,15-50K,S4,NO,0.0005,50.0,1.0,0,-0.9749874937468732
0x5387de10b12c52e40eb885344a3723caf3d973f21fc588853cdda23d7ed754cf,geopolitics,15-50K,S4,NO,0.0005,50.0,1.0,0,-0.9749874937468732
0x88352e2e5e5305c202da7c156c9642837bab9acb82dd2468cbf40edeacaf060e,geopolitics,15-50K,S4,NO,0.0015,50.0,1.0,0,-0.9248873309964978
0x25ac9d2a86cb02a5db4347478f025703c9f2c8a6fab61b35d2ddc21de67058a6,geopolitics,15-50K,S4,NO,0.0015,50.0,1.0,0,-0.9248873309964978
0x39283deae2beada4b6c25f88f726ee11930bfdb195d2b26361f07329af484659,geopolitics,15-50K,S4,NO,0.021,50.0,1.0,0,0.0725229826353413
0x6bceb0f2be7d25f62dc9edc582ff9002a445d199ff0b1f53ae4a5f3f548de1c4,geopolitics,15-50K,S4,NO,0.135,50.0,1.0,0,6.8034682080924895
0xc5285610c7f6585fb7606b0a3225f21619c8b754e750fb540b2f334164eaf90c,geopolitics,15-50K,S4,NO,0.0005,50.0,1.0,0,-0.9749874937468732
0x3712962b5dec4f983b9adc2344d7ef270268969422dc799a8a9ea79048ec80f9,geopolitics,15-50K,S4,NO,0.0055,50.0,1.0,0,-0.7234791352438421
0xea48854a5c19a29c6c38956685ba0607c95f93ac9f927a4810b2d428561141f8,geopolitics,15-50K,S4,NO,0.0005,50.0,1.0,0,-0.9749874937468732
0x2c3e740697e50433b0ecafdadcb01d7e2e5d4dd61459733a39b5dd25311a275e,geopolitics,15-50K,S4,NO,0.0005,50.0,1.0,0,-0.9749874937468732
0x85aa838bb6cfcc7c70ac1ab6de0aff9ef53bafc994865b9571ecac1df0376f43,geopolitics,15-50K,S4,NO,0.0005,50.0,1.0,0,-0.9749874937468732
0x4c4fb6f271915e60c899281b74bf13876eb9ffdc5486527863900f1c35b673fd,geopolitics,15-50K,S4,NO,0.04,50.0,1.0,0,1.0833333333333357
0xb1621719120f210181d8f27e411d987ace6408dd3e0243cd0de518ed18289a91,geopolitics,15-50K,S4,NO,0.105,50.0,1.0,0,4.865921787709496
0xdc169ca8e998ea2531440c5c10258b77e22680ce701f9f46edec84903a16cbfb,geopolitics,15-50K,S4,NO,0.0235,50.0,1.0,0,0.20327700972862317
0x027b8d3b2f68a0f78ca5afec04ef182f3a6e9dd8a35dc572162dfe4483c89542,geopolitics,15-50K,S4,NO,0.095,50.0,1.0,0,4.248618784530386
0x19ed51210cede6932e559922cbb832a0a218d45383feba376580e6ce2ad93853,geopolitics,15-50K,S4,NO,0.015,50.0,1.0,0,-0.23857868020304807
0x0b62ca57f1de8b89add79078aaf413b129eef8315625b2fec1ffcf256d8dece4,geopolitics,15-50K,S4,NO,0.016,50.0,1.0,0,-0.18699186991869965
0x8153292497d6fd565744dcd34791082fa8fa5eafa8f55c8d017e557af8133002,geopolitics,15-50K,S4,NO,0.1,50.0,1.0,1,-51.0
0x38f455d58244268a4adff6b5787cfbe21cf584883db31d4371523511d5313f61,geopolitics,15-50K,S4,NO,0.024,50.0,1.0,0,0.22950819672131217
0x950cf1c7a2c2b731389374697caf126fe71af6f48f7fd729ea80cd7445c4cf1e,geopolitics,15-50K,S4,NO,0.0325,50.0,1.0,0,0.6795865633074953
0x835293fdd731fd51f66f18e627e58ce4022ffb4f8db7a64f9e068a4c9bb20a66,geopolitics,15-50K,S4,NO,0.09,50.0,1.0,0,3.9450549450549417
0x0baa8bbb7b974a19e8b91205be112e064df134c7e4ae90476ca50c247c82daf1,geopolitics,15-50K,S4,NO,0.0305,50.0,1.0,0,0.5729757607013894
0xbe26cb4271d859584f3acc2c8f8ea9ae872f6845d89b3b1777ab100918f08906,geopolitics,15-50K,S4,NO,0.07,50.0,1.0,0,2.7634408602150557
0xd2ba0333139cc904c92b7741b9457b8eaebd4964e3a450217dbbd8dadc882551,geopolitics,15-50K,S4,NO,0.0005,50.0,1.0,0,-0.9749874937468732
0xaecd38f0d1b839a2621b54a6dd2a69d1f37d39c812bc2f1f1432ee79555623f8,geopolitics,15-50K,S4,NO,0.0095,50.0,1.0,0,-0.5204442200908659
0x8cfbeb1d72b72ee16a05865b8b2a328c7386f1f544975ab58c9f33d825994f6b,geopolitics,15-50K,S4,NO,0.0155,50.0,1.0,0,-0.21279837480955166
0xa8a38708979d953a914860bcbd64093f7e532f300a04565e516fcaaa93942d69,geopolitics,15-50K,S4,NO,0.0125,50.0,1.0,0,-0.3670886075949369
0x2eccb9409a0a88eaadb64cbe5d229e471299fd6c73824ce3be05ce0bb47ab85e,geopolitics,15-50K,S4,NO,0.0005,50.0,1.0,0,-0.9749874937468732
0xdc94cd7ba364829f78c56484761e22eccb57d982dbef5b9de852666187a80aa3,econ,<5K,S1,YES,0.04,50.0,1.0,0,-51.0
0x0728f2000745d1a51c73223095eab42ca7737bd33f9288d78b36b2aa73c1b24f,econ,<5K,S1,NO,0.931,50.0,1.0,1,-51.0
0x2a77d87f16a23fc2b306347370ae6768499647c5b9da0d04811d277909d3a598,econ,<5K,S1,YES,0.065,50.0,1.0,0,-51.0
0x697429c14f77032b3dea3f6fdba974011b38e75b5ddaf90eec3e956d16e30806,econ,<5K,S1,YES,0.0215,50.0,1.0,0,-51.0
0xeb3e8112a04ac8900894db22bd3e52f7e80f3a4fb8da5a6aad5f981c71a7ea24,econ,<5K,S1,YES,0.1,50.0,1.0,0,-51.0
0x02244d47485323da111143980140299d9fe9371082cc830603ef7377fe773a5b,econ,<5K,S1,YES,0.005,50.0,1.0,0,-51.0
0x950c7154a5dbb63a259ccc85dd6a0db69e799c759ee3c786c5f5d9a61e806fec,econ,<5K,S1,YES,0.009,50.0,1.0,0,-51.0
0x4cd8d7a1fce16885351a6ad75f1632528d59d764c16a506d23d8905718f883ec,econ,<5K,S1,YES,0.0445,50.0,1.0,0,-51.0
0x81cbbe53749e4e50469ad6f834c74fec0af5f0754ef8abe890db20132bbf3098,econ,<5K,S1,YES,0.096,50.0,1.0,0,-51.0
0xb8b29a8b5aec1ea786a3c971a7e39751289ce8e3b959614f5c6f17a6aa8ced47,econ,<5K,S1,YES,0.046,50.0,1.0,0,-51.0
0x9719b3b662b94fbfe912679bf16ef56829613bc3fb4567fab5db29f0e9868d43,econ,<5K,S1,YES,0.12,50.0,1.0,0,-51.0
0xb5c22a2cf84b71925108a2df37d4ab6d978bc6260cea1c3f80ff2d3cf4173b93,econ,<5K,S1,YES,0.038,50.0,1.0,0,-51.0
0x158b25ae98f75eedec53e429deff0df23056133d8bb6e2e27d2f65702c3cdde6,econ,<5K,S1,YES,0.14,50.0,1.0,0,-51.0
0x3bfbe6214881f1d19ddde1dffe7f79a11980ffc9cf049864b89b101de15e8cae,econ,<5K,S1,YES,0.105,50.0,1.0,0,-51.0
0x4b2e375695fa5c78b1467c63405b36e22c7716c6ffcbbf9e5bdae55a44d2b679,econ,<5K,S1,YES,0.105,50.0,1.0,0,-51.0
0x30429dbb5be457f55c6278a5b3ea0a375d32e5e4b2fae09a4257432a9b1a485f,econ,<5K,S1,YES,0.0315,50.0,1.0,0,-51.0
0xbc12646b64d68d0c0a2bbb1a70175e0f18240a16e085ff2ed6463c74e48ddacf,econ,<5K,S1,YES,0.104,50.0,1.0,0,-51.0
0x6c2c71f3cdc8ebf25071cab7f314c7564a4f94f2a9969ea4128811b2b84ff718,econ,<5K,S1,YES,0.075,50.0,1.0,0,-51.0
0xe98ddea4bff58d2d31aaa6c29391209e6c9dcf75f808469dc9b55cb02aa94b59,econ,<5K,S1,YES,0.13,50.0,1.0,0,-51.0
0xc55312ab8dd3f8c7c51abfd4994f98790fa2975f15240369cd8385e523faff1e,econ,<5K,S1,YES,0.025,50.0,1.0,0,-51.0
0x8affd009950a7c655742b09d87937ebc5ed360bc1afe6706446339b99a317d16,econ,<5K,S1,YES,0.115,50.0,1.0,0,-51.0
0x032c450b46e03fc0e2ef1d2dae08e8496835834e932730b40f432efa0ccf01cc,econ,<5K,S1,YES,0.043,50.0,1.0,0,-51.0
0x491b0df7ea5f0d4959facb2ad5de4534ac9e4879c7963065fd259b4f0b32dd98,econ,<5K,S1,YES,0.025,50.0,1.0,0,-51.0
0x33b0c9b8ee0e11d80ac88dadc033aa7e77c29c85a8bafc5b49c063a3e467caa8,econ,<5K,S1,YES,0.006,50.0,1.0,0,-51.0
0xde63b2c1ecdb96855b6687543e9411043ba683c41c4c5e657408f1e6c387b5a7,econ,<5K,S1,YES,0.092,50.0,1.0,0,-51.0
0x3f51ed06c4d4122d3fd026b12c9d8f5b8ee41327e554b815d3d7d404d3b0b7f4,econ,<5K,S1,YES,0.0175,50.0,1.0,0,-51.0
0xc41816e2207084db9abb7ee399787ab92da8dff7b6d0a9200ce9147f808b7878,econ,<5K,S1,YES,0.0075,50.0,1.0,0,-51.0
0x7b9d7832f5e2b604c55c6e6150d05c8bb399cd7f93c56ee9f5fa3c961c9b6dca,econ,<5K,S1,YES,0.005,50.0,1.0,0,-51.0
0x34a7cd14c9ba737fb03faba8902a5bf922264cc88cf9ba2f76450ffbfb532c9f,econ,<5K,S1,YES,0.115,50.0,1.0,0,-51.0
0x080f212deb59668e8d23e9b2c1cbbc048e36608ddcb66a57c0baf228f9166ddb,econ,<5K,S1,YES,0.125,50.0,1.0,0,-51.0
0x45f6dc78c842e1194ae15deae14c75731c6a015e742fb7ad861c3a27939faa1c,econ,<5K,S1,YES,0.0195,50.0,1.0,0,-51.0
0xd84c5afca7302a3c1530bdd8693584d084d6c8e880219397099de1d78a874254,econ,<5K,S1,YES,0.0125,50.0,1.0,0,-51.0
0x538ff17e33965970b6f020acef6b303d5e14a298d362b440fd0de1b8e954da91,econ,<5K,S1,YES,0.0105,50.0,1.0,0,-51.0
0x68776fd67ce0bd84059b446b7148f36505252a778652f6421823afa882fe1027,econ,<5K,S1,YES,0.1165,50.0,1.0,0,-51.0
0x9de3f8536be3ee90d1cbc73ce9f3d1118148cd7085e9635ab90f2d7984e12013,econ,<5K,S1,YES,0.0255,50.0,1.0,0,-51.0
0x759bd9b83c61df4cc157099bf04e82ab53ca9b4201b2d6daad8f49f53932d5f1,econ,<5K,S1,YES,0.1,50.0,1.0,0,-51.0
0xdd88a5b1ffdfc197e7704fc0475b937f2619057f32338fdbbf0229b014b30abc,econ,<5K,S1,YES,0.082,50.0,1.0,0,-51.0
0xdbe791e0b1471d9266084e5be2dd5e1c355e79b4f3bfdb7f48b84dba85bf036e,econ,<5K,S1,YES,0.02,50.0,1.0,0,-51.0
0x3870b6b6ea24ce698c24c7e32f9611c7113f61620b7fcfbc008e191e83266ff3,econ,<5K,S1,YES,0.0395,50.0,1.0,0,-51.0
0x4d84ec720668ca386bb65a083dee50a0f402b52cef1f20b619f579f279f11971,econ,<5K,S1,YES,0.018,50.0,1.0,0,-51.0
0x44972edf412a58b7bd6609a399ce4dc472edb4a31b982f3093aa66455e2a0a47,econ,<5K,S1,YES,0.0305,50.0,1.0,0,-51.0
0x294f6cf10ef29d79fe53e03c39895a4fb5a843d8e3d563d3b9854655b0e78608,econ,<5K,S1,YES,0.09,50.0,1.0,0,-51.0
0x268ff3f3ce385318ece65f84de2cab28f10503a65cf734084415faaffd3e4adc,econ,<5K,S1,YES,0.06,50.0,1.0,0,-51.0
0x78c3e3a95c6fd579c912a680a5020a7cc73060a2c375dda073353f75d862ffd6,econ,<5K,S1,YES,0.105,50.0,1.0,0,-51.0
0x9771eb30553614bfdec0563ef76e9ea5798f72d80e1f64899396cd898b2066e3,econ,<5K,S1,YES,0.032,50.0,1.0,0,-51.0
0xf27476fd34151192ad40fc74943782fbe97a8260d5b0f7165255afdb3c26ad60,econ,<5K,S1,YES,0.014,50.0,1.0,0,-51.0
0x6f3fa4860a56c3c6f15bea65fd3228f1281e0436eb60809fd2bbde88b66ccec7,econ,<5K,S1,YES,0.0255,50.0,1.0,0,-51.0
0xb00d8f437677e47a619cf43e39c72ac4fafad20b896ceeb72ea8f5c0323f575f,econ,<5K,S1,YES,0.003,50.0,1.0,0,-51.0
0xb1dfa4dab5d0919822e3d14e03ecafa834e170a40d4e8b0f5b2f27346db45b65,econ,<5K,S1,YES,0.0355,50.0,1.0,0,-51.0
0x405ea682d107a3b12ec00964a6c63622a45e1bf3c788ac6392dd647ee6301402,econ,<5K,S1,YES,0.03,50.0,1.0,0,-51.0
0x5d391071e03abbd238b726013b33681da0f1e7bf2d512d2789629f1314e99dd1,econ,<5K,S1,YES,0.04,50.0,1.0,0,-51.0
0x8fa34e78efa14ea951d9acd2f3bf12437f7b7c8ebc3035cc173f771a1086de48,econ,<5K,S1,YES,0.11,50.0,1.0,0,-51.0
0x5151a53a297f2dd9fad380b49daedff17157dbbf0c12641adb83a81f31d64a3b,econ,<5K,S1,YES,0.0145,50.0,1.0,0,-51.0
0xfef741498cc770ad73d9384b80753fda0a0ac21e1043ea6349291d1359050e05,econ,<5K,S1,YES,0.011,50.0,1.0,0,-51.0
0x07b0a4c5a075d9450d7ce8daa2fde8e34baa1983b7c6b946a4a4066657f7e5b2,econ,<5K,S1,YES,0.0025,50.0,1.0,0,-51.0
0x7bf7cd7e8469854e97046e7acbc1b197c30f5106ca4299ecb8ff57673252d2bf,econ,<5K,S1,YES,0.014,50.0,1.0,0,-51.0
0xcdb5fbb780297b35df8881780dd5dca0afa56a3d22091cf7ca571c0241fde088,econ,<5K,S1,YES,0.0175,50.0,1.0,0,-51.0
0x0a5134aaa0aa55dde9c558d3c0a123a076a07d0e64a13507854367bccb4c7c62,econ,<5K,S1,YES,0.0255,50.0,1.0,0,-51.0
0xd9038cf2b50502865280655bb142bcbb3036ffeb52f1ffd6cc32ae827be3ca97,econ,<5K,S1,YES,0.0205,50.0,1.0,0,-51.0
0x2c7f7e679e6a65ed40489a427fed3082ff148397290228bf085d4d0696364011,econ,<5K,S1,YES,0.055,50.0,1.0,0,-51.0
0x16b4c50b621c5e2914831a2f72ab99a316f25b129bc2ac98b6178b491107fe52,econ,<5K,S1,YES,0.08,50.0,1.0,0,-51.0
0xaf7267351b6a7b4589913f38baf322c90874ae48049bfdd3ae3e621acea0b876,econ,<5K,S1,YES,0.019,50.0,1.0,0,-51.0
0x2450c9366af76826b598090ce3f86ab1837b3bb206e6c4ae3a78f1f6d8be1c68,econ,<5K,S1,YES,0.065,50.0,1.0,0,-51.0
0x7f1f02b19c46a3be5c6dfd28f64d897641fe9b4d3f8d646126c3416640e4dc77,econ,<5K,S1,YES,0.05,50.0,1.0,0,-51.0
0x5ecd3edfd97b4198347ce091160305f829c238eda74abdafa0be4570bdb6f0bc,econ,<5K,S1,YES,0.0665,50.0,1.0,0,-51.0
0x3bb68ba052ac9a442f459f7bf909a48d817ec5496a8a9fc92290e68aca069d62,econ,<5K,S1,YES,0.045,50.0,1.0,0,-51.0
0x57736656709ced7a407c3495d0e02941143fab29b3f59fd83d5dfb0bea043e6b,econ,<5K,S1,YES,0.09,50.0,1.0,0,-51.0
0x7cc72f070f28bcbbbe4ed1354dd1136b96c9706443a8f760755a58c5449f27b4,econ,<5K,S1,YES,0.1,50.0,1.0,0,-51.0
0x2eee717b931cde6d47c58a349b94647f9d784064057828bf3cbce6e13f987b6a,econ,<5K,S1,YES,0.075,50.0,1.0,0,-51.0
0xbce0848a207653ce5c144222b63b2b2a1d7b3e2e4cc4b08f405ec1e6bf7ac7c4,econ,<5K,S1,YES,0.115,50.0,1.0,0,-51.0
0x10deb4c70ddef36ba9707e47a03579e5597be623c351d23cc2f5967c2ab38f69,econ,<5K,S1,YES,0.12,50.0,1.0,0,-51.0
0xd55f598b3e6a38d48c80f86e1ee54cdf01d01939be4c9e2f7fe0f035f772814e,econ,<5K,S1,YES,0.045,50.0,1.0,0,-51.0
0x58ab9745e065d6a7ac1e04317e237e42e9632cee8db4c5c7f4dfb7a61dc59dad,econ,<5K,S1,YES,0.055,50.0,1.0,0,-51.0
0xc013c3fa7b12a92d6f0a898c604d9a4b0aa03c103e8c17d14d91663a7c6eac1b,econ,<5K,S1,YES,0.099,50.0,1.0,0,-51.0
0xb6084e03638908846b6f00d1338af5693fc3bd31e5d9b50a5a2a34a08c30d021,econ,<5K,S1,YES,0.085,50.0,1.0,0,-51.0
0xbb7944a7f6ff271e073059b4f73a6723256185b5b1b4408459d0b24f8cf817b0,econ,<5K,S1,YES,0.0055,50.0,1.0,0,-51.0
0x49250f18ef97558a220bda40db67386c6be3df98a5cac41204e9fa47758a3bbf,econ,<5K,S1,YES,0.0025,50.0,1.0,0,-51.0
0x27679dbdbb96a9aa429c952538b13f79a52f5493d160f6b0d18c85eb512bb468,econ,<5K,S1,YES,0.13,50.0,1.0,0,-51.0
0xee8b783654acc62efca5058697890dffaf8e25272ea7ee52ff9808830f556186,econ,<5K,S1,YES,0.0035,50.0,1.0,0,-51.0
0x4cebd0369d66bb2ce2a5a21bb89faef1d4872e8b3549bead634baa39437fa609,econ,<5K,S1,YES,0.08,50.0,1.0,0,-51.0
0x2988a39c67682e875edfb631935cccb33153ffa0c4a0e5dc33899a9c9bd81713,econ,<5K,S1,YES,0.06,50.0,1.0,0,-51.0
0xb9b13fd7bf4f22a7ccc30bd6dfdaf4dca1d16c03f13b86bb27ec60d8fd2277c3,econ,<5K,S1,YES,0.002,50.0,1.0,0,-51.0
0x4ae3f0e78cd4b49ffd3c29b9305d2f639862a013517a37455c936b8b552f6d33,econ,<5K,S1,YES,0.0555,50.0,1.0,1,849.9009009009009
0x3c3a672d5f7304ac7092498364e387b1b715f131f3fc6091d15e36066cb1b64f,econ,<5K,S1,YES,0.023,50.0,1.0,0,-51.0
0xfd5888ce010a9f93bef4bd848df5c322211cafac7eb653e2f348b05fc35f4cb3,econ,<5K,S1,YES,0.0245,50.0,1.0,0,-51.0
0x6998933ddc31a7db42558fcbde852e07c4c4c8174f9a4460f52cf98bcf08b25e,econ,<5K,S1,YES,0.045,50.0,1.0,0,-51.0
0x7308144d5076b2ceb423bba9e4c87b0390d77de6d7da48ec8b71928b1e5c47a2,econ,<5K,S1,YES,0.04,50.0,1.0,0,-51.0
0xe67cde637f76dbb4bb459ad4e70156deffda172fe4eec44c0498ae67c5ad6c02,econ,<5K,S1,YES,0.14,50.0,1.0,0,-51.0
0xd9c772f97c60131e4bbb17eac3cdafcaf5f9f9a6b968d038f81c8eff16fabd41,econ,<5K,S1,YES,0.0375,50.0,1.0,0,-51.0
0x6004c5b0b89488ba4aef6232521211a2153a75afa6cf856b4aae860cf8fc1ed0,econ,<5K,S1,YES,0.095,50.0,1.0,0,-51.0
0x75ec8fe9ef813a71af41fd87b0c921879f58f1de10cbd8d0128334083c50e376,econ,<5K,S1,YES,0.0135,50.0,1.0,0,-51.0
0x08338b476f852ac6e8c84aafb93a12609e6f86baec150c835410f9ac19251211,econ,<5K,S1,YES,0.0245,50.0,1.0,0,-51.0
0x38b882d763275211b609dd08c29fd0db56c378e7efd5d56ab5881499ea72c9d4,econ,<5K,S1,YES,0.125,50.0,1.0,0,-51.0
0x64f5c2c1c5f79b47c61f5a1421762eddef36322b70a80622aac22b235f1d970c,econ,<5K,S1,YES,0.0235,50.0,1.0,0,-51.0
0x98d494b1a66c608375b4bb2ddefc83d5b6ddd2524a240ec036c01505ad8fc9db,econ,<5K,S1,YES,0.0255,50.0,1.0,0,-51.0
0xee3d415aaf00cd2b93d840455b70fcedad08517ff39330194a2b301640840192,econ,<5K,S1,YES,0.031,50.0,1.0,0,-51.0
0x50cc419741b098a0e0ebd702ebee34d41db941ab33b051e4ef090e83f5c41db3,econ,<5K,S1,YES,0.145,50.0,1.0,0,-51.0
0x336590832395638bc44ff0aa02a4bb183258aa8fc8b406adb2842466d1481395,econ,<5K,S1,YES,0.0055,50.0,1.0,0,-51.0
0xba373824dad668f15ce705f4bd0d4a083b9ab7062138efa6d01d480a9c00d1d7,econ,<5K,S1,YES,0.018,50.0,1.0,0,-51.0
0x75ea1f5cf8f42a97ff59c11b89dce9aa6f96ffa6d0dfb88a5e8151421a42edc5,econ,<5K,S1,YES,0.045,50.0,1.0,0,-51.0
0xbd388c46a042f45427f0ef4405df21d5639bfae36e83bd4da94f9c4c5e26ff30,econ,<5K,S1,YES,0.0105,50.0,1.0,0,-51.0
0x083d1ba15a1d89a33c50b775e5c25fb2a72b0139297db258679a5265ee7a523a,econ,<5K,S1,NO,0.8945,50.0,1.0,1,-51.0
0xc768f20679d15b7935e70d67f23a06503afff941b68d8f320a821441f18b4431,econ,<5K,S1,YES,0.005,50.0,1.0,0,-51.0
0x08c84bd20b44089f0d046c9a614e1d091b78f6d8e04fcc0682a6952000b381ea,econ,<5K,S1,YES,0.003,50.0,1.0,0,-51.0
0x7223b74bb3572bc778e1d23458f7056981dbaac417593ff56df9d1f231361757,econ,<5K,S1,YES,0.0065,50.0,1.0,0,-51.0
0xe296de4307087ddfc87b0ba9d725c861ebfc60dc45745cd1d2a3d344f6929bc0,econ,<5K,S1,YES,0.145,50.0,1.0,0,-51.0
0x4b23c2e3ee806915cc1186641d292acbc6b26d7a7746ee93c910b8b0c87d4bca,econ,<5K,S1,NO,0.995,50.0,1.0,1,-51.0
0xf7971c2e02b3f1fd7bf918b3bb8bae7f71aad88734766614d2c788d4529f1973,econ,<5K,S1,YES,0.004,50.0,1.0,0,-51.0
0xa2a78c483df6515981a6d2b77230a7d0804104e7e198783729f25be0369a2c68,econ,<5K,S1,YES,0.003,50.0,1.0,0,-51.0
0x2c5decee03e431d0f2e8e437267df25b3a077bd36790f13a55342ef610d3eb1f,econ,<5K,S1,NO,0.974,50.0,1.0,1,-51.0
0xbb160252586ffd47b286e6a5cb9d6d9bcb3252d010a877b6eec01abce136bf09,econ,<5K,S1,YES,0.0085,50.0,1.0,0,-51.0
0x17299e51552ece5b09e3a274171a44fb2da3ca7f8e81fc49cefd80b1be2d2f34,econ,<5K,S1,YES,0.0105,50.0,1.0,0,-51.0
0xe0d8241fbe9308ba7fcea8842484c422ff86ead62180b61792e3ea0e9c02f3a0,econ,<5K,S1,NO,0.915,50.0,1.0,1,-51.0
0xabdd05c1de73e158f5552d546cc062e3895fe4f88bd32390eed741c740d5923f,econ,<5K,S1,YES,0.0205,50.0,1.0,0,-51.0
0xb5ec889e2044987ef9d735ac786835c9294125bcfb78af19aa1fde76a6a5328c,econ,<5K,S1,YES,0.075,50.0,1.0,0,-51.0
0xff0f3a4c6d7789c73b483437801249e6cbc51f5c5f1e979062144ce77a410f99,econ,<5K,S1,YES,0.007,50.0,1.0,0,-51.0
0x977e161e9d1c64b3fa9d493963279eccad4a5c5c7bac5053e2773e7e52e9987c,econ,<5K,S1,YES,0.0255,50.0,1.0,0,-51.0
0xe529643b7701dcb55f030e45590c1da1c94c251ffd741ce5183bc4761efab285,econ,<5K,S1,NO,0.865,50.0,1.0,1,-51.0
0xc4e0d0454edfe307d867ab2c6cf53a1bb190118cbbb9e36498e6eae225058439,econ,<5K,S1,YES,0.072,50.0,1.0,0,-51.0
0x71175499809ef6f9d197f0306d8043b36710034145e36730f3f0d798958292e2,econ,<5K,S1,YES,0.124,50.0,1.0,0,-51.0
0x3e9b0aca651ef387b86198ab743f73f5b1dbef01fdb22a2a1aaec00d296a189c,econ,<5K,S1,YES,0.0105,50.0,1.0,0,-51.0
0x6c94a437a76380ac4a4bf6c1c0e66f0302f698802c882c6338caa4ed0f74559f,econ,<5K,S1,NO,0.91,50.0,1.0,1,-51.0
0x3d89dfa14768ab4207c2654e68f76e3dd4e61eb2bbcf5964c6a361a2fa0c37e4,econ,<5K,S1,YES,0.0145,50.0,1.0,0,-51.0
0x1da719bd6ca5d22b78d6d64a08dc37bd3fc0f02e176c3a8dcf9dd4ba2abab18f,econ,<5K,S1,YES,0.018,50.0,1.0,0,-51.0
0x7fa9d5a419806d7797257de8bdb187cd9298acc83727e9271fedae38370637e4,econ,<5K,S1,NO,0.999,50.0,1.0,1,-51.0
0x32fca4a4d56d2528584cb051d21a2107e341e48cee6cb006bdb4e2ad332f3040,econ,<5K,S1,NO,0.999,50.0,1.0,1,-51.0
0xd4d6433c28e004d4a099f947f14031c17bac6b477c581693c4dd44892ebbfd09,econ,<5K,S1,YES,0.0075,50.0,1.0,0,-51.0
0xd12cdd224b053bd2e2b9d1281987e5226c22502b8a36bec285b8d8246bf01979,econ,<5K,S1,NO,0.9995,50.0,1.0,1,-51.0
0x4f0e5c99cb52770413a218edf0219d8a20ad128ff3804a2582191d58ab5f882a,econ,<5K,S1,YES,0.055,50.0,1.0,0,-51.0
0x5f0c278401fa9c2b56c6199327ef2f01d875532f54bd87f2155dd3db4958d99e,econ,<5K,S1,NO,0.9955,50.0,1.0,1,-51.0
0x1d8fb047160c5484db36ab0299769913ca50dc0fe49544bfa29ae7a20df4e1bf,econ,<5K,S1,YES,0.03,50.0,1.0,0,-51.0
0x2dd8f6e67b0eb06fbb0946fff42072e8f5b59039cb57626a465f552f8723fa2c,econ,<5K,S1,YES,0.148,50.0,1.0,0,-51.0
0x3a830e12d200626ef12882f3ec4f5c622601c7f9f411c8d1abd126b22169f7cb,econ,<5K,S1,YES,0.144,50.0,1.0,0,-51.0
0x2a3e71798617508b15f55b3a6b0c2da2348e223e4f1c84e446c58805bd3840bb,econ,<5K,S1,YES,0.0695,50.0,1.0,0,-51.0
0x0579676f56003619e2957365f7629839d73616def5839bb83ced26c85ab92de7,econ,<5K,S1,YES,0.06,50.0,1.0,0,-51.0
0x1a8380cf8ffd324a29a6aa778c7e9609285bb6c034048a1953320af4ae389d25,econ,<5K,S1,YES,0.0145,50.0,1.0,0,-51.0
0x9a7a862b6e9b6216255da5557e7935420030f62dc3abbc236278dba3c61401ae,econ,<5K,S1,YES,0.0125,50.0,1.0,0,-51.0
0xa8e820ba62eaeed6024018fc0827af2f3dc5a08e2454fe13a0fde1af162191f0,econ,<5K,S1,YES,0.0975,50.0,1.0,0,-51.0
0xa56d2c7e25824ad347228c4cc429829837064064bef0364289e83e2d9028d986,econ,<5K,S1,YES,0.0015,50.0,1.0,0,-51.0
0x1b364d2272b3dd76ad08de03d32e9f1999a4b238dd74f0908623492e80030805,econ,<5K,S1,YES,0.002,50.0,1.0,0,-51.0
0x4cb84ec5a95c72ace3b2becaa9ddcc7a749b870d31aa8d13679559d08c1286c8,econ,<5K,S1,NO,0.9895,50.0,1.0,1,-51.0
0x7cb9336f3ac2845da7e63ed041a40786110a880ff8374b4039c83075702ba1db,econ,<5K,S1,YES,0.0115,50.0,1.0,0,-51.0
0xb658fe975ad6ee8576b42061e07a50d00d5f264319ec31a48571be4659724201,econ,<5K,S1,YES,0.0065,50.0,1.0,0,-51.0
0xd3889c9e24c14ca648db423a52e3f87e8c2c988de1504eafab2d159ebb5e9df5,econ,<5K,S1,YES,0.0785,50.0,1.0,0,-51.0
0x9460ab1381cf30ac441d7bc3c623086cda68a5613c3e28d9fd7a18ac5e543579,econ,<5K,S1,YES,0.028,50.0,1.0,0,-51.0
0x17f76fd4f1942e18659f3993b1a18cfbe38d0b2b82b58f7d3f627e4f87cb0892,econ,<5K,S1,YES,0.0075,50.0,1.0,0,-51.0
0xa6d0c4da09e18085084734b463aab90bafae85e7bbc51e9c5749af7a4590b551,econ,<5K,S1,YES,0.145,50.0,1.0,0,-51.0
0x994c955479d49022b999657d21663d52ca7da65ccc64dac63d013669b2cfe56b,econ,<5K,S1,YES,0.107,50.0,1.0,0,-51.0
0xb8e87d66801273891255a1c0971753330148cf8f1e3234706c272226854aff84,econ,<5K,S1,YES,0.033,50.0,1.0,0,-51.0
0xe3fc4f709f505bffb92f9aeec3795e04e3d5b88927131198948409c991296cc0,econ,<5K,S1,YES,0.0035,50.0,1.0,0,-51.0
0xcda18a821ffb873ba1693ea50630aa1516f8f4fd22be857a3d669e9613df76db,econ,<5K,S1,YES,0.0325,50.0,1.0,0,-51.0
0xc053747c97ba742389ff2680fa64a4c61d49643ad32daeaaf4e443b5198916b0,econ,<5K,S1,YES,0.085,50.0,1.0,0,-51.0
0x861e4c7cc48d56c4f002cd3867c425a568488dfacc14cbe743bcbf6f8ff509fa,econ,<5K,S1,YES,0.0415,50.0,1.0,0,-51.0
0x7dfd859e8d587064627fe3eafb63332febb2631d40b824a858a4179449625fa4,econ,<5K,S1,YES,0.0405,50.0,1.0,0,-51.0
0xff8a36c9dfb37b20af0f759e43445aa631cc6e24844a5763b0c7a4bce3e34c69,econ,<5K,S1,YES,0.02,50.0,1.0,0,-51.0
0x0c34ef391a6d92d35b3baf530f8a3d7b26e369ced50f65b439b92d440cbd26ef,econ,<5K,S1,YES,0.065,50.0,1.0,0,-51.0
0xeb60f24fedf6087766a4ae6092ad724b0306c33328094e4cb7ce52b1a4e0a67b,econ,<5K,S1,YES,0.0115,50.0,1.0,0,-51.0
0xcdfec4a954a52c5d36c55c473c62d261a44b5bd3d3e9fde34f1c1a8396af89fa,econ,<5K,S1,YES,0.0245,50.0,1.0,0,-51.0
0xcd04d367da5b27a8c5cec29bc251ceb5ef106c6eee13706b496960dd3366bb9c,econ,<5K,S1,YES,0.015,50.0,1.0,0,-51.0
0xdefac71f65c36e595d5795a590cf4685cd6a1b1dec0c19f05f626d217c3ed955,econ,<5K,S1,YES,0.032,50.0,1.0,0,-51.0
0x57052f2ab69ab5a9aef0c3fb15f6585ea2d5d826ed75818d1d9088d9042d66c4,econ,<5K,S1,YES,0.115,50.0,1.0,0,-51.0
0xaaa6d223be967c95b073a5d4881db45193008098432785fb74954cd4a96990c3,econ,<5K,S1,YES,0.085,50.0,1.0,0,-51.0
0x8e751354970794d138e75e0fcf26284638f2a67349d16366342180a526fd2646,econ,<5K,S1,YES,0.1,50.0,1.0,0,-51.0
0x7d913ede22ee0675748d5ab520455140756f832e805b0f4ef56dd827d9f203d2,econ,<5K,S1,YES,0.002,50.0,1.0,0,-51.0
0x489ff7b0d18f42e6f101844bb0f5e08c54e75030beb02a430aaa1b0d6c71458e,econ,<5K,S1,NO,0.9725,50.0,1.0,1,-51.0
0xb8dcb82b55e69a6ebbbc3e8c7a9565a0989dca4f8e9dde85d41e495c95859c32,econ,<5K,S1,YES,0.0495,50.0,1.0,0,-51.0
0x349251dde443ce189dfa77c42ee6048be90d3bb38db791170b89153192a9c4ed,econ,<5K,S1,YES,0.0325,50.0,1.0,0,-51.0
0xd46ab6619c38229c742e71584c095b78049689c11b353f77b1bbd4ac5bd34c91,econ,<5K,S1,YES,0.049,50.0,1.0,0,-51.0
0x0f33b81e1c43acdf51a3837382638644dd5b0a52eaae41299a0f1ed107fc0a54,econ,<5K,S1,YES,0.05,50.0,1.0,0,-51.0
0xedb8dcb8286e586e5d353b08afde96c0977c65177692689b4e380b629d6497f0,econ,<5K,S1,NO,0.875,50.0,1.0,1,-51.0
0x9fee3f552638417d6190e75af942595156290c8b5fc8781bf827a8998bbd616c,econ,<5K,S1,YES,0.0345,50.0,1.0,0,-51.0
0xd0ec17bfb33a0694a9bdaff181e9f3ebde4b1a48d4a3ae8c156171cd3fc1c8eb,econ,<5K,S1,YES,0.0325,50.0,1.0,0,-51.0
0xcc05d2407c2f1fc32308e8907a341f8711a106f4a681523e1e8574145d600d5a,econ,<5K,S1,NO,0.955,50.0,1.0,1,-51.0
0xed3ac4813a14b1ddb3719228c6c71a31ba5909239d46719736333a03fc8365ee,econ,<5K,S1,NO,0.9845,50.0,1.0,1,-51.0
0x517b71fa44242c44ea9687b5895ddd19338798a910b4af7ea1536d3b5ca9f1e8,econ,<5K,S1,YES,0.0235,50.0,1.0,0,-51.0
0xa85c918c4db3f5b0e9d7a99649bbe1ba230f8b15b5083c0ad3e80bd1f8a50233,econ,<5K,S1,YES,0.0105,50.0,1.0,0,-51.0
0xfa11f73d9617eb69124b0b0b2e20f175bdd605736f56eca85d7a067bdfc68af8,econ,<5K,S1,NO,0.982,50.0,1.0,1,-51.0
0xf72bd21f10c62b4fb5318786a6a8cee9a620b2608c7bee46b3dcf65e28209bf5,econ,<5K,S1,YES,0.0155,50.0,1.0,0,-51.0
0xe62d99f931e14f745fd85aabd98150a27fc80c5479a07796ea9a0db7091f72a2,econ,<5K,S2,NO,0.355,50.0,1.0,1,-51.0
0xdc94cd7ba364829f78c56484761e22eccb57d982dbef5b9de852666187a80aa3,econ,<5K,S2,YES,0.04,50.0,1.0,0,-51.0
0xb7eac59194f58245af2229f6cb7a5bc3d53d90248af4d1c77905e9697efc81ce,econ,<5K,S2,NO,0.5,50.0,1.0,1,-51.0
0xf4b79ad4c1979655077f719ce7f58ed5cc581d938ca08262522e7d866e8ddcef,econ,<5K,S2,NO,0.465,50.0,1.0,0,42.457943925233664
0x12c94730548a26a4459d68a86b90ebdb87f19e3b9c3ee6ea381d05431c921d0e,econ,<5K,S2,YES,0.8085,50.0,1.0,1,10.84291898577613
0x0491687c2d59c8cae4fcf15a8af7c4e22d8c8ff293eff6b662576935cd3efc42,econ,<5K,S2,NO,0.835,50.0,1.0,1,-51.0
0x68776fd67ce0bd84059b446b7148f36505252a778652f6421823afa882fe1027,econ,<5K,S2,NO,0.1165,50.0,1.0,0,5.59309564233164
0x66dad3356864a2b7b4fd4e41417b5a49df03ad2abf5914298ffeae5a70d605c4,econ,<5K,S2,NO,0.41,50.0,1.0,0,33.7457627118644
0x759bd9b83c61df4cc157099bf04e82ab53ca9b4201b2d6daad8f49f53932d5f1,econ,<5K,S2,YES,0.1,50.0,1.0,0,-51.0
0xdbe791e0b1471d9266084e5be2dd5e1c355e79b4f3bfdb7f48b84dba85bf036e,econ,<5K,S2,YES,0.02,50.0,1.0,0,-51.0
0x3870b6b6ea24ce698c24c7e32f9611c7113f61620b7fcfbc008e191e83266ff3,econ,<5K,S2,YES,0.0395,50.0,1.0,0,-51.0
0x4d84ec720668ca386bb65a083dee50a0f402b52cef1f20b619f579f279f11971,econ,<5K,S2,YES,0.018,50.0,1.0,0,-51.0
0x44972edf412a58b7bd6609a399ce4dc472edb4a31b982f3093aa66455e2a0a47,econ,<5K,S2,YES,0.0305,50.0,1.0,0,-51.0
0x1b35161269a1d3e5002638f0452846b50505bcbdf11dd4a2aaf3daf5bd244d25,econ,<5K,S2,YES,0.175,50.0,1.0,0,-51.0
0xc4fd0e9ee4be71093667f069c1189d9ca988e6b95c9c04b674b828a8c983eaf7,econ,<5K,S2,YES,0.17,50.0,1.0,1,243.11764705882354
0x9771eb30553614bfdec0563ef76e9ea5798f72d80e1f64899396cd898b2066e3,econ,<5K,S2,YES,0.032,50.0,1.0,0,-51.0
0x3bb68ba052ac9a442f459f7bf909a48d817ec5496a8a9fc92290e68aca069d62,econ,<5K,S2,YES,0.045,50.0,1.0,0,-51.0
0xb6084e03638908846b6f00d1338af5693fc3bd31e5d9b50a5a2a34a08c30d021,econ,<5K,S2,YES,0.085,50.0,1.0,0,-51.0
0x4cb818c4b3dded360dd16a0efc5eb48df706024ccc9281e3ba19f6674653add2,econ,<5K,S2,YES,0.315,50.0,1.0,0,-51.0
0x1202e52b172bfced464210514432ebe2b668288ad73111f151cb464e417de1f4,econ,<5K,S2,NO,0.46,50.0,1.0,1,-51.0
0x38b882d763275211b609dd08c29fd0db56c378e7efd5d56ab5881499ea72c9d4,econ,<5K,S2,YES,0.125,50.0,1.0,0,-51.0
0xdd0c7b637d87f9f985701233e12bb058d59d32ba24572423d99ed438af5e68e2,econ,<5K,S2,NO,0.68,50.0,1.0,1,-51.0
0x2b1e23cbe104518f68ad401c878f783e98c088425fd87354128f1af345ed76e8,econ,<5K,S2,YES,0.18,50.0,1.0,0,-51.0
0x55c0a469e00bf34f68354ee283c40797711ef2b9cae7195ff9a25fce826153ce,econ,<5K,S2,NO,0.495,50.0,1.0,1,-51.0
0xe0d8241fbe9308ba7fcea8842484c422ff86ead62180b61792e3ea0e9c02f3a0,econ,<5K,S2,NO,0.915,50.0,1.0,1,-51.0
0xe529643b7701dcb55f030e45590c1da1c94c251ffd741ce5183bc4761efab285,econ,<5K,S2,NO,0.865,50.0,1.0,1,-51.0
0xc4e0d0454edfe307d867ab2c6cf53a1bb190118cbbb9e36498e6eae225058439,econ,<5K,S2,YES,0.072,50.0,1.0,0,-51.0
0x1504e3ae1f5d9e83382e4485311e503c316508784f69ea87d00a0835254df6a3,econ,<5K,S2,YES,0.355,50.0,1.0,0,-51.0
0x2dd8f6e67b0eb06fbb0946fff42072e8f5b59039cb57626a465f552f8723fa2c,econ,<5K,S2,NO,0.148,50.0,1.0,0,7.685446009389672
0x5aee482ab0d0c937aa5734f1b1f031aa6831f771a8878ca1f64e5d6ac66d8e6c,econ,<5K,S2,NO,0.2715,50.0,1.0,0,17.634179821551143
0x2a3e71798617508b15f55b3a6b0c2da2348e223e4f1c84e446c58805bd3840bb,econ,<5K,S2,YES,0.0695,50.0,1.0,0,-51.0
0x0579676f56003619e2957365f7629839d73616def5839bb83ced26c85ab92de7,econ,<5K,S2,YES,0.06,50.0,1.0,0,-51.0
0xc66d325cf3f2250957f0041cc210f91a791ed5cde8a24fc3cdeb15f5e7fad4a0,econ,<5K,S2,YES,0.15,50.0,1.0,0,-51.0
0xb235ea1b55062779f9bbfd27a83dc7166ebaf9b97752ee650561eea5a56d4b12,econ,<5K,S2,NO,0.32,50.0,1.0,0,22.529411764705884
0xa8e820ba62eaeed6024018fc0827af2f3dc5a08e2454fe13a0fde1af162191f0,econ,<5K,S2,YES,0.0975,50.0,1.0,0,-51.0
0x741515f64e07e8d4d3fe2af42e6dc721500809ad5992baaf7284ff50d152a44b,econ,<5K,S2,YES,0.155,50.0,1.0,0,-51.0
0x73a1fe1ac6dadea521a24fafc9b5f701cad0e178caa38e433fb2959c7cd16fba,econ,<5K,S2,YES,0.59,50.0,1.0,1,33.745762711864415
0xa6d0c4da09e18085084734b463aab90bafae85e7bbc51e9c5749af7a4590b551,econ,<5K,S2,YES,0.145,50.0,1.0,0,-51.0
0x994c955479d49022b999657d21663d52ca7da65ccc64dac63d013669b2cfe56b,econ,<5K,S2,YES,0.107,50.0,1.0,0,-51.0
0xb8e87d66801273891255a1c0971753330148cf8f1e3234706c272226854aff84,econ,<5K,S2,YES,0.033,50.0,1.0,0,-51.0
0x861e4c7cc48d56c4f002cd3867c425a568488dfacc14cbe743bcbf6f8ff509fa,econ,<5K,S2,YES,0.0415,50.0,1.0,0,-51.0
0xcd04d367da5b27a8c5cec29bc251ceb5ef106c6eee13706b496960dd3366bb9c,econ,<5K,S2,YES,0.015,50.0,1.0,0,-51.0
0xaaa6d223be967c95b073a5d4881db45193008098432785fb74954cd4a96990c3,econ,<5K,S2,YES,0.085,50.0,1.0,0,-51.0
0x2c96ec37e7a3e48ae8f27b67fa08f4b7231b41487891da36683a29b4ba39cbeb,econ,<5K,S2,NO,0.49,50.0,1.0,0,47.0392156862745
0x1bbd18ccb8343b71a09129788962fe5a3e56a3c09167fc6f221a34c65436d4bc,econ,<5K,S2,YES,0.27,50.0,1.0,1,134.18518518518516
0xadbd050cab9a7f8001eda5a783de1f6a96c9ace4ea6f355a8b6b4d9de2650bd5,econ,<5K,S2,NO,0.475,50.0,1.0,1,-51.0
0xb8dcb82b55e69a6ebbbc3e8c7a9565a0989dca4f8e9dde85d41e495c95859c32,econ,<5K,S2,YES,0.0495,50.0,1.0,0,-51.0
0x0f33b81e1c43acdf51a3837382638644dd5b0a52eaae41299a0f1ed107fc0a54,econ,<5K,S2,YES,0.05,50.0,1.0,0,-51.0
0xc3d3c8be03e1aa5707e3bd0ea25b49cde09423c18c5681289c486902ba41db0a,econ,<5K,S2,NO,0.19,50.0,1.0,0,10.728395061728392
0xedb8dcb8286e586e5d353b08afde96c0977c65177692689b4e380b629d6497f0,econ,<5K,S2,NO,0.875,50.0,1.0,1,-51.0
0x2a77d87f16a23fc2b306347370ae6768499647c5b9da0d04811d277909d3a598,econ,<5K,S3,YES,0.065,50.0,1.0,0,-51.0
0xc8cbd27615cc5dc3a7dfc69411f899ae2d4805a51165353b0e77a03993d8ad5d,econ,<5K,S3,YES,0.29,50.0,1.0,1,121.41379310344828
0x158b25ae98f75eedec53e429deff0df23056133d8bb6e2e27d2f65702c3cdde6,econ,<5K,S3,YES,0.14,50.0,1.0,0,-51.0
0xa202d147261a12982c68ac56a555fb7904bf5fb3156d8a7a3999cd674fa29bc3,econ,<5K,S3,YES,0.23,50.0,1.0,0,-51.0
0x051221b54702e94984ee82204230b99f217d46bd040a9251396f9e1611c8b247,econ,<5K,S3,YES,0.43,50.0,1.0,1,65.27906976744187
0x79992ae60d488b649e61f4e9b0d3c6e8045f20e4e01040f28f7d92488b1125e4,econ,<5K,S3,YES,0.43,50.0,1.0,0,-51.0
0xc2cc1a70cde90d60ff4d653433472bfbe38397dcdc31a85c4d107988f7d4b11c,econ,<5K,S3,NO,0.67,50.0,1.0,1,-51.0
0x57736656709ced7a407c3495d0e02941143fab29b3f59fd83d5dfb0bea043e6b,econ,<5K,S3,YES,0.09,50.0,1.0,0,-51.0
0x7cc72f070f28bcbbbe4ed1354dd1136b96c9706443a8f760755a58c5449f27b4,econ,<5K,S3,YES,0.1,50.0,1.0,0,-51.0
0x4ae3f0e78cd4b49ffd3c29b9305d2f639862a013517a37455c936b8b552f6d33,econ,<5K,S3,YES,0.0555,50.0,1.0,1,849.9009009009009
0x2ce18e740850344810ffa90eb8418b643d9e3483ecceb9a7a1b0abfde58303b9,econ,<5K,S3,YES,0.42,50.0,1.0,0,-51.0
0x20274d4fbf4cf33b21a595c2bb6ebef0be59cfb18da41a6b5b01dd7840b5b63b,econ,<5K,S3,YES,0.175,50.0,1.0,0,-51.0
0x083d1ba15a1d89a33c50b775e5c25fb2a72b0139297db258679a5265ee7a523a,econ,<5K,S3,NO,0.8945,50.0,1.0,1,-51.0
0xae7eb3e29ee1113d9aec9f04e12c8750dd22a196f5b7144dccce4b8805582402,econ,<5K,S3,NO,0.525,50.0,1.0,1,-51.0
0xfa1b56e78ae28b66439c471937df51a49dee1b8bf17f184ea0ac84769a9cadda,econ,<5K,S3,NO,0.845,50.0,1.0,1,-51.0
0xcec2b769208bf9c3fce1b00c9a718e2655e42a43ff37424c352a78df54b76517,econ,<5K,S3,NO,0.585,50.0,1.0,1,-51.0
0xc205b94f08d13c5a2dcfb6faac75cb245fbb247fe44836898a60df939a210237,econ,<5K,S3,YES,0.165,50.0,1.0,0,-51.0
0x4f0e5c99cb52770413a218edf0219d8a20ad128ff3804a2582191d58ab5f882a,econ,<5K,S3,YES,0.055,50.0,1.0,0,-51.0
0x403beed817b17e169d3c13907e6f9567425d91af29ecf86b5f13e9b4e1fe56dd,econ,<5K,S3,YES,0.34,50.0,1.0,1,96.05882352941177
0x0c34ef391a6d92d35b3baf530f8a3d7b26e369ced50f65b439b92d440cbd26ef,econ,<5K,S3,YES,0.065,50.0,1.0,0,-51.0
0xe191ba7c177fd50cdde37bbdbbf4711aa469c8b89bf980f17cba42a770ac2759,econ,<5K,S3,YES,0.261,50.0,1.0,0,-51.0
0xaaa6d223be967c95b073a5d4881db45193008098432785fb74954cd4a96990c3,econ,<5K,S3,YES,0.085,50.0,1.0,0,-51.0
0xf314e278d570654ef77db40e7272e62030d330ddcbfc4fa74aeaa816c66a4991,econ,<5K,S3,YES,0.155,50.0,1.0,0,-51.0
0xdc94cd7ba364829f78c56484761e22eccb57d982dbef5b9de852666187a80aa3,econ,<5K,S4,NO,0.04,50.0,1.0,0,1.0833333333333357
0x2a77d87f16a23fc2b306347370ae6768499647c5b9da0d04811d277909d3a598,econ,<5K,S4,NO,0.065,50.0,1.0,0,2.475935828876999
0x4cd8d7a1fce16885351a6ad75f1632528d59d764c16a506d23d8905718f883ec,econ,<5K,S4,NO,0.0445,50.0,1.0,0,1.3286237571951816
0x81cbbe53749e4e50469ad6f834c74fec0af5f0754ef8abe890db20132bbf3098,econ,<5K,S4,NO,0.096,50.0,1.0,0,4.309734513274336
0x9719b3b662b94fbfe912679bf16ef56829613bc3fb4567fab5db29f0e9868d43,econ,<5K,S4,NO,0.12,50.0,1.0,0,5.81818181818182
0xb5c22a2cf84b71925108a2df37d4ab6d978bc6260cea1c3f80ff2d3cf4173b93,econ,<5K,S4,NO,0.038,50.0,1.0,0,0.9750519750519757
0x158b25ae98f75eedec53e429deff0df23056133d8bb6e2e27d2f65702c3cdde6,econ,<5K,S4,NO,0.14,50.0,1.0,0,7.139534883720934
0x3bfbe6214881f1d19ddde1dffe7f79a11980ffc9cf049864b89b101de15e8cae,econ,<5K,S4,NO,0.105,50.0,1.0,0,4.865921787709496
0x4b2e375695fa5c78b1467c63405b36e22c7716c6ffcbbf9e5bdae55a44d2b679,econ,<5K,S4,NO,0.105,50.0,1.0,0,4.865921787709496
0x30429dbb5be457f55c6278a5b3ea0a375d32e5e4b2fae09a4257432a9b1a485f,econ,<5K,S4,NO,0.0315,50.0,1.0,0,0.6262261228704133
0xbc12646b64d68d0c0a2bbb1a70175e0f18240a16e085ff2ed6463c74e48ddacf,econ,<5K,S4,NO,0.104,50.0,1.0,0,4.803571428571431
0x6c2c71f3cdc8ebf25071cab7f314c7564a4f94f2a9969ea4128811b2b84ff718,econ,<5K,S4,NO,0.075,50.0,1.0,0,3.054054054054049
0xe98ddea4bff58d2d31aaa6c29391209e6c9dcf75f808469dc9b55cb02aa94b59,econ,<5K,S4,NO,0.13,50.0,1.0,0,6.47126436781609
0xc55312ab8dd3f8c7c51abfd4994f98790fa2975f15240369cd8385e523faff1e,econ,<5K,S4,NO,0.025,50.0,1.0,0,0.2820512820512846
0x491b0df7ea5f0d4959facb2ad5de4534ac9e4879c7963065fd259b4f0b32dd98,econ,<5K,S4,NO,0.025,50.0,1.0,0,0.2820512820512846
0x3f51ed06c4d4122d3fd026b12c9d8f5b8ee41327e554b815d3d7d404d3b0b7f4,econ,<5K,S4,NO,0.0175,50.0,1.0,0,-0.1094147582697218
0xc41816e2207084db9abb7ee399787ab92da8dff7b6d0a9200ce9147f808b7878,econ,<5K,S4,NO,0.0075,50.0,1.0,0,-0.6221662468513856
0x7b9d7832f5e2b604c55c6e6150d05c8bb399cd7f93c56ee9f5fa3c961c9b6dca,econ,<5K,S4,NO,0.005,50.0,1.0,0,-0.7487437185929622
0x34a7cd14c9ba737fb03faba8902a5bf922264cc88cf9ba2f76450ffbfb532c9f,econ,<5K,S4,NO,0.115,50.0,1.0,0,5.497175141242934
0x080f212deb59668e8d23e9b2c1cbbc048e36608ddcb66a57c0baf228f9166ddb,econ,<5K,S4,NO,0.125,50.0,1.0,0,6.142857142857146
0x45f6dc78c842e1194ae15deae14c75731c6a015e742fb7ad861c3a27939faa1c,econ,<5K,S4,NO,0.0195,50.0,1.0,0,-0.005609382967875831
0xd84c5afca7302a3c1530bdd8693584d084d6c8e880219397099de1d78a874254,econ,<5K,S4,NO,0.0125,50.0,1.0,0,-0.3670886075949369
0x538ff17e33965970b6f020acef6b303d5e14a298d362b440fd0de1b8e954da91,econ,<5K,S4,NO,0.0105,50.0,1.0,0,-0.4694290045477558
0xdbe791e0b1471d9266084e5be2dd5e1c355e79b4f3bfdb7f48b84dba85bf036e,econ,<5K,S4,NO,0.02,50.0,1.0,0,0.020408163265308588
0x4d84ec720668ca386bb65a083dee50a0f402b52cef1f20b619f579f279f11971,econ,<5K,S4,NO,0.018,50.0,1.0,0,-0.08350305498981925
0x44972edf412a58b7bd6609a399ce4dc472edb4a31b982f3093aa66455e2a0a47,econ,<5K,S4,NO,0.0305,50.0,1.0,0,0.5729757607013894
0x294f6cf10ef29d79fe53e03c39895a4fb5a843d8e3d563d3b9854655b0e78608,econ,<5K,S4,NO,0.09,50.0,1.0,0,3.9450549450549417
0x268ff3f3ce385318ece65f84de2cab28f10503a65cf734084415faaffd3e4adc,econ,<5K,S4,NO,0.06,50.0,1.0,0,2.191489361702132
0x78c3e3a95c6fd579c912a680a5020a7cc73060a2c375dda073353f75d862ffd6,econ,<5K,S4,NO,0.105,50.0,1.0,0,4.865921787709496
0x9771eb30553614bfdec0563ef76e9ea5798f72d80e1f64899396cd898b2066e3,econ,<5K,S4,NO,0.032,50.0,1.0,0,0.6528925619834709
0xf27476fd34151192ad40fc74943782fbe97a8260d5b0f7165255afdb3c26ad60,econ,<5K,S4,NO,0.014,50.0,1.0,0,-0.29006085192697384
0xb1dfa4dab5d0919822e3d14e03ecafa834e170a40d4e8b0f5b2f27346db45b65,econ,<5K,S4,NO,0.0355,50.0,1.0,0,0.8403317781233781
0x5d391071e03abbd238b726013b33681da0f1e7bf2d512d2789629f1314e99dd1,econ,<5K,S4,NO,0.04,50.0,1.0,0,1.0833333333333357
0x8fa34e78efa14ea951d9acd2f3bf12437f7b7c8ebc3035cc173f771a1086de48,econ,<5K,S4,NO,0.11,50.0,1.0,0,5.179775280898873
0x7bf7cd7e8469854e97046e7acbc1b197c30f5106ca4299ecb8ff57673252d2bf,econ,<5K,S4,NO,0.014,50.0,1.0,0,-0.29006085192697384
0xcdb5fbb780297b35df8881780dd5dca0afa56a3d22091cf7ca571c0241fde088,econ,<5K,S4,NO,0.0175,50.0,1.0,0,-0.1094147582697218
0x0a5134aaa0aa55dde9c558d3c0a123a076a07d0e64a13507854367bccb4c7c62,econ,<5K,S4,NO,0.0255,50.0,1.0,0,0.308363263211902
0xd9038cf2b50502865280655bb142bcbb3036ffeb52f1ffd6cc32ae827be3ca97,econ,<5K,S4,NO,0.0205,50.0,1.0,0,0.0464522715671265
0x2c7f7e679e6a65ed40489a427fed3082ff148397290228bf085d4d0696364011,econ,<5K,S4,NO,0.055,50.0,1.0,0,1.9100529100529116
0x16b4c50b621c5e2914831a2f72ab99a316f25b129bc2ac98b6178b491107fe52,econ,<5K,S4,NO,0.08,50.0,1.0,0,3.347826086956516
0xaf7267351b6a7b4589913f38baf322c90874ae48049bfdd3ae3e621acea0b876,econ,<5K,S4,NO,0.019,50.0,1.0,0,-0.031600407747198744
0x2450c9366af76826b598090ce3f86ab1837b3bb206e6c4ae3a78f1f6d8be1c68,econ,<5K,S4,NO,0.065,50.0,1.0,0,2.475935828876999
0x7f1f02b19c46a3be5c6dfd28f64d897641fe9b4d3f8d646126c3416640e4dc77,econ,<5K,S4,NO,0.05,50.0,1.0,0,1.6315789473684248
0x5ecd3edfd97b4198347ce091160305f829c238eda74abdafa0be4570bdb6f0bc,econ,<5K,S4,NO,0.0665,50.0,1.0,0,2.561863952865558
0x3bb68ba052ac9a442f459f7bf909a48d817ec5496a8a9fc92290e68aca069d62,econ,<5K,S4,NO,0.045,50.0,1.0,0,1.356020942408378
0x57736656709ced7a407c3495d0e02941143fab29b3f59fd83d5dfb0bea043e6b,econ,<5K,S4,NO,0.09,50.0,1.0,0,3.9450549450549417
0x7cc72f070f28bcbbbe4ed1354dd1136b96c9706443a8f760755a58c5449f27b4,econ,<5K,S4,NO,0.1,50.0,1.0,0,4.555555555555557
0x2eee717b931cde6d47c58a349b94647f9d784064057828bf3cbce6e13f987b6a,econ,<5K,S4,NO,0.075,50.0,1.0,0,3.054054054054049
0xbce0848a207653ce5c144222b63b2b2a1d7b3e2e4cc4b08f405ec1e6bf7ac7c4,econ,<5K,S4,NO,0.115,50.0,1.0,0,5.497175141242934
0x10deb4c70ddef36ba9707e47a03579e5597be623c351d23cc2f5967c2ab38f69,econ,<5K,S4,NO,0.12,50.0,1.0,0,5.81818181818182
0xd55f598b3e6a38d48c80f86e1ee54cdf01d01939be4c9e2f7fe0f035f772814e,econ,<5K,S4,NO,0.045,50.0,1.0,0,1.356020942408378
0x58ab9745e065d6a7ac1e04317e237e42e9632cee8db4c5c7f4dfb7a61dc59dad,econ,<5K,S4,NO,0.055,50.0,1.0,0,1.9100529100529116
0xb6084e03638908846b6f00d1338af5693fc3bd31e5d9b50a5a2a34a08c30d021,econ,<5K,S4,NO,0.085,50.0,1.0,0,3.644808743169399
0x6998933ddc31a7db42558fcbde852e07c4c4c8174f9a4460f52cf98bcf08b25e,econ,<5K,S4,NO,0.045,50.0,1.0,0,1.356020942408378
0x7308144d5076b2ceb423bba9e4c87b0390d77de6d7da48ec8b71928b1e5c47a2,econ,<5K,S4,NO,0.04,50.0,1.0,0,1.0833333333333357
0xe67cde637f76dbb4bb459ad4e70156deffda172fe4eec44c0498ae67c5ad6c02,econ,<5K,S4,NO,0.14,50.0,1.0,0,7.139534883720934
0x08338b476f852ac6e8c84aafb93a12609e6f86baec150c835410f9ac19251211,econ,<5K,S4,NO,0.0245,50.0,1.0,0,0.2557662737057882
0x38b882d763275211b609dd08c29fd0db56c378e7efd5d56ab5881499ea72c9d4,econ,<5K,S4,NO,0.125,50.0,1.0,0,6.142857142857146
0xee3d415aaf00cd2b93d840455b70fcedad08517ff39330194a2b301640840192,econ,<5K,S4,NO,0.031,50.0,1.0,0,0.5995872033023772
0x50cc419741b098a0e0ebd702ebee34d41db941ab33b051e4ef090e83f5c41db3,econ,<5K,S4,NO,0.145,50.0,1.0,0,7.4795321637426895
0xba373824dad668f15ce705f4bd0d4a083b9ab7062138efa6d01d480a9c00d1d7,econ,<5K,S4,NO,0.018,50.0,1.0,0,-0.08350305498981925
0x75ea1f5cf8f42a97ff59c11b89dce9aa6f96ffa6d0dfb88a5e8151421a42edc5,econ,<5K,S4,NO,0.045,50.0,1.0,0,1.356020942408378
0xbd388c46a042f45427f0ef4405df21d5639bfae36e83bd4da94f9c4c5e26ff30,econ,<5K,S4,NO,0.0105,50.0,1.0,0,-0.4694290045477558
0x7223b74bb3572bc778e1d23458f7056981dbaac417593ff56df9d1f231361757,econ,<5K,S4,NO,0.0065,50.0,1.0,0,-0.6728736789129357
0xabdd05c1de73e158f5552d546cc062e3895fe4f88bd32390eed741c740d5923f,econ,<5K,S4,NO,0.0205,50.0,1.0,0,0.0464522715671265
0xb5ec889e2044987ef9d735ac786835c9294125bcfb78af19aa1fde76a6a5328c,econ,<5K,S4,NO,0.075,50.0,1.0,0,3.054054054054049
0xff0f3a4c6d7789c73b483437801249e6cbc51f5c5f1e979062144ce77a410f99,econ,<5K,S4,NO,0.007,50.0,1.0,0,-0.6475327291037232
0x3d89dfa14768ab4207c2654e68f76e3dd4e61eb2bbcf5964c6a361a2fa0c37e4,econ,<5K,S4,NO,0.0145,50.0,1.0,0,-0.2643328259766662
0x1da719bd6ca5d22b78d6d64a08dc37bd3fc0f02e176c3a8dcf9dd4ba2abab18f,econ,<5K,S4,NO,0.018,50.0,1.0,0,-0.08350305498981925
0x4f0e5c99cb52770413a218edf0219d8a20ad128ff3804a2582191d58ab5f882a,econ,<5K,S4,NO,0.055,50.0,1.0,0,1.9100529100529116
0x9a7a862b6e9b6216255da5557e7935420030f62dc3abbc236278dba3c61401ae,econ,<5K,S4,NO,0.0125,50.0,1.0,0,-0.3670886075949369
0x7cb9336f3ac2845da7e63ed041a40786110a880ff8374b4039c83075702ba1db,econ,<5K,S4,NO,0.0115,50.0,1.0,0,-0.4183105715730946
0xb658fe975ad6ee8576b42061e07a50d00d5f264319ec31a48571be4659724201,econ,<5K,S4,NO,0.0065,50.0,1.0,0,-0.6728736789129357
0x17f76fd4f1942e18659f3993b1a18cfbe38d0b2b82b58f7d3f627e4f87cb0892,econ,<5K,S4,NO,0.0075,50.0,1.0,0,-0.6221662468513856
0xa6d0c4da09e18085084734b463aab90bafae85e7bbc51e9c5749af7a4590b551,econ,<5K,S4,NO,0.145,50.0,1.0,0,7.4795321637426895
0x994c955479d49022b999657d21663d52ca7da65ccc64dac63d013669b2cfe56b,econ,<5K,S4,NO,0.107,50.0,1.0,0,4.991041433370661
0x26000a18ec71be1c8dc92eeb52d274d561da9081bdae520968bb27f80ed453df,econ,5-15K,S1,YES,0.0035,50.0,1.0,0,-51.0
0x70ee5e1d18a794f36d3c50b7215bd203e00f702d71fa0f0014466f98afe35a09,econ,5-15K,S1,YES,0.012,50.0,1.0,0,-51.0
0xd4a957e7b51fc2e74c4f1909583972011772eda01aada975251aeaffbbc73f56,econ,5-15K,S1,YES,0.0015,50.0,1.0,0,-51.0
0xbb1a187568240a58bc243c6cd4c15ed43b8fd4a98536257910759625b56de996,econ,5-15K,S1,YES,0.115,50.0,1.0,0,-51.0
0x110dff796f1edec95caf841e432d7e973f3039c95aa7cdea59087a0f4fb29e51,econ,5-15K,S1,YES,0.08,50.0,1.0,0,-51.0
0xaf47e74c8018f94380c5d3baa0a6a93dbdc063e4b8fa754d31dbb1d6ad6341ed,econ,5-15K,S1,YES,0.13,50.0,1.0,0,-51.0
0x0644b8969ea752fb1434d720f968832fd51cb4485771ed6fa18029e9972491bc,econ,5-15K,S1,YES,0.14,50.0,1.0,0,-51.0
0xa2c684ca2658fc7adf1e7b4fbae6e3e36836cfcc00dbeeb691b802c3fc0f6251,econ,5-15K,S1,YES,0.006,50.0,1.0,0,-51.0
0xb0aabe3a05127679feae11168fd7bb089ab2749d8a0b1d564c541b4b6e91e8f0,econ,5-15K,S1,YES,0.0815,50.0,1.0,0,-51.0
0xa05ab8c66ec73fe019a66321da671ef156ebc161df1b2c9ac6b730ce2f308897,econ,5-15K,S1,YES,0.0145,50.0,1.0,0,-51.0
0xd81bc022ed76ca327c7f9c7f842ebb5dc75ad3f8cb2ed80f078e113bd066ed2f,econ,5-15K,S1,YES,0.0015,50.0,1.0,0,-51.0
0x0b5515c8ba73e4bd1ae62901e7198c2c5ed05343128768c2e087a9c79591d9af,econ,5-15K,S1,YES,0.002,50.0,1.0,0,-51.0
0x530ec9ba2fab8e6130677e101be8bbdfcb59b255732f9cd3730860717509d47d,econ,5-15K,S1,YES,0.13,50.0,1.0,0,-51.0
0x42b8304f759771cab23dbc8edb71a49c50fdf78ea38011af3f2019cdd478da60,econ,5-15K,S1,YES,0.085,50.0,1.0,1,537.2352941176471
0x8c522b8e4fdb9d75a74730e15a63129fc3d92ec54d679689053a65a0d1d77f0a,econ,5-15K,S1,YES,0.085,50.0,1.0,0,-51.0
0x159fdf8f17696059b70d8018d1c99e1b0d65f11a339f151d7b13ec213c40ecc4,econ,5-15K,S1,YES,0.055,50.0,1.0,0,-51.0
0xae1e7d0644cad56c1f36a4fbcd7dca8c2adab89038511437a41e8d6af58f8f8a,econ,5-15K,S1,YES,0.02,50.0,1.0,0,-51.0
0x16e3eb18b6d9a5f72642e4cc14ae601d589ee999158350e3026b6e2bc764da90,econ,5-15K,S1,YES,0.145,50.0,1.0,0,-51.0
0x585228f460365417f46822dcd5beea26cdb0d3950043dc159108a5fd8b01c5e2,econ,5-15K,S1,NO,0.93,50.0,1.0,1,-51.0
0xde22b7797b05827420a724b98fbf2de645d7c05d8556fe08c43722f525672570,econ,5-15K,S1,YES,0.004,50.0,1.0,0,-51.0
0x9663e5a60fd72527381a382ed832e2bc768a16b1c7146baa82bd80331f2e48b4,econ,5-15K,S1,YES,0.017,50.0,1.0,0,-51.0
0x32f3bab4bede9ecd2b35df328ce53067bdaa8835d74f437b42765fe6c12e712f,econ,5-15K,S1,YES,0.003,50.0,1.0,0,-51.0
0x78e9d8bbef9010b1af25b77cc6fc84aaf7ae845367adb6699770df847ae1cf6a,econ,5-15K,S1,NO,0.942,50.0,1.0,1,-51.0
0x02e65430bb2bf072fcbeb20dc41be56ec716aa32cf108fb3f453bd16bb648928,econ,5-15K,S1,YES,0.0055,50.0,1.0,0,-51.0
0x50d8039a90920e58bbc122b692792f878a860314336f9f2fa0084482cc882797,econ,5-15K,S1,YES,0.105,50.0,1.0,0,-51.0
0xc181206cfc1510680a662ed61024ac2f5623450660d7b3aaf7897e660ced398a,econ,5-15K,S1,YES,0.046,50.0,1.0,0,-51.0
0xafa071681d587c17290fd143cf4e1764eb22be2a1831adb0572a313b26df5d0a,econ,5-15K,S1,NO,0.86,50.0,1.0,1,-51.0
0xad900367d22293246f9bc19949304b47ebb2dc7718ea9a6f3e5d642ca572d884,econ,5-15K,S1,NO,0.905,50.0,1.0,1,-51.0
0x19fabfe0526a4897c5da146c3f258cdc4d9219faffc276a7a4dcfb9567745922,econ,5-15K,S1,NO,0.9945,50.0,1.0,1,-51.0
0x11e0cd03a04df334ef63282a483c4a09e4bbe4f04a7d142edc8d2306dd041900,econ,5-15K,S1,YES,0.1225,50.0,1.0,0,-51.0
0x115fd87ff15df7f2eac4d554a7592a5d2724567f0cebb9521e2145d4043626bc,econ,5-15K,S1,YES,0.142,50.0,1.0,0,-51.0
0xa2a47bc61a119eacc8f4c541cffc5e8bc5fa80d73c5b02a3d750905bbc21eb9a,econ,5-15K,S1,YES,0.06,50.0,1.0,0,-51.0
0x96b645cc0b9525b7b2799a71dc87ab4e20bb21d9cb9e029599f5767ec3c488b0,econ,5-15K,S1,YES,0.0615,50.0,1.0,0,-51.0
0x05953c673a20679d7ad14507a4a7eea9272ddeb747d2534d47d4eddacb0a9df8,econ,5-15K,S1,YES,0.085,50.0,1.0,0,-51.0
0xb9fcddcc6bc52f5d5753b1053a9cecc49c257c016e47af4f17379d3e686baf9b,econ,5-15K,S1,YES,0.056,50.0,1.0,0,-51.0
0xd9720d0ca0652f55d4d6d63a628bc0bd25a62ffef171008873218cc20681e9cf,econ,5-15K,S1,YES,0.002,50.0,1.0,0,-51.0
0xc39ac65b0cb667fba3e881b51b7277f64863be2ad707489f2b08958ab99e6fc4,econ,5-15K,S1,YES,0.0035,50.0,1.0,0,-51.0
0xbab73552f87f28b2dc5d764afd993947e9052a80fb208ec7c4647a65774f7d37,econ,5-15K,S1,YES,0.002,50.0,1.0,0,-51.0
0xd2c65888eab262baf8d306e746436fef4d2660fc64308feee6a2910b16c88669,econ,5-15K,S1,YES,0.013,50.0,1.0,0,-51.0
0xc1585266ebbc2c08cccc35ad96377e8cfdd9039ba853fc745457a2ed9b2d6b24,econ,5-15K,S1,YES,0.0005,50.0,1.0,0,-51.0
0x2cd2746b18983deb67d1f42e9fa6821033b71d44d146d3721245cd3ef6280d20,econ,5-15K,S1,YES,0.0115,50.0,1.0,0,-51.0
0xcb57376b60be3920fceb84538807962567a973810dbc15e5123d87174df7d621,econ,5-15K,S1,YES,0.0195,50.0,1.0,0,-51.0
0xf76c3f3c9ca92a5d00e628a642fbea9aaa7670ee0cf378d8fde9882479f77ff1,econ,5-15K,S1,NO,0.975,50.0,1.0,1,-51.0
0xe96d455240b957f704af3b5bec6f49678fc61f25b84f09b4c8290207b67e2ca6,econ,5-15K,S1,YES,0.031,50.0,1.0,0,-51.0
0x3071201ee55a926c34f489a66dcd5a9030e11a96bac97b0b622db28c21406239,econ,5-15K,S1,YES,0.135,50.0,1.0,0,-51.0
0xa40924efe82a27254287ff1c05b3ab40c411a35ba14197ad24588e8c2a1b8edf,econ,5-15K,S1,YES,0.0025,50.0,1.0,0,-51.0
0x069432efca25de5867b72ab1eaf2a1b4f88b65244eb5973a6dc084e47ac8532f,econ,5-15K,S1,YES,0.0015,50.0,1.0,0,-51.0
0xf7ae3f0b12fe080da17831601d7dce5180c0eaa7a536de7912cab4b86ced077b,econ,5-15K,S1,YES,0.0015,50.0,1.0,0,-51.0
0x9e7e68a1ae02c84b01c50575f1202df8d4b6497c1fd00fce4c57cca689d63097,econ,5-15K,S1,NO,0.975,50.0,1.0,1,-51.0
0x9f38d45adf3f4ac1811e400000dfa190b9dbe88b7220dbb6fd9b8d9d12bbd7f2,econ,5-15K,S1,YES,0.025,50.0,1.0,0,-51.0
0xecd3e851d1cbada0f81afe17c20eeeac86c8414652914593c203039d4c0ba96c,econ,5-15K,S1,YES,0.0015,50.0,1.0,0,-51.0
0xe6e755d2a11fc8280ccbb31565844f7752d40ec69c6b1c698e82b2e390bfe474,econ,5-15K,S1,YES,0.003,50.0,1.0,0,-51.0
0x75c518002b3bea3df64c7ce6eef4d91f7cef00d6194f0dc1777955278ca6e71d,econ,5-15K,S1,YES,0.0535,50.0,1.0,0,-51.0
0x48fa71ab466bc2d58594d4c5673d88b825eec7c5c262ee8f51807b6c795696fa,econ,5-15K,S1,YES,0.0235,50.0,1.0,0,-51.0
0xfb5f804e0d40cf155618aaba895414163b7484ef31364cdcfee77ee60a52d2b3,econ,5-15K,S1,YES,0.065,50.0,1.0,0,-51.0
0xbd1af721e5ff6e31ab5f70c81b2965f7b0ab31570911cb597f10d1eb3ed0d18d,econ,5-15K,S1,YES,0.003,50.0,1.0,0,-51.0
0x30781c172d324bc9770827adbd37c7b3808bd86f9c0ef3c468405a377b5db0d9,econ,5-15K,S1,YES,0.04,50.0,1.0,0,-51.0
0x2cf603087750201a36bbb9c601046c278568f0f48db2285a2d4cd6f449145b45,econ,5-15K,S1,YES,0.14,50.0,1.0,1,306.1428571428571
0x1ac4b537bc3fad0f21327b934c5bab896585d84e1fec8fe84877049ba49bae31,econ,5-15K,S1,NO,0.967,50.0,1.0,1,-51.0
0x92fd3b551c14a04ce7352545bc79dcd3c6c63fe32cb34985c81b34e713402887,econ,5-15K,S1,YES,0.0265,50.0,1.0,0,-51.0
0x50254dd160e3bb249a9568b6f162454e61ad13044c43f2e3a3cde957d4bbd121,econ,5-15K,S1,YES,0.021,50.0,1.0,0,-51.0
0xb0659f6424e03dd0c5b03d845210c83c00bfa46ee0e8c7f6d2fa745c917fa78a,econ,5-15K,S1,YES,0.0215,50.0,1.0,0,-51.0
0xaf9efd9fad6ec93c00eff62366a0e6c2208ccce326ac2d139924c442acedbeaf,econ,5-15K,S1,YES,0.0015,50.0,1.0,0,-51.0
0x7223f26838230d74d1eacf090db036658360df94e2726fbd1790cc5d656d3efe,econ,5-15K,S1,YES,0.011,50.0,1.0,0,-51.0
0x385cff65ea17ab2d69888d3bb01198a287c664375dc1376384e9711173f30215,econ,5-15K,S1,YES,0.0365,50.0,1.0,0,-51.0
0xae28f5f1762a2f67ba73e3d1d548b9b25f71f5a668c5ef8d2d2ddc9c30b91d7c,econ,5-15K,S1,YES,0.055,50.0,1.0,0,-51.0
0xdc3883290f848c9177d1017303916ee8cff8b6b2966d97b5ddd70bd4ce7c85cf,econ,5-15K,S1,YES,0.024,50.0,1.0,0,-51.0
0xc0ffe3f5ad3dd564d2a7f564c4a7275e04c19c731a4f668348ba529fe6201e3f,econ,5-15K,S1,YES,0.0685,50.0,1.0,0,-51.0
0xc5309cab38e81e88e3fdead189defa5b9ef1b2308ef09604972ec2a967abdd20,econ,5-15K,S1,YES,0.003,50.0,1.0,0,-51.0
0x69b7dca69efadef48c5fb13417a3fb5d6cef85eb4f4af07fbb7e6065cab8b1a0,econ,5-15K,S1,YES,0.031,50.0,1.0,0,-51.0
0x8d8bb8a29e22e924c9931e931d10651fc9288b1a6d8e8a9a6179629fe13912ed,econ,5-15K,S1,YES,0.0025,50.0,1.0,0,-51.0
0x882e95dc28b1b970974a892c7183067ee3d9aa45d2f8c27ffbdf14eb761ade1d,econ,5-15K,S1,NO,0.9835,50.0,1.0,1,-51.0
0xcf7ad7e9ea92d1c2f59eee36e48ba077c757c8248e28610107f9b2fe8edfea93,econ,5-15K,S1,YES,0.0025,50.0,1.0,0,-51.0
0x1b8dc9a9fc82f99ab3e5ecc0117c8a6e13d6bd0ca1e4e653b3d4d5052352199e,econ,5-15K,S1,NO,0.984,50.0,1.0,1,-51.0
0xb3644f41576a181d664e3e8308573b70906427db51e3531e1a0f59910ab09883,econ,5-15K,S1,YES,0.0045,50.0,1.0,0,-51.0
0x74bcf7f874aaa5ace73cd348e21fac79f78efbac06a7b885d53b04387ec4d019,econ,5-15K,S1,YES,0.0045,50.0,1.0,0,-51.0
0xedd36823fda11cc766bbe7bfa9a002ed898c4d4283e0c396fe65ea3170f4a428,econ,5-15K,S1,YES,0.041,50.0,1.0,0,-51.0
0x15fe8115de198d20521167267f5d367fed1c68b11702f2829530e3d737f431a3,econ,5-15K,S1,YES,0.0215,50.0,1.0,0,-51.0
0xe8a62d3152a2c85438b3b5a53b35039523b52faba948be90c8ffcdd8713b7612,econ,5-15K,S1,YES,0.135,50.0,1.0,0,-51.0
0x8ecf1bd49f0c4f8491dfbd0b5f6ce46cda8f39fdf110dfe4729e41dd853be618,econ,5-15K,S1,YES,0.07,50.0,1.0,0,-51.0
0x0b45a08fc3ecb3a8a6110e5a60a326af39206ef77e95db10b2252a44bc1f84a8,econ,5-15K,S1,YES,0.0425,50.0,1.0,0,-51.0
0xd1889f8050ae7b0a2ebb5f972a645826a1a40b0a54be855501c82101c129d552,econ,5-15K,S1,YES,0.0765,50.0,1.0,0,-51.0
0xa1c5fd6559f95a87dfa125bbe8e225a2d394feb526c2dd5af938216f48b1c6b8,econ,5-15K,S1,YES,0.005,50.0,1.0,0,-51.0
0x5e984d29b8cbaeaca6321e99595afb80302ededc21e07c05b59be5707d1dd445,econ,5-15K,S1,YES,0.0025,50.0,1.0,0,-51.0
0x1c25345df65d074ab8d8326d426fcfd580b44eb8695a6aae340b40bd3ec62d76,econ,5-15K,S1,YES,0.0035,50.0,1.0,0,-51.0
0x405e5c6316fd8b37c3ad741c604d18aef87cf9eba9193a03348516204f2d8ac8,econ,5-15K,S1,YES,0.07,50.0,1.0,1,663.2857142857142
0xaafa05f0ecda2d7e6f64f7f17030cfa14a469fe4a27c7c0ada032e31c9030edb,econ,5-15K,S1,YES,0.029,50.0,1.0,0,-51.0
0x2cc836561c3784e7def759d2aa5ef041465b4877b49a17f7268b6f4117542671,econ,5-15K,S1,YES,0.125,50.0,1.0,0,-51.0
0x79f26be3791ca74c33e03e10b9c87702ad6759509688039637a5b6e5968e760a,econ,5-15K,S1,YES,0.12,50.0,1.0,0,-51.0
0x9a4b70d49c610171ab3d1d86774bb328e05a3301c8d5969577795d98ddfe9c3e,econ,5-15K,S1,YES,0.135,50.0,1.0,0,-51.0
0x0ad16dadd051731cbcd12ace54efd4140c218c24eb1fb552c4f436ba8b194c46,econ,5-15K,S1,YES,0.035,50.0,1.0,0,-51.0
0x5a0142513ff81492ec7f7a9163f82a5bbb14a8070a17e6a15b00e439ecd986d4,econ,5-15K,S1,YES,0.02,50.0,1.0,0,-51.0
0x36871c0d62995231fe7456b7900f673be34983239eb3953def16f0bf69c8bb1a,econ,5-15K,S1,YES,0.0265,50.0,1.0,0,-51.0
0xbc6016929490f0c42554857fa69ddd2e04d868d2c13287dd0701424897cd8d34,econ,5-15K,S1,YES,0.14,50.0,1.0,0,-51.0
0xaf433263b503ec9cfa248bbd1a3ac919ce9fa01e8f86a3fd9da58a458e0f0995,econ,5-15K,S1,YES,0.028,50.0,1.0,0,-51.0
0x7b58375c465f747fa65642c7c9d7a420ce719d845e0f03c74f92606c7e0364f3,econ,5-15K,S1,YES,0.015,50.0,1.0,1,3282.3333333333335
0x1d4ccb0fd8e5d2cab44e753f2ae65daabffa948a46b1adcebd8d06f16c0b2493,econ,5-15K,S1,YES,0.017,50.0,1.0,0,-51.0
0xe5df74d43141648ee2ff4e7cf90df69e47fe37e2c0a063e0eac4763ffec42ea2,econ,5-15K,S1,NO,0.9,50.0,1.0,0,449.0000000000001
0xcd30f2f9142ac16dd9a6d4cb2e8050b7ebd7628f9dd938f5ec536dfc17dad005,econ,5-15K,S1,NO,0.875,50.0,1.0,1,-51.0
0x95731a580d2d134729f747b8143814a866846303549f5ac3215400ef81798db1,econ,5-15K,S1,YES,0.135,50.0,1.0,0,-51.0
0x44f67876759c44b763bb53f89b3c738756331b0a208672fc8db8a5f389230950,econ,5-15K,S1,YES,0.0065,50.0,1.0,0,-51.0
0xde0201391eabf867697607591f7ad329198286e5bd37f0326ea5d94ae7385276,econ,5-15K,S1,YES,0.0305,50.0,1.0,0,-51.0
0x86617e809ce2faf391d6a74ae1f1eeedda988c0011c7681743dd07027dcefe5a,econ,5-15K,S1,YES,0.0035,50.0,1.0,0,-51.0
0xb2c06fc71def3f4f2bf83a901e7c8a8afdae31cf8cb7467c03b92a42ff4658c8,econ,5-15K,S1,YES,0.0055,50.0,1.0,0,-51.0
0xda480cb2b4c1a0695c5396f8f5e72adc44b2364b8f5138a1bfd1a511e3ae6cd4,econ,5-15K,S1,YES,0.145,50.0,1.0,0,-51.0
0x4f33a2b3938e0ee4cfad64f1ade11579d97f5b0cbe10945790549e713c04fa90,econ,5-15K,S1,YES,0.0205,50.0,1.0,0,-51.0
0xb78fb59bd91ebc1795979490867a266786db797498b6078573e45f1d07053df0,econ,5-15K,S1,YES,0.0025,50.0,1.0,0,-51.0
0xb31f715305e219271f4f76f31d3f00c49c8cc638da4ffd775841fd45b75f0341,econ,5-15K,S1,YES,0.004,50.0,1.0,0,-51.0
0xb0e564e10c5f587fa27f4425f41f6205b1c446d721636e74a8d50a63f20c2bce,econ,5-15K,S1,YES,0.007,50.0,1.0,0,-51.0
0xc6c5643c57ba39924c3c733b76f56c68dbeea83b4c76e88cb1b46d54d4321983,econ,5-15K,S1,YES,0.018,50.0,1.0,0,-51.0
0xc832de2e5057020e0912f84022e65943f65a5f8152b1b3014275daa7f88bcd5b,econ,5-15K,S1,YES,0.01,50.0,1.0,0,-51.0
0xb935dd964a1b260624551342768cc326bcd808a902a4f2b937d3998da7dacefc,econ,5-15K,S1,YES,0.0025,50.0,1.0,0,-51.0
0x1005c6f91a7d9b33123834376f0680d9bc81eb7a35fde63e3b6ac353263ead59,econ,5-15K,S1,YES,0.0125,50.0,1.0,0,-51.0
0x85245ebc7858f5e5f83923b4e1e7885040952c06a557372cd23807ccda2fa30d,econ,5-15K,S1,YES,0.009,50.0,1.0,0,-51.0
0x4cdb6d82532ce1dec1c65ce39c76993ce0ecab20070f3f510aeb6aa8836350d3,econ,5-15K,S1,YES,0.0235,50.0,1.0,0,-51.0
0xa26c27ba1079273f6595b7dce8c337e0b2066a5d6c3321fc0d7e60310d823c8f,econ,5-15K,S1,YES,0.002,50.0,1.0,0,-51.0
0x15d8fa9476e0bfe216de02cb40b1c8229bc4c27f8d19aa208ed0bcca0f7c2d01,econ,5-15K,S1,YES,0.004,50.0,1.0,0,-51.0
0x0dfbb92a10304e1c95a5925e12026cce3e490144fc94f2efb0b14b83a404274c,econ,5-15K,S1,YES,0.027,50.0,1.0,0,-51.0
0xb2aa9e72e755c732cd86ce433a6b6ddf2d839d2bcab37e10a4022f424e4a6e65,econ,5-15K,S1,YES,0.008,50.0,1.0,0,-51.0
0x73bdfdae4896b61e36bff142f40a35a29bef655a73b4ff006f3ba11ad39af1b4,econ,5-15K,S1,YES,0.0115,50.0,1.0,0,-51.0
0xbd2bfab86780702680feb293da42c4d0ebc35cc7f7ca71f6c915c3a08092b01a,econ,5-15K,S1,YES,0.0435,50.0,1.0,0,-51.0
0x6d72e26f3142924057edc0320270350f3b98275e7674b69568537483dad1023c,econ,5-15K,S1,YES,0.008,50.0,1.0,0,-51.0
0xa2cec47a2c7b01cae1f7d2a70d67a0380845430674c4a2c33780b70d630485cd,econ,5-15K,S1,YES,0.095,50.0,1.0,0,-51.0
0xf86db0174745b4284be467af6ac88b4c5a1e95ae1999c44fbcdd6e82dad14770,econ,5-15K,S1,YES,0.0305,50.0,1.0,0,-51.0
0x8e62387a65d35003c04bde7b17ea4819c7740cbb7b85d62664b12944dcaa277f,econ,5-15K,S1,YES,0.0015,50.0,1.0,0,-51.0
0xb0b44a33739a6fb487402ba2246f903d45e8a16004471639abbfda6019076018,econ,5-15K,S1,NO,0.9635,50.0,1.0,1,-51.0
0x6dd8440436f40982dc2bf1770831aea6c9d0eb961b551c35232d04fe29e9be96,econ,5-15K,S1,YES,0.0015,50.0,1.0,0,-51.0
0x926c83d91a62b648d326d06903b5aa67aaadd3640e3affe307f41edfbc5d0a58,econ,5-15K,S1,YES,0.0035,50.0,1.0,0,-51.0
0x7a8c353f1231b6e1cf18b8e999ff6f3cd61389aea4507912d250edebcd96dc76,econ,5-15K,S1,YES,0.005,50.0,1.0,0,-51.0
0x59aa7660c669c19d4d6613f349b1ffb784b89083f8a41d7dd3d37117517776ea,econ,5-15K,S1,YES,0.0255,50.0,1.0,0,-51.0
0x5fd7821726eb9a58ff31087b117ba5c969825292d65c2681af9db15fcb7481f6,econ,5-15K,S1,YES,0.002,50.0,1.0,0,-51.0
0x284fb872d4b476ce668737578c87655cbe3de5c65089b7d8623702b34459305c,econ,5-15K,S1,YES,0.0015,50.0,1.0,0,-51.0
0x2685d255c63162ce1a4271d28192f5bed316f208782d4dfc554c307285fbc45f,econ,5-15K,S1,YES,0.036,50.0,1.0,0,-51.0
0x918b0860a10f17644c42e07f9a15c20ae7ef40ae7dc197a89c9432b780b31874,econ,5-15K,S1,YES,0.0025,50.0,1.0,0,-51.0
0xcab446c5da0d805d1a35eac8d2bd8fa37a1fbc1a3e685fecfe1a64e2a1b88680,econ,5-15K,S1,YES,0.0015,50.0,1.0,0,-51.0
0xc6f4f916fa36cb8abee1a9ac587551048dfb3ee962bf49f0376a9b52aedd6b4f,econ,5-15K,S1,YES,0.004,50.0,1.0,0,-51.0
0x395b3fc405df1a493d20ebe0743cb6c90dfd57b6b9767c8bb9ed116fc2b93ebd,econ,5-15K,S1,NO,0.93,50.0,1.0,1,-51.0
0x7bc0a1bb9a825bfa425f8e172da9f4074cbf866014a43618c34a24470638b10a,econ,5-15K,S1,YES,0.003,50.0,1.0,0,-51.0
0xf79f9c92ba109391e134b73df20de007d90ef8549636a5c44577165cb13cf3cc,econ,5-15K,S1,NO,0.989,50.0,1.0,1,-51.0
0xe7f76440ff8317eec4fb3c359039c08040c9ec8f5523f0265fa5ad86c5a1c40c,econ,5-15K,S1,YES,0.028,50.0,1.0,0,-51.0
0xb163b1a9056fb9f97b16b4ceff4756a3180e5aac84f4849cc1df048817fa52c0,econ,5-15K,S1,YES,0.105,50.0,1.0,0,-51.0
0xc4181247a6a6b2d772350625988bb756b12d04d15940c08f9ad901c265807701,econ,5-15K,S1,YES,0.0015,50.0,1.0,0,-51.0
0xe00f271fc6892356f3d888ea611c64f30d2d694349396ef25c975d2f9737f23f,econ,5-15K,S1,YES,0.0055,50.0,1.0,0,-51.0
0xf1ec6d2668853ffb52b9befd5e97118a152bc4dc6bc2ada45e0492974fa36efd,econ,5-15K,S1,NO,0.88,50.0,1.0,1,-51.0
0x620922df966f7fd28f9a72429ad5d83d19dd530ee027ce845f73ecc49bd362e7,econ,5-15K,S1,YES,0.09,50.0,1.0,0,-51.0
0xdd0a25a45fd35a105e307c435571a04502022fec41f400e3ee343df8ad3b09b3,econ,5-15K,S1,YES,0.051,50.0,1.0,0,-51.0
0xdb6adc645c796223460035e7bb4b623297e77df79e7a5650014a1f56b364ad67,econ,5-15K,S1,YES,0.0195,50.0,1.0,0,-51.0
0x862e1c939d5bd9b36a7dfc32c33799ee27da798a963317742a3f3696f40acb48,econ,5-15K,S1,YES,0.0155,50.0,1.0,0,-51.0
0xfffa8bd14df317b65031032827220561be855f417b741ab44b1aa95b57ded429,econ,5-15K,S1,YES,0.006,50.0,1.0,0,-51.0
0x1e48f5363eb427e7566dea7f2f38444a33e97de8d7a20b4b5d7d31f6e2e6a443,econ,5-15K,S1,YES,0.0045,50.0,1.0,0,-51.0
0x863845f3e1b6fc385f0c646739408efa8962c7ffd369c33343d7e644ab53e9ef,econ,5-15K,S1,YES,0.0785,50.0,1.0,0,-51.0
0xc3aa6b75958467f16837e632b1a0843a8933f3cf5b750f6510ee8076a92d7888,econ,5-15K,S1,YES,0.0085,50.0,1.0,0,-51.0
0x7886777367e5c60a1602a713dd44a6f55e9ed33f557fad6fb70dae00415e789b,econ,5-15K,S1,YES,0.012,50.0,1.0,0,-51.0
0x665b96145264d7096af6ec3ffc39fea5942e644d61c4aa2257d3ac9b76aaf138,econ,5-15K,S1,YES,0.0185,50.0,1.0,0,-51.0
0x7be3effa2e5b0b3def4d10d541869296d9da361a2f043d2380fb1439e29a9e9a,econ,5-15K,S1,YES,0.036,50.0,1.0,0,-51.0
0x10aadea09c8a1955018a07dd3280a4efb05d2355e31a26b8b78bc761be52df48,econ,5-15K,S1,YES,0.005,50.0,1.0,0,-51.0
0x2d400980d83c5c85335efc5b195676371e1249fb5d6e041d522f47b08bcda13d,econ,5-15K,S1,YES,0.0215,50.0,1.0,0,-51.0
0x424699e193834ba8dac41eac02ac54527e3a8a7c8efe15f451d74b73d273a188,econ,5-15K,S1,YES,0.0025,50.0,1.0,0,-51.0
0xe9a7113eb17b0d38bdf7c96adb2e696e5f4116aae88124d9d061919dc5fed15a,econ,5-15K,S1,YES,0.0135,50.0,1.0,0,-51.0
0x4d5ffebe58013984404f4f1f82f8a01e9ca734db7ad6e9159f9c8de3aab75122,econ,5-15K,S1,YES,0.0025,50.0,1.0,0,-51.0
0x13c7debdcb696b93342398be361f8450473d1a69b4d4bbf932d5f6b2e0f6c7db,econ,5-15K,S1,YES,0.0055,50.0,1.0,0,-51.0
0xaa721f2330e9ed0e7b8a4845c0837d0aab9505816161395724efe1102c458ff2,econ,5-15K,S1,YES,0.003,50.0,1.0,0,-51.0
0xcc5e396c798d7b01640af967b200ed3359d9482f6a473e87174159bcf11debe2,econ,5-15K,S1,YES,0.0075,50.0,1.0,0,-51.0
0xb1311c211fdf82031b634c9aa7a294c5260f736f3204d6d6e29a28e489a723f4,econ,5-15K,S1,YES,0.0445,50.0,1.0,0,-51.0
0x5c9f080796c78c5d993e9dca382e2a4bed9a40e363359c1e1b6600a86978cbbe,econ,5-15K,S1,YES,0.085,50.0,1.0,0,-51.0
0xd190fe6447ef58b820293f790585d86588351522abe0f8db9094de7f361acf0b,econ,5-15K,S1,NO,0.865,50.0,1.0,1,-51.0
0xd83fd77f3e22827126d563e91b3690f67987b70f9ab33bf12ca995774f95dff1,econ,5-15K,S1,YES,0.021,50.0,1.0,0,-51.0
0x02a20f7af48eb560ea34cd5fcbad0e0889e68bf8743b38ee69814e9c8ad85a09,econ,5-15K,S1,YES,0.0035,50.0,1.0,0,-51.0
0x4976aec24f695aa5a3166d6671e0ddb331d8d27adbe3a284306a5694396ed4b9,econ,5-15K,S1,YES,0.076,50.0,1.0,0,-51.0
0x95338d652d12cd39f2116c51fc82dac38551ba47456800228f6a142459ba5ed8,econ,5-15K,S1,YES,0.075,50.0,1.0,0,-51.0
0x6036f178fa884664fae572c12fe4e1ead6004d6fecf04e77421bb0bff9781caa,econ,5-15K,S1,NO,0.885,50.0,1.0,1,-51.0
0x93ce6498a28c60cd1888ac70a592185e0412894a0242ab59ef8f5b5d3d63b29b,econ,5-15K,S1,YES,0.0435,50.0,1.0,0,-51.0
0x8a4ce65053ef4fece60aaf6852127e698c87b9a417cea6303cba2defcad82d3c,econ,5-15K,S1,YES,0.02,50.0,1.0,0,-51.0
0x2653c341f4525005f7cad6bf4aaf21ed5c6dea1f0e039a8139258b50c930eb49,econ,5-15K,S1,YES,0.0245,50.0,1.0,0,-51.0
0x2d692c112c1a85ab7db68c1324274f2294f081f634d205a91e5769b190a171b8,econ,5-15K,S1,YES,0.0795,50.0,1.0,0,-51.0
0xd8f7ffbce38c5d69d92a9c5e8c24a397faca788b99be347873d7650427ea3867,econ,5-15K,S1,YES,0.0105,50.0,1.0,0,-51.0
0x863204a0c8edc5f7fea74fa1280c90bec799129bb60736dbae73b83e067e0b5a,econ,5-15K,S1,YES,0.029,50.0,1.0,0,-51.0
0x64006deac1cc8b4bcd5c8b069f237c94a08bd8ec4f1d42c62b8dcf442cd593e7,econ,5-15K,S1,YES,0.065,50.0,1.0,0,-51.0
0x9a70d9869085f10191c73ed8e0873ae7af6dadcd12647d322a6cb0533fa5c40b,econ,5-15K,S1,YES,0.06,50.0,1.0,1,782.3333333333334
0x220f4b035f1c6701221473d202623a2ecbb773a4252264450988c78715de3eb0,econ,5-15K,S1,YES,0.115,50.0,1.0,0,-51.0
0x452a733568a16bd66cd62bbed596bf71e1680e744f48bd0ed5fef4bcb36bfe53,econ,5-15K,S1,YES,0.09,50.0,1.0,1,504.55555555555554
0xedae387fc507f67a8c351dad9de7c8b80442bcfe28188f8cf73fd86afd421cd5,econ,5-15K,S1,YES,0.08,50.0,1.0,0,-51.0
0x4d1cc41a3ea3ea420d845bd5ceb3d30a6d6b63241c88ce29ead89e3e003641c7,econ,5-15K,S1,YES,0.0035,50.0,1.0,0,-51.0
0x852c4f237f759a8f6c6cf2763877b02a77ff6790e5ff010da24442e84d20353f,econ,5-15K,S1,YES,0.0035,50.0,1.0,0,-51.0
0xa9cadbdeec1990cd47f904f2fe44aa28cba2053230ea2152616234d83ed5d7a0,econ,5-15K,S1,YES,0.0045,50.0,1.0,0,-51.0
0x12cc238eb11c7c89b1b8f4de7f9175299f28e16156aaba05dd6c8390086cf38d,econ,5-15K,S1,YES,0.005,50.0,1.0,0,-51.0
0xe79022664b9e505357027ab806f288a12ff188fcf82b4cb9bb1f139dba07ecc3,econ,5-15K,S1,YES,0.0215,50.0,1.0,0,-51.0
0xb753447f56a385e97ce7a2f81b47969b169b7fc85f7a48ffeb715095452903e5,econ,5-15K,S1,YES,0.0985,50.0,1.0,0,-51.0
0x01bf6f1688152feb0a532420eb430b87b4f238dee770cdbd0fd5ce687a87915e,econ,5-15K,S1,YES,0.0235,50.0,1.0,0,-51.0
0xdde8d8d1cd5fe0e0f9f16a15690146908a408181cbf54d3d912e55e51c8267aa,econ,5-15K,S1,YES,0.0595,50.0,1.0,0,-51.0
0xe637416a2cd5a50c266e0f2dba57c941380498c6a8258a32dde63117af30685a,econ,5-15K,S1,YES,0.0495,50.0,1.0,0,-51.0
0x19f6ebdc6becb51ac98f76f2927e3559c01a2898ff22be6cf554eca9b1c29f08,econ,5-15K,S1,YES,0.0455,50.0,1.0,0,-51.0
0x33210240fc41131fe27de27a3a43f4dbaa1048ed7bc997b546a06780a09b20a4,econ,5-15K,S1,YES,0.004,50.0,1.0,0,-51.0
0x9f8245922fe1050600f7fc8f48bf1b72647370806896989b13340f79ae135e7e,econ,5-15K,S1,NO,0.9655,50.0,1.0,1,-51.0
0x5204329d372e424d4b183dbad38df4a0f78d36a7dd613e5d8ef97b147443c0f9,econ,5-15K,S1,YES,0.013,50.0,1.0,1,3795.153846153846
0x046113d8ed82811b2c1cf32c2f1e6ff58b989cd3e15b2aa9efe2ce7878020833,econ,5-15K,S1,YES,0.11,50.0,1.0,0,-51.0
0x073b8e53dab8741113c618f53d1ee6e09934e287d559d4eb1c1dbf7162d522cf,econ,5-15K,S1,YES,0.027,50.0,1.0,0,-51.0
0xaa7c24e5b414a61169624b7473185beb7aec1ad4656fb8a310f24b78eb26bf53,econ,5-15K,S1,YES,0.018,50.0,1.0,0,-51.0
0x928686ff24dab4fc029e11a4812286a600131c1a81523e00ec5ff296a959108b,econ,5-15K,S1,YES,0.095,50.0,1.0,0,-51.0
0x4113b9cb9b72d90a438128e38ba41fdefcf798b15b9cba391db4978b2e0057ab,econ,5-15K,S1,YES,0.0775,50.0,1.0,0,-51.0
0x0d79ca6ff793996855090b0c8f790c5824946ae345bffd9257f6a17485d51966,econ,5-15K,S1,YES,0.0385,50.0,1.0,0,-51.0
0x4e1779f8d7120994b62ccbb481202d312d20041249dc6878c8bd69d3d3c660ad,econ,5-15K,S1,YES,0.0025,50.0,1.0,0,-51.0
0x7c3ac4cdedd31777fb203fbaedc5e72dd40ee2b157a691a65e84496eb4cfea9f,econ,5-15K,S1,YES,0.0035,50.0,1.0,0,-51.0
0xda80dce891de91aa11e11b547d443848a1e7ca3760c489564c5135a98a08820a,econ,5-15K,S1,YES,0.016,50.0,1.0,0,-51.0
0x69cdc96d085067d10dc6fb359efe299aa921ee40f1ec476c891d2eb400b61f91,econ,5-15K,S1,YES,0.0045,50.0,1.0,0,-51.0
0xd625bf2aa030fb38a018f46521d2c11f3a9a7a849a51ff2b51cef034386770ce,econ,5-15K,S1,YES,0.007,50.0,1.0,0,-51.0
0xd79afdf120d7a195cba648333230c3bfce45acad681df33bdf80d4f636ca4366,econ,5-15K,S1,YES,0.037,50.0,1.0,0,-51.0
0xa6497c93732fa3570c860cb5e22caabad276ac368006c57c68d33dd782c74477,econ,5-15K,S1,YES,0.024,50.0,1.0,0,-51.0
0x19b0dfae4a61497a2d615f1ac638531a88f9f27fa59c84bfa3581d05ab52638d,econ,5-15K,S1,YES,0.0015,50.0,1.0,0,-51.0
0x37681c1a8b9227603a2cba266c8e6ebb118a2227d070440229b472642d1e99af,econ,5-15K,S1,YES,0.0125,50.0,1.0,1,3949.0
0x12563e62414bdd5b0bb9195250c02463e791697733a4a923a10d474d50e43d11,econ,5-15K,S1,YES,0.125,50.0,1.0,1,349.0
0xf9cc16865f26385dd456c14c4c4f8aa7c239feca55802c222dc69bbf06ec3a11,econ,5-15K,S1,YES,0.0545,50.0,1.0,0,-51.0
0x02dc31d7e8c6e55a800cf4e270580c385ec9f7dfa86c2bae659d5d93400b5a86,econ,5-15K,S1,YES,0.0135,50.0,1.0,1,3652.703703703704
0x3d4d301628e9b89346d144d0edf0bdf136d340455591f2cc4301dff4be8dc229,econ,5-15K,S1,YES,0.0585,50.0,1.0,0,-51.0
0x7f2972df8808a6288bf6088bdd5ddffe2944afb5819d3a35177c878c9e2f1adc,econ,5-15K,S1,YES,0.0665,50.0,1.0,0,-51.0
0xf76a000fe5a8402d3932f6d781cbdebfda9b7d5718b7ed9faf6e422c0e5932fe,econ,5-15K,S1,YES,0.1,50.0,1.0,1,449.0
0x5658a5cc7f93b954ee984d62c81639c199181519ed350168ec6ebfc7b9661a4d,econ,5-15K,S1,YES,0.0195,50.0,1.0,0,-51.0
0x9f98af2906f82efeb944b1e5c09352ed505839b8d7823adfe09d44a38ade982b,econ,5-15K,S1,YES,0.021,50.0,1.0,1,2329.9523809523807
0x0e189fcb2c77183ed587cf3ec7231db64b90207951439a82ebd796f09dbe4d5c,econ,5-15K,S1,YES,0.052,50.0,1.0,0,-51.0
0xa4e4a9dcc191e695599991ef3bdecd94ffe82223746040ccdc258ee2b0c3af8a,econ,5-15K,S1,YES,0.022,50.0,1.0,0,-51.0
0x9f30d1bb3b60c447667323c40dde572a986e1c3340c95d069ebb7d8eff2f3929,econ,5-15K,S1,NO,0.9945,50.0,1.0,1,-51.0
0xb4aab54fc6b101cbfd9dc56f96b093751f044f5f7057e5b089b50e1c5d1420cb,econ,5-15K,S1,YES,0.044,50.0,1.0,0,-51.0
0x4b52008c9bc50b34548394a92f59c412a37d9348f58d3c54c1246ea25f7cfa1f,econ,5-15K,S1,YES,0.0135,50.0,1.0,0,-51.0
0x9476d30fc3c8bebaef21594fca150ac182521dc6a1827176119edc8b55716bec,econ,5-15K,S1,YES,0.009,50.0,1.0,0,-51.0
0x73b76c61a5a82989979fb8c687b7d605f44dd86ad42d1c5903bebeb8beb26bea,econ,5-15K,S1,YES,0.027,50.0,1.0,1,1800.851851851852
0x3d1a277cb43e98056683c8abab4c77175bea46282dcf5b75bbdce9167546e7f3,econ,5-15K,S1,YES,0.0155,50.0,1.0,0,-51.0
0x259967a064829b5b912d0531f622cecbc5871bab23777853c75f95ce9e5383d5,econ,5-15K,S1,YES,0.091,50.0,1.0,0,-51.0
0x6720fabd979d20a6d38528a99ab6111e66e2572f543bbdf623024bd723de8583,econ,5-15K,S1,YES,0.029,50.0,1.0,0,-51.0
0x22ff7a0cf934d8dec65168f67aa8e1d76a00fab4d5ce03d181ef860e0f7d79e7,econ,5-15K,S1,YES,0.0225,50.0,1.0,0,-51.0
0xd4defdf1ebd41c8e52b7bcd7b7d47ae82f09aad232eb10750eb9274b861d86fa,econ,5-15K,S1,NO,0.9995,50.0,1.0,1,-51.0
0x2da305df6d17538fb175c13629a2345be918bfcd6b6dd5bc1e1bccefd2fda47f,econ,5-15K,S1,NO,0.9715,50.0,1.0,1,-51.0
0xdf4bf2c18dd18bd9fdeae6143ec7067ac22420bf126f6de465b21eb148ff1c1c,econ,5-15K,S1,NO,0.9995,50.0,1.0,1,-51.0
0x60262fed29cabb3ecbcf9ee404cd1612fafbd5cf566b3871ebe95712f560b556,econ,5-15K,S2,YES,0.19,50.0,1.0,0,-51.0
0x5223a88202095ceb6b3091bf8ac2aaba5b74e92ec846b1a5cd37a1e51f59f48b,econ,5-15K,S2,NO,0.48,50.0,1.0,0,45.153846153846146
0x16e3eb18b6d9a5f72642e4cc14ae601d589ee999158350e3026b6e2bc764da90,econ,5-15K,S2,YES,0.145,50.0,1.0,0,-51.0
0x360ff4d370fda61d8207f2c79c76952dbed5ba768c3414bd705e360574a0fc2e,econ,5-15K,S2,NO,0.8,50.0,1.0,1,-51.0
0x3ba44712600ccd2754abc59b434348db6fee9095ac5f4d091419e5de42e6cf39,econ,5-15K,S2,YES,0.165,50.0,1.0,0,-51.0
0x585228f460365417f46822dcd5beea26cdb0d3950043dc159108a5fd8b01c5e2,econ,5-15K,S2,NO,0.93,50.0,1.0,1,-51.0
0x7019b0b2214defc0f867b7efa2d92d86ee75ca78797b5c7004903648b68270fe,econ,5-15K,S2,YES,0.405,50.0,1.0,0,-51.0
0x9fe47432bc137be0835ff2b6202202a9eeff6677af6a92817577d5a25e42954f,econ,5-15K,S2,YES,0.375,50.0,1.0,1,82.33333333333334
0x9663e5a60fd72527381a382ed832e2bc768a16b1c7146baa82bd80331f2e48b4,econ,5-15K,S2,YES,0.017,50.0,1.0,0,-51.0
0xbd907687e4b0af6e40335fb201156b2051e631bad6f861c0b77202e7414e37df,econ,5-15K,S2,YES,0.435,50.0,1.0,0,-51.0
0x653ad94b530cb70636834cff80c007651119900b4373615230b8cfe0759c1870,econ,5-15K,S2,YES,0.325,50.0,1.0,1,102.84615384615384
0xc8132f2d8aa63d2d5391ff43059b014fb82ea18e1ff7e5d1a26c883f739725b4,econ,5-15K,S2,NO,0.465,50.0,1.0,0,42.457943925233664
0xdf8cbe73a34d1deccc7cbebedaeff51b5ddfd026c88d81c8119da7363406b972,econ,5-15K,S2,NO,0.35,50.0,1.0,0,25.92307692307692
0x3c56b8d7b69bee2c0d9ec5d8a93f632a6f27d147844c8dfa726704e1fbd08d79,econ,5-15K,S2,NO,0.375,50.0,1.0,1,-51.0
0x410d2367daf773da955eea6e729c3356180202f7791e5c6384feecffb569d7b5,econ,5-15K,S2,NO,0.575,50.0,1.0,1,-51.0
0x8bb97fbeefbc11bdba9c0732419f7000937ba3c871c3ab537d483296a090fd3f,econ,5-15K,S2,NO,0.3365,50.0,1.0,0,24.357950263752826
0x3071201ee55a926c34f489a66dcd5a9030e11a96bac97b0b622db28c21406239,econ,5-15K,S2,YES,0.135,50.0,1.0,0,-51.0
0x2040aaf0088d32785af5b5ace256156540ef6a2842e9cd5a8130c7693bb51c4c,econ,5-15K,S2,NO,0.805,50.0,1.0,1,-51.0
0x30781c172d324bc9770827adbd37c7b3808bd86f9c0ef3c468405a377b5db0d9,econ,5-15K,S2,YES,0.04,50.0,1.0,0,-51.0
0xd4a37f712e744966be81ba4a59b4bb031d66bc650a464e7beec228c2b7adad62,econ,5-15K,S2,YES,0.395,50.0,1.0,0,-51.0
0xdc3883290f848c9177d1017303916ee8cff8b6b2966d97b5ddd70bd4ce7c85cf,econ,5-15K,S2,YES,0.024,50.0,1.0,0,-51.0
0x6ba1f4089a741145d8ae5efed446b4d6c1dfe6d5d16fb475619b2f27e6762895,econ,5-15K,S2,NO,0.4,50.0,1.0,0,32.33333333333334
0x48aa1228e2f719f1bba2f5acfb3edcbd04003e5cb00863e1c81a550729271439,econ,5-15K,S2,NO,0.207,50.0,1.0,1,-51.0
0x7d5dc9aa59955996da410825c00c8b05213540b622ca7a3a1ef756c914f102e1,econ,5-15K,S2,NO,0.76,50.0,1.0,1,-51.0
0x9a4b70d49c610171ab3d1d86774bb328e05a3301c8d5969577795d98ddfe9c3e,econ,5-15K,S2,YES,0.135,50.0,1.0,0,-51.0
0x5a0142513ff81492ec7f7a9163f82a5bbb14a8070a17e6a15b00e439ecd986d4,econ,5-15K,S2,YES,0.02,50.0,1.0,0,-51.0
0xaf433263b503ec9cfa248bbd1a3ac919ce9fa01e8f86a3fd9da58a458e0f0995,econ,5-15K,S2,YES,0.028,50.0,1.0,0,-51.0
0x9a05c6eb0b16ef0669c5f655561874804a565be54a3260b7f7d29aa7018e56c9,econ,5-15K,S2,NO,0.222,50.0,1.0,0,13.267352185089976
0xe5df74d43141648ee2ff4e7cf90df69e47fe37e2c0a063e0eac4763ffec42ea2,econ,5-15K,S2,NO,0.9,50.0,1.0,0,449.0000000000001
0x65053b99a1033540cebb383de88f581b3c2ac1a1585b4b080885aaed0ed90c5a,econ,5-15K,S2,NO,0.54,50.0,1.0,0,57.69565217391305
0xb0b44a33739a6fb487402ba2246f903d45e8a16004471639abbfda6019076018,econ,5-15K,S2,NO,0.9635,50.0,1.0,1,-51.0
0x59aa7660c669c19d4d6613f349b1ffb784b89083f8a41d7dd3d37117517776ea,econ,5-15K,S2,YES,0.0255,50.0,1.0,0,-51.0
0x395b3fc405df1a493d20ebe0743cb6c90dfd57b6b9767c8bb9ed116fc2b93ebd,econ,5-15K,S2,NO,0.93,50.0,1.0,1,-51.0
0xb163b1a9056fb9f97b16b4ceff4756a3180e5aac84f4849cc1df048817fa52c0,econ,5-15K,S2,YES,0.105,50.0,1.0,0,-51.0
0xe9dcef5de29cd6127cd56a349e76638711a35ef568fc5c6f4a4bff086305fbce,econ,5-15K,S2,NO,0.845,50.0,1.0,1,-51.0
0xf1ec6d2668853ffb52b9befd5e97118a152bc4dc6bc2ada45e0492974fa36efd,econ,5-15K,S2,NO,0.88,50.0,1.0,1,-51.0
0xdd0a25a45fd35a105e307c435571a04502022fec41f400e3ee343df8ad3b09b3,econ,5-15K,S2,YES,0.051,50.0,1.0,0,-51.0
0xc277431601c752feb6d191da24e9dc21cc65818aced543da7eeaaa217bd99ec6,econ,5-15K,S2,YES,0.225,50.0,1.0,0,-51.0
0x9f1600db14fd7618a51fc8c3a5d66939136ac53f5b6c97c7186db94c4582ff46,econ,5-15K,S2,YES,0.36,50.0,1.0,0,-51.0
0x863845f3e1b6fc385f0c646739408efa8962c7ffd369c33343d7e644ab53e9ef,econ,5-15K,S2,YES,0.0785,50.0,1.0,0,-51.0
0x7aa64820aa9cf1a2ae74293b1c8960b89f6ab6ca9c1b09bdd6be3ef94a5afd89,econ,5-15K,S2,YES,0.605,50.0,1.0,1,31.64462809917356
0x9151342ef0e3c3356ff0f1aa0128fa36db41d207ab190fbc0aa9913679739e56,econ,5-15K,S2,YES,0.28,50.0,1.0,0,-51.0
0x19f6ebdc6becb51ac98f76f2927e3559c01a2898ff22be6cf554eca9b1c29f08,econ,5-15K,S2,YES,0.0455,50.0,1.0,0,-51.0
0xb2bc8855c33aeed544d2311f148aabbc96274560a46c9dedc1f2d269f582d778,econ,5-15K,S2,NO,0.815,50.0,1.0,1,-51.0
0x5204329d372e424d4b183dbad38df4a0f78d36a7dd613e5d8ef97b147443c0f9,econ,5-15K,S2,YES,0.013,50.0,1.0,1,3795.153846153846
0x046113d8ed82811b2c1cf32c2f1e6ff58b989cd3e15b2aa9efe2ce7878020833,econ,5-15K,S2,YES,0.11,50.0,1.0,0,-51.0
0x928686ff24dab4fc029e11a4812286a600131c1a81523e00ec5ff296a959108b,econ,5-15K,S2,YES,0.095,50.0,1.0,0,-51.0
0xbb6abca469de12185bc2cea5b3157e77c2616f81f6a8843496d290d7c7b76c4e,econ,5-15K,S2,NO,0.3195,50.0,1.0,1,-51.0
0x915b2072dfd197890bd05c37568a978200d040335b68e94e006815efa20ea6d2,econ,5-15K,S2,NO,0.5645,50.0,1.0,1,-51.0
0x7c3ac4cdedd31777fb203fbaedc5e72dd40ee2b157a691a65e84496eb4cfea9f,econ,5-15K,S2,YES,0.0035,50.0,1.0,0,-51.0
0x4165dcf2fcca6a643e52823f7899dc57f74ed78bd5fa6b2c83d1784f5bd0c914,econ,5-15K,S2,YES,0.49,50.0,1.0,1,51.04081632653062
0x32dc620ad8e7220cd1a2ccfa7ad3d19522e3c9148615157267ae0b7106b4e5da,econ,5-15K,S2,NO,0.292,50.0,1.0,0,19.621468926553675
0x435d84cc78bf67a2513c4ddf63dc40f21b6dfc944a4c33d364207bb69a9fbf47,econ,5-15K,S2,NO,0.4485,50.0,1.0,1,-51.0
0xc264391c0d4bce49fb833bfae127d7e8f140c231c34022d702e1e68ff03116b1,econ,5-15K,S2,NO,0.22,50.0,1.0,0,13.102564102564102
0x6cbbc16248b3b794b971f4fb5351b121a12209f6ac1c53781e53b4803a2d446c,econ,5-15K,S2,YES,0.685,50.0,1.0,1,21.992700729926995
0x25f53d5c32929e413395db120419ce3d20bc20147d6a514a60e2d362286fb1c8,econ,5-15K,S2,NO,0.68,50.0,1.0,0,105.25000000000003
0x8c76c3130a0dfc68ce2168ceb3c7c10be5e9a2483766e2fba1e21b4a24ef0c88,econ,5-15K,S2,YES,0.16,50.0,1.0,0,-51.0
0x4f0cad7e5504080b120caed8b52c8f5ba113f68fd5c27b060f126b5f0ee73500,econ,5-15K,S3,YES,0.16,50.0,1.0,1,261.5
0xd449a3ec46769ad33bd1154d97dc7d6bba2709e36189da608510de01e68a0a3a,econ,5-15K,S3,YES,0.18,50.0,1.0,0,-51.0
0x917823537958b87e1a83b872dbda16e924dbba45da62dfb453ad3d0ebefd935d,econ,5-15K,S3,YES,0.39,50.0,1.0,0,-51.0
0x2ac498ef11ded3339f19f9e40cc94f56c5348fa6ef965aba361ec31ff4ed9625,econ,5-15K,S3,YES,0.29,50.0,1.0,0,-51.0
0xbb1a187568240a58bc243c6cd4c15ed43b8fd4a98536257910759625b56de996,econ,5-15K,S3,YES,0.115,50.0,1.0,0,-51.0
0x110dff796f1edec95caf841e432d7e973f3039c95aa7cdea59087a0f4fb29e51,econ,5-15K,S3,YES,0.08,50.0,1.0,0,-51.0
0x4718873f961929ef4117b3d84ebbccd340ebc9eff1dc54440aba5143ea3d03cb,econ,5-15K,S3,YES,0.245,50.0,1.0,0,-51.0
0x8bee5904f15d7bd78d0e99857a1033287a0318e033c3f4ba5c49072bc5d9cbc4,econ,5-15K,S3,YES,0.175,50.0,1.0,0,-51.0
0xd037513ed85dcfd6e838e7ff25561e2be09570a9575ed6dc307281bac53874de,econ,5-15K,S3,YES,0.2,50.0,1.0,0,-51.0
0xc41d3005202e546f1547a257677413f9a609489076b3a2dd114dfbfa23f7767b,econ,5-15K,S3,YES,0.2,50.0,1.0,0,-51.0
0xeb1df012d0afc296a821a2700ea25374112187567978bbdec675fd76e8e51fc3,econ,5-15K,S3,YES,0.33,50.0,1.0,0,-51.0
0x350e774e08af51cbda1ec080097bfbaf57792809ce68b1e312f5bbe83a411c2e,econ,5-15K,S3,YES,0.335,50.0,1.0,1,98.25373134328356
0x42b8304f759771cab23dbc8edb71a49c50fdf78ea38011af3f2019cdd478da60,econ,5-15K,S3,YES,0.085,50.0,1.0,1,537.2352941176471
0x8c522b8e4fdb9d75a74730e15a63129fc3d92ec54d679689053a65a0d1d77f0a,econ,5-15K,S3,YES,0.085,50.0,1.0,0,-51.0
0xcce032a0ef9cb67709570615d6e1c659668daef76fb958c5fc90a0e58a099ca5,econ,5-15K,S3,YES,0.305,50.0,1.0,1,112.9344262295082
0xa897e2f98131c3e7132f1d06a3a6181e55c7831f6ac82d4e7f62ab1f9dd2c186,econ,5-15K,S3,YES,0.25,50.0,1.0,0,-51.0
0x822cdc79d3555588226192044ae3451f1a2ea417e067dd8de841f44db24ff5a6,econ,5-15K,S3,YES,0.25,50.0,1.0,0,-51.0
0xa053c00753c39596bc9e97febd0c8eaf9a6929428be627cd3691468873aa725b,econ,5-15K,S3,YES,0.335,50.0,1.0,0,-51.0
0x3ac8bd6f35d18e0f9c57b0b941c105190e835c67d4de8b8f430a15208fb31ace,econ,5-15K,S3,YES,0.235,50.0,1.0,1,161.76595744680853
0x65b26b12074af1be8c96af1dacd3ff3b5c760aec09b2e96affed8c6ea8bbf42e,econ,5-15K,S3,YES,0.165,50.0,1.0,0,-51.0
0x50d8039a90920e58bbc122b692792f878a860314336f9f2fa0084482cc882797,econ,5-15K,S3,YES,0.105,50.0,1.0,0,-51.0
0x6d7304c52061da8a17c0047abcb6e2a8056f1422481ef34e3231b0d61542e85a,econ,5-15K,S3,NO,0.715,50.0,1.0,0,124.43859649122805
0xafe8e4294aff10b3940291c76f17c04a5ea374f5c8fc35f1985f116a1500151e,econ,5-15K,S3,NO,0.705,50.0,1.0,1,-51.0
0xb1d0fd7dfad29761c6bb2ed7217377d9b64239a0f55e23fcbd354e4f49e8b156,econ,5-15K,S3,YES,0.38,50.0,1.0,0,-51.0
0x44a89ce9742db829daf57b23e39cf08ad729ecc64158e6dbf1e0b3514eb162b5,econ,5-15K,S3,YES,0.255,50.0,1.0,0,-51.0
0xb9fcddcc6bc52f5d5753b1053a9cecc49c257c016e47af4f17379d3e686baf9b,econ,5-15K,S3,YES,0.056,50.0,1.0,0,-51.0
0xeb198d866bef140e079d3bd1a66983b307c3b944fc54124055a6914fd62aaae9,econ,5-15K,S3,NO,0.78,50.0,1.0,1,-51.0
0x32e153758f71236818436851f48e31a08440e13525f52659dc121b0fba346b71,econ,5-15K,S3,YES,0.3375,50.0,1.0,0,-51.0
0xea86ab5003823b8273308faccb2131c898ea667ac7475c0949defd32c097eaf4,econ,5-15K,S3,YES,0.2715,50.0,1.0,0,-51.0
0x8bb97fbeefbc11bdba9c0732419f7000937ba3c871c3ab537d483296a090fd3f,econ,5-15K,S3,YES,0.3365,50.0,1.0,0,-51.0
0x920ca3330d171a4531e5f127c4e8b67ba5d6ef51ab49b14404e4e0a43e3eb2ad,econ,5-15K,S3,YES,0.33,50.0,1.0,0,-51.0
0xbdccb1ae8d9cf2b226f2b012bf51f310048ddcedf33eb14fc5317dd348b95794,econ,5-15K,S3,NO,0.635,50.0,1.0,1,-51.0
0xf461498d1b6c25b57eb9e2a61d33b6410593f6d48d891f2e0d8ebf23f509988a,econ,5-15K,S3,NO,0.58,50.0,1.0,1,-51.0
0x75c518002b3bea3df64c7ce6eef4d91f7cef00d6194f0dc1777955278ca6e71d,econ,5-15K,S3,YES,0.0535,50.0,1.0,0,-51.0
0x7b1fa372fe3cbc3caa1264be2f660b174a3a1f77af236d7334a0254d1ebadec8,econ,5-15K,S3,NO,0.57,50.0,1.0,0,65.27906976744185
0x6e267e6e6a3121fa4a9528c9d428ad6043e504a899dd33320f7cb487a5344d1d,econ,5-15K,S3,YES,0.285,50.0,1.0,0,-51.0
0xd4a37f712e744966be81ba4a59b4bb031d66bc650a464e7beec228c2b7adad62,econ,5-15K,S3,YES,0.395,50.0,1.0,0,-51.0
0x84f5d68d1b5ba7fdf37fe3a9999d633356e58e3f926ef33d38676f1e724237ce,econ,5-15K,S3,YES,0.35,50.0,1.0,0,-51.0
0x051638e5e190f3fabbacf92e9de19480b707672ba5edc975246c388cbbbf42f6,econ,5-15K,S3,YES,0.163,50.0,1.0,0,-51.0
0x6023259589d2c1bf0b47718e208f958507f0b829855a7c995ae2f410fd8fc7c2,econ,5-15K,S3,YES,0.3215,50.0,1.0,0,-51.0
0x1fef4eafef5759ae605f76fa7460f3d2108072420e298902bab3cc1cd17568cd,econ,5-15K,S3,YES,0.4945,50.0,1.0,1,50.112234580384225
0x8ecf1bd49f0c4f8491dfbd0b5f6ce46cda8f39fdf110dfe4729e41dd853be618,econ,5-15K,S3,YES,0.07,50.0,1.0,0,-51.0
0xd1889f8050ae7b0a2ebb5f972a645826a1a40b0a54be855501c82101c129d552,econ,5-15K,S3,YES,0.0765,50.0,1.0,0,-51.0
0x405e5c6316fd8b37c3ad741c604d18aef87cf9eba9193a03348516204f2d8ac8,econ,5-15K,S3,YES,0.07,50.0,1.0,1,663.2857142857142
0x01d9533893d03e675785b463f595bb60563fc3125b2d98160e6ce1fc575eccef,econ,5-15K,S3,YES,0.165,50.0,1.0,0,-51.0
0x2465bb7c94b530f21a308749a01c1f3eaf5f7ff653d8851f76052afc1c0cf0d0,econ,5-15K,S3,YES,0.275,50.0,1.0,0,-51.0
0xbdd1b437fc586c051da011ab0668b6f511e6859e1206b5b76460f6061b7aa472,econ,5-15K,S3,YES,0.45,50.0,1.0,1,60.111111111111114
0x65053b99a1033540cebb383de88f581b3c2ac1a1585b4b080885aaed0ed90c5a,econ,5-15K,S3,NO,0.54,50.0,1.0,0,57.69565217391305
0xbd3e44cf514214567285894adf16c2760589d12e55be5f1d14044b8e09ad1a41,econ,5-15K,S3,NO,0.8,50.0,1.0,1,-51.0
0x452a733568a16bd66cd62bbed596bf71e1680e744f48bd0ed5fef4bcb36bfe53,econ,5-15K,S3,YES,0.09,50.0,1.0,1,504.55555555555554
0x4ef0af0fd38c0a4f929dc7edfe412d0f16e2ea14516301266746e71cf43fceef,econ,5-15K,S3,NO,0.675,50.0,1.0,0,102.84615384615387
0x09e1948d5873c2ebd5cfca2fdb4c0d58fafe45c284fe97859319c1a90db9eb1e,econ,5-15K,S3,YES,0.445,50.0,1.0,0,-51.0
0x5cf692cd56ab3219b226d686b114e7ebd13d65829431b48a2214fab526effbbf,econ,5-15K,S3,YES,0.275,50.0,1.0,0,-51.0
0x259436135d97d4d4a8d6e711af661b84544aa6037b91a5a941441aa204ae6da2,econ,5-15K,S3,NO,0.63,50.0,1.0,0,84.13513513513513
0xf9cc16865f26385dd456c14c4c4f8aa7c239feca55802c222dc69bbf06ec3a11,econ,5-15K,S3,YES,0.0545,50.0,1.0,0,-51.0
0x3d4d301628e9b89346d144d0edf0bdf136d340455591f2cc4301dff4be8dc229,econ,5-15K,S3,YES,0.0585,50.0,1.0,0,-51.0
0x7f2972df8808a6288bf6088bdd5ddffe2944afb5819d3a35177c878c9e2f1adc,econ,5-15K,S3,YES,0.0665,50.0,1.0,0,-51.0
0x0e189fcb2c77183ed587cf3ec7231db64b90207951439a82ebd796f09dbe4d5c,econ,5-15K,S3,YES,0.052,50.0,1.0,0,-51.0
0x259967a064829b5b912d0531f622cecbc5871bab23777853c75f95ce9e5383d5,econ,5-15K,S3,YES,0.091,50.0,1.0,0,-51.0
0x530ec9ba2fab8e6130677e101be8bbdfcb59b255732f9cd3730860717509d47d,econ,5-15K,S4,NO,0.13,50.0,1.0,0,6.47126436781609
0xae1e7d0644cad56c1f36a4fbcd7dca8c2adab89038511437a41e8d6af58f8f8a,econ,5-15K,S4,NO,0.02,50.0,1.0,0,0.020408163265308588
0x16e3eb18b6d9a5f72642e4cc14ae601d589ee999158350e3026b6e2bc764da90,econ,5-15K,S4,NO,0.145,50.0,1.0,0,7.4795321637426895
0x9663e5a60fd72527381a382ed832e2bc768a16b1c7146baa82bd80331f2e48b4,econ,5-15K,S4,NO,0.017,50.0,1.0,0,-0.1353001017293991
0x05953c673a20679d7ad14507a4a7eea9272ddeb747d2534d47d4eddacb0a9df8,econ,5-15K,S4,NO,0.085,50.0,1.0,0,3.644808743169399
0xe96d455240b957f704af3b5bec6f49678fc61f25b84f09b4c8290207b67e2ca6,econ,5-15K,S4,NO,0.031,50.0,1.0,0,0.5995872033023772
0x3071201ee55a926c34f489a66dcd5a9030e11a96bac97b0b622db28c21406239,econ,5-15K,S4,NO,0.135,50.0,1.0,0,6.8034682080924895
0x069432efca25de5867b72ab1eaf2a1b4f88b65244eb5973a6dc084e47ac8532f,econ,5-15K,S4,NO,0.0015,50.0,1.0,0,-0.9248873309964978
0xf7ae3f0b12fe080da17831601d7dce5180c0eaa7a536de7912cab4b86ced077b,econ,5-15K,S4,NO,0.0015,50.0,1.0,0,-0.9248873309964978
0x75c518002b3bea3df64c7ce6eef4d91f7cef00d6194f0dc1777955278ca6e71d,econ,5-15K,S4,NO,0.0535,50.0,1.0,0,1.8262017960908636
0x48fa71ab466bc2d58594d4c5673d88b825eec7c5c262ee8f51807b6c795696fa,econ,5-15K,S4,NO,0.0235,50.0,1.0,0,0.20327700972862317
0xfb5f804e0d40cf155618aaba895414163b7484ef31364cdcfee77ee60a52d2b3,econ,5-15K,S4,NO,0.065,50.0,1.0,0,2.475935828876999
0xbd1af721e5ff6e31ab5f70c81b2965f7b0ab31570911cb597f10d1eb3ed0d18d,econ,5-15K,S4,NO,0.003,50.0,1.0,0,-0.8495486459378156
0x30781c172d324bc9770827adbd37c7b3808bd86f9c0ef3c468405a377b5db0d9,econ,5-15K,S4,NO,0.04,50.0,1.0,0,1.0833333333333357
0x2cf603087750201a36bbb9c601046c278568f0f48db2285a2d4cd6f449145b45,econ,5-15K,S4,NO,0.14,50.0,1.0,1,-51.0
0x92fd3b551c14a04ce7352545bc79dcd3c6c63fe32cb34985c81b34e713402887,econ,5-15K,S4,NO,0.0265,50.0,1.0,0,0.3610683102208512
0x385cff65ea17ab2d69888d3bb01198a287c664375dc1376384e9711173f30215,econ,5-15K,S4,NO,0.0365,50.0,1.0,0,0.89413596263622
0xae28f5f1762a2f67ba73e3d1d548b9b25f71f5a668c5ef8d2d2ddc9c30b91d7c,econ,5-15K,S4,NO,0.055,50.0,1.0,0,1.9100529100529116
0xdc3883290f848c9177d1017303916ee8cff8b6b2966d97b5ddd70bd4ce7c85cf,econ,5-15K,S4,NO,0.024,50.0,1.0,0,0.22950819672131217
0xc0ffe3f5ad3dd564d2a7f564c4a7275e04c19c731a4f668348ba529fe6201e3f,econ,5-15K,S4,NO,0.0685,50.0,1.0,0,2.6768652710681664
0xedd36823fda11cc766bbe7bfa9a002ed898c4d4283e0c396fe65ea3170f4a428,econ,5-15K,S4,NO,0.041,50.0,1.0,0,1.137643378519293
0x5e984d29b8cbaeaca6321e99595afb80302ededc21e07c05b59be5707d1dd445,econ,5-15K,S4,NO,0.0025,50.0,1.0,0,-0.8746867167919845
0x1c25345df65d074ab8d8326d426fcfd580b44eb8695a6aae340b40bd3ec62d76,econ,5-15K,S4,NO,0.0035,50.0,1.0,0,-0.8243853487205257
0x2cc836561c3784e7def759d2aa5ef041465b4877b49a17f7268b6f4117542671,econ,5-15K,S4,NO,0.125,50.0,1.0,0,6.142857142857146
0x79f26be3791ca74c33e03e10b9c87702ad6759509688039637a5b6e5968e760a,econ,5-15K,S4,NO,0.12,50.0,1.0,0,5.81818181818182
0x9a4b70d49c610171ab3d1d86774bb328e05a3301c8d5969577795d98ddfe9c3e,econ,5-15K,S4,NO,0.135,50.0,1.0,0,6.8034682080924895
0xbc6016929490f0c42554857fa69ddd2e04d868d2c13287dd0701424897cd8d34,econ,5-15K,S4,NO,0.14,50.0,1.0,0,7.139534883720934
0xaf433263b503ec9cfa248bbd1a3ac919ce9fa01e8f86a3fd9da58a458e0f0995,econ,5-15K,S4,NO,0.028,50.0,1.0,0,0.44032921810699577
0x7b58375c465f747fa65642c7c9d7a420ce719d845e0f03c74f92606c7e0364f3,econ,5-15K,S4,NO,0.015,50.0,1.0,1,-51.0
0x1d4ccb0fd8e5d2cab44e753f2ae65daabffa948a46b1adcebd8d06f16c0b2493,econ,5-15K,S4,NO,0.017,50.0,1.0,0,-0.1353001017293991
0x95731a580d2d134729f747b8143814a866846303549f5ac3215400ef81798db1,econ,5-15K,S4,NO,0.135,50.0,1.0,0,6.8034682080924895
0xde0201391eabf867697607591f7ad329198286e5bd37f0326ea5d94ae7385276,econ,5-15K,S4,NO,0.0305,50.0,1.0,0,0.5729757607013894
0x86617e809ce2faf391d6a74ae1f1eeedda988c0011c7681743dd07027dcefe5a,econ,5-15K,S4,NO,0.0035,50.0,1.0,0,-0.8243853487205257
0xb2c06fc71def3f4f2bf83a901e7c8a8afdae31cf8cb7467c03b92a42ff4658c8,econ,5-15K,S4,NO,0.0055,50.0,1.0,0,-0.7234791352438421
0xda480cb2b4c1a0695c5396f8f5e72adc44b2364b8f5138a1bfd1a511e3ae6cd4,econ,5-15K,S4,NO,0.145,50.0,1.0,0,7.4795321637426895
0x4f33a2b3938e0ee4cfad64f1ade11579d97f5b0cbe10945790549e713c04fa90,econ,5-15K,S4,NO,0.0205,50.0,1.0,0,0.0464522715671265
0xb78fb59bd91ebc1795979490867a266786db797498b6078573e45f1d07053df0,econ,5-15K,S4,NO,0.0025,50.0,1.0,0,-0.8746867167919845
0xb31f715305e219271f4f76f31d3f00c49c8cc638da4ffd775841fd45b75f0341,econ,5-15K,S4,NO,0.004,50.0,1.0,0,-0.7991967871485954
0xc6c5643c57ba39924c3c733b76f56c68dbeea83b4c76e88cb1b46d54d4321983,econ,5-15K,S4,NO,0.018,50.0,1.0,0,-0.08350305498981925
0xb935dd964a1b260624551342768cc326bcd808a902a4f2b937d3998da7dacefc,econ,5-15K,S4,NO,0.0025,50.0,1.0,0,-0.8746867167919845
0xa26c27ba1079273f6595b7dce8c337e0b2066a5d6c3321fc0d7e60310d823c8f,econ,5-15K,S4,NO,0.002,50.0,1.0,0,-0.8997995991983956
0x0dfbb92a10304e1c95a5925e12026cce3e490144fc94f2efb0b14b83a404274c,econ,5-15K,S4,NO,0.027,50.0,1.0,0,0.38746145940390875
0xa2cec47a2c7b01cae1f7d2a70d67a0380845430674c4a2c33780b70d630485cd,econ,5-15K,S4,NO,0.095,50.0,1.0,0,4.248618784530386
0x620922df966f7fd28f9a72429ad5d83d19dd530ee027ce845f73ecc49bd362e7,econ,5-15K,S4,NO,0.09,50.0,1.0,0,3.9450549450549417
0xdd0a25a45fd35a105e307c435571a04502022fec41f400e3ee343df8ad3b09b3,econ,5-15K,S4,NO,0.051,50.0,1.0,0,1.687038988408851
0xdb6adc645c796223460035e7bb4b623297e77df79e7a5650014a1f56b364ad67,econ,5-15K,S4,NO,0.0195,50.0,1.0,0,-0.005609382967875831
0x862e1c939d5bd9b36a7dfc32c33799ee27da798a963317742a3f3696f40acb48,econ,5-15K,S4,NO,0.0155,50.0,1.0,0,-0.21279837480955166
0xfffa8bd14df317b65031032827220561be855f417b741ab44b1aa95b57ded429,econ,5-15K,S4,NO,0.006,50.0,1.0,0,-0.6981891348088496
0x7886777367e5c60a1602a713dd44a6f55e9ed33f557fad6fb70dae00415e789b,econ,5-15K,S4,NO,0.012,50.0,1.0,0,-0.3927125506072855
0xb1311c211fdf82031b634c9aa7a294c5260f736f3204d6d6e29a28e489a723f4,econ,5-15K,S4,NO,0.0445,50.0,1.0,0,1.3286237571951816
0x5c9f080796c78c5d993e9dca382e2a4bed9a40e363359c1e1b6600a86978cbbe,econ,5-15K,S4,NO,0.085,50.0,1.0,0,3.644808743169399
0xd83fd77f3e22827126d563e91b3690f67987b70f9ab33bf12ca995774f95dff1,econ,5-15K,S4,NO,0.021,50.0,1.0,0,0.0725229826353413
0x02a20f7af48eb560ea34cd5fcbad0e0889e68bf8743b38ee69814e9c8ad85a09,econ,5-15K,S4,NO,0.0035,50.0,1.0,0,-0.8243853487205257
0x4976aec24f695aa5a3166d6671e0ddb331d8d27adbe3a284306a5694396ed4b9,econ,5-15K,S4,NO,0.076,50.0,1.0,0,3.1125541125541076
0x95338d652d12cd39f2116c51fc82dac38551ba47456800228f6a142459ba5ed8,econ,5-15K,S4,NO,0.075,50.0,1.0,0,3.054054054054049
0x93ce6498a28c60cd1888ac70a592185e0412894a0242ab59ef8f5b5d3d63b29b,econ,5-15K,S4,NO,0.0435,50.0,1.0,0,1.2739153162571881
0x8a4ce65053ef4fece60aaf6852127e698c87b9a417cea6303cba2defcad82d3c,econ,5-15K,S4,NO,0.02,50.0,1.0,0,0.020408163265308588
0x2653c341f4525005f7cad6bf4aaf21ed5c6dea1f0e039a8139258b50c930eb49,econ,5-15K,S4,NO,0.0245,50.0,1.0,0,0.2557662737057882
0x863204a0c8edc5f7fea74fa1280c90bec799129bb60736dbae73b83e067e0b5a,econ,5-15K,S4,NO,0.029,50.0,1.0,0,0.493305870236874
0x64006deac1cc8b4bcd5c8b069f237c94a08bd8ec4f1d42c62b8dcf442cd593e7,econ,5-15K,S4,NO,0.065,50.0,1.0,0,2.475935828876999
0x9a70d9869085f10191c73ed8e0873ae7af6dadcd12647d322a6cb0533fa5c40b,econ,5-15K,S4,NO,0.06,50.0,1.0,1,-51.0
0x220f4b035f1c6701221473d202623a2ecbb773a4252264450988c78715de3eb0,econ,5-15K,S4,NO,0.115,50.0,1.0,0,5.497175141242934
0x452a733568a16bd66cd62bbed596bf71e1680e744f48bd0ed5fef4bcb36bfe53,econ,5-15K,S4,NO,0.09,50.0,1.0,1,-51.0
0xedae387fc507f67a8c351dad9de7c8b80442bcfe28188f8cf73fd86afd421cd5,econ,5-15K,S4,NO,0.08,50.0,1.0,0,3.347826086956516
0x12cc238eb11c7c89b1b8f4de7f9175299f28e16156aaba05dd6c8390086cf38d,econ,5-15K,S4,NO,0.005,50.0,1.0,0,-0.7487437185929622
0x19f6ebdc6becb51ac98f76f2927e3559c01a2898ff22be6cf554eca9b1c29f08,econ,5-15K,S4,NO,0.0455,50.0,1.0,0,1.3834468308014678
0xd625bf2aa030fb38a018f46521d2c11f3a9a7a849a51ff2b51cef034386770ce,econ,5-15K,S4,NO,0.007,50.0,1.0,0,-0.6475327291037232
0xac95a5009e493902628eaaa2138780fca5b5476825924ae7de023e8c65917662,econ,15-50K,S1,NO,0.954,50.0,1.0,1,-51.0
0x5d0c7869d6bbd5c926178c5ebb2c1ab1afa3e1b04bd036bcde5573481e3998c0,econ,15-50K,S1,YES,0.0225,50.0,1.0,0,-51.0
0x8cc1eabe78fd1bb60fc7b324f25b67351145be8b6413595592afdde15aa6ae35,econ,15-50K,S1,YES,0.12,50.0,1.0,0,-51.0
0x33ad8fe940ad79febf41181020a5bbfee9ffb632b28f6412035798fb4fe00198,econ,15-50K,S1,YES,0.1,50.0,1.0,0,-51.0
0x98bc1dae77ad789ec2d638cce495a6f03c4028ec372eba7f7c2fa8e17f63e06c,econ,15-50K,S1,YES,0.145,50.0,1.0,0,-51.0
0x590d0bf35aa2fd267a3c2f83e0ea896bb0aa906e1a83ff812a2fab4f68541e17,econ,15-50K,S1,NO,0.9805,50.0,1.0,1,-51.0
0xb49048083ea92ebf7a9a798f553ccde94ca107acd996dc5dfabc6cc9921055e9,econ,15-50K,S1,YES,0.1,50.0,1.0,0,-51.0
0x2aafc5e2c2653bf25664ba5a767b2164bd2b132e22e03aebb0e2f469d2a8bd17,econ,15-50K,S1,YES,0.014,50.0,1.0,0,-51.0
0x297fb23d5aa6470c0ac5c6d88601a971674d0e94f928d9c63be45d99f6cc0451,econ,15-50K,S1,YES,0.0585,50.0,1.0,0,-51.0
0x31d7fbf8a4b08ea07e3ffa283d9c5acbaaadf247da08a57e9f0795f6f742f4bd,econ,15-50K,S1,YES,0.12,50.0,1.0,0,-51.0
0x4421ddf25598700841a09acfc93a847e721d4b5ee5dfc064781ae32dd3d30be3,econ,15-50K,S1,YES,0.14,50.0,1.0,1,306.1428571428571
0x026bd42df2b17550ad5edceb43f95553b254deb94571905c5338cb3dc5a801ab,econ,15-50K,S1,YES,0.09,50.0,1.0,0,-51.0
0x64a52387ff320e58165b8b8092fbe4ba418a19549d902fd7a938a50f2fbdfae3,econ,15-50K,S1,YES,0.015,50.0,1.0,0,-51.0
0xf281672b936cd0302b59fed987a5a5ddf5d85fc38a0d5e534578c85dee01a2b4,econ,15-50K,S1,YES,0.0215,50.0,1.0,0,-51.0
0xb2f5ef6a61b6dbc25602b09384d734c1a811086ed6d9a979ec13d4458999840b,econ,15-50K,S1,YES,0.008,50.0,1.0,0,-51.0
0xb146887546d8b19d236f10c247baa0c3fef5d6ca242b24b0ed3b66b857cdc71c,econ,15-50K,S1,YES,0.14,50.0,1.0,0,-51.0
0xa3658667051a8fe1bcf30b0a202d2b1167afcfe61872e65b6aa300d7b6a5e7b1,econ,15-50K,S1,YES,0.0245,50.0,1.0,0,-51.0
0x14157ce8844eb963c4dc36c7e3499408eaf89fa4ecb63114f798dcd9dbcdf8ad,econ,15-50K,S1,YES,0.02,50.0,1.0,0,-51.0
0x3c5c5177c3034d770e5874ba820ca50d0e5447d1de309456f662e71eabcda7ce,econ,15-50K,S1,YES,0.09,50.0,1.0,0,-51.0
0xccf4f0f408609486b3611a5089769c8bc6aedb25f65e13a030f8fe8598791d81,econ,15-50K,S1,YES,0.059,50.0,1.0,0,-51.0
0x10bac9207caac2ecc6c49e75f74db4f21428e01cd09c96fef9774bb32df1f889,econ,15-50K,S1,YES,0.019,50.0,1.0,0,-51.0
0x5e1f8f243e8dfcc8822ec886741e74fb2fe1d34bda3810511ce32d62b0f22d46,econ,15-50K,S1,YES,0.0055,50.0,1.0,0,-51.0
0xbe55fb3cb6873c9487969eb212ca59cc4600dfafe4e41e39af10e0d718a606d1,econ,15-50K,S1,YES,0.0205,50.0,1.0,0,-51.0
0x2e28c5bb005502bde4d12029c2cc12537d70d8a2411dda2ad202544abf048574,econ,15-50K,S1,YES,0.1,50.0,1.0,0,-51.0
0xb7ce4dfc9b1ae706976ee41b50bce77925e1211114b61c197d5b13299bfaf0cb,econ,15-50K,S1,YES,0.021,50.0,1.0,0,-51.0
0xd0e8530204577ff261890cdffd2ba9ed8dbdce85a6b9b479bf56b2ac682ae10d,econ,15-50K,S1,YES,0.037,50.0,1.0,0,-51.0
0x8028f0d4d0399f41108d0ba3d81e33a77e9a8ff1724850f3c1b85874a2c59038,econ,15-50K,S1,YES,0.016,50.0,1.0,0,-51.0
0x3c7d37f080c6faa1560ae04c8df40014c9a62325987c9df87da1b946ac56b95c,econ,15-50K,S1,YES,0.115,50.0,1.0,0,-51.0
0x246847d434dc502a05f64eb0b7c828cc2ed4dcb28e62383b9f288f66aab6b06c,econ,15-50K,S1,YES,0.055,50.0,1.0,0,-51.0
0x7fd7aefdb2f7445b4ec303b71146524fb2debb97d0c5e421c90f9a5b93c4525c,econ,15-50K,S1,NO,0.915,50.0,1.0,1,-51.0
0x232b0a5b7ca928ac04a9fbf52017c88f5875832afa397eb585c68fa06a14a569,econ,15-50K,S1,YES,0.0055,50.0,1.0,0,-51.0
0x6d2b502ec35cbd35c891def7e2ee1a2515a47ef0a16b0517e37f2eaad88a9c0f,econ,15-50K,S1,NO,0.9995,50.0,1.0,1,-51.0
0x26bdd3d8c46628b7f60db5b1e564ab47b44e640a57bd4b6ac78aec171a2a4c73,econ,15-50K,S1,YES,0.125,50.0,1.0,0,-51.0
0xef3a31930a2e8a16a8ff28ad5250d513e56740100e47c802982573fe6f903d21,econ,15-50K,S1,YES,0.135,50.0,1.0,0,-51.0
0x03c4ee7b09259babccfee2c337214d5f273d69c35849698e307af5240c9a1d67,econ,15-50K,S1,YES,0.065,50.0,1.0,0,-51.0
0x067d92ae747363cd58f696351d9351e9bc39bc1dffb677b15a492f595f17009c,econ,15-50K,S1,YES,0.125,50.0,1.0,0,-51.0
0x51da58a7c5c5228e6bf1c45546b08568daef4432e5ef40ae02beff17c5ce0b6f,econ,15-50K,S1,YES,0.065,50.0,1.0,0,-51.0
0xdef2cf7db175d6f50fc13ce60eb122e1fae725a2af50d1392361eca4a064364a,econ,15-50K,S1,NO,0.9275,50.0,1.0,1,-51.0
0xf8afd8e73b4cdee0b59be60a9772b2cf896b75c32af3f50d61cfe8e3f1dcbb3e,econ,15-50K,S1,NO,0.951,50.0,1.0,1,-51.0
0x255f45b5cdd0a0f9b00437e0a18d16f438bc7f06bbeef811f938da53389919b0,econ,15-50K,S1,YES,0.0255,50.0,1.0,0,-51.0
0xbd044d36e858baef2fc7d809acc0c38109dc8e12a7b519e15ee18c8c5b55b938,econ,15-50K,S1,NO,0.855,50.0,1.0,1,-51.0
0x584ec564b502309b3a701f00e6714d1e7fa58a907437ec6a84e00f05b6848a59,econ,15-50K,S1,YES,0.003,50.0,1.0,0,-51.0
0x9f8ee55b74e5d3404744b169867c57931213445db9feb67119c7cd07d0cdf2f0,econ,15-50K,S1,YES,0.0035,50.0,1.0,0,-51.0
0x33085df7b4c5b27cea680625ed033192fc72c31065b038a87432cd37b65c2688,econ,15-50K,S1,NO,0.895,50.0,1.0,1,-51.0
0x22e2a468a5b8ba7576a0749c760c6838f1b1a3ad30d3c06cf34a8ba90e3fca67,econ,15-50K,S1,YES,0.0255,50.0,1.0,0,-51.0
0x6cb28522ae6a7e48504f690723bc534d0b15b36b142ae86ede2237ba1b791fd9,econ,15-50K,S1,YES,0.0085,50.0,1.0,0,-51.0
0x5afab7decd9695406d6860bcfd6b9fdf2035f1a05c09b7a0aa683b712fca3592,econ,15-50K,S1,YES,0.08,50.0,1.0,0,-51.0
0x1b893f9cf053374239e87d49e758bd91a4799c559aeffb892a9a5928fcd3a33b,econ,15-50K,S1,YES,0.0075,50.0,1.0,0,-51.0
0x367b5d54a83fb5cd75c2065474166e19a85b7b1d290a938af1b7f67e7402af88,econ,15-50K,S1,YES,0.0145,50.0,1.0,0,-51.0
0x258b33c98865de3844d46b2b1a2b3c860c786de7bc12dfd075eef598e252107a,econ,15-50K,S1,YES,0.14,50.0,1.0,0,-51.0
0xae95665716cd8bfc5be9a45b720b48c3f85277f6b03724ac17ec5a677df098df,econ,15-50K,S1,YES,0.0135,50.0,1.0,0,-51.0
0x11d4b011e263b36f6c1805c236bef4b27c1c3856858f3a1f3d3d04e4720c7e21,econ,15-50K,S1,YES,0.0405,50.0,1.0,0,-51.0
0x867969cc454e878496116906c349eacced2e2ffc5a9de5db1ec0fb788ed0d5fc,econ,15-50K,S1,YES,0.0005,50.0,1.0,0,-51.0
0xc6d247e9095f9bf2f3941089cb1737bed063a6b71da44daa2f77c1eefe2d0538,econ,15-50K,S1,YES,0.012,50.0,1.0,0,-51.0
0x063212bd0584056ec5d5499001ce19c9b0d00ecb0a44279375fa50a9e377a308,econ,15-50K,S1,YES,0.115,50.0,1.0,0,-51.0
0x231ed6c3b2976f88dd91d060551da8df79e896b199d2b2cc00bf19064e84ac5e,econ,15-50K,S1,YES,0.002,50.0,1.0,0,-51.0
0x16d46ac956f418c1a220315568c6cec3e8dc6f5669023bba962a35f124378f5e,econ,15-50K,S1,NO,0.955,50.0,1.0,1,-51.0
0x700daa10d5e12c4ec24ef568142df24d3dcac2b6c7fa586645678382371339a3,econ,15-50K,S1,YES,0.125,50.0,1.0,0,-51.0
0xf324db4785e076e056cf6c66aa7a9d9d93bb281abea69081657fc0a0bbb1e423,econ,15-50K,S1,YES,0.024,50.0,1.0,0,-51.0
0xd81ceb63d0d5a9c35b116fdec4793438cc873d5c1fe0742d7225c13c66478b43,econ,15-50K,S1,YES,0.1485,50.0,1.0,0,-51.0
0x9f32748075108b4cb57fdc3bd2d41ab8a627045abdde049948cb4933f2345932,econ,15-50K,S1,YES,0.115,50.0,1.0,0,-51.0
0x53278338f3435a8829bdee6df7aef4d949d40dca2a4a0b10be1de8baa440b80d,econ,15-50K,S1,YES,0.0515,50.0,1.0,0,-51.0
0x6a1e9ffa3b4da78fa539081c30fc9296c8ce3c24ac60db42f87c57a5cf36654b,econ,15-50K,S1,YES,0.045,50.0,1.0,0,-51.0
0x4df025c5e8da670b6f19cacea4d9c745960e8174126eb64fcfb4c9a67f2d75d5,econ,15-50K,S1,YES,0.0265,50.0,1.0,0,-51.0
0x8ed980ae5b48da84e49c09cf67b6ecff32b36f7fc0f88651127edfd438962d2f,econ,15-50K,S1,YES,0.037,50.0,1.0,0,-51.0
0x813917fd5678498d2c73106d5c625b8f13fea87d675699a5de65ab7c2accfa2c,econ,15-50K,S1,YES,0.021,50.0,1.0,1,2329.9523809523807
0x955b31a6633694306e587de21cac3c65512ef59dcc739d4c768a53013b1cacad,econ,15-50K,S1,YES,0.042,50.0,1.0,0,-51.0
0x21e6f4e425c3786fb031b3afa52388b302dc005c1dbceef0715ef1d425f21dc1,econ,15-50K,S1,YES,0.0035,50.0,1.0,0,-51.0
0x06c1ca9f97e22da57343d21322e7928cfdac6ad795b84c6f6247bacc2f023b92,econ,15-50K,S1,YES,0.009,50.0,1.0,0,-51.0
0xe729569d2e6a317d7310ec03e614c15796503e2b11ba94f429ffb7abb3fa1089,econ,15-50K,S1,YES,0.0025,50.0,1.0,0,-51.0
0xfa463d64b5fe2af2a7019c269ac13d75efc0d5f75f43180c9169ab39d216d06f,econ,15-50K,S1,YES,0.021,50.0,1.0,0,-51.0
0x3c2aa4b55dd1b4656df978effba9bb5d4cde7a439bd27f60fc2e08c7736adcee,econ,15-50K,S1,YES,0.004,50.0,1.0,0,-51.0
0x5abf45b216ba14d05af1ab9aa5046e2b309e142fa067fa22608bf685f6879fcf,econ,15-50K,S1,YES,0.0015,50.0,1.0,0,-51.0
0xe16ea0533ad398a6a54ef4350852bd67748f0cd18b4a0ed5a785914d344b396b,econ,15-50K,S1,NO,0.9945,50.0,1.0,1,-51.0
0xc3220fb3f362b8a77f6b28566b47efaae71eb2718a0a5a7be7055c7ad5932da1,econ,15-50K,S1,YES,0.045,50.0,1.0,0,-51.0
0x1ff3643f5d4bf95adf75765050f90b8f34c94b8c7bf5d0608e7b92ba8db98fa9,econ,15-50K,S1,YES,0.0405,50.0,1.0,0,-51.0
0xe37deeff57b3f974ee90259bfd412bfc5029733965478d1d3c7166b6c1ceafe7,econ,15-50K,S1,YES,0.0005,50.0,1.0,0,-51.0
0x7e98067eccaf618360fb9f376fe69e949c82eb4a46ed2f97c1758a843168daa2,econ,15-50K,S1,YES,0.0005,50.0,1.0,0,-51.0
0xe031387f4fc1907aea1c2d4036add74fd1ab135b16a45d71e49474890cc55c3c,econ,15-50K,S1,YES,0.03,50.0,1.0,0,-51.0
0x830b464c8d6975ab99fc172dba81d236c5be82fb3336c0a39b548f41a2004f16,econ,15-50K,S1,YES,0.0265,50.0,1.0,0,-51.0
0xadf3731d0b8df27ad5db8b2b6814f2561634f354cbcf7af6b8b484b813331406,econ,15-50K,S1,YES,0.095,50.0,1.0,0,-51.0
0x2e237cefd244a839b4d1f6000f8fa62ad75da8ab6aa0bbe7f6174fb96e7a4d37,econ,15-50K,S1,YES,0.0005,50.0,1.0,0,-51.0
0xc66c2d3ea1cc5ae2a4c3b96d6a92d6bac5d4fb764695c9dcff21aedffa8f11b2,econ,15-50K,S1,YES,0.12,50.0,1.0,0,-51.0
0xab0bdc2af557289948c5224cf1b61c9bd8a8f03ac94e99daa488c8516258a814,econ,15-50K,S1,YES,0.007,50.0,1.0,0,-51.0
0xc8c341e9089643a1d87c71555547d1dae6c49e9c262c3cdcfc8323fb658407f4,econ,15-50K,S1,YES,0.066,50.0,1.0,0,-51.0
0xceabc3b7429e811f05d01575b77e84f8eff4046561f04ec6835bed131d3e7335,econ,15-50K,S1,YES,0.002,50.0,1.0,0,-51.0
0xa47d5522a14e98422b06053bc153cbb731321e286c12a5a8f75036f6c302e167,econ,15-50K,S1,YES,0.069,50.0,1.0,0,-51.0
0xbac49f234f6b0541c7ba0cd2c142ed93838f301c97f86619c81b19921e72d934,econ,15-50K,S1,YES,0.13,50.0,1.0,0,-51.0
0x43cffdf83dd954fe1f2b22ebf006d21ec6b19e65e65df6c3a285192c161a5bdb,econ,15-50K,S1,NO,0.87,50.0,1.0,1,-51.0
0x3a06f1474fc8f1705e13416ff9bbe2220cfa4e4c585b739ae9971385c3e8a677,econ,15-50K,S1,YES,0.0005,50.0,1.0,0,-51.0
0xab9b2db51a3f83918c9816a5f0a95214199bf28e9c2456ba221e4c7f5652a43f,econ,15-50K,S1,YES,0.0005,50.0,1.0,0,-51.0
0x2be051d061713dea865057cea42b9b79e4967f215966763c25db27be798ab675,econ,15-50K,S1,NO,0.9685,50.0,1.0,1,-51.0
0xb09d4c45d25d732b4df58a346cb586cba6b02314a5de3f8389608dbc962c78ff,econ,15-50K,S1,YES,0.002,50.0,1.0,0,-51.0
0x86e6ad07e0b73b82918f540051b2c75ef2c8c34b11c0931fa0a179c2ff965e08,econ,15-50K,S1,YES,0.125,50.0,1.0,0,-51.0
0x8f1218ccc9a3f8d28044433c4ca29a6b6769d9daf03d3d5eff6f12aef68c7751,econ,15-50K,S1,YES,0.027,50.0,1.0,0,-51.0
0x4a130f5c2b11ac521629eddb693713c194bc021b0002a899223377bfb5b455a1,econ,15-50K,S1,YES,0.125,50.0,1.0,0,-51.0
0x451cfbe2c49a64883f30355b804e504075c1eefc8fa0c6095b448debf2663ea6,econ,15-50K,S1,YES,0.0025,50.0,1.0,0,-51.0
0x6ade6ab1213f3305bc0c66792cd69e307bbcf5733b48345aab813c0346e7a8c4,econ,15-50K,S1,YES,0.0005,50.0,1.0,0,-51.0
0x607bc2c95c0ecdc22c7c4fbcaaf78506ee627eb61d3112bb31ce908bd1315745,econ,15-50K,S1,YES,0.07,50.0,1.0,0,-51.0
0xe84fe1887a4b01ad9bd837a4a35d7ea540110af706f5c4010192ab9ddde144ec,econ,15-50K,S1,YES,0.0595,50.0,1.0,0,-51.0
0xe6cfb17a41d1da25fd81bc59b50fa7d5fbdf9584e2122c2649f77703e47dad32,econ,15-50K,S1,YES,0.095,50.0,1.0,0,-51.0
0xcc5a78a3cd40a2b39331ddb5b51ba34a82e54b31bd67fc04dbf8195a3e596b16,econ,15-50K,S1,YES,0.0005,50.0,1.0,0,-51.0
0x497582391d3e998b48815645bf353dff8b2dd4eb4c92d7840c6b34d44661de9f,econ,15-50K,S1,YES,0.0035,50.0,1.0,0,-51.0
0x446b1f871be2d610eb0a4918dde2704690d0492a9f2e22947df22ce7ed6d500b,econ,15-50K,S1,YES,0.01,50.0,1.0,0,-51.0
0x4f7f37643ef5969ed967bbd2cca98a8589c375057db6d12fbde44c90e736d8db,econ,15-50K,S1,YES,0.0185,50.0,1.0,0,-51.0
0x556e26f703ca34b9e53f912fab8edf834c00164ba132cf9b4cd6f220d9d461b3,econ,15-50K,S1,YES,0.0025,50.0,1.0,0,-51.0
0x44404080476ff8a28a8fd00da032902209f7592cca62c98071e5ab0a31a3da42,econ,15-50K,S1,YES,0.021,50.0,1.0,0,-51.0
0x966f570a3f806f9a6ab05e9bc935fe6fefa72992719d0bce7a2a603e4ef41bac,econ,15-50K,S1,YES,0.085,50.0,1.0,0,-51.0
0xa3d97508b8be70356d6147a84b21136efadbea8cbc7a2fe28cc54a0c3c6bc685,econ,15-50K,S1,YES,0.0015,50.0,1.0,0,-51.0
0xdead74c5858ef54748278ccaa3825a20dc28192e9826a15eff75b4fddb0abcaa,econ,15-50K,S1,YES,0.008,50.0,1.0,0,-51.0
0x9d3651c011cb5e0e291f6a7007b7a05d9cf60b614148edba3179612ff57f66ee,econ,15-50K,S1,YES,0.0085,50.0,1.0,0,-51.0
0x3e2e7347226192486b09405a039f2e225ae8267e0886ddd22e89a418b8420022,econ,15-50K,S1,YES,0.05,50.0,1.0,0,-51.0
0xaa23f9457242ef2b7d297cc67ac99376d43f67fa0af4e3389a2ff6fb6de3cbe0,econ,15-50K,S1,YES,0.012,50.0,1.0,0,-51.0
0x85476fb0bd28cf44596b6f46c9e6828134192d394135fae71221475040a8b8a1,econ,15-50K,S1,YES,0.0175,50.0,1.0,0,-51.0
0x6cf1fbf4e8910f5ad13374ca0eaeeb4538a6dd646a290430fe2714a314db51b5,econ,15-50K,S1,YES,0.0025,50.0,1.0,0,-51.0
0xb328c169da72c91272a6e06a1b0147ce7aede12fed61a8dc2f1f074d6f7b817f,econ,15-50K,S1,YES,0.008,50.0,1.0,0,-51.0
0x56aab8f7ac4ae875308a6873228a115ccb43337a14fed4686063df0fc5577575,econ,15-50K,S1,NO,0.89,50.0,1.0,1,-51.0
0xac47f58c98596b70b4dcba88834a490880f5531afa2e3cd860bb25c09d704262,econ,15-50K,S1,YES,0.1,50.0,1.0,0,-51.0
0x8e9ec3b4e955a048a955c27f9f9f3d58e4c24908a5213d65d989d79035ed510b,econ,15-50K,S1,YES,0.015,50.0,1.0,0,-51.0
0xf1d294f2261be947baac1cf934b72727435d98bcc246f0dab40af4faa9b2d618,econ,15-50K,S1,YES,0.0015,50.0,1.0,0,-51.0
0x834b4e86a77d203192fea6a30dc443cd04fa72c47cdb505932d68e1d66f695e5,econ,15-50K,S1,NO,0.86,50.0,1.0,1,-51.0
0xb7d0edbcbd57d3c68b8003054dca3b002e437e4a28e05886b4baa9bf818a4698,econ,15-50K,S1,YES,0.0105,50.0,1.0,0,-51.0
0xa99935484aab4847ad2265a8e557cfbaa483ef9c38a12554cbf5b4f49eb7306f,econ,15-50K,S1,YES,0.009,50.0,1.0,0,-51.0
0x32c801f05b01ac9ed8a2a859795a72664477218a78875988a889db0cf4bd927c,econ,15-50K,S1,NO,0.9695,50.0,1.0,1,-51.0
0xdad32e9cfa63beba28b32d3ebdaf289f4bcfd221788cfa91432cbd2d65986cbd,econ,15-50K,S1,YES,0.0005,50.0,1.0,0,-51.0
0x07105ef83ad7b987ca3c4b9c735a7deff6afb7be701a89e01bcf44ff549d0805,econ,15-50K,S1,YES,0.015,50.0,1.0,0,-51.0
0xe0d08bea14e47f13637d7c55f1b35e4df11b943d6d0bd70b74721df3534598fc,econ,15-50K,S1,YES,0.05,50.0,1.0,1,949.0
0xbc8fc3a5ecc21dce9134dcac004ec04b21e71c37c4fd63694da463e5ca6e0bda,econ,15-50K,S1,YES,0.0365,50.0,1.0,0,-51.0
0x0ebb4a273b3018e26eec86efeae084cf6fabe46e4b92a84380f07d2536bc6b44,econ,15-50K,S1,YES,0.0045,50.0,1.0,0,-51.0
0xf766cd8d4336b4a06b7fddb60574058e2f8631a2ef95d0598632e46a505e5788,econ,15-50K,S1,YES,0.105,50.0,1.0,0,-51.0
0xd3d57dad2f65b0cc1d147c3c90fb795ccfaa06bc203fc880c13c3a50055d1693,econ,15-50K,S1,YES,0.0115,50.0,1.0,0,-51.0
0x210a8b0affb3411b914cf0b179ca8ab3898b69e9d8521d07fda5670b66e52138,econ,15-50K,S1,YES,0.013,50.0,1.0,0,-51.0
0xdad84023bf7a64f70426a14f63c379a578b2c647eb5a2b76ab73469e7abcc002,econ,15-50K,S1,NO,0.9995,50.0,1.0,1,-51.0
0xcf10041e1e7ac942f180097fca532958aae7d89ea9b0e97efa055304564e572a,econ,15-50K,S1,YES,0.0045,50.0,1.0,0,-51.0
0x52105016c7e3c97364777cc479796d23d121254d3b54db32bc926ec3dd69d05f,econ,15-50K,S1,YES,0.0855,50.0,1.0,1,533.7953216374268
0xb85eb8dd7945627ccdf831112623ab9e75ccbfccb5ce5aea324f4873afd45443,econ,15-50K,S1,YES,0.0435,50.0,1.0,0,-51.0
0x069a4499ad881f84546e8ab962a82842d4f3d863d8867cf608183342765d0e5e,econ,15-50K,S1,YES,0.024,50.0,1.0,0,-51.0
0x39c5a327990dbb77836ef3b41a3624095d0d0cc7773514184aceb3fec19d5f9d,econ,15-50K,S1,YES,0.0015,50.0,1.0,0,-51.0
0x07a0819d15876d8566e6e252f8c74fa7a71d7baa6024cac65e572b82ef32f3df,econ,15-50K,S1,YES,0.017,50.0,1.0,0,-51.0
0x3c188f3adf74155cd38ba8368fe65c3f903e422b5cb4714fa1f0b358bee12afe,econ,15-50K,S1,YES,0.0005,50.0,1.0,0,-51.0
0xdb9b4765a55c3b4d06df3d43970a86bdcfe80704351bfb99162826d77b26c423,econ,15-50K,S1,YES,0.0015,50.0,1.0,0,-51.0
0x4457d388431df149bec079e8ee0a59310564954ca8e8e9b417a528371fad6912,econ,15-50K,S1,YES,0.0015,50.0,1.0,0,-51.0
0xc43da4681dee6ef632a404998d00db86fe62e40938ea25e0b2c958ea1f2acc67,econ,15-50K,S1,YES,0.011,50.0,1.0,0,-51.0
0x02718a795b691556acfe65956b9864b796012b42b89e422ca0694592b02699fc,econ,15-50K,S1,YES,0.115,50.0,1.0,0,-51.0
0x8988a98b921cf560320798d9e8e353fcf554b7f8f10acb9bc2a580be2b784bf4,econ,15-50K,S1,NO,0.96,50.0,1.0,1,-51.0
0x956ebc7a207c55bc625d15bca677d465ad94201c297cfc762f025e20f57fdbfd,econ,15-50K,S1,YES,0.0025,50.0,1.0,0,-51.0
0xaa0c959dc97e8cebde8b3ba6bf094ba41f881d993127246935d71e3bb28ec671,econ,15-50K,S1,YES,0.0025,50.0,1.0,0,-51.0
0x4b79a2347626a6a9c8a8795e3a841061a9af7b4b8a3505e5533fea58aa6e2710,econ,15-50K,S1,YES,0.004,50.0,1.0,0,-51.0
0x0966d71b03a061516eb2f6566d7f70d94add56d1fb6a5b5d1e68d3d59fcb6322,econ,15-50K,S1,NO,0.983,50.0,1.0,1,-51.0
0x2f91477e922e33aa5a6b15ed24bbb42d9bd17662c23674f133d3b200372ff7dc,econ,15-50K,S1,NO,0.96,50.0,1.0,1,-51.0
0xdf8855f2cfaca1f0e8a48d2557354c3e5c48aaf3dcf8d8ab154569f70d0da6b1,econ,15-50K,S1,YES,0.0045,50.0,1.0,0,-51.0
0x653ddfa7814701756736823c3c8d7af2ae389824e696eb54cc2b5154d625de2b,econ,15-50K,S1,YES,0.0065,50.0,1.0,0,-51.0
0x5f8b2b1cd13d0fddf53da4a58771d2f2e02c79eae96f2de857ce8c67b372ade3,econ,15-50K,S1,YES,0.0015,50.0,1.0,0,-51.0
0x0f8325f5c867a51d61a6cafd41b5b2a75c6306d0b15566d5410d3beafb3e222b,econ,15-50K,S1,YES,0.0025,50.0,1.0,0,-51.0
0xffe1466765c83141e95b3b2d7c0b4940a1dd4855fa7acc2c23518d5ec464841a,econ,15-50K,S1,YES,0.033,50.0,1.0,0,-51.0
0xd94b503e23bf84cd40fc37b3eb56e29ab7f03c1cecf92545c87cd86892b857f5,econ,15-50K,S1,YES,0.018,50.0,1.0,0,-51.0
0x38d0cbf73226c874139904164cb8a0929f333002909453a77fe6f62a8256ec34,econ,15-50K,S1,YES,0.008,50.0,1.0,0,-51.0
0x609753a08ce4349f03285de1c397bb02270b1d7f76f03ef0357e38933d91e6fc,econ,15-50K,S1,YES,0.1,50.0,1.0,0,-51.0
0xfcc93daea47eff5c0453c5982a2ea2c4fd1bd19f788aaae7dc02a433dcf1061b,econ,15-50K,S1,YES,0.0265,50.0,1.0,1,1835.7924528301887
0x5b782c35d9cbd6e9d38597bd0af4e53d3263bde143e4d4ffdbd76d0a094f4be4,econ,15-50K,S1,YES,0.12,50.0,1.0,0,-51.0
0x7c23eb43f7aeca2ed64186ea1b8269d61ab53c564911b91b2808b51d85d5db8b,econ,15-50K,S1,YES,0.0895,50.0,1.0,0,-51.0
0x19339b2520e19a4ea69a5cc30ee40e467833a6cbde2c13b3dea4f8c87c3d898c,econ,15-50K,S1,YES,0.12,50.0,1.0,0,-51.0
0x54ee81d959b52711cbef37fb26ed617c1aed90d8043a10f8800dcec6839ca846,econ,15-50K,S1,YES,0.0275,50.0,1.0,0,-51.0
0x7a66d5c411a072825a22f42fb6987746d1ab711db3644568f77d8628402ef7cf,econ,15-50K,S1,YES,0.012,50.0,1.0,0,-51.0
0xe50896651decb1916a4182ed827434daf9935faf8cf9cf03415f5b8a6cdf40a5,econ,15-50K,S1,YES,0.07,50.0,1.0,0,-51.0
0x3632578a2244a4cb8e775e24c20a24b5e229f8c3b118ee79bd95a3bfc1bd7ccf,econ,15-50K,S1,NO,0.905,50.0,1.0,1,-51.0
0x594e0652b1074e64ff56a3dbf74ea901eee3f6bfe6fb8f5c22f10e91a2c7e63f,econ,15-50K,S1,YES,0.0805,50.0,1.0,0,-51.0
0x40020daee5a5e328f937bbf84cbb34d9459f2de18c0a228783d3c0034a6e4689,econ,15-50K,S1,YES,0.01,50.0,1.0,0,-51.0
0x01854aa970cb8684d00b3e23703da20a25b5a58ed8fe23a14fd2c45a1703e0b0,econ,15-50K,S1,YES,0.004,50.0,1.0,0,-51.0
0xb26d5badbfc7fd7963be2a0c4758783280232e97f0cace511362701d94c738d4,econ,15-50K,S1,YES,0.0015,50.0,1.0,0,-51.0
0x2b3d364146c4a229490ff62ea8f820d68a1064899c68101e0c4a71ef5427aaab,econ,15-50K,S1,NO,0.9855,50.0,1.0,1,-51.0
0xa2ba65043c9980da9648c640bbb662297b9873fd5c8947aad423f3c35065c3ef,econ,15-50K,S1,YES,0.0085,50.0,1.0,0,-51.0
0x2528f54ba046c54111c28cbfa073f38647b984e434e29d00945b6c62e03dd13c,econ,15-50K,S1,YES,0.0005,50.0,1.0,0,-51.0
0xd403dcea67958475d2bb1c4f6059544e1f741e0169e46f048a18ba175b69182d,econ,15-50K,S1,YES,0.013,50.0,1.0,0,-51.0
0xacb10679e825c8ed7e8f950b76ee18e595a935a799bc10ab9870fd10dd5d7844,econ,15-50K,S1,YES,0.079,50.0,1.0,0,-51.0
0xfea033f199d44cfab8b9588e7b92fedaf2c546cb77a14f608403f5cb9f448dd1,econ,15-50K,S1,YES,0.0015,50.0,1.0,0,-51.0
0x888cc73ca00c65c5d1bdb10184f8f861e9ffe687bebbebe4552af3919aa0d4f1,econ,15-50K,S1,YES,0.01,50.0,1.0,0,-51.0
0xb63df606210e749628ef096f3cd7327d7696f136c909e48099e57df1c85f80c4,econ,15-50K,S1,YES,0.0015,50.0,1.0,0,-51.0
0x2878c869ba9d393d6b231792dc87b57117c5560c817449187802c37e51c726b5,econ,15-50K,S1,NO,0.8625,50.0,1.0,1,-51.0
0x7787e03d77a515e0e774b4f9c77b838f9b4057c4f0c61327f4a593bafc9c2203,econ,15-50K,S1,YES,0.0145,50.0,1.0,0,-51.0
0x650dd3014dd4e5438d8a0935cb97ac3c80607ef70dc3b7ab094f549628f32dae,econ,15-50K,S1,NO,0.915,50.0,1.0,1,-51.0
0x751b657b4bbe2f37c6556d51d47d8394574af91a915c5e99666ebb1b1fbd50bc,econ,15-50K,S1,YES,0.0025,50.0,1.0,0,-51.0
0x4ca8a590e2de2eb8994dca0020dbed5163d3ca71308f4234ff41e2a1bdde03a5,econ,15-50K,S1,YES,0.005,50.0,1.0,0,-51.0
0x9999af27f191a5a8d142e9d7276a02915325c8b2545308cc928574122000fdec,econ,15-50K,S1,YES,0.0085,50.0,1.0,0,-51.0
0xc9f62dd1c79f1878801718ad14b6751f48dbab9ddee6f24f722ff95c74982f6a,econ,15-50K,S1,YES,0.0105,50.0,1.0,0,-51.0
0xfb0cdc4353dbfe9c6c111ff0907ab0eb81ad8194a3ad156c1bbfabddcade6cb6,econ,15-50K,S1,YES,0.003,50.0,1.0,0,-51.0
0xb399ce11a34bb02a3d982fb6f557b6cb62b46c9e4bede57c076ee572e41ccf3b,econ,15-50K,S1,NO,0.91,50.0,1.0,1,-51.0
0x9ed55bcd7b2ed58c31cd864703509e88ccccb221920f30b44ca2271e01b8feba,econ,15-50K,S1,YES,0.003,50.0,1.0,0,-51.0
0x702f052432c2c5c3a61df0718b2305bbb9911a80951ed2b1236e7bdbc3a66df8,econ,15-50K,S1,YES,0.0275,50.0,1.0,0,-51.0
0xb8a9a44a11b90fa26e85980d0450e6738796d71ea11bdd637d920fbdf36c9ac8,econ,15-50K,S1,YES,0.0105,50.0,1.0,0,-51.0
0xca53818ca8f5bf5608946c8088f29f90af637a16d5ab942705456a569417cf63,econ,15-50K,S1,YES,0.003,50.0,1.0,0,-51.0
0xeb10b26f9db5fbf96619b4ad976a5414a7e546b0751f446b86a4bd2913012a31,econ,15-50K,S1,YES,0.0605,50.0,1.0,0,-51.0
0x18681728143d15d1cbec94938b16bec0794d602272563a940f73f32abaf5f6a8,econ,15-50K,S1,YES,0.0015,50.0,1.0,0,-51.0
0x8737ab95038183cf356b7bdb4cab57766fc22a4b1461b3058d3171619b882b49,econ,15-50K,S1,YES,0.095,50.0,1.0,0,-51.0
0x7f95c14386e9f8c1cad42e4db45975d1aea5ed9f735c6473d6985052e2163299,econ,15-50K,S1,YES,0.0675,50.0,1.0,0,-51.0
0xb9aec21eff11ee215d0b38da0d6c01ff3763281a5a489de8b86f23ccd1ef51ad,econ,15-50K,S1,YES,0.022,50.0,1.0,0,-51.0
0xb1a6cfa61481584450e8339a017bd3e88e59a75f7164159b8a782ab68b8d667d,econ,15-50K,S1,YES,0.075,50.0,1.0,0,-51.0
0xeca9fc93421fb4f1a9960d9922699a2578a53be90915d83320c18f2964edd53f,econ,15-50K,S1,NO,0.94,50.0,1.0,1,-51.0
0xa28be4d45867524f167bdc51a9541f6d3e46b594c3d30cd60f0249efae981f70,econ,15-50K,S1,YES,0.114,50.0,1.0,1,387.59649122807014
0x1de351e4619a1e0985f083c12b4784b75835ca2b9ba8a0b9b555f47781ac4b49,econ,15-50K,S1,NO,0.9695,50.0,1.0,1,-51.0
0xb83cf6cdfe9973219d19fb70f863ec9b713a313609db51839eeb34f7acf275ad,econ,15-50K,S1,YES,0.031,50.0,1.0,0,-51.0
0x892231e7fd3ac31a3b321002f909e011180b709af074808908d27a2a32a7b546,econ,15-50K,S1,YES,0.0745,50.0,1.0,0,-51.0
0x0869550ef6746b425b26275c2d48a36c590edfd148bfef0aa51b81a3f6aa8d9b,econ,15-50K,S1,YES,0.0725,50.0,1.0,0,-51.0
0x3e72ba2feda59a28dfb1e6c073f8eb932e76f04ba779a496e14a08186b1b8476,econ,15-50K,S1,NO,0.9935,50.0,1.0,1,-51.0
0xead983374d2e8f00ad88f95ad131a0ba02f43639c96de8033be16fedd415f6e8,econ,15-50K,S1,YES,0.004,50.0,1.0,0,-51.0
0x102f8620b79070cbba88d12f1da0eb00644b486e8f27e1625667afc7b4b5eb91,econ,15-50K,S1,NO,0.9945,50.0,1.0,1,-51.0
0xcbe094e12996b0f261ccc5a6a5e8604b19d93c6e5aa71c2989fc09e60aecf677,econ,15-50K,S1,YES,0.065,50.0,1.0,0,-51.0
0xbbba7ededa28c134c1e625737b25f780db31029cd8c4085f626552fe4f3b1004,econ,15-50K,S1,YES,0.0035,50.0,1.0,0,-51.0
0x996b4d7e0f411da4daa539a27340d87d5572947f31f328afa8f6f43f514ea50d,econ,15-50K,S1,YES,0.0015,50.0,1.0,0,-51.0
0x8893b841de04d0a5dbdfb7da02ec0bf53a942af2219abb6972c3f7c067e149d8,econ,15-50K,S1,YES,0.04,50.0,1.0,0,-51.0
0x84d3de62df3a111db5c31df2f848b43ac28fddcef9c67b1352b75a3e58955c9a,econ,15-50K,S1,NO,0.96,50.0,1.0,1,-51.0
0x9158d0469ceaa815d5e17c85b6d9023e041de5a1b9a1af8e7983d00a465da70b,econ,15-50K,S1,YES,0.0055,50.0,1.0,0,-51.0
0x87f69e732ec786ddf90df72bad9184af94769a12fb617ba076552445528ce7e9,econ,15-50K,S1,YES,0.005,50.0,1.0,0,-51.0
0x26d96476fcf9c42c55b536c6fd6bdd4f1c013c08db1d45b2d4c854ab8d81a361,econ,15-50K,S1,YES,0.004,50.0,1.0,0,-51.0
0xe0a855b2c17a33160b3f0001ddf01ace30291245cea7b44bf10ae6101d0d3267,econ,15-50K,S1,YES,0.002,50.0,1.0,0,-51.0
0x3e327737d25292c8c9caf9da055ea81df11dc49ea3e8b9f03d11cd08b649fdbb,econ,15-50K,S1,YES,0.003,50.0,1.0,0,-51.0
0xde4e35d9c11c61db828bcdb303ce1d431a0aaca2bb8ab5c7719e59d86ca76462,econ,15-50K,S1,YES,0.085,50.0,1.0,0,-51.0
0xbb98b0e7834c2020fc432672c6d099a5932290313b2863ba7a9986ead8f19ab2,econ,15-50K,S1,YES,0.0155,50.0,1.0,0,-51.0
0x08d311d26facc59bac411f5735e6b4946be56b1c5e7c363c9f9580dbf418b4a7,econ,15-50K,S1,YES,0.0295,50.0,1.0,0,-51.0
0x11401c4fb817bc9e8a0952ef261b34a9d7319b97cb9041066295d9ab6b071e70,econ,15-50K,S1,YES,0.0255,50.0,1.0,0,-51.0
0x145d790b67aa0a0ac392cce70bdbf3afd1723f25a0e051df9cae8ee2e40728a6,econ,15-50K,S1,YES,0.0035,50.0,1.0,0,-51.0
0x4936be5521f30f504ad0a3f6c4c7783beee31bd8317d6cd02fac775a4fc626d8,econ,15-50K,S1,YES,0.0135,50.0,1.0,0,-51.0
0x1af7d94c2646ecb3ee0bd7292e39ff6e15ff55ab70299cd342121d3466d54d33,econ,15-50K,S1,YES,0.0775,50.0,1.0,0,-51.0
0x064265e993baaea663fd83b2921b406283faa0b57b52a3e7ab1fc0ee3b26cc13,econ,15-50K,S1,YES,0.009,50.0,1.0,0,-51.0
0x77bf7ae02481cebd9e0340645fa40465d7192807c0f1ccb17a1e3efad492828e,econ,15-50K,S1,NO,0.91,50.0,1.0,1,-51.0
0xeeb92af2a7e3057441e4f929457e3f92988815fb278eebbcc420a894af479653,econ,15-50K,S1,YES,0.0125,50.0,1.0,0,-51.0
0xfdc445e8077a4e7ae95756faf3c2269b02f6002a149ab34dd5f075660fc2baad,econ,15-50K,S1,YES,0.007,50.0,1.0,0,-51.0
0x44cf076e74c7b84a3ecc3e6fcb9571e531521df968ee0b43756f44477e666536,econ,15-50K,S1,YES,0.12,50.0,1.0,1,365.6666666666667
0x53c09feb2c26715c8c9ef0b5117b908f513c70389609e7242465fa2a7a245014,econ,15-50K,S1,YES,0.051,50.0,1.0,0,-51.0
0xd69096a00b096cf0d633c2ddd189073b09c276a5f0a57dbc4fdd7f20da0c09ab,econ,15-50K,S1,YES,0.028,50.0,1.0,0,-51.0
0x9e691148146677a7a028b2423a41ccee8e1a37dd9e8b76437a68e316b4436351,econ,15-50K,S1,YES,0.047,50.0,1.0,0,-51.0
0x2a5325f0e0c785aa0a33583ff2c388cb3e831a80ffd6d6bc53d701c4f647d47e,econ,15-50K,S1,NO,0.971,50.0,1.0,1,-51.0
0x71ba46d04f4d83b9f9cb7331c90a1656eea35e9f257dafee37caa91cde0b9e45,econ,15-50K,S1,YES,0.0045,50.0,1.0,0,-51.0
0x3f92e4242dc900e25f2a3412bd36191fb64dd926f45a58bbc95aaa5dff2e5b65,econ,15-50K,S1,YES,0.006,50.0,1.0,0,-51.0
0xa5f4d3793249f25ba4e10ef8f871d8c48b18ebd5cd5dd80babc77de21a84610e,econ,15-50K,S1,YES,0.0305,50.0,1.0,0,-51.0
0x40b6c181832f53463b25e00043b65455e6c15b33a8c8285bf164101e92efac22,econ,15-50K,S1,YES,0.007,50.0,1.0,0,-51.0
0xf4d6d6d62b6e8e335c65911d02814fb5bc24b8c2a448d8263cd31809aa2d5eba,econ,15-50K,S1,YES,0.07,50.0,1.0,0,-51.0
0x7bef7c8b853e8fcc3e8f211243e71fb6212b6026abaf573506b9c6e2bc571582,econ,15-50K,S1,YES,0.011,50.0,1.0,1,4494.454545454546
0x7156cdeeba0f0219e4e1d1f150eae828f98a6bef60ca786330ce5ab254288aba,econ,15-50K,S1,YES,0.045,50.0,1.0,0,-51.0
0x918a4bdc19b7c88f38588ee596bf6085e15c2b9ad527c02370ced75e5adde1eb,econ,15-50K,S1,YES,0.0635,50.0,1.0,0,-51.0
0x2c590f4d3dba7d8cc350cdd5a15a4997ad96347d3bc69e6bcff39e08c3fd8134,econ,15-50K,S1,YES,0.0025,50.0,1.0,0,-51.0
0xcc7268859768e6b3c8a5e4961a81d1423e8ec621c1efa8bde1195c8b567b5e26,econ,15-50K,S1,YES,0.0075,50.0,1.0,0,-51.0
0x1dbb01766f4e32919b3659e5066ad2b61a1e545e4d9403496cb22988baa30168,econ,15-50K,S1,YES,0.025,50.0,1.0,0,-51.0
0x89ff7fd3cfe024900e97d8d9b42f6abe985bbd6e759ba9e68758c8fe8571be66,econ,15-50K,S1,YES,0.065,50.0,1.0,0,-51.0
0x626fb867915702e9d3decd3e0d263546195b5b78fdf86de49412420d4dde2c09,econ,15-50K,S1,YES,0.0005,50.0,1.0,0,-51.0
0x699093850ff73cf30baa4c571272900c3162932f9745400256a6455d6b2d0789,econ,15-50K,S1,YES,0.0355,50.0,1.0,0,-51.0
0x05fc999a78a3a9bec241be1451810216bc912bcbf24d4fc586f8c482b372ba52,econ,15-50K,S1,YES,0.05,50.0,1.0,1,949.0
0xcdcdf162ddb5c2b8d20de8126176b0ff1e0f0e1a5af8bc94210664ab222f7c0f,econ,15-50K,S1,NO,0.9935,50.0,1.0,1,-51.0
0xa4445072db8e3d2a0511ec2efda330560747ded4db4855b6ab13b2e94a6b4bc0,econ,15-50K,S1,YES,0.0365,50.0,1.0,0,-51.0
0x0b405dfa1d9ea2a8f0e97b1052ef2b0000f67bddff0242ff4ec406c6e3df5cfa,econ,15-50K,S1,YES,0.0095,50.0,1.0,0,-51.0
0x5547cd34b9d57dba0ed3d170b04dfe5dca0bc94b745554e953736309eda77b1b,econ,15-50K,S1,YES,0.0145,50.0,1.0,0,-51.0
0x3e7559e591b2e26807d62516c35d2065576ffb23a94d57db0bdce887767249d6,econ,15-50K,S1,YES,0.1415,50.0,1.0,0,-51.0
0x0a3aa4a9cbb8d8cdbc7232f3892765992a74392d1080cf4d11a6256a66d67f11,econ,15-50K,S1,NO,0.9365,50.0,1.0,1,-51.0
0xe566a096b545e9e1ac3f2c96e3fe5b03153ec4c1e0803cada1890d78fafd01f0,econ,15-50K,S1,YES,0.004,50.0,1.0,0,-51.0
0x3606a99e50c94b7aaf3d3ea3f5d9ef92f5a88c484ef966f83d66711aa62abed2,econ,15-50K,S1,NO,0.9925,50.0,1.0,1,-51.0
0xd2a649593be744abdf506e46d7e482770f2071a5560f2e0c4639bdf2d6798718,econ,15-50K,S1,NO,0.91,50.0,1.0,0,504.55555555555577
0x33f0548c7ca4f5cef643b49597823bd77831e25305e3ad36248e68448b6c4755,econ,15-50K,S1,YES,0.0125,50.0,1.0,0,-51.0
0x2c7cc7e67a102368f9424bff4110b21d40cd912dacc2ee6faaa1df3806ad8534,econ,15-50K,S1,YES,0.0015,50.0,1.0,0,-51.0
0x2ed04f1752e07f0bc7eb940d869779080f51f989ff81e812a951401f525298a1,econ,15-50K,S1,NO,0.895,50.0,1.0,1,-51.0
0x15b28500fbbbe23185f4e343fe7ff39921a0e56334472a6c6bc1ddf7c3e2d6da,econ,15-50K,S1,YES,0.086,50.0,1.0,0,-51.0
0xef9770b14a65cfec94b31ae8de283449770cc6fa223a96847a2d06f244448eed,econ,15-50K,S1,NO,0.987,50.0,1.0,1,-51.0
0x590d0bf35aa2fd267a3c2f83e0ea896bb0aa906e1a83ff812a2fab4f68541e17,econ,15-50K,S2,NO,0.9805,50.0,1.0,1,-51.0
0x14703a80cc0238cd7264712e27fb3470b5be4f69fba7974eaf8675788f427604,econ,15-50K,S2,YES,0.22,50.0,1.0,0,-51.0
0xf281672b936cd0302b59fed987a5a5ddf5d85fc38a0d5e534578c85dee01a2b4,econ,15-50K,S2,YES,0.0215,50.0,1.0,0,-51.0
0x5d361339f82525f081a40a01bcae8fbf4a77ad5baecbb3dfbac52eb8f0fc323c,econ,15-50K,S2,YES,0.47,50.0,1.0,0,-51.0
0x049332e811622215eb02c4d94b0c439d250be5e8cee339759f679fdf9df9e667,econ,15-50K,S2,NO,0.26,50.0,1.0,0,16.567567567567565
0xaa7acb52daf553401736c1824cd4e0afe91c1371550cfe8df1f4a31b82e6f8fc,econ,15-50K,S2,NO,0.74,50.0,1.0,0,141.3076923076923
0x232fc88bfc788582aa4aa1b21e5e6f73bef96bb1d6135036c303fc01a47362b0,econ,15-50K,S2,NO,0.525,50.0,1.0,0,54.26315789473685
0x06afed9c57ef74878e257f1f07d4763e9fd29fcc23861c07d56d717b5348bee9,econ,15-50K,S2,YES,0.355,50.0,1.0,1,89.84507042253523
0x42977e2ad1d97d41ae6ded51217986bd044034708c79f8ae0860ff21bcdd2131,econ,15-50K,S2,NO,0.1605,50.0,1.0,1,-51.0
0x03c4ee7b09259babccfee2c337214d5f273d69c35849698e307af5240c9a1d67,econ,15-50K,S2,YES,0.065,50.0,1.0,0,-51.0
0x5afab7decd9695406d6860bcfd6b9fdf2035f1a05c09b7a0aa683b712fca3592,econ,15-50K,S2,YES,0.08,50.0,1.0,0,-51.0
0x09ada0789856ad4a95f5de8a25a1a3391822c90f3f7a88a6fd4404f2b6d58838,econ,15-50K,S2,NO,0.36,50.0,1.0,1,-51.0
0x9f32748075108b4cb57fdc3bd2d41ab8a627045abdde049948cb4933f2345932,econ,15-50K,S2,YES,0.115,50.0,1.0,0,-51.0
0xc7b4b14b0fcf33fa84d562370d0259435319f3c25f54d8e87c1b2841fcf1d4e3,econ,15-50K,S2,NO,0.315,50.0,1.0,0,21.992700729926995
0xd7e2b4393e08fcf2012fc6e114eaf4d755dbaab0e4b4dc2d74eb5ed38e337e24,econ,15-50K,S2,NO,0.335,50.0,1.0,0,24.187969924812023
0x272e4714ca468e123349f2aceb8d5a683c187660a1b7a1ae28fbfd2ccd4ac2a0,econ,15-50K,S2,YES,0.21,50.0,1.0,0,-51.0
0x3433124fd2c75b55bd861bf3e5063acfd2a344f07bc4ea28a90c6737ad45a7d8,econ,15-50K,S2,NO,0.36,50.0,1.0,0,27.125
0xea7ce1d4fb29112d3d70b32fc879cd57a95d1b3b17e03304168fe4f8400bf9a5,econ,15-50K,S2,NO,0.365,50.0,1.0,1,-51.0
0xe84fe1887a4b01ad9bd837a4a35d7ea540110af706f5c4010192ab9ddde144ec,econ,15-50K,S2,YES,0.0595,50.0,1.0,0,-51.0
0xe6cfb17a41d1da25fd81bc59b50fa7d5fbdf9584e2122c2649f77703e47dad32,econ,15-50K,S2,YES,0.095,50.0,1.0,0,-51.0
0x8b7599d1bd4ffef11746907dbfe956a277c101489da806be25812efe22d1c359,econ,15-50K,S2,NO,0.645,50.0,1.0,0,89.84507042253523
0xb328c169da72c91272a6e06a1b0147ce7aede12fed61a8dc2f1f074d6f7b817f,econ,15-50K,S2,YES,0.008,50.0,1.0,0,-51.0
0x4d8edc69effeb94b58cc05c620535c3df29dcc39b4c4d42b7d616052906071ef,econ,15-50K,S2,NO,0.21,50.0,1.0,0,12.291139240506325
0xd248bad295e44ae1c071f2b6b7d54d91a00059f9a8958ed89a8aada7bfe47e5e,econ,15-50K,S2,YES,0.465,50.0,1.0,1,56.5268817204301
0x55acdedfd5357dbe9d89cd97fb769ccf931fa8fcd9e0862fda27d996598f41db,econ,15-50K,S2,NO,0.455,50.0,1.0,0,40.74311926605506
0x411b82f88e818ffdea04c8803bd763eecf6e33c4ee50f3ecb5da774b1a66a6fc,econ,15-50K,S2,YES,0.25,50.0,1.0,0,-51.0
0xfcc93daea47eff5c0453c5982a2ea2c4fd1bd19f788aaae7dc02a433dcf1061b,econ,15-50K,S2,YES,0.0265,50.0,1.0,1,1835.7924528301887
0x702f052432c2c5c3a61df0718b2305bbb9911a80951ed2b1236e7bdbc3a66df8,econ,15-50K,S2,YES,0.0275,50.0,1.0,0,-51.0
0xeca9fc93421fb4f1a9960d9922699a2578a53be90915d83320c18f2964edd53f,econ,15-50K,S2,NO,0.94,50.0,1.0,1,-51.0
0xf153fe9e1fba2a7502f6e7269594a02413068fcaaddb17c77fa81972345f008e,econ,15-50K,S2,NO,0.445,50.0,1.0,0,39.0900900900901
0xff8bf331f7ddbdd2e92e27dcd273612ec45fefde3cf70039c4f043eaec0000c6,econ,15-50K,S2,YES,0.265,50.0,1.0,0,-51.0
0x6046b8a6cce41ccf2297c0ab511ec3c8ed9cc6ebb5a53e8d0eb887cfb59238ca,econ,15-50K,S2,NO,0.45,50.0,1.0,1,-51.0
0x478c351b2860724ee063c057223310e11a366db139dc59d1984f470f16a6655c,econ,15-50K,S2,NO,0.73,50.0,1.0,1,-51.0
0xde4e35d9c11c61db828bcdb303ce1d431a0aaca2bb8ab5c7719e59d86ca76462,econ,15-50K,S2,YES,0.085,50.0,1.0,0,-51.0
0xd7c9597f58ed289e3f02d1e769a1cd92d3b0a8500da0ff0a0a8ab3ad3d809b6c,econ,15-50K,S2,NO,0.715,50.0,1.0,0,124.43859649122805
0x89ff7fd3cfe024900e97d8d9b42f6abe985bbd6e759ba9e68758c8fe8571be66,econ,15-50K,S2,YES,0.065,50.0,1.0,0,-51.0
0x5547cd34b9d57dba0ed3d170b04dfe5dca0bc94b745554e953736309eda77b1b,econ,15-50K,S2,YES,0.0145,50.0,1.0,0,-51.0
0xc8fb7b7c34d49fbaee1e96130e4557817636f9ad9a5d37fb0347b203f7c0f1f3,econ,15-50K,S2,NO,0.285,50.0,1.0,1,-51.0
0x8cc1eabe78fd1bb60fc7b324f25b67351145be8b6413595592afdde15aa6ae35,econ,15-50K,S3,YES,0.12,50.0,1.0,0,-51.0
0xb0ced8080b1831d2eecf7bc4c175275a1c7c4c5a415d77c7b9613e4b76564401,econ,15-50K,S3,YES,0.425,50.0,1.0,0,-51.0
0x33ad8fe940ad79febf41181020a5bbfee9ffb632b28f6412035798fb4fe00198,econ,15-50K,S3,YES,0.1,50.0,1.0,0,-51.0
0x372ffc7134e149b8c5a29d93130937cb1eb1e2cb0b64cdd9134879f5c4f8a00f,econ,15-50K,S3,YES,0.335,50.0,1.0,0,-51.0
0x8157f1b7ceb1ac9e097e75c3e7762df35da8df0ab137bf1480dca2d34eb91f5d,econ,15-50K,S3,YES,0.29,50.0,1.0,1,121.41379310344828
0x98bc1dae77ad789ec2d638cce495a6f03c4028ec372eba7f7c2fa8e17f63e06c,econ,15-50K,S3,YES,0.145,50.0,1.0,0,-51.0
0x079f8ffaccc9b130ffa269e742a3372f1a54a9ebb0b6bda15e3bf1ffd128e9b4,econ,15-50K,S3,YES,0.285,50.0,1.0,0,-51.0
0x9d0b955b6d38b95238f1b87686cb8f07239b3a05ec7b598bc60cfaa99008304f,econ,15-50K,S3,YES,0.28,50.0,1.0,0,-51.0
0xb49048083ea92ebf7a9a798f553ccde94ca107acd996dc5dfabc6cc9921055e9,econ,15-50K,S3,YES,0.1,50.0,1.0,0,-51.0
0x0c94288b8c9d90c9bb9ed41b3ec52246287c6a69bdb4ea203b9136b4a5179461,econ,15-50K,S3,YES,0.27,50.0,1.0,0,-51.0
0xbe8b5c75249636c14845d11b4640079ca31b5465dacbe505a41b36252f5de6c0,econ,15-50K,S3,YES,0.155,50.0,1.0,0,-51.0
0x2ff1c4f265478edffbfcd0232c707a49f6b094b28d4ebdafd476300fabb79fee,econ,15-50K,S3,NO,0.755,50.0,1.0,1,-51.0
0x026bd42df2b17550ad5edceb43f95553b254deb94571905c5338cb3dc5a801ab,econ,15-50K,S3,YES,0.09,50.0,1.0,0,-51.0
0xc4c852b4a02e839890e9d1457f76711b4d4c886a7b77606de1454193be7dbbd9,econ,15-50K,S3,YES,0.215,50.0,1.0,0,-51.0
0xd7087a4ab662ed74b72e4f127ef1caa820b7ed8a795461265bb9f88fe23b1286,econ,15-50K,S3,NO,0.705,50.0,1.0,1,-51.0
0x9f0873afae4e7331de04c4580da82c7cade4ff77ff7d738e4183775d26866fa1,econ,15-50K,S3,YES,0.205,50.0,1.0,0,-51.0
0x5363ffdc02613b09ef90f685596bbfd0212eeaa88ad635a89daf76452982033f,econ,15-50K,S3,NO,0.555,50.0,1.0,0,61.35955056179776
0x801d19d4465f6458cf290614666fb1952d4038b7ca64d4211ac897b9ec74325b,econ,15-50K,S3,YES,0.245,50.0,1.0,1,153.08163265306123
0x178f1d5cf15a62bf08831f577139e112ee460e24b2bbbfd29db4dfc82da37987,econ,15-50K,S3,YES,0.183,50.0,1.0,0,-51.0
0xccf4f0f408609486b3611a5089769c8bc6aedb25f65e13a030f8fe8598791d81,econ,15-50K,S3,YES,0.059,50.0,1.0,0,-51.0
0xaa7acb52daf553401736c1824cd4e0afe91c1371550cfe8df1f4a31b82e6f8fc,econ,15-50K,S3,NO,0.74,50.0,1.0,0,141.3076923076923
0x067d92ae747363cd58f696351d9351e9bc39bc1dffb677b15a492f595f17009c,econ,15-50K,S3,YES,0.125,50.0,1.0,0,-51.0
0x51da58a7c5c5228e6bf1c45546b08568daef4432e5ef40ae02beff17c5ce0b6f,econ,15-50K,S3,YES,0.065,50.0,1.0,0,-51.0
0xb48f2174cf28a7804665193a11cfa9a3dcfdf8f98b19740cc71ad0f764816a3e,econ,15-50K,S3,NO,0.745,50.0,1.0,0,145.078431372549
0xdef2cf7db175d6f50fc13ce60eb122e1fae725a2af50d1392361eca4a064364a,econ,15-50K,S3,NO,0.9275,50.0,1.0,1,-51.0
0x258b33c98865de3844d46b2b1a2b3c860c786de7bc12dfd075eef598e252107a,econ,15-50K,S3,YES,0.14,50.0,1.0,0,-51.0
0xe305b4771da0a84fd4c77255be5ae13c8ad6f6b67db1d13702f9e79573dfa9bd,econ,15-50K,S3,NO,0.7,50.0,1.0,1,-51.0
0x46f29f673be113a10374d820d139c98a0d74ad2203b278c38a7930d7e4b92b63,econ,15-50K,S3,YES,0.165,50.0,1.0,0,-51.0
0xe076775db611f7251355b36a64512233c8c756ce3a22ef8cc2ecda4be6fa4c8f,econ,15-50K,S3,YES,0.3,50.0,1.0,0,-51.0
0x172e6abc5df10035a6416080d6d5a5c87c07d0ec299d1d82756aa71b59407f22,econ,15-50K,S3,YES,0.485,50.0,1.0,0,-51.0
0x530a6b3ebaf485f7f68755df3ab651ebf134c52fecce813817055de90cd36b2f,econ,15-50K,S3,YES,0.255,50.0,1.0,0,-51.0
0xcb0363c6ec93a6ad7fc057e4136cb69eca9467bb9ab1d0936a8cfd2b468f0d68,econ,15-50K,S3,NO,0.76,50.0,1.0,1,-51.0
0x09ea24d2182a33f947e7b64fc5d46d8e3556d9630094bdda13457c8931b3ae39,econ,15-50K,S3,NO,0.655,50.0,1.0,0,93.92753623188406
0x2278c1bb85cc3032e65dabffd22c7ce4759bbff8dadf40a0849856a796cec349,econ,15-50K,S3,YES,0.16,50.0,1.0,0,-51.0
0xc8c341e9089643a1d87c71555547d1dae6c49e9c262c3cdcfc8323fb658407f4,econ,15-50K,S3,YES,0.066,50.0,1.0,0,-51.0
0xa47d5522a14e98422b06053bc153cbb731321e286c12a5a8f75036f6c302e167,econ,15-50K,S3,YES,0.069,50.0,1.0,0,-51.0
0x838c378940ecb667132d4aefe81255d07e03fac0db18e98ce0e7e4ffe6789f1d,econ,15-50K,S3,NO,0.715,50.0,1.0,1,-51.0
0xb4d9245c327911885cf094e8b4947aac513764e1775c540ad41803a0d1c05f80,econ,15-50K,S3,YES,0.47,50.0,1.0,0,-51.0
0xbac49f234f6b0541c7ba0cd2c142ed93838f301c97f86619c81b19921e72d934,econ,15-50K,S3,YES,0.13,50.0,1.0,0,-51.0
0xffc0d1a35b14e0c2d56b1f6f645a5c11710973aa7f05dde6a807e6000119986e,econ,15-50K,S3,YES,0.195,50.0,1.0,0,-51.0
0x43cffdf83dd954fe1f2b22ebf006d21ec6b19e65e65df6c3a285192c161a5bdb,econ,15-50K,S3,NO,0.87,50.0,1.0,1,-51.0
0x86e6ad07e0b73b82918f540051b2c75ef2c8c34b11c0931fa0a179c2ff965e08,econ,15-50K,S3,YES,0.125,50.0,1.0,0,-51.0
0x4a130f5c2b11ac521629eddb693713c194bc021b0002a899223377bfb5b455a1,econ,15-50K,S3,YES,0.125,50.0,1.0,0,-51.0
0xab3d2a9a8d24ea406bed387cbaa3579b36d34a95977ef50ca18ee3df1f4862a3,econ,15-50K,S3,NO,0.655,50.0,1.0,1,-51.0
0xd8347fdfd47e2298171cf432bcfb491a711a16e0ff8da245a89f34871836941d,econ,15-50K,S3,YES,0.18,50.0,1.0,1,226.77777777777777
0x607bc2c95c0ecdc22c7c4fbcaaf78506ee627eb61d3112bb31ce908bd1315745,econ,15-50K,S3,YES,0.07,50.0,1.0,0,-51.0
0x719150d07714e4fa319a6475d0a2c495655c5427193c280096c0a5509994688e,econ,15-50K,S3,YES,0.26,50.0,1.0,0,-51.0
0xb2bb74c974fec3403715a55cfcfd1954116ae7522c9054c42077d081917b6ff8,econ,15-50K,S3,NO,0.61,50.0,1.0,1,-51.0
0x2003198a00af3d1b44ad8b72bef3ef7c3e5fedb61fbb7fa5d2cdefc42d8d0827,econ,15-50K,S3,NO,0.625,50.0,1.0,0,82.33333333333334
0x966f570a3f806f9a6ab05e9bc935fe6fefa72992719d0bce7a2a603e4ef41bac,econ,15-50K,S3,YES,0.085,50.0,1.0,0,-51.0
0xf16b0d658c5e54cbac5f61005281fe43a5f944ab4527c7bd6c36b7bf88d5fd79,econ,15-50K,S3,YES,0.19,50.0,1.0,0,-51.0
0xe52215f8df326726c52d903926e4939e7ee7e23a2f68b9c814c2fb084c824615,econ,15-50K,S3,YES,0.28,50.0,1.0,0,-51.0
0x810e274c97ea8bb73d9425c7dcab082a30fee7914c95161fa4b47a22e87e530c,econ,15-50K,S3,YES,0.265,50.0,1.0,0,-51.0
0xac47f58c98596b70b4dcba88834a490880f5531afa2e3cd860bb25c09d704262,econ,15-50K,S3,YES,0.1,50.0,1.0,0,-51.0
0x834b4e86a77d203192fea6a30dc443cd04fa72c47cdb505932d68e1d66f695e5,econ,15-50K,S3,NO,0.86,50.0,1.0,1,-51.0
0x02718a795b691556acfe65956b9864b796012b42b89e422ca0694592b02699fc,econ,15-50K,S3,YES,0.115,50.0,1.0,0,-51.0
0xf9b5fac241bbad0c4c9ba0a5633b0179d447f48ea53caeec5c3e64c015db12c0,econ,15-50K,S3,NO,0.785,50.0,1.0,1,-51.0
0x859605e81770503edf082680ef18250af79ba84c8cf8cbf73b738c534c2729c1,econ,15-50K,S3,YES,0.24,50.0,1.0,0,-51.0
0xc5d3945f9e6149e1ac3ba25fa2c6c1141a0d741395e3b82efdf23890fcb71f05,econ,15-50K,S3,NO,0.8,50.0,1.0,1,-51.0
0x42d4f176cac3179a7dd800b90e8f413aabffb5d19eac981f49e70cfb99a53dad,econ,15-50K,S3,YES,0.3,50.0,1.0,0,-51.0
0x9cacc164f8e79d815cc6714b0e5a04055f3bd5f6d05dc25f4265e7ffaa08dadc,econ,15-50K,S3,YES,0.465,50.0,1.0,0,-51.0
0x7c23eb43f7aeca2ed64186ea1b8269d61ab53c564911b91b2808b51d85d5db8b,econ,15-50K,S3,YES,0.0895,50.0,1.0,0,-51.0
0x594e0652b1074e64ff56a3dbf74ea901eee3f6bfe6fb8f5c22f10e91a2c7e63f,econ,15-50K,S3,YES,0.0805,50.0,1.0,0,-51.0
0xdd1d1a416ac842eff9ff8e25825c5931213ad566529680af12ef46b15677ee66,econ,15-50K,S3,YES,0.455,50.0,1.0,1,58.89010989010988
0x7f95c14386e9f8c1cad42e4db45975d1aea5ed9f735c6473d6985052e2163299,econ,15-50K,S3,YES,0.0675,50.0,1.0,0,-51.0
0x0869550ef6746b425b26275c2d48a36c590edfd148bfef0aa51b81a3f6aa8d9b,econ,15-50K,S3,YES,0.0725,50.0,1.0,0,-51.0
0xc56e6a927720e7735a9df64ad857a8c44ed6fcac532a1dc179f681c68f8876bb,econ,15-50K,S3,YES,0.215,50.0,1.0,0,-51.0
0x1af7d94c2646ecb3ee0bd7292e39ff6e15ff55ab70299cd342121d3466d54d33,econ,15-50K,S3,YES,0.0775,50.0,1.0,0,-51.0
0x7cacfdebabd1975d08c7873490f1b3499c76ad7eab68d76175af238d9afc4098,econ,15-50K,S3,YES,0.1505,50.0,1.0,0,-51.0
0x53c09feb2c26715c8c9ef0b5117b908f513c70389609e7242465fa2a7a245014,econ,15-50K,S3,YES,0.051,50.0,1.0,0,-51.0
0x8e373adcc5165260dea3db0efd8e193c62821a7c2484fd722e0d80cc5e2304d9,econ,15-50K,S3,YES,0.17,50.0,1.0,0,-51.0
0x1d8d0ed997c870e00a7b13e39ff94fea8b3e80b6f728c33f936da4341270bd4b,econ,15-50K,S3,NO,0.755,50.0,1.0,0,153.08163265306123
0x1aa65ba84dd3db9adaeb7566eb434317b22cdcf391fa7105a64fad71f332d59d,econ,15-50K,S3,YES,0.295,50.0,1.0,0,-51.0
0x97cd691b804fac9b04a67ba9b3c0f813b49b330059f8d2a9c0415da8ceb12e41,econ,15-50K,S3,YES,0.157,50.0,1.0,0,-51.0
0xd2a649593be744abdf506e46d7e482770f2071a5560f2e0c4639bdf2d6798718,econ,15-50K,S3,NO,0.91,50.0,1.0,0,504.55555555555577
0x282d7c37138b26a62caf7a8f06b6b58b1557256ac79920edf5fa8908fde554bc,econ,15-50K,S3,NO,0.8295,50.0,1.0,1,-51.0
0xa3658667051a8fe1bcf30b0a202d2b1167afcfe61872e65b6aa300d7b6a5e7b1,econ,15-50K,S4,NO,0.0245,50.0,1.0,0,0.2557662737057882
0x2e28c5bb005502bde4d12029c2cc12537d70d8a2411dda2ad202544abf048574,econ,15-50K,S4,NO,0.1,50.0,1.0,0,4.555555555555557
0x246847d434dc502a05f64eb0b7c828cc2ed4dcb28e62383b9f288f66aab6b06c,econ,15-50K,S4,NO,0.055,50.0,1.0,0,1.9100529100529116
0x255f45b5cdd0a0f9b00437e0a18d16f438bc7f06bbeef811f938da53389919b0,econ,15-50K,S4,NO,0.0255,50.0,1.0,0,0.308363263211902
0x700daa10d5e12c4ec24ef568142df24d3dcac2b6c7fa586645678382371339a3,econ,15-50K,S4,NO,0.125,50.0,1.0,0,6.142857142857146
0x955b31a6633694306e587de21cac3c65512ef59dcc739d4c768a53013b1cacad,econ,15-50K,S4,NO,0.042,50.0,1.0,0,1.1920668058455135
0xc66c2d3ea1cc5ae2a4c3b96d6a92d6bac5d4fb764695c9dcff21aedffa8f11b2,econ,15-50K,S4,NO,0.12,50.0,1.0,0,5.81818181818182
0x446b1f871be2d610eb0a4918dde2704690d0492a9f2e22947df22ce7ed6d500b,econ,15-50K,S4,NO,0.01,50.0,1.0,0,-0.4949494949494948
0xa3d97508b8be70356d6147a84b21136efadbea8cbc7a2fe28cc54a0c3c6bc685,econ,15-50K,S4,NO,0.0015,50.0,1.0,0,-0.9248873309964978
0xdead74c5858ef54748278ccaa3825a20dc28192e9826a15eff75b4fddb0abcaa,econ,15-50K,S4,NO,0.008,50.0,1.0,0,-0.5967741935483843
0x9d3651c011cb5e0e291f6a7007b7a05d9cf60b614148edba3179612ff57f66ee,econ,15-50K,S4,NO,0.0085,50.0,1.0,0,-0.571356530509334
0x85476fb0bd28cf44596b6f46c9e6828134192d394135fae71221475040a8b8a1,econ,15-50K,S4,NO,0.0175,50.0,1.0,0,-0.1094147582697218
0x6cf1fbf4e8910f5ad13374ca0eaeeb4538a6dd646a290430fe2714a314db51b5,econ,15-50K,S4,NO,0.0025,50.0,1.0,0,-0.8746867167919845
0xb328c169da72c91272a6e06a1b0147ce7aede12fed61a8dc2f1f074d6f7b817f,econ,15-50K,S4,NO,0.008,50.0,1.0,0,-0.5967741935483843
0xb7d0edbcbd57d3c68b8003054dca3b002e437e4a28e05886b4baa9bf818a4698,econ,15-50K,S4,NO,0.0105,50.0,1.0,0,-0.4694290045477558
0xa99935484aab4847ad2265a8e557cfbaa483ef9c38a12554cbf5b4f49eb7306f,econ,15-50K,S4,NO,0.009,50.0,1.0,0,-0.545913218970739
0xf766cd8d4336b4a06b7fddb60574058e2f8631a2ef95d0598632e46a505e5788,econ,15-50K,S4,NO,0.105,50.0,1.0,0,4.865921787709496
0xd3d57dad2f65b0cc1d147c3c90fb795ccfaa06bc203fc880c13c3a50055d1693,econ,15-50K,S4,NO,0.0115,50.0,1.0,0,-0.4183105715730946
0x210a8b0affb3411b914cf0b179ca8ab3898b69e9d8521d07fda5670b66e52138,econ,15-50K,S4,NO,0.013,50.0,1.0,0,-0.341438703140831
0x52105016c7e3c97364777cc479796d23d121254d3b54db32bc926ec3dd69d05f,econ,15-50K,S4,NO,0.0855,50.0,1.0,1,-51.0
0x609753a08ce4349f03285de1c397bb02270b1d7f76f03ef0357e38933d91e6fc,econ,15-50K,S4,NO,0.1,50.0,1.0,0,4.555555555555557
0xfcc93daea47eff5c0453c5982a2ea2c4fd1bd19f788aaae7dc02a433dcf1061b,econ,15-50K,S4,NO,0.0265,50.0,1.0,1,-51.0
0x19339b2520e19a4ea69a5cc30ee40e467833a6cbde2c13b3dea4f8c87c3d898c,econ,15-50K,S4,NO,0.12,50.0,1.0,0,5.81818181818182
0x2528f54ba046c54111c28cbfa073f38647b984e434e29d00945b6c62e03dd13c,econ,15-50K,S4,NO,0.0005,50.0,1.0,0,-0.9749874937468732
0x751b657b4bbe2f37c6556d51d47d8394574af91a915c5e99666ebb1b1fbd50bc,econ,15-50K,S4,NO,0.0025,50.0,1.0,0,-0.8746867167919845
0xde4e35d9c11c61db828bcdb303ce1d431a0aaca2bb8ab5c7719e59d86ca76462,econ,15-50K,S4,NO,0.085,50.0,1.0,0,3.644808743169399
0x1af7d94c2646ecb3ee0bd7292e39ff6e15ff55ab70299cd342121d3466d54d33,econ,15-50K,S4,NO,0.0775,50.0,1.0,0,3.200542005420054
