condition_id,category,question,ticker_or_event,end_date,outcome_yes_won,entry_yes_price_3d,entry_yes_price_1d,entry_yes_price_late,volume_num,trading_window_days,n_history_points,volume_bucket
0xe3c42f6d6223c0355d7183ce2405e8b2e2456c536049ace975ec9f0622032a28,econ,Will the Fed cut rates in 2023?,will-the-fed-cut-rates-in-2023,2023-12-31 00:00:00+00:00,0,0.006,0.006,0.006,272977.91,312.99980324074073,615,high
0x3aacd25625f8dbf5bc0407d622067c2eb5706937a25cdba448f12aea6f38a2c3,econ,Fed rate cut by January 31?,January 31,2024-01-31 00:00:00+00:00,0,0.009,0.021,0.0115,413985.13,41.0,83,high
0xdf3b361f2617570e0abc10ece5e350a979c5e1e58ad5a2b5147e023ade4d9311,econ,Will the Fed raise interest rates by 25+ bps after its 2024 March meeting?,25+ bps increase,2024-03-18 00:00:00+00:00,0,0.004,0.004,0.0035,197105.48,48.50001157407407,98,mid
0xa81f535a21c9fc890b335131ad726476605c563ad6b9a096568a0556db26987a,econ,Fed rate cut by March 20?,March 20,2024-03-20 00:00:00+00:00,0,0.0105,0.0085,0.009,1907759.26,93.00001157407408,187,high
0xf0d028fe7f2f078c4812151ba80cf390f8b39e5f8159b24b09833d7d20df9629,econ,Fed decreases interest rates by 25 bps after 2024 May meeting?,25 bps decrease,2024-04-30 12:00:00+00:00,0,0.0065,0.004,0.0045,234731.02,27.5,56,high
0x23a9be32693bd427cce236d5af3e9f86aa38776e3ff4823faa7f51443d1a5647,econ,No change in Fed interest rates after 2024 May meeting?,No Change,2024-04-30 12:00:00+00:00,1,0.982,0.9855,0.985,165142.11,27.5,56,mid
0x7f7acaad0b6132ec2f72ba179eebca814865a2c598705381a8e8aa3acce5b0b5,econ,Fed raises interest rates by 25+ bps after 2024 May meeting?,25+ bps increase,2024-04-30 12:00:00+00:00,0,0.0085,0.0085,0.0105,286083.44,27.5,56,high
0xe92b0c7d4a663200f4464e2547c468ba245e462289f88c7bae660feae8dd281a,econ,Fed decreases interest rates by 50+ bps after May 2024 meeting?,50+ bps decrease,2024-04-30 12:00:00+00:00,0,0.008,0.008,0.0045,214654.56,27.5,56,high
0x29f8437fee9a3c972bcdc483874dc6f5192142a2158e999ace849dedb342d671,econ,Fed rate cut by May 1?,May 1,2024-05-01 00:00:00+00:00,0,0.0155,0.0135,0.0135,1608415.7,147.00001157407408,295,high
0x1e14c1e407a8aa7a727fadf74049b255a93f1c22f137d6a244ea64604b5b36d5,econ,Fed rate cut by June 12?,June 12,2024-06-12 00:00:00+00:00,0,0.033,0.029,0.024,1253483.92,133.00001157407408,267,high
0x67a072e839762191a7931e405923110d52343ef6dc1d61cfc0720233951c03e4,econ,No change in Fed interest rates after 2024 June meeting?,No Change,2024-06-12 12:00:00+00:00,1,0.9705,0.968,0.9755,530059.99,41.50001157407407,84,high
0x5df9458d9918da733d784bc2a07768b293d10826385a3eb31dd716f99475dc79,econ,Fed decreases interest rates by 50+ bps after June 2024 meeting?,50+ bps decrease,2024-06-12 12:00:00+00:00,0,0.003,0.0015,0.0045,571695.35,41.50001157407407,84,high
0x86797195cdde3c3a30e2b1b9503bc727fe787845228e9876ed9bc380aa021148,econ,Fed decreases interest rates by 25 bps after June 2024 meeting?,25 bps decrease,2024-06-12 12:00:00+00:00,0,0.028,0.0315,0.024,602846.11,41.50001157407407,84,high
0x4c21fdaee92538da1af2d227e7688673fe8789decff537003cd3b67b0ecb1b8d,econ,Fed increases interest rates by 25+ bps after June 2024 meeting?,25+ bps increase,2024-06-12 12:00:00+00:00,0,0.0015,0.0035,0.007,582731.69,41.50001157407407,84,high
0x19120414e0b7b170bb81ab518317f6926c2bb633167e4b11981ef7c078cea739,econ,Fed rate cut by July 31?,July 31,2024-07-31 00:00:00+00:00,0,0.0475,0.0475,0.0435,1727507.99,168.99998842592592,339,high
0x5b544e761863106ba78a3380ad72a06a0fa65e61daabf31dae7da443af129edc,econ,Fed decreases interest rates by 50+ bps after July 2024 meeting?,50+ bps decrease,2024-07-31 12:00:00+00:00,0,0.006,0.0065,0.0045,637520.07,48.49998842592593,98,high
0x813e44dd1717ed1e1ccfa5f67b5e4d681f7a91cf12dfd8278608698f03b0f89d,econ,Fed decreases interest rates by 25 bps after July 2024 meeting?,25 bps decrease,2024-07-31 12:00:00+00:00,0,0.0475,0.0505,0.0425,884827.58,48.49998842592593,98,high
0x6a98d5d6903279a133009d8dfaef73432a77758ff4a63c391921082820cbdef2,econ,Fed increases interest rates by 25+ bps after July 2024 meeting?,25+ bps increase,2024-07-31 12:00:00+00:00,0,0.0015,0.0025,0.0025,752276.2,48.49998842592593,98,high
0xebee0e66d85db23e24592a0412fb1275efe505b6fbc6d32966c70942cdde8038,econ,No change in Fed interest rates after 2024 July meeting?,No Change,2024-07-31 12:00:00+00:00,1,0.95,0.9445,0.9565,517320.23,48.49998842592593,98,high
0xc53ab96e8806b8c719020fe500469eadb78b3420238096b858e055a1730cbe6d,crypto,Solana above $180 on August 2?,solana-above-180-on-august-2,2024-08-02 12:00:00+00:00,0,0.61,0.205,0.065,45890.93,6.5,14,low
0x096a5bb4c8040be2e04357a1a6bf171d904f4d9afee8489523977a8808907cca,econ,Bank of Japan emergency rate cut in August?,boj-emergency-rate-cut-in-august,2024-08-31 12:00:00+00:00,0,0.005,0.0045,0.0015,144937.02,26.000011574074072,53,mid
0xd8957959755fd8f47815d16c9fd46d6b6fce37cda383c2cf8f881ea3778068ea,econ,Fed emergency rate cut in August?,fed-emergency-rate-cut-in-august,2024-08-31 12:00:00+00:00,0,0.0025,0.0025,0.0015,432105.44,26.000011574074072,53,high
0xd2a3375842cbc1acf507760dd4d13fe0e91914db388ad39d4b1adbcffd2bb407,econ,NYSE marketwide circuit breaker in August?,nyse-circuit-breaker-in-august,2024-08-31 12:00:00+00:00,0,0.0125,0.0055,0.004,139111.22,24.500011574074072,50,mid
0xac6fc7aed296069ab29118ed687e2e3ff1c347d5dd2aa220ff082b8a06ed669f,econ,US bank failure before September?,us-bank-failure-before-september,2024-08-31 12:00:00+00:00,0,0.0175,0.0145,0.003,121125.6,60.99998842592593,123,mid
0xe6bfcb7d47a478fd3804cca7dde22381d4f3fde2a2fbf6e9cb7aa92132bb8fad,econ,Annual inflation above 2.5% in August?,annual-inflation-above-2pt5-in-august,2024-09-11 12:00:00+00:00,0,0.415,0.44,0.43,112455.783998,20.5,42,mid
0xc67c3fa991d07a953cb4a685daae00cc933d9532a121ff51edf9d6656d55c252,econ,Annual inflation under 3% in August?,annual-inflation-under-3-in-august,2024-09-11 12:00:00+00:00,1,0.986,0.982,0.991,215549.201095,26.0,53,high
0x14838de558e0e1ee7a379fc11f25f1d0678c02617cdd97fbf65ed45d50db2ddb,econ,Fed cuts rates by 75 basis points in Sept meeting?,will-the-fed-cut-rates-by-75-basis-points-in-september,2024-09-17 12:00:00+00:00,0,0.006,0.0075,0.0115,493260.757524,43.50001157407407,88,high
0xa0811c97f529d627b7774a5b188e605736b745a1f892c39e16c5a022fdb84b8b,econ,Fed rate cut by September 18?,September 18,2024-09-18 00:00:00+00:00,1,0.9845,0.9835,0.9845,20345317.826273,193.49998842592592,388,high
0xb20072387cd12bc73f3a6fd30fdd5aa1644c8f72f958803d90fc05c51db0ac49,econ,No change in Fed interest rates after 2024 September meeting?,No Change,2024-09-18 12:00:00+00:00,0,0.016,0.015,0.013,23499210.730061,54.5,110,high
0x6cc501fa617e3a46ececf6e3990fe1afeeaa6bc897d3c7049c005fd1bdc42c2f,econ,Fed decreases interest rates by 50+ bps after September 2024 meeting?,50+ bps decrease,2024-09-18 12:00:00+00:00,1,0.345,0.585,0.542,10906333.42219,54.5,110,high
0x70357debf15a956d82d8b2022aaf5f868763d1d0716d2c6e5ce35712e49a3b0f,econ,Fed decreases interest rates by 25 bps after September 2024 meeting?,25 bps decrease,2024-09-18 12:00:00+00:00,0,0.645,0.395,0.449,6660914.249885,54.5,110,high
0x0a533c938200a10df86423dfbe621a2f36bfd4abc457615cf4992ed721c566bf,econ,Fed increases interest rates by 25+ bps after September 2024 meeting?,25+ bps increase,2024-09-18 12:00:00+00:00,0,0.0005,0.0005,0.0005,17625581.465252,54.5,110,high
0x884ac623906f4e8e7b8cbee417f8e42c1ffeda43225d5248838f59c3fe3dba5b,econ,European Central Bank cuts rates in Oct meeting?,european-central-bank-cuts-rates-in-oct-meeting,2024-10-17 12:00:00+00:00,1,0.961,0.9805,0.964,113275.341538,34.5,70,mid
0x6d32c5bce4996f995dd0c9930889e898fb0442395e0a6b4fc3ffce06a331327b,econ,US GDP declines in Q3 2024?,us-gdp-declines-in-q3-2024,2024-10-30 12:00:00+00:00,0,0.0125,0.016,0.0145,346721.350513,85.50002314814814,172,high
0x0a166784df1f7d2f72b66acbf25d78f2884cb613826dc8dc5ddd238e36e7d453,econ,US bank failure by October 31?,us-bank-failure-by-october,2024-10-31 12:00:00+00:00,1,0.9995,0.9995,0.9995,204194.479453,77.0,155,high
0x9279e0735a365ab5fe94c671e172b9dc68e402fa9dab36db4d8e171785fcf40e,econ,Unemployment rate over 4.1% in October?,unemployment-rate-over-4pt1-in-october,2024-11-01 12:00:00+00:00,0,0.43,0.51,0.46,517210.602913,23.500011574074072,48,high
0xa00c7de8603d117632567b9a7e73d788626ea8fbb4ae7309bf9c070aa0319975,crypto,Will US sell Silk Road BTC before election?,will-us-sell-silk-road-btc-before-election,2024-11-04 12:00:00+00:00,0,0.083,0.017,0.0175,49136.845737,97.0,195,low
0x642926331d650ed2e4e1da2593f388cd803b4f283e09218fc1c5de90087b585c,econ,Fed rate cut by November 7?,November 7,2024-11-07 00:00:00+00:00,1,0.994,0.994,0.994,2020982.792054,193.49998842592592,388,high
0x04bb2f787e983075d0ef877e0d711bd83affab14a1c22d8c306ff6e1085fde82,econ,US bank failure before December?,us-bank-failure-before-december,2024-11-30 12:00:00+00:00,0,0.0235,0.0095,0.0025,145735.134524,39.00001157407407,79,mid
0x6c690bec3395d02419c4ab3fefbdcff6bc8e589eccc49a4d8d62cf51912e56d6,econ,MSFT shareholders vote for Bitcoin investment? ,will-microsoft-shareholders-vote-for-bitcoin-investment,2024-12-10 12:00:00+00:00,0,0.155,0.115,0.135,7603059.085456,47.5,96,high
0x24ee858fba5f91b94e6278e71b8e1fdaabaf2a3680700d670f42aaa1c5f40179,econ,Will inflation increase by 2.8% or more in November?,≥2.8% ,2024-12-11 12:00:00+00:00,0,0.265,0.28,0.32,289910.282315,26.5,54,high
0x49df40debf3655c8f0892f5b144da6d513a1998380f5218146f7dbc51014f9db,econ,Increase in ECB interest rates after 2024 December meeting?,Increase,2024-12-12 12:00:00+00:00,0,0.0025,0.009,0.002,399674.021905,42.5,86,high
0xdf9cf0fc9613af282e46d6474822ee56ad61b7031f28de7b8fec06e3e6235997,econ,26-50 bps decrease in ECB interest rates after 2024 December meeting?,50 bps decrease,2024-12-12 12:00:00+00:00,0,0.06,0.036,0.026,182466.841002,42.5,86,mid
0xb0c8ce59d533d5733ec0f8fe3122609e01b39470eb81fa9bb4e19ec461326f33,econ,>50 bps decrease in ECB interest rates after 2024 December meeting?,>50 bps decrease,2024-12-12 12:00:00+00:00,0,0.003,0.0035,0.0025,237073.148776,42.5,86,high
0x9b676d23387bb38b6265fdc0a3756631bf78d729867d32dd55acb9b1049d4e64,econ,No change in ECB interest rates after 2024 December meeting?,No Change,2024-12-12 12:00:00+00:00,0,0.0095,0.013,0.006,203799.680187,42.5,86,high
0x00fe2219f57e3dfc0c2d923cebf01b03ae4c0e7ffaf60c52b96269ea8c94e635,econ,1-25 bps decrease in ECB interest rates after 2024 December meeting?,25 bps decrease,2024-12-12 12:00:00+00:00,1,0.935,0.9435,0.9615,133816.717159,42.5,86,mid
0x4057c2528a3815d460f0c5889f52a914745b23400c4548804afee8f9c4a56ec3,econ,Fed rate cut by December 18?,December 18,2024-12-18 00:00:00+00:00,1,0.9955,0.9955,0.9955,2269863.269023,193.49998842592592,388,high
0xa11a9c66032cbe8c607bf1b21591f65dfee9d5eb65d73cc8ad5009c1f9826fa3,econ,Fed decreases interest rates by 25 bps after December 2024 meeting?,25 bps decrease,2024-12-18 12:00:00+00:00,1,0.963,0.9715,0.9695,7490697.06615098,133.5000347222222,268,high
0x71da2bbc04a7eae0d8ef739c17025d85917c0ea7db07646b6400a4f6ccb9f304,econ,No change in Fed interest rates after December 2024 meeting?,No Change,2024-12-18 12:00:00+00:00,0,0.0295,0.0265,0.029,7400313.75189,133.5000347222222,268,high
0xf6657e96ce361199545f86e9df46ed6450359e3b30b4c3510226c7a36263fac6,econ,"Will Jerome Powell say ""Trump"" during December FOMC Press Conference?",Trump,2024-12-18 12:00:00+00:00,0,0.205,0.225,0.225,134486.659528,32.50001157407407,66,mid
0x3176db447b011c424c3470532c4bbb48d749dc0e4329ac5779043699e4d3f343,econ,"Will Jerome Powell say ""good afternoon"" during December FOMC Press Conference?",Good Afternoon,2024-12-18 12:00:00+00:00,1,0.9645,0.974,0.9735,513027.694527001,6.500011574074074,14,high
0xde507497bdd5d63090dfd8e6e29167216c66576bf8d029d87c99bef4e357c696,econ,Fed decreases interest rates by 75+ bps after December 2024 meeting?,75+ bps decrease,2024-12-18 12:00:00+00:00,0,0.0015,0.0005,0.0005,13304399.0156328,133.5000347222222,268,high
0xc3ad788d4943f76ed656d2f0d3485d5bf066877035596b0151fe1d614707dc4f,econ,"Will Jerome Powell say ""tariff"" during December FOMC Press Conference?",Tariff,2024-12-18 12:00:00+00:00,1,0.555,0.475,0.43,155977.817016,32.50001157407407,66,mid
0x875b45f4674fc4e352139032ce7a157c81dfc2ec1e9883d9321d4238761b5840,econ,"Will Jerome Powell say ""crypto"" or ""Bitcoin"" during December FOMC Press Conference?",Crypto/Bitcoin,2024-12-18 12:00:00+00:00,1,0.115,0.115,0.115,129173.45683,11.500011574074074,24,mid
0xb685671ec5f12410f48006fad1ec60fa1a1e19f3a5ba09a81ab45b026821252d,econ,Fed increases interest rates by 25+ bps after December 2024 meeting?,25+ bps increase,2024-12-18 12:00:00+00:00,0,0.0005,0.0005,0.0005,10228496.464075,133.5000347222222,268,high
0xadec8716f2d3c9177b0d1344437a7c01c3ede634f46dec9f6debfc5eb89b7f7a,econ,"Will Jerome Powell say ""inflation"" 40 or more times during December FOMC Press Conference?",Inflation 40+ times,2024-12-18 12:00:00+00:00,1,0.825,0.86,0.85,138906.982557,32.50001157407407,66,mid
0x3a5d8047acd8aa377956e65bd40bfafd47ff6d528559b22530fb3822bc1afbbe,econ,Will the FED change rates to another level after December meeting?,Other,2024-12-18 12:00:00+00:00,0,0.0005,0.0005,0.0005,11155452.805379,90.50003472222222,182,high
0x004e19d419d05dd366793689ce2af457d51bc921d9da4af867de09f0864a4305,econ,Fed decreases interest rates by 50 bps after December 2024 meeting?,50 bps decrease,2024-12-18 12:00:00+00:00,0,0.0055,0.0035,0.0025,9192309.53167407,133.5000347222222,268,high
0x8fbe79f5e5528696e5565bc8ee2b3e15ac66ba69345c6a663f61f8ac7b4bb91c,econ,"Will Jerome Powell say ""inflation"" 50 or more times during December FOMC Press Conference?",Inflation 50+ times,2024-12-18 12:00:00+00:00,1,0.545,0.62,0.6,387258.679713,32.50001157407407,66,high
0xcc6748fd7df73f8c13cca945c99806c2b5d0032db6a6de7eed32c91ca3814b89,econ,"Will Jerome Powell say ""tariff"" 5 or more times during December FOMC Press Conference?",Tariff 5+ times,2024-12-18 12:00:00+00:00,0,0.135,0.11,0.105,159395.14594,32.50001157407407,66,mid
0xb3e11395bc67c2ad811de3ea4f58d47778e7a7d209eb73bc04a21c5a7472c186,econ,Will Fed cut interest rates 1 time in 2024?,1 (25 bps),2024-12-30 12:00:00+00:00,0,0.0125,0.0125,0.0125,1407495.111446,180.5,362,high
0xdca85943cda4d8822e2277e8cdad22cd7a03d0383d0e517aa17ce0e3ee2c6115,econ,"Will Gold close at $3,100-3,200 at the end of 2024?","$3,100-3,200",2024-12-30 12:00:00+00:00,0,0.0015,0.0025,0.0005,1055787.893633,67.00001157407408,135,high
0x42e7fa3bd683a276dae0292f0ab910ac18eb76ce7cf014ec9203f6539768735a,econ,Will Fed cut interest rates 2 times in 2024?,2 (50 bps),2024-12-30 12:00:00+00:00,0,0.0005,0.0005,0.0005,3982525.829184,231.0,463,high
0x4585d0aace66b55b7c8063c01eb58a471feaf99f0f390a33bcd2919faea4eac7,econ,"Will Gold close at $3,000-3,100 at the end of 2024?","$3,000-3,100",2024-12-30 12:00:00+00:00,0,0.0025,0.0015,0.0015,1616033.94571,67.00001157407408,135,high
0xbc3ced056057ade1ce3ce3b5abf393ecb583ba2c664bda180b628653ce49546f,econ,"Will Gold close under $2,500 at the end of 2024?","<$2,500",2024-12-30 12:00:00+00:00,0,0.0085,0.002,0.0035,426999.953275,67.00001157407408,135,high
0x04787bbd66241501604f377f11b897879c1593b019bb3363dac0a73e99b4a131,econ,Will Fed cut interest rates 0 times in 2024?,0,2024-12-30 12:00:00+00:00,0,0.002,0.002,0.002,2049580.060001,180.5,362,high
0x6afa81abe8f2f8759879f5ed19be4530c5bb66e845fce29356857735c50be55d,econ,"Will Gold close at $2,900-3,000 at the end of 2024?","$2,900-3,000",2024-12-30 12:00:00+00:00,0,0.0015,0.002,0.0015,2311392.82739,67.00001157407408,135,high
0x39bdb149c17d848c0ce90e452822878287bcd576bac2c552aa33f5d96b9c501d,econ,"Will Gold close at $3,200 or more at the end of 2024?   ","$3,200+",2024-12-30 12:00:00+00:00,0,0.0015,0.0005,0.0005,2469942.12056697,67.00001157407408,135,high
0x04719e4de4a13429ca9d7571c534e661b0450525d8bfdcd09e95d4fb45319381,econ,"Will Gold close at $2,700-2,800 at the end of 2024?","$2,700-2,800",2024-12-30 12:00:00+00:00,0,0.0335,0.0175,0.015,254430.809265,67.00001157407408,135,high
0x13d3e3531ecc4d6096ffe53c9a34f73ea56ed9b4404f87366e708d3d3a7be699,econ,Will Fed cut interest rates 5 times in 2024?,5 (125 bps),2024-12-30 12:00:00+00:00,0,0.0015,0.0015,0.0015,6683117.51304494,271.50002314814816,544,high
0x9d1f0296f3a016727193d2b45704e0debc3b8048fe0715f8bb1e91550d321872,econ,Will Fed cut interest rates 4 times in 2024?,4 (100 bps),2024-12-30 12:00:00+00:00,1,0.9655,0.9655,0.9655,6812524.970527,271.50002314814816,544,high
0x260fd9d6b10746909a26c2af7a68b409f757c95a07dc57ddd480774a36c8399b,econ,Will Fed cut interest rates 3 times in 2024?,3 (75 bps),2024-12-30 12:00:00+00:00,0,0.0335,0.0335,0.0335,8337156.91915808,271.50002314814816,544,high
0x1070c27e30447364ed6602778729203d29aaa8860cb0a24779eb3a26f68b245f,econ,Will Fed cut interest rates 6+ times in 2024?,6 or more (150+ bps),2024-12-30 12:00:00+00:00,0,0.0005,0.0005,0.0005,20169086.258574,271.50002314814816,544,high
0x34e7851258699d34389c998eb0ac053080c0d6fed119ceaa61c4b72c55318a67,econ,"Will Gold close at $2,600-2,700 at the end of 2024?","$2,600-2,700 ",2024-12-30 12:00:00+00:00,1,0.835,0.87,0.895,308186.796639,67.00001157407408,135,high
0xacedef109bc86502ba263a768545470197634b12d7cd0eefddd7f306172b360c,econ,"Will Gold close at $2,500-2,600 at the end of 2024?","$2,500-$2,600",2024-12-30 12:00:00+00:00,0,0.1055,0.0925,0.0795,294739.94839,67.00001157407408,135,high
0x66e53e2fe718fe0a9bc903c30fc291b36202f94821f822779640b2052b19ba63,econ,"Will Gold close at $2,800-2,900 at the end of 2024?","$2,800-2,900",2024-12-30 12:00:00+00:00,0,0.0025,0.002,0.0015,1428553.036232,67.00001157407408,135,high
0x4e861381d9a9f4eca9e90c15638dfac88f727ab13ddc153ab09dc1f3a4056d0c,econ,Fed emergency rate cut in 2024?,fed-emergency-rate-cut-in-2024,2024-12-31 12:00:00+00:00,0,0.003,0.002,0.002,835804.641916001,151.00002314814816,303,high
0x82e70a9a64cd42bd8b07768ae91ef85b9e5a962efb8470dc57197d43621a9fa8,crypto,Will $MOODENG be listed first on Binance?,$MOODENG,2024-12-31 12:00:00+00:00,0,0.0135,0.0345,0.002,49272.064162,43.00001157407407,87,low
0xf195565ddfb4c60f7ce956732aa4b2a8597b94b8a27812d324c87e330894b64a,econ,Will Silver close over $40 at the end of 2024?,will-silver-close-over-40-at-the-end-of-2024,2024-12-31 12:00:00+00:00,0,0.004,0.0055,0.0035,234682.465728,70.00002314814814,141,high
0x6015c53496b7a099d952edf8d74f2d2e839aa09d2084df79be603e1db949da71,econ,U.S. Recession in 2024?,us-recession-in-2024-1,2024-12-31 12:00:00+00:00,0,0.0045,0.004,0.0055,875848.13851399,148.50002314814816,298,high
0xf112a927d48b37e0741f19f4c9fb8ac7d40442432762eb4e7c72090cd03e3a82,econ,Will US add more than 300k jobs in December 2024?,>300k,2025-01-10 12:00:00+00:00,0,0.0075,0.0165,0.0135,144806.720867,29.500011574074072,60,mid
0x1414b0cce66b440db90604d5174bd2d88ed199c37c3d35b40a99a07fc098da7d,econ,Will US annual inflation be 2.9% or greater in December?,≥2.9%,2025-01-15 12:00:00+00:00,1,0.745,0.76,0.79,137023.290842,34.5,70,mid
0xed3f699d49c03b25f3138d1ffb580e7640be4a032b18073652b36f9db2b25860,econ,Will US annual inflation be 2.6% or less in December?,≤2.6%,2025-01-15 12:00:00+00:00,0,0.0175,0.0085,0.007,207723.590332,34.5,70,high
0x6ce5169421293d1214a12b14e88760b1b67e40191a76625c8103bb815ddcd2ce,econ,East coast port strike in January?,east-coast-port-strike-in-january,2025-01-15 12:00:00+00:00,0,0.016,0.0145,0.0065,159747.737643,100.00002314814814,201,mid
0xf753191a0ecf02044455f863c8dfebd9ad5b5fda7229d73637bb5a1150042bda,econ,"Will Powell say ""good afternoon"" during January press conference?",Good Afternoon,2025-01-29 12:00:00+00:00,1,0.971,0.9695,0.9735,128032.196711,40.5,82,mid
0x64123306a517e078fa636231a9cc9339a46bcfe3fadf62c92fdb031881c5d0d8,econ,Fed decreases interest rates by 75+ bps after January 2025 meeting?,75+ bps decrease,2025-01-29 12:00:00+00:00,0,0.0015,0.0005,0.0005,48840781.093981,82.50002314814814,166,high
0x7883a3c40bb01cbd3b9ec9e3b73d75af705e300c9369f27178739cf3f4fa089a,econ,Fed decreases interest rates by 50 bps after January 2025 meeting?,50 bps decrease,2025-01-29 12:00:00+00:00,0,0.0015,0.0015,0.0015,42815445.766141,82.50002314814814,166,high
0x4b38dcda51950de696458b8a7d7060c0599acd8d52a008c266550c40c79c3e07,econ,"Will Powell say ""Trump"" during January press conference?",Trump,2025-01-29 12:00:00+00:00,0,0.315,0.38,0.28,145673.868627,40.5,82,mid
0x8a0c74eae24c6648f7f76ac44241f13f7876dbd5926b0e512e6f4af5b3a9da1a,econ,"Will Powell say ""inflation"" 40 or more times during January press conference?",Inflation 40+ times,2025-01-29 12:00:00+00:00,1,0.94,0.93,0.935,111231.565577,40.5,82,mid
0xf48f79d8e60ab1efa76e53bec8c005611bfdc097cc0e51dc2f612709c04f5acf,econ,Fed decreases interest rates by 25 bps after January 2025 meeting?,25 bps decrease,2025-01-29 12:00:00+00:00,0,0.015,0.019,0.0125,21247359.999879,82.50002314814814,166,high
0x04e07c6085d96ecc1ac7568d6cb640f09e4d300a25afc763b67f15d8f2c8597c,econ,Fed increases interest rates by 25+ bps after January 2025 meeting?,25+ bps increase,2025-01-29 12:00:00+00:00,0,0.0015,0.0015,0.0015,56978076.059909,82.50002314814814,166,high
0x4e0f29885709d63bfcff29e80f4a8df1da9e97906ba9e21577b46a70858d8e06,econ,No change in Fed interest rates after January 2025 meeting?,No Change,2025-01-29 12:00:00+00:00,1,0.9825,0.9795,0.9855,21033386.279391,82.50002314814814,166,high
0xbd65462cb5c812c11bbd6904e802746e5228e52cb2a61bad088656fbc64ba50a,econ,Will ECB make no change in interest rates in January 2025?,No Change,2025-01-30 12:00:00+00:00,0,0.0275,0.032,0.004,213761.286082,26.500011574074072,54,high
0x5a132cc06de532da58549f7b38464367d430b01fc0210cc1afb9d271df6fef15,econ,Will ECB raise interest rates in January 2025?,Increase,2025-01-30 12:00:00+00:00,0,0.0025,0.0015,0.0005,285496.819528,26.500011574074072,54,high
0x3e5e30227c9a9931ca9e77edfb03a7011d8d414d71ef167e7ad4d253c7d58109,econ,Will ECB lower interest rates by 50bps in January 2025?,50 bps decrease,2025-01-30 12:00:00+00:00,0,0.0085,0.0025,0.0015,187240.369872,26.500011574074072,54,mid
0xf1bc899c0b76482a9612746e6934cd26bb3f7d0cebb031507784510998641200,econ,Will ECB lower interest rates by 25bps in January 2025?,25 bps decrease,2025-01-30 12:00:00+00:00,1,0.9635,0.9615,0.994,183022.046434,26.500011574074072,54,mid
0xc3d68d992b58da7bbeba7946460315be95fc89dc853e80bc9ea4888b4ac6fd83,econ,Will ECB lower interest rates by more than 50bps in January 2025?,>50 bps decrease,2025-01-30 12:00:00+00:00,0,0.0015,0.0015,0.0005,428317.098962,26.500011574074072,54,high
0x03b2fd5851925b8e7c2b8b34352b4c6abacc9e3d58ad2ed186c101b07d204508,econ,USD worth more than Euro before 2025?,usd-worth-more-than-euro-before-2025,2025-01-31 12:00:00+00:00,0,0.002,0.002,0.002,167315.042069,12.0,25,mid
0x3fdf885d8c0a7d7e4c39e3578fb7c7221f160aec35cbaf81d5aff4f3d037134a,econ,Will Apple be the largest company in the world by market cap on February 7?,Apple,2025-02-07 12:00:00+00:00,1,0.9945,0.9985,0.9985,211647.013664,11.0,23,high
0xa933cf76987a35fe575b2677e8f1bc59bac4ca114714a79121bf37ac660adae8,econ,Will Microsoft be the largest company in the world by market cap on February 7?,Microsoft,2025-02-07 12:00:00+00:00,0,0.002,0.0005,0.0005,110397.218807,11.0,23,mid
0xa85516717dd49a6f88cb3364a1d272b47b952885a69721e647e116a44b7497a5,econ,Will Trump impose tariff on oil from Mexico or Canada by next Friday?,will-trump-impose-tariff-on-oil-from-mexico-or-canada-by-next-friday,2025-02-07 12:00:00+00:00,1,0.9995,0.9995,0.9995,319539.57315,2.0,5,high
0x905e5c06dd8c829ab3facaa00142d0eaa04a0b5e6ec0027d766cfc9a6a789aa2,econ,Will NVIDIA be the largest company in the world by market cap on February 7?,NVIDIA,2025-02-07 12:00:00+00:00,0,0.003,0.001,0.0005,116815.255952,11.0,23,mid
0xd712dd34946bb296f69e372b77bfab77eccf074d7cdc7c2925c5703d12ab0f11,econ,Will monthly inflation increase by 0.4% or more in January?,≥0.4%,2025-02-12 12:00:00+00:00,1,0.33,0.365,0.345,183497.064935,27.5,56,mid
0xe97292463060c54374f764cdc74f56974832e5c3318e395a72c99fc8dc7373c4,econ,Will monthly inflation increase by 0.2% in January?,0.2%,2025-02-12 12:00:00+00:00,0,0.11,0.068,0.122,141273.974648,27.5,56,mid
0xe78a49bb97cbbefa2fa062f5d62a75b17f8387a2fe4665bd9873292225c3a0ec,crypto,Will Bitcoin be between $96000 and $98000 on February 14?,$96-98k,2025-02-14 12:00:00+00:00,1,0.23,0.285,0.465,49206.33055,6.5,14,low
0xd9e60bcddc81c7efd78e2b3ad1f536e7e0d3e2856f447d8aa469b17f1e351e64,econ,Will NVIDIA be the largest company in the world by market cap on February 28?,NVIDIA,2025-02-28 12:00:00+00:00,0,0.0355,0.006,0.0015,487084.289498,32.00001157407407,65,high
0x88ab57a02f70f71c5f2f5ce939471fbc5c9324754c39de0bdeeb439440e07802,econ,Will Microsoft be the largest company in the world by market cap on February 28?,Microsoft,2025-02-28 12:00:00+00:00,0,0.0005,0.0005,0.0005,523548.299486,32.00001157407407,65,high
0xd7762ef4621a4cbeded53a5f98aa66baa8d677dd353486eaf9dcaf6014a9c59d,econ,Will Apple be the largest company in the world by market cap on February 28?,Apple,2025-02-28 12:00:00+00:00,1,0.965,0.99,0.998,378668.304098,32.00001157407407,65,high
0xbefc403677b8eff375d1eb72a5f08e5fedd0a50363211c9e09ed14e98e80b2da,econ,Will the price of gas be 3.17 on February 28?,$3.17,2025-02-28 12:00:00+00:00,0,0.05,0.025,0.0545,232649.019225,6.5,14,high
0xb6f39840102107490b6bc102083473600431df12376e21aa22a4724e15a3997b,econ,"Will Gold hit $3,000 before March?",will-gold-hit-3000-before-march,2025-02-28 12:00:00+00:00,0,0.405,0.068,0.0075,223479.918702,18.000011574074072,37,high
0x8c1101093e3bb559fb2d804b81068d0d85a028dcdbf668c883c2ace9d993fa85,crypto,Will Solana dip to $180 by February 28 2025?,$180,2025-02-28 12:00:00+00:00,1,0.69,0.69,0.69,48456.034612,2.0,5,low
0x82c470c38881e81a84ba2126d3f632fb6192cc6e2c69f683f4c82a3f68d99614,econ,Will Alphabet be the largest company in the world by market cap on February 28?,Alphabet,2025-02-28 12:00:00+00:00,0,0.0005,0.0005,0.0005,921503.173822,32.00001157407407,65,high
0x7decaf7834aa2fda896c60d72b0b41f487b34f04c4cd341e39a27402338585cd,econ, Trump imposes 25% tariff on Canada and Mexico before March?,trump-imposes-25-tariff-on-canada-and-mexico-before-march,2025-02-28 12:00:00+00:00,1,0.9995,0.9995,0.9995,922754.720275,11.500011574074074,24,high
0x9c73dd5a12d75c92ae264c05c9d59ba559c06b221dd289cf6f6019046c0bfb50,econ,No change in ECB interest rates after March 2025 meeting?,No Change,2025-03-06 12:00:00+00:00,0,0.01,0.012,0.013,114637.380453,34.50001157407407,70,mid
0xc52464bdbb6ac043aa79af82901643864cddc1493cf6f1b9d8d3ab49e91af5fe,econ,ECB increases interest rates after March 2025 meeting?,Increase,2025-03-06 12:00:00+00:00,0,0.0025,0.0005,0.0005,298597.279496,34.50001157407407,70,high
0x1af0e41d7b7a6d9ab5ba898a6ac9a4f9ae813c42dd3a5abc7fd1dab228cf036d,econ,50 or more bps decrease in ECB interest rates after March 2025 meeting?,50+ bps decrease,2025-03-06 12:00:00+00:00,0,0.0025,0.007,0.0165,425550.060737,34.50001157407407,70,high
0xc6d91cfb946e7314f8497c77f01a62f4f67016f7cd553e02a172f17ef91f2a48,econ,25 bps decrease in ECB interest rates after March 2025 meeting?,25 bps decrease,2025-03-06 12:00:00+00:00,1,0.986,0.9815,0.976,112802.525247,34.50001157407407,70,mid
0xb8ff190306e5bc611908789c291ff31dd1228d28e95aaab0b025d0f611cdb453,econ,Will 100-150k jobs be added in February?,100-150k,2025-03-07 12:00:00+00:00,0,0.33,0.245,0.23,107570.051361,26.49997685185185,54,mid
0x663408f110e34f47b51c7e597ed3f506f8598b0238ff3903abc4112f35b20663,crypto,"Will Donald Trump say ""Solana"" during Crypto Summit on Friday?",Solana,2025-03-07 12:00:00+00:00,0,0.46,0.475,0.425,47139.433275,3.4999884259259257,8,low
0x249302f4e44d6f562f53a572cfe52ae11527e2b394446f4295c394c023817c55,econ,Will the unemployment rate for February be less than or equal to 3.9%?,≤3.9%,2025-03-07 12:00:00+00:00,0,0.12,0.125,0.12,161668.893642,26.49997685185185,54,mid
0xbb8040c5fcd70936686f1f19369c1b06a2c2cdf4d5b4958d246168b355438225,econ,Will egg prices be between $4.75 and $5.00 in February?,$4.75-5.00,2025-03-12 12:00:00+00:00,0,0.008,0.003,0.0025,627841.558535,37.5,76,high
0xe866a5c8e9ba90086e8dbb93acd5d6b2275ca4b4a61956383c8fd999077255c0,econ,Will egg prices be between $4.50 and $4.75 in February?,$4.50-4.75,2025-03-12 12:00:00+00:00,0,0.0015,0.002,0.002,1112762.170066,37.5,76,high
0x12b44a54dc2b78f15183148a359446336f3502bae1366273a22d3b9f7657ca9c,econ,Will egg prices be less than $4.50 in February?,Below $4.50,2025-03-12 12:00:00+00:00,0,0.0025,0.002,0.0015,1082109.9781,37.5,76,high
0xc3ee21ef7860da0c85ec8e36e19896f4e1158e7eb87806d98b43620dc1bbc542,econ,Will egg prices be above $6.00 in February?,Above $6.00,2025-03-12 12:00:00+00:00,0,0.355,0.42,0.31,174359.765431,37.5,76,mid
0x69ba44a771aa218de4a9cbf37f966ff687d0b76d4ad2ad3792119ed6130d6903,econ,Will egg prices be between $5.25 and $5.50 in February?,$5.25-5.50,2025-03-12 12:00:00+00:00,0,0.0075,0.005,0.016,262967.41536,37.5,76,high
0x10656d78ac461550437f389434f0437657da1c7dfa6e6fc4dd1ab5260518304a,econ,Will egg prices be between $5.75 and $6.00 in February?,$5.75-6.00,2025-03-12 12:00:00+00:00,1,0.5565,0.532,0.6385,182656.440614,37.5,76,mid
0xd90ff475f87be874c89b9e9bb9a61fd5186bbafb6073e70b88eccd4b4a10507a,econ,Will egg prices be between $5.00 and $5.25 in February?,$5.00-5.25,2025-03-12 12:00:00+00:00,0,0.0045,0.002,0.006,150515.471848,37.5,76,mid
0xf7050a33a8444389ef1800e4476b43a987ff72668be0b616a4b457f5ba944a00,econ,Fed increases interest rates by 25+ bps after March 2025 meeting?,25+ bps increase,2025-03-19 12:00:00+00:00,0,0.0015,0.0005,0.0005,21544318.532625,90.50002314814814,182,high
0x5dbbf4cbb4cbca7c5967bfe92c0bd1667ac508fecb1e548c01def1a8cb43ea53,econ,Fed decreases interest rates by 50+ bps after March 2025 meeting?,50+ bps decrease,2025-03-19 12:00:00+00:00,0,0.0015,0.0015,0.0025,22150914.603213,90.50002314814814,182,high
0xeed6da09683149b433aeb802bd8d3f78a6b6d8799fa75bd0d73c3f87c6b2b592,econ,Fed decreases interest rates by 25 bps after March 2025 meeting?,25 bps decrease,2025-03-19 12:00:00+00:00,0,0.013,0.009,0.006,17180913.164155,90.50002314814814,182,high
0xef5604329fee713a68f4faa9d3014614c7486525864a11f2ebb054179a0c362e,econ,No change in Fed interest rates after March 2025 meeting?,No Change,2025-03-19 12:00:00+00:00,1,0.986,0.9915,0.992,17161804.938166,90.50002314814814,182,high
0xa0c6cff16b0acb14295600f16463c869aa0426ccce1ab99c013d213067b8799d,econ,10-year Treasury yield below 4% before April?,10-year-treasury-yield-below-4-before-april,2025-03-31 12:00:00+00:00,0,0.0085,0.0055,0.0035,147643.054635,34.0,69,mid
0xb474d95c4ef2ccff6bf5cbadf3920d0367ad3e1df2190159059d45e34df54099,crypto,Will Kanye West launch his own blockchain before April? ,will-kanye-west-launch-his-own-blockchain-before-april,2025-03-31 12:00:00+00:00,0,0.0065,0.0045,0.002,45207.65833,36.00001157407407,73,low
0x03c2a9d922e49a9c4624fc1f11ab0d835700288bb74e512c4ef5288292eced3d,econ,"Will Fear & Greed Index report ""Extreme Fear"" on March 31?",Extreme Fear,2025-03-31 12:00:00+00:00,1,0.21,0.775,0.78,149090.654932,20.500011574074072,42,mid
0x2b2a56d3528eff2c8e8f21278a033f793d4fa92cf9bfd67ffa1e872623f41af5,econ,Will annual inflation increase by 2.8% in February?,2.8%,2025-03-31 12:00:00+00:00,1,0.275,0.275,0.275,377641.515388,32.50001157407407,66,high
0x53e871accb00538ba744ba933eaac46ad461e16a893dbcac56e8c0b392c6a06f,econ,"Will Fear & Greed Index report ""Neutral"" on March 31?",Neutral,2025-03-31 12:00:00+00:00,0,0.045,0.0065,0.002,100885.190819,20.500011574074072,42,mid
0x63b445bd487e7c388a8c9b69606ae389547ae980adb3cb6efe3657e87e4c3820,econ,Will Trump announce tariffs on India on April 2?,India,2025-04-02 12:00:00+00:00,1,0.735,0.815,0.69,132356.405188,6.5,14,mid
0x4ee267cf2ea1509dd6a7e39a0eb167ef721cc62fe1f586d4f7f50c5b62021e3e,econ,Will Trump announce tariffs on Venezuela on April 2?,Venezuela,2025-04-02 12:00:00+00:00,1,0.735,0.83,0.66,99812.422519,6.5,14,mid
0x03af958c2cc5095fe82d8840389177e72de113b97f7f67ea278dd20ed3be4c5b,econ,Will Trump announce tariffs on Germany on April 2?,Germany,2025-04-02 12:00:00+00:00,0,0.13,0.12,0.2,294376.101107,6.5,14,high
0x66d418945091d2f4e3a517906ea6a8670abef60b71c33140de75314a20e46f9b,econ,54% tariff goes into effect on China by Wednesday?,54-tariff-goes-into-effect-on-china-by-wednesday,2025-04-09 12:00:00+00:00,1,0.855,0.9,0.81,235130.818507,4.000011574074074,9,high
0x5f07b2a5b0d6b5cc68ec7d3efb8c3f7013186a30a70bd6037f1931988c54588a,econ,Will egg prices be between $5.50 and $5.75 in March?,$5.50-5.75,2025-04-10 12:00:00+00:00,0,0.525,0.6995,0.5725,207805.597441,56.500023148148145,114,high
0x0dd29e8d00dd30f0df07791e71c2274c0d2dce629646b0f2478797f53e9ccb3e,econ,Will monthly inflation increase by 0.5% or more in March?,≥0.5%,2025-04-10 12:00:00+00:00,0,0.004,0.003,0.0025,208001.251064,28.5,58,high
0x6113e78de73ab9668ce4317af561e60390b630ae233c716a3d7f79955e54eb6d,econ,Will egg prices be less than $5.00 in March?,Below $5.00,2025-04-10 12:00:00+00:00,0,0.0035,0.003,0.0015,363170.320484,56.500023148148145,114,high
0x4a8086a8a952f1a1f7c1f17edf433ca6e603c95b5ebab278411bde5cf13202dc,econ,Will egg prices be between $5.75 and $6.00 in March?,$5.75-6.00,2025-04-10 12:00:00+00:00,0,0.335,0.235,0.305,171334.5281,56.500023148148145,114,mid
0xed0fe9490be217b741fa4312be42da35a798d60a249cfb993fd486df6a079004,econ,Will egg prices be between $5.25 and $5.50 in March?,$5.25-5.50,2025-04-10 12:00:00+00:00,0,0.051,0.027,0.038,182732.062722,56.500023148148145,114,mid
0x8e02dc3233cf073a64a9f0466ef8ddbe1f984e4b87eacfd1b8d10c725e042f39,econ,Will egg prices be more than $6.00 in March?,Above $6.00,2025-04-10 12:00:00+00:00,1,0.035,0.05,0.0505,794582.907276,56.500023148148145,114,high
0x6d3bc5c6f427549e2107762693fb0beef1dcf54ee61252801ba087bb75054ebd,econ,Will egg prices be between $5.00 and $5.25 in March?,$5.00-5.25,2025-04-10 12:00:00+00:00,0,0.0235,0.003,0.003,209063.714151,56.500023148148145,114,high
0x32cecf5ca4cfbb1ce7cb56adf5a823ddb0200de2618108abc6c74fd1a7b689d7,econ,Price of eggs goes up in Trump's first month?,will-the-price-of-eggs-go-up-in-trumps-first-month-in-office,2025-04-12 12:00:00+00:00,1,0.996,0.996,0.996,313843.06263,119.50002314814814,240,high
0x01380281eead0fc5aa7ad1355c1449db684e8d04cb6a8356f3de1fcdc49a1f1b,econ,Will the ECB announce an increase?,Increase,2025-04-17 12:00:00+00:00,0,0.002,0.001,0.0005,340645.204701,41.00001157407407,83,high
0x9260b682e93bdcdee74468513139b917d87a033e6f576b8f203942b36177377e,econ,Will the ECB announce a 25 bps decrease?,25 bps decrease,2025-04-17 12:00:00+00:00,1,0.979,0.9895,0.988,131817.183271,41.00001157407407,83,mid
0x8993f62957c77ff66a479e4fd0fdb349f0cd58bb135ea06aa51d4e43b92792ac,econ,Will the ECB announce a 50+ bps decrease?,50+ bps decrease,2025-04-17 12:00:00+00:00,0,0.012,0.007,0.007,839218.317246,41.00001157407407,83,high
0x4d931123299078431ed1749e1a0278afa26304ffb091a33efdc792e7a080aae8,econ,Will the ECB announce no change?,No Change,2025-04-17 12:00:00+00:00,0,0.006,0.0035,0.0045,140681.178545,41.00001157407407,83,mid
0xbccb2214a4ff3dcf8771db902a3098fcedebce1f8a699d8b2098d630618b1742,crypto,Will the price of Ethereum be between $1300 and $1400 on Apr 18?,1.3-1.4k,2025-04-18 12:00:00+00:00,0,0.0375,0.0135,0.0025,45796.328595,6.499988425925926,14,low
0x8c7e0757b34d6d66e2e8faf5c0d34bf48f6f2a99efbc86408bddd2a4d5f4e76f,econ,"Will Musk say ""Trump"" during the Q1 2025 Tesla earnings call?",Trump,2025-04-22 12:00:00+00:00,1,0.53,0.55,0.55,131419.905626,8.000023148148149,17,mid
0x9df5d1cc26fc6d1e88ea2daf204f4a076368195a0dd6dc0ffa9b3317cd214811,crypto,Will the price of Ethereum be less than $1300 on Apr 25?,<1.3k,2025-04-25 12:00:00+00:00,0,0.019,0.003,0.0045,45749.960491,6.5,14,low
0x44086f41b5231fe9d5cd364a1ad6cccd3e4387df0e05083514e048b88b42a543,econ,10-year Treasury yield >4.4% Friday?,10-year-treasury-yield-4pt4-friday-april-25,2025-04-25 12:00:00+00:00,0,0.58,0.41,0.135,146817.730168,6.5,14,mid
0xe925382e02481897ef171100d04cb6f6d1d3af0ca480c9508cdd6168af4e3fe5,econ,Will NVIDIA be the largest company in the world by market cap on April 30?,NVIDIA,2025-04-30 12:00:00+00:00,0,0.0025,0.0005,0.0005,131853.905512,30.000011574074072,61,mid
0x8f06703f4da804562fcf06cb66586b085c1481e0de836bcc244d2d4c30076428,econ,Will U.S. GDP growth be less than -2% in Q1 2025?,<-2%,2025-04-30 12:00:00+00:00,0,0.052,0.0655,0.1105,162013.207461,56.500023148148145,114,mid
0xc94d1d7d260e2d8f0e46e39f0a400aefc70414291e25f42cf349cd5ed50fd1f8,econ,Will Trump lower tariffs on EU in April? ,will-trump-lower-tariffs-on-eu-in-april,2025-04-30 12:00:00+00:00,1,0.996,0.996,0.996,207050.755481,8.0,17,high
0xb93d06094398583af003c0f2b3319e4cf2f080fb1e304aadfccbc870600751e0,econ,Will U.S. GDP growth be greater than 2% in Q1 2025?,>2%,2025-04-30 12:00:00+00:00,0,0.108,0.09,0.02,99755.99141,56.500023148148145,114,mid
0xc29eaa0479eaf9e84dd4f1dd424679c18364627abfaa56fb6a71fba796b09872,econ,Will the 10-year Treasury yield hit 4.6% in April?,4.6%,2025-04-30 12:00:00+00:00,0,0.038,0.016,0.004,160661.215226,21.5,44,mid
0xbe5219d1c82daaa110a20c0b50dae77f681f05eb43094e05ea24fe833c5ec47f,econ,Will Trump lower tariffs on China in April? ,will-trump-lower-tariffs-on-china-in-april,2025-04-30 12:00:00+00:00,1,0.9995,0.9995,0.9995,11020745.16158,12.499988425925926,26,high
0x050da4fea09cec3031752ec312689670e7a442b70fb86489cb929cffbd53b900,econ,Will the 10-year Treasury yield hit 4.5% in April?,4.5%,2025-04-30 12:00:00+00:00,0,0.032,0.015,0.004,140510.056438,21.5,44,mid
0xc2977e9fb0745aca8fd1f6b8a30f57acde9bb1b1e1b9e51d2556a096e52a04e6,econ,Will Trump remove tariff on Mexico before May?,will-trump-remove-blanket-tariff-on-mexico-before-may,2025-04-30 12:00:00+00:00,0,0.0365,0.0165,0.0145,525233.883659,87.00001157407408,175,high
0x0cdaaffebed8b3e1833db3bd4c976afd138e521431a1ef37c377fc417888bf89,econ,Negative GDP growth in Q1 2025?,negative-gdp-growth-in-q1-2025,2025-04-30 12:00:00+00:00,1,0.325,0.325,0.74,679820.848818,56.500023148148145,114,high
0x321350c1b6bfa4e31d979a794132d3dff53e6383ab7153f3e7eec400b741aa22,econ,Will Canada block Pornhub in the U.S. before May?,will-canada-block-pornhub-in-the-us-before-may,2025-04-30 12:00:00+00:00,0,0.005,0.003,0.003,416255.02079,45.500023148148145,92,high
0x1a876de176fe0841a9bc9209f275fb39c7f9613321d28176aeb82dc64058f2a1,econ,Will Google be the largest company in the world by market cap on April 30?,Google,2025-04-30 12:00:00+00:00,0,0.0005,0.0005,0.0005,1768460.135451,30.000011574074072,61,high
0x59bf9552fbb1326de216ead44e95d8356fd15905bf094d571d1b5f5f4a9ec5e0,econ,Will Apple be the largest company in the world by market cap on April 30?,Apple,2025-04-30 12:00:00+00:00,1,0.985,0.9975,0.997,321847.332801,30.000011574074072,61,high
0xff56e71c509fc0ce0ea872f9b1929bffd2530cb2e109944ffd34f48a9f918dbb,econ,Will Microsoft be the largest company in the world by market cap on April 30?,Microsoft,2025-04-30 12:00:00+00:00,0,0.01,0.0025,0.0025,241976.592844,30.000011574074072,61,high
0xb3d517559b545c25b445e274cb53d5f24f1759d804f9adeec89f26c02dcf44e2,econ,Will Trump remove 10% blanket tariff in April?,will-trump-remove-10-blanket-tariff-in-april,2025-04-30 12:00:00+00:00,0,0.018,0.015,0.0125,230846.069382,27.5,56,high
0xcf5e0951ea80fb9872ad0a942382b0da29d1e74c931f669d576065c7f34be163,econ,Will Elon Musk's net worth be less than $290b on April 30?,<$290b,2025-04-30 12:00:00+00:00,0,0.055,0.0155,0.0025,391250.570813,29.0,59,high
0xb6e892114540dad45ad54826b63f8c0e7523a52e017ba1355acc7462c3377cb6,econ,Will Trump increase tariffs on China before May?,will-trump-increase-tariffs-on-china-before-may-2025,2025-04-30 12:00:00+00:00,1,0.997,0.997,0.997,111859.973752,4.500011574074074,10,mid
0x219c11d6f896e92af5f5947f8bebb41952cc55d9b764ee4a3171c4803203ec2b,econ,Will Trump remove tariff on Canada before May?,will-trump-remove-blanket-tariff-on-canada-before-may,2025-04-30 12:00:00+00:00,0,0.024,0.0175,0.016,428394.616081,87.00001157407408,175,high
0x22ef905d2c1f47b416c783a43cf06eea3cd73732ca0ed4d021aab8423924bdb3,econ,Will Fed end QT before May?,will-fed-end-qt-before-may,2025-04-30 12:00:00+00:00,1,0.9995,0.9995,0.9995,6253067.825541,12.0,25,high
0x53a5acfebe01d8a2dd73693dc7646e8144a6c611cac2a438b69c700dd979a911,econ,Will Trump remove tariff on China before May?,will-trump-remove-blanket-tariff-on-china-before-may,2025-04-30 12:00:00+00:00,0,0.008,0.0145,0.019,227295.8068,87.00001157407408,175,high
0x56b84d278587f34c230bb09b4d615c91979e03d9ed0b0300672ad3cef1643b51,econ,Will Amazon be the largest company in the world by market cap on April 30?,Amazon,2025-04-30 12:00:00+00:00,0,0.0005,0.0005,0.0005,1718409.511903,30.000011574074072,61,high
0x669cfac096cbeeb6e07a8b7d6371552120ee6ba5bae1c4c209654068d35169d7,econ,U.S. recession before May 2025?,us-recession-announced-by-nber-before-june-2025,2025-04-30 12:00:00+00:00,0,0.006,0.002,0.0015,858547.264528,216.0000462962963,433,high
0xe779a303f378d0918cbece3ac084bec1986892abe7bb88063f704dcbc14b632e,econ,"Will Michael Saylor say ""Bitcoin"" 100+ times during the Q1 2025 Strategy earnings call?",Bitcoin 100+,2025-05-01 12:00:00+00:00,0,0.205,0.21,0.18,125974.738329,8.999988425925926,19,mid
0x3bfc7a450b6f8e1bc9ea8a896fd636cf0c632ede4d329c14998bf92a500cb846,crypto,Will the price of Ethereum be less than $1500 on May 2?,<1.5k,2025-05-02 12:00:00+00:00,0,0.0255,0.01,0.001,48106.498671,6.5,14,low
0x691719e9b070303e9cd0273d730667a45d568ad932d785ab6717bcbcbb04901f,econ,10-year Treasury yield >4.3% Friday?,10-year-treasury-yield-4pt3-friday-may-2,2025-05-02 12:00:00+00:00,1,0.42,0.06,0.195,138596.885281,6.5,14,mid
0x703bb25d8b081083d28c310dbee13ec6e216f9e4e9cb2eb6dd2ea1ab3c61dbed,econ,"Will Buffett say ""Tesla"" during May 3 Shareholders Meeting?",Tesla,2025-05-03 12:00:00+00:00,0,0.34,0.33,0.36,226935.100994,25.999988425925928,53,high
0x51cf842ccf3a4eea870293c34fbfe3b6ae650bb1a20899ef6c0891c5534ec1b3,econ,"Will Buffett say ""Recession"" 3+ times during May 3 Shareholders Meeting?",Recession 3+,2025-05-03 12:00:00+00:00,0,0.475,0.735,0.55,146941.021229,25.999988425925928,53,mid
0x7717118e7053bb94c84566f396b33d56a0b7ec16bd7ecdb0d53701d2b2b3dcc4,econ,"Will Buffett say ""Trump"" during May 3 Shareholders Meeting?",Trump,2025-05-03 12:00:00+00:00,0,0.59,0.565,0.635,184735.306293,25.999988425925928,53,mid
0x660e04d89d46a4d2a3a372bad6c82fd7a4a37e09e02816df0084dd540062deaf,econ,"Will Buffett say ""Inflation"" 4+ times during May 3 Shareholders Meeting?",Inflation 4+,2025-05-03 12:00:00+00:00,1,0.565,0.585,0.67,126469.637627,25.5,52,mid
0xc5821602b440e61665dce5dcdc0fd20153864ba185d26a13e9be80fe98bb9e97,econ,Fed decreases interest rates by 25 bps after May 2025 meeting?,25 bps decrease,2025-05-07 12:00:00+00:00,0,0.017,0.0195,0.021,21653201.774564,103.50003472222222,208,high
0xffffb2874475ae9c1e3a0e3c3c4b4e329eb3105427aa484f357bf41c5fd77c4f,econ,No change in Fed interest rates after May 2025 meeting?,No change,2025-05-07 12:00:00+00:00,1,0.981,0.9795,0.9785,20629387.641397,103.50003472222222,208,high
0x10bb455936cf8f22777bdb8d3a1b97760cae2215d60c15001c5d252c0f26478e,econ,Fed decreases interest rates by 50+ bps after May 2025 meeting?,50+ bps decrease,2025-05-07 12:00:00+00:00,0,0.0015,0.0015,0.002,22089574.500042,103.50003472222222,208,high
0xbf1e237a1e8cbf9c0b454dc984f5dc789f57f85b077a6a7383489b00b75dc4af,econ,Fed increases interest rates by 25+ bps after May 2025 meeting?,25+ bps increase,2025-05-07 12:00:00+00:00,0,0.0005,0.0005,0.0005,24000661.535559,103.50003472222222,208,high
0x8b86a8d9a88e088a2c99dd3ef8fe8d9343c12ab89c24119b59cb94f1fe31271b,econ,Will egg prices be between $5.00 and $5.25 in April?,$5.00-5.25,2025-05-13 12:00:00+00:00,1,0.235,0.17,0.24,184381.922521,32.500023148148145,66,mid
0xbaa16aa187fa6b693f9f0b491f83df55e81b1252cdcd8c8d641f20fa0e8259f7,econ,Will egg prices be more than $6.25 in April?,Above $6.25,2025-05-13 12:00:00+00:00,0,0.0275,0.0475,0.0265,149193.550405,32.500023148148145,66,mid
0x53f8d98d09f37ef49c0e26c1a9e74432b4093bafa1b204f51c724e13cef20459,econ,Will annual inflation increase by 2.4% in April?,2.4%,2025-05-13 12:00:00+00:00,0,0.34,0.325,0.365,249690.303175,32.500023148148145,66,high
0xd93a765102baec5f5399b160a821ec455e7e0f2440be5e44add98ca0fc02e108,econ,Will annual inflation increase by 2.3% or less in April?,≤2.3%,2025-05-13 12:00:00+00:00,1,0.425,0.455,0.495,610442.308284,32.500023148148145,66,high
0xb88eb37d6b21753750ce1e1271b4ef674b7fe0fdd8878f3e42503cec6e434d11,econ,Will egg prices be between $6.00 and $6.25 in April?,$6.00-6.25,2025-05-13 12:00:00+00:00,0,0.0475,0.0945,0.065,106077.347798,32.500023148148145,66,mid
0xf5fad79ceea451c31eb11bf38c71437df2c741d81a3fdbf23bec8126021f1aca,econ,Will annual inflation increase by 2.7% or more in April?,≥2.7%,2025-05-13 12:00:00+00:00,0,0.03,0.0095,0.0125,100315.368767,32.500023148148145,66,mid
0x092b62f2d6420f0d599f99260c79e4ca0a7f247c5484ac1cf475932a17794294,econ,Will egg prices be less than $4.75 in April?,Below $4.75,2025-05-13 12:00:00+00:00,0,0.0435,0.025,0.033,120601.335637,32.500023148148145,66,mid
0xc3f219ebad6af9000ed3bd74c79c0d8b24fb4b47cb2614b4b4a02b810505a837,econ,Will egg prices be between $5.25 and $5.50 in April?,$5.25-5.50,2025-05-13 12:00:00+00:00,0,0.31,0.325,0.31,127468.670404,32.500023148148145,66,mid
0x1bd048df857bd05875799aff88b2bd1d3bfa37a2a43a8da75436e3ee424d18de,crypto,Will the price of Solana be greater than $200 on May 30?,>200,2025-05-30 12:00:00+00:00,0,0.06,0.026,0.004,45584.932496,6.5,14,low
0xa6658afc37e5479fdf54f6a43c2fce50c9acc72aae9762e23f9d871912ac8a15,econ,Will Microsoft be the largest company in the world by market cap on May 31?,Microsoft,2025-05-31 12:00:00+00:00,1,0.64,0.815,0.995,747848.46192,31.500011574074072,64,high
0xa727bd8b58e2f2fc939bb6acbeaa02bda6c67cff49a3f7111b917dd051dd5719,econ,Will Google be the largest company in the world by market cap on May 31?,Google,2025-05-31 12:00:00+00:00,0,0.0005,0.0005,0.0005,179992.011999,32.00001157407407,65,mid
0x5b19d6a105406505627e0a825ad4f0818e823953230a01fe0c5a0ab2a2d3ef09,econ,"Will Gold hit $3,600 before June?",will-gold-hit-3600-before-june,2025-05-31 12:00:00+00:00,0,0.015,0.005,0.002,300909.379662,39.0,79,high
0xa0d3bb1f659aff929f67eb3bf413e7e7d50894881f3e7945a61d6b8b1e94a8d2,econ,Will Apple be the largest company in the world by market cap on May 31?,Apple,2025-05-31 12:00:00+00:00,0,0.0025,0.0005,0.0005,302799.462973,32.00001157407407,65,high
0xb873c8473b99bf2d456a28c500a60b055a7fe0294a05bae87a628ffc68525fe0,crypto,Will XRP reach $2.50 in May?,$2.50,2025-05-31 12:00:00+00:00,1,0.9,0.9,0.9,46098.849315,11.5,24,low
0x9e0d7d67a964c30c598770af8111e547bbbc50fc079de4edf3a9aee62166bf40,econ,Will Trump reduce or pause tariffs on the European Union before June?,European Union,2025-05-31 12:00:00+00:00,1,0.885,0.885,0.885,164384.947522,6.500011574074074,14,mid
0x5c5d8fb514510350791c3389a89bcf73922279a2eeb717fcf71af4ad11a0a951,econ,Will Amazon be the largest company in the world by market cap on May 31?,Amazon,2025-05-31 12:00:00+00:00,0,0.0005,0.001,0.0005,175179.452118,31.500011574074072,64,mid
0xa4a9e7e3fe8d845e25449e9fd7ce4b3e31b4479298e5fb47e0bfa725470a21d5,econ,Will Trump reduce or pause tariffs on China before June?,China,2025-05-31 12:00:00+00:00,1,0.665,0.665,0.665,131979.589297,8.5,18,mid
0xb7ad06db4383aeccf99329bc835ccd87cb9cde8b1107727e9376a03a99185ac2,econ,Will Trump reduce or pause tariffs on Vietnam before June?,Vietnam,2025-05-31 12:00:00+00:00,1,0.885,0.885,0.885,243684.26826,6.500011574074074,14,high
0xa03d31fdfff32bdd06515319e930952d055a80563832ff2e6a12a603c85a29f3,econ,Will Trump try and fire Powell before June?,will-trump-try-and-fire-powell-before-june,2025-05-31 12:00:00+00:00,0,0.0035,0.0035,0.0015,618441.516234,53.00001157407407,107,high
0xed9b1464b36b9ba172b8d4d069ead20590653d84920309f86e2dca201a7d8a8d,econ,Will NVIDIA be the largest company in the world by market cap on May 31?,NVIDIA,2025-05-31 12:00:00+00:00,0,0.36,0.176,0.001,714814.373819,32.00001157407407,65,high
0x0f0ac6d5a5e38f462360666bca837c6ff9fc586a6e28ad3fa64b88c113d98912,econ,Nothing Ever Happens: May,nothing-ever-happens-may,2025-05-31 12:00:00+00:00,1,0.974,0.989,0.9915,275783.179404,36.00001157407407,73,high
0x837999ac0f7b37d3ebe8fb17fee9f5876648b43ffd0ce2067aeba138496b40fc,econ,Will Trump reduce or pause tariffs on Laos before June?,Laos,2025-05-31 12:00:00+00:00,1,0.95,0.95,0.95,183526.505592,6.500011574074074,14,mid
0x393cb491de3f15a15ff2dc61197f49a74f107eb4a8cd2cd57c022a391c7d49f0,econ,Will Elon Musk's net worth be less than $310b on May 31?,<$310b,2025-05-31 12:00:00+00:00,0,0.003,0.0095,0.001,210350.858982,32.00001157407407,65,high
0xa757b564604c0abb02fcaf167d93130fe635c223021bfe9d6b95433ab8347d55,econ,US-China trade deal before June?,us-china-trade-deal-before-june,2025-05-31 12:00:00+00:00,1,0.88,0.88,0.88,3453588.244085,33.0,67,high
0x3a6adb69595f6af637992ef0e9de9e77e11cd1d47c01cce81a66d68123cc8b90,econ,Will the ECB announce no change at the June meeting?,No Change,2025-06-05 12:00:00+00:00,0,0.016,0.013,0.0055,293871.393808,48.500023148148145,98,high
0xcd0f19ab3df36a9a719d9075ddd86c2fad3ab5790a144a923e08b88301dc78e8,econ,Will the ECB announce a 25 bps decrease at the June meeting?,25 bps decrease,2025-06-05 12:00:00+00:00,1,0.982,0.9855,0.9885,225666.626968,48.500023148148145,98,high
0x72b121995c8846e275f299aa7ec499d62ec78b0f685e1d897eec19cf916034de,econ,Will the ECB announce a 50+ bps decrease at the June meeting?,50+ bps decrease,2025-06-05 12:00:00+00:00,0,0.004,0.0025,0.0025,246207.830483,48.500023148148145,98,high
0xe176ffddd32ed9a0c7a6df61c8c65efc2c53c578244f6e683e14d5f940be36de,econ,Will the ECB announce an increase at the June meeting?,Increase,2025-06-05 12:00:00+00:00,0,0.001,0.0005,0.001,207750.334068,48.500023148148145,98,high
0xd079e212d412aba9cb264874514b5de9821fbb7c9ed1df22fef9894a9774212f,econ,Will the May 2025 unemployment rate be 4.2%?,4.2%,2025-06-06 12:00:00+00:00,1,0.355,0.365,0.455,100947.482222,34.5,70,mid
0xf52abc6b0c64499ff4815f09e6c84d3e3e253e0bdf5c329ee59ff06c89366190,crypto,"Bitcoin Up or Down - June 9, 10 PM ET",bitcoin-up-or-down-june-9-10-pm-et,2025-06-10 03:00:00+00:00,0,0.5,0.5,0.5,48914.059761,2.9999884259259257,7,low
0x44a3163ee32faf85e2bd51f0f98f2fc756c568769c6d1754d42570364d23aebb,crypto,"Bitcoin Up or Down - June 10, 3 PM ET",bitcoin-up-or-down-june-10-3-pm-et,2025-06-10 20:00:00+00:00,1,0.5,0.5,0.5,47234.764176,3.5,8,low
0xab09e4c22085672370a0cb23820cd06845e7f946ae42ed47165f4f33887f698c,crypto,"Bitcoin Up or Down - June 10, 4 PM ET",bitcoin-up-or-down-june-10-4-pm-et-547,2025-06-10 21:00:00+00:00,1,0.5,0.5,0.5,48342.887576,3.5,8,low
0x0949a4f5f70803a9d336c3be23b0f1bcc3095ced6fbe831a91940c9060c1719f,econ,Will monthly inflation increase by 0.1% in May?,0.1%,2025-06-11 12:00:00+00:00,1,0.325,0.475,0.385,266648.794195,28.5,58,high
0x36fbe9c1660fca7b6b4eec3c439740ed67a01ba9894309135ccfdd21ec3858b8,econ,Will annual inflation increase by 2.2% or less in May?,≤2.2%,2025-06-11 12:00:00+00:00,0,0.064,0.033,0.0525,235529.634515,28.5,58,high
0x238b7e71d49b3d337428480e53db2eca380e1213e6010e9f98fc7e8123f7213a,econ,Will a dozen eggs be between $4.50-4.75 in May?,$4.50-4.75,2025-06-11 12:00:00+00:00,1,0.19,0.155,0.13,112531.72604,27.5,56,mid
0x4770749e98a9fe48fc3a2c8a4b197e0a29e91c66c2533a642032408249cafe9c,econ,Will annual inflation increase by 2.4% in May?,2.4%,2025-06-11 12:00:00+00:00,1,0.395,0.46,0.52,105109.097849,28.5,58,mid
0x289e98b6fb7af1a4ecc99951d570c72c3364629c1ccf20fbd06d6541ebe3911c,econ,Will annual inflation increase by 2.6% or more in May?,≥2.6%,2025-06-11 12:00:00+00:00,0,0.105,0.065,0.087,117930.795518,28.5,58,mid
0x7dcfeeeecc95b81ad350cf53610fd3263035ba4dd54e23a01ea95dc697e9aba3,econ,Will monthly inflation increase by 0.2% in May?,0.2%,2025-06-11 12:00:00+00:00,0,0.485,0.39,0.405,342438.210791,28.5,58,high
0xffeb171eb93b83e830c967453462c69bb484134c1530dde0f88552e26150ac3e,econ,Will annual inflation increase by 2.3% in May?,2.3%,2025-06-11 12:00:00+00:00,0,0.1415,0.1525,0.14,127867.555295,28.5,58,mid
0x612c8e41ffed35ff1a6bb72acccaf4b3c11824715e09f2f65a7a959ca88284df,econ,Will annual inflation increase by 2.5% in May?,2.5%,2025-06-11 12:00:00+00:00,0,0.315,0.285,0.23,304633.105943,28.5,58,high
0xee3a389d0c1345900a200d0d11d241bd30bc05a6c761d69b741a967bf98830d2,econ,Will a dozen eggs be below $4.50 in May?,Below $4.50,2025-06-11 12:00:00+00:00,0,0.785,0.785,0.865,187223.835616,27.5,56,mid
0x21bdc19b28525d98572cde99018479202d5fbb81d40d308778fa455eb5500092,crypto,Will the price of Solana be less than $130 on June 13?,<130,2025-06-13 16:00:00+00:00,0,0.016,0.0025,0.0145,46834.80856,6.500011574074074,14,low
0x5b0fdd6cbc976acc748f11c5f25c19f15340f903dc2a6038cca0a4d596a2ae1b,crypto,"Bitcoin Up or Down - June 16, 10 PM ET",bitcoin-up-or-down-june-16-10-pm-et,2025-06-17 03:00:00+00:00,1,0.5,0.5,0.5,48192.663319,3.0,7,low
0x6d29613b298f6b17658cb7736fa954f4df76c7824d5bfec6c496a03280e2cb48,crypto,"Ethereum Up or Down - June 17, 3 AM ET",ethereum-up-or-down-june-17-3-am-et,2025-06-17 08:00:00+00:00,1,0.5,0.5,0.5,47026.297814,3.0,7,low
0xe320e373ffff89e2756e0bea925ecd3f76d0f896f8f91dca30b4030c0380f979,crypto,XRP Up or Down on June 17?,xrp-up-or-down-on-june-17,2025-06-17 16:00:00+00:00,0,0.5,0.5,0.205,45156.131815,3.999976851851852,9,low
0xf3ef080b0699c61efceb625433b55912473ffba94c174125dd0f7658d6f353ef,econ,"Will Powell say ""Inflation"" 60+ times during June Press Conference?",Inflation 60+,2025-06-18 12:00:00+00:00,0,0.315,0.305,0.335,212152.434245,36.50001157407407,74,high
0xbb3b33ea2a3595cad0464b380db54055121fc170380c25f992e61d6d0ef859ff,econ,"Will Powell say ""Obvious"" during June Press Conference?",Obvious,2025-06-18 12:00:00+00:00,0,0.52,0.43,0.475,216279.715682,36.50001157407407,74,high
0xc623f0782fbbfb9076a89950bbf96c10d3e19974a627fcdbce56613f25ebbf8b,econ,"Will Powell say ""Good Afternoon"" during June Press Conference?",Good Afternoon,2025-06-18 12:00:00+00:00,1,0.9755,0.976,0.957,283569.462943,36.50001157407407,74,high
0x3a92a26ce837b361bd044acc2c0b81346ad66e9a891fc5ad27b9a35e6701c6e7,econ,Fed increases interest rates by 25+ bps after June 2025 meeting?,25+ bps increase,2025-06-18 12:00:00+00:00,0,0.0005,0.0005,0.0005,26912558.981079,131.00001157407408,263,high
0x52e49103a4f3382e2d6065a179249a33872386885d926c5bac3c36cb4b83997d,econ,"Will Powell say ""China"" during June Press Conference?",China,2025-06-18 12:00:00+00:00,0,0.36,0.345,0.345,174759.551979,36.50001157407407,74,mid
0x834a4109dbd18f97695e4858b3a18d21fff19bc2dc7c055f18b96843ac1de17b,econ,Fed decreases interest rates by 50+ bps after June 2025 meeting?,50+ bps decrease,2025-06-18 12:00:00+00:00,0,0.0055,0.0035,0.003,29564378.908894,131.00001157407408,263,high
0xffdd774123c13df21ce755bfd4f65bde47a74f1377ea73c8b130d84c59831173,econ,No change in Fed interest rates after June 2025 meeting?,No change,2025-06-18 12:00:00+00:00,1,0.973,0.9775,0.9835,28071372.791282,131.00001157407408,263,high
0x1ffce6a1a34fb4c009b4d40a85ab26d98428116fc23980dfa19d4fe00acb5fc1,econ,"Will Powell say ""Tariff"" 15+ times during June Press Conference?",Tariff 15+,2025-06-18 12:00:00+00:00,1,0.46,0.41,0.4,161356.417994,36.50001157407407,74,mid
0xf2b37b517820dde52edf9e99f057c6826e0417058a7ccb075d21926ef29c81ee,econ,"Will Powell say ""Inflation"" 50+ times during June Press Conference?",Inflation 50+,2025-06-18 12:00:00+00:00,0,0.4,0.41,0.46,306263.902992,36.50001157407407,74,high
0x20d409df16760edeafc0f28dba351678cd84733bc8b217cd5556c25a48b11b64,econ,Fed rate cut by June meeting?,fed-rate-cut-by-june-meeting,2025-06-18 12:00:00+00:00,0,0.0305,0.0235,0.024,344406.367861,71.50001157407408,144,high
0x8f9e0a5f2a94d8dcb4e6b10519b8bf2032c555433027bf0015439b8f0fa18467,econ,"Will Powell say ""Downbeat"" during June Press Conference?",Downbeat,2025-06-18 12:00:00+00:00,0,0.4,0.325,0.38,170203.624228,36.50001157407407,74,mid
0x872c8e9a4e4808a2ab714c267bd8a93f63cb739c853d7e4de2b42009e73f9b3f,econ,Fed decreases interest rates by 25 bps after June 2025 meeting?,25 bps decrease,2025-06-18 12:00:00+00:00,0,0.023,0.0205,0.015,22347675.300958,131.00001157407408,263,high
0xa864970637119a0bd5033afd3347fcf4998578831e1fcae13c47a26e1c8ba960,econ,"Will Powell say ""Judge"" during June Press Conference?",Judge,2025-06-18 12:00:00+00:00,0,0.54,0.47,0.43,3581540.719737,41.00001157407407,83,high
0x676a8ffc7aa4d286f7746c522ec75ee2fa177414204228341824dbd2ca389088,crypto,Will the price of Solana be between $130 and $140 on June 20?,130-140,2025-06-20 16:00:00+00:00,0,0.13,0.18,0.08,45749.958446,6.5,14,low
0x04b5648b79d978cac2622b8cd8cb23b6e3f978ea6d58a15587fe76e6332e9c78,crypto,"Bitcoin Up or Down - June 24, 1PM ET",bitcoin-up-or-down-june-24-1pm-et,2025-06-24 18:00:00+00:00,0,0.5,0.5,0.5,48681.952877,3.499976851851852,8,low
0x85c7ac801c33e632d4d71cf4999ebced0dc2f53f7b349b805248c8c819f35f55,crypto,Will the price of Solana be greater than $150 on June 27?,>150,2025-06-27 16:00:00+00:00,0,0.315,0.155,0.0155,49102.681594,6.5,14,low
0xba2f57c8188616f5d21c4a7aaa5c4700900c9df395e85a202c156f9f45ea848e,econ,Will Amazon be the largest company in the world by market cap on June 30?,Amazon,2025-06-30 12:00:00+00:00,0,0.0005,0.0005,0.0005,241352.145828,33.50001157407407,68,high
0x134bc0bb11dd106662b5d8412bbc404548891e34b6b019a1da19c26b23dda475,econ,US 10Y Treasury yield above 5% by June 30?,us-10y-treasury-yield-above-5-by-june-30,2025-06-30 12:00:00+00:00,0,0.0065,0.002,0.002,1477145.974802,183.5000462962963,368,high
0x52dde4a6bf4493e06461504e2651dc090b0e11bcdc6d486f727b0272d8e8880e,econ,Will US GDP growth in Q2 2025 be greater than 2%?,>2%,2025-06-30 12:00:00+00:00,1,0.7,0.66,0.665,586031.718861,90.50003472222222,182,high
0x54ae26e70d2ace6369d22d3ea51610a780de3ad0f251fc9f3f1b640520ec69ea,econ,Will Google have the top AI model on June 30?,Google,2025-06-30 12:00:00+00:00,1,0.9545,0.99,0.994,906675.506778,180.5000347222222,362,high
0x4becea47e17b95639cbbdbe31cd968d129823be89249c2b09b911c7333772b57,econ,Will xAI have the top AI model on June 30?,xAI,2025-06-30 12:00:00+00:00,0,0.0315,0.0015,0.0015,773957.584015,180.5000347222222,362,high
0x056922c3d59d4bc1e9897635dba92a7bb9d49418b5ab3681aaeff3b96e996749,econ,Will US GDP growth in Q2 2025 be between -1% and -2%?,-1-(-2%),2025-06-30 12:00:00+00:00,0,0.004,0.0135,0.0165,274453.259876,90.50003472222222,182,high
0x9179d7a449f793cfd23ab12d3913f012877d05dfc1d57901cb4d8cb5bb97d7ed,econ,Will OpenAI have the top AI model on June 30?,OpenAI,2025-06-30 12:00:00+00:00,0,0.0055,0.005,0.0055,603447.631466,180.5000347222222,362,high
0x1567abf0b9cb1bde9fe5f148548fc33fa107861b6ad6c6248792ec4d50178805,econ,Will US GDP growth in Q2 2025 be between 2% and 1%?,2-1%,2025-06-30 12:00:00+00:00,0,0.215,0.245,0.255,221593.69101,90.50003472222222,182,high
0x9ad13f0c9179df9814590dfbb723274883a0e84eeb514a4bf78141f7c2a0c43e,econ,Nothing Ever Happens: June,nothing-ever-happens-june,2025-06-30 12:00:00+00:00,0,0.185,0.185,0.185,598553.230937,14.0,29,high
0xe81eca5d2505c0898a5b7bf40b94d59c632b2b23e3038fdf38a3d98a5282c47b,econ,Will Microsoft be the largest company in the world by market cap on June 30?,Microsoft,2025-06-30 12:00:00+00:00,0,0.12,0.0245,0.027,467395.355311,33.50001157407407,68,high
0xdd9ef0d63585635fadb407fa671aa6f3e3c7b7288085f9ba47894255aeab9851,econ,Will Apple be the largest company in the world by market cap on June 30?,Apple,2025-06-30 12:00:00+00:00,0,0.001,0.0015,0.0005,190089.634969,33.50001157407407,68,mid
0x74986103eaffbd5504c896eee1075dd68746b367f8b33483ca0fd323247780da,econ,Will Google be the largest company in the world by market cap on June 30?,Google,2025-06-30 12:00:00+00:00,0,0.0005,0.001,0.001,286679.094395,33.50001157407407,68,high
0x7e964d8edfe37d013acc7ced33feb0bbbe55ac30847a74e9bf85b8e083dd49f3,econ,Will US GDP growth in Q2 2025 be between 1% and 0%?,1-0%,2025-06-30 12:00:00+00:00,0,0.0565,0.053,0.0535,303645.559549,90.50003472222222,182,high
0x9c0376d7567e477376b557c4cf94a165c5bb6fb41439bac94d26339979e8f00b,econ,Will Trump remove 10% blanket tariff before July?,will-trump-remove-10-blanket-tariff-before-july,2025-06-30 12:00:00+00:00,0,0.0135,0.0125,0.006,163440.695651,84.00002314814814,169,mid
0x7e13dc6f11e4ee850d374741aef5ad2b5accbee90ce5f510339f765885547aca,econ,Will Trump remove carried interest loophole before July?,will-trump-remove-carried-interest-loophole-before-july,2025-06-30 12:00:00+00:00,0,0.009,0.0055,0.005,160418.129154,142.5000347222222,286,mid
0xd40a952afb5e78600bc4e41a1587a1f18fe40c803edc5d4a7d5de76ff8660ec2,econ,Will Anthropic have the top AI model on June 30?,Anthropic,2025-06-30 12:00:00+00:00,0,0.0005,0.002,0.001,554352.149196,180.5000347222222,362,high
0x49d2d87a7f644253cc87994ac6cf9420c4d5950f323aafeddf1f4a4dac760631,econ,Elon no longer world's richest before July?,elon-no-longer-worlds-richest-before-july,2025-06-30 12:00:00+00:00,0,0.006,0.002,0.0035,349603.583894,112.00002314814814,225,high
0x67d0872435cb3ed0e7c135e24fdba3926477f78e603bc3dd9d4877095825a5f1,econ,Will US GDP growth in Q2 2025 be less than 2%?,<-2%,2025-06-30 12:00:00+00:00,0,0.004,0.0075,0.0055,257405.343955,90.50003472222222,182,high
0x0077857a1825c2e441cb0d8e4259ed6d1ff97c68ea1d5b5dec16bb67182a5725,econ,Will US GDP growth in Q2 2025 be between 0% and -1%?,0-(-1%),2025-06-30 12:00:00+00:00,0,0.0205,0.0175,0.0155,453181.221211,90.50003472222222,182,high
0x3642c7a7c9ac737ee35be2ffa14c0f91a928b22544219576a020ba72d4ac8d22,econ,Will Alibaba have the top AI model on June 30?,Alibaba,2025-06-30 12:00:00+00:00,0,0.0005,0.003,0.001,378794.405815,151.50002314814816,304,high
0xee17b7fabdd5cfda111e4d80924c9531befb688c65798cf87b54128f3d3ac643,econ,Will DeepSeek have the top AI model on June 30?,DeepSeek,2025-06-30 12:00:00+00:00,0,0.0005,0.0015,0.0005,403615.826266,180.5000347222222,362,high
0x1f98a080398d5270dfaca4ef2683c41739626acf931e9d928da8a184b85f628b,econ,Will another company be the largest in the world by market cap on June 30?,Other,2025-06-30 12:00:00+00:00,0,0.0005,0.001,0.0015,136415.147865,33.50001157407407,68,mid
0xe5a28f65b1bce59346b567907974eb46549a997464168b3b27cc2bbcf4d4e2d5,econ,Will NVIDIA be the largest company in the world by market cap on June 30?,NVIDIA,2025-06-30 12:00:00+00:00,1,0.88,0.9715,0.972,415094.201179,33.50001157407407,68,high
0x90e9bd2ed27e7cec4c3fb8d02f5dfcce98ec7b3ffca859a7780a41cf7316fb3d,econ,Will Kanye West release an album before July?,will-kanye-west-release-an-album-before-july,2025-06-30 12:00:00+00:00,1,0.805,0.805,0.805,410497.527282,41.50001157407407,84,high
0x036a71a3568a20671a9e23be5b546d1783c79e376d9add24e2d239c56697d3f1,crypto,"Bitcoin Up or Down - June 30, 10PM ET",bitcoin-up-or-down-june-30-10pm-et,2025-07-01 03:00:00+00:00,0,0.5,0.5,0.5,47290.329308,3.0000115740740743,7,low
0x62c24958aa3eedd654d0bb2aa59d756f1dcfa06ff2ba2c3283595021d66b10ef,crypto,Will XRP reach $2.2 in June?,$2.2,2025-07-01 04:00:00+00:00,1,0.982,0.982,0.982,47829.707852,2.0,5,low
0x2d5277734d01f542680c5825b99c31671680c993c4393febe666b305c68eade6,crypto,"Bitcoin Up or Down - June 30, 11PM ET",bitcoin-up-or-down-june-30-11pm-et,2025-07-01 04:00:00+00:00,1,0.5,0.5,0.5,47804.041982,3.0000115740740743,7,low
0x0e936a723098e0527fdf0de7dbdc0987240d50218ff26691e457bbff8c0662f2,crypto,"Bitcoin Up or Down - July 8, 12AM ET",bitcoin-up-or-down-july-8-12am-et,2025-07-08 05:00:00+00:00,1,0.5,0.5,0.5,45202.18068,3.0,7,low
0x58f96caedc78752b1b3725dc7274672160d32c6fa6ddf41850b3be9a3e03ec91,crypto,"Bitcoin Up or Down - July 8, 4AM ET",bitcoin-up-or-down-july-8-4am-et,2025-07-08 09:00:00+00:00,0,0.5,0.5,0.5,47170.105818,3.0,7,low
0x38ecd10a44ac0ac7adb8284fa48ca74152ba5eb5cf04ff56523eee4e3eb0c428,crypto,"Bitcoin Up or Down - July 8, 11AM ET",bitcoin-up-or-down-july-8-11am-et,2025-07-08 16:00:00+00:00,0,0.5,0.5,0.5,46293.773088,3.4999884259259257,8,low
0xc7a62f985c552a373e9c50c9d9d23ab55f25d4d023f4aec357a663599429a585,crypto,"Bitcoin Up or Down - July 8, 9PM ET",bitcoin-up-or-down-july-8-9pm-et,2025-07-09 02:00:00+00:00,0,0.5,0.5,0.5,47850.427048,3.9999884259259257,9,low
0x4548cde1dc216c3d3aa7c1cb1a0fe400c91aa9e9685a7664bf27f6b801a891a5,crypto,Will the price of Ethereum be less than $2200 on July 9?,<2200,2025-07-09 16:00:00+00:00,0,0.0225,0.011,0.0025,46035.715625,7.500011574074074,16,low
0x699ff1813f45e2a75ac0e99528a22db6874b697236ea82ba87496e59a4bfe876,crypto,"Bitcoin Up or Down - July 14, 10AM ET",bitcoin-up-or-down-july-14-10am-et,2025-07-14 15:00:00+00:00,0,0.5,0.5,0.5,48171.936187,2.999976851851852,7,low
0xb92247c25f6d36496ff32f96f9a09903993776bb11660dea8758632370d9e5c2,crypto,Will the price of Ethereum be less than $2400 on July 14?,<2400,2025-07-14 16:00:00+00:00,0,0.008,0.0035,0.0005,47719.614798,7.0,15,low
0x2d2170d58575d9f292342dc6d628716ca0369ea4200ce721a7cdc8b4405ff309,econ,Will monthly inflation increase by 0.0% or less in June?,≤0.0%,2025-07-15 12:30:00+00:00,0,0.027,0.0135,0.0265,179415.110172,33.50001157407407,68,mid
0xbcb78a2d2e815d1b3380ffbc580c02c9c9363d2fe69437d45ad2a26fe10a16d8,econ,Will annual inflation increase by 2.3% in June?,2.3%,2025-07-15 12:30:00+00:00,0,0.0035,0.0045,0.007,102081.37773,33.50001157407407,68,mid
0x9293c57558b5ff9b9e7c1a5ae14c2f2d21dc9dd6758f040929a61598dcf53637,econ,Will annual inflation increase by 2.4% in June?,2.4%,2025-07-15 12:30:00+00:00,0,0.04,0.031,0.035,111562.556013,33.50001157407407,68,mid
0x84356d5bc0f4ab25e70869ace61e562219d9bfdbd57773f6591c74e085388778,econ,Will monthly inflation increase by 0.2% in June?,0.2%,2025-07-15 12:30:00+00:00,0,0.445,0.485,0.39,151040.161657,33.50001157407407,68,mid
0x2420008d1b5e9f6a8048a6499c090e035678baa4f963793033af3aa05ad8d145,econ,Will monthly inflation increase by 0.1% in June?,0.1%,2025-07-15 12:30:00+00:00,0,0.1055,0.093,0.1405,165001.23982,33.50001157407407,68,mid
0xb2d7cbed366ad8d308771f07b80c5786925b2ff96227aa3406dc045816764d37,econ,Will monthly inflation increase by 0.3% in June?,0.3%,2025-07-15 12:30:00+00:00,1,0.34,0.325,0.375,172692.687228,33.50001157407407,68,mid
0x1a6a1200a90568609a23a428e0688057cb25d0212638aef192be1689cc2f6f81,econ,Will monthly inflation increase by 0.4% or more in June?,≥0.4%,2025-07-15 12:30:00+00:00,0,0.1,0.065,0.105,179843.15505,33.50001157407407,68,mid
0xa9868cc96fc4f4a3754f1af1cd4210e7e43e8d3d8e75617dd1af1ca77b4e5e3b,econ,Will annual inflation increase by 2.6% or more in June?,≥2.6%,2025-07-15 12:30:00+00:00,1,0.72,0.71,0.675,186674.380591,33.50001157407407,68,mid
0xca77bfe0d096352de93eaf2cb89192b46141268bb71a5f2acf7f0adfe0354ea1,econ,Will annual inflation increase by 2.2% or less in June?,≤2.2%,2025-07-15 12:30:00+00:00,0,0.005,0.003,0.005,122956.587476,33.50001157407407,68,mid
0x8dc68e8317b1f41d4a3c0d4f8bb77d6238f2fe85b0d634c429c458fc6717246f,crypto,"Bitcoin Up or Down - July 15, 1PM ET",bitcoin-up-or-down-july-15-1pm-et,2025-07-15 18:00:00+00:00,1,0.5,0.5,0.5,47856.194837,3.9999884259259257,9,low
0x878dd0184f88cb7ca46bfcf900cea87d559c62b646dba4a4f9050685f6398325,crypto,"Bitcoin Up or Down - July 15, 3PM ET",bitcoin-up-or-down-july-15-3pm-et,2025-07-15 20:00:00+00:00,0,0.5,0.5,0.5,45372.396574,3.9999884259259257,9,low
0xde3e869c2d1c21fc75b8c098935a7f492b4d4f1c523df7a1f0f356eada06639a,crypto,"Bitcoin Up or Down - July 15, 6PM ET",bitcoin-up-or-down-july-15-6pm-et,2025-07-15 23:00:00+00:00,1,0.5,0.5,0.5,44841.206993,4.499988425925926,10,low
0x68fa4c16b4f668148f6810f3c92cb0aef7d5ccd32e2bad3807829efa8effd54b,crypto,"Bitcoin Up or Down - July 15, 11PM ET",bitcoin-up-or-down-july-15-11pm-et,2025-07-16 04:00:00+00:00,1,0.5,0.5,0.5,45146.245017,4.499988425925926,10,low
0xf26cb01558fc8cc24df101fc070f784ed84ffee695ca4e0a818c6e4633c7b37f,crypto,"Ethereum Up or Down - July 21, 5PM ET",ethereum-up-or-down-july-21-5pm-et,2025-07-21 22:00:00+00:00,0,0.5,0.5,0.5,46237.264128,2.9999884259259257,7,low
0xa9df8cb57998f678946e75aceb5bb88b6eeb7e6e0f57e6f5833648449548c02b,crypto,"Ethereum Up or Down - July 21, 7PM ET",ethereum-up-or-down-july-21-7pm-et,2025-07-22 00:00:00+00:00,1,0.5,0.5,0.5,49120.973124,3.5000115740740743,8,low
0xc574c2284fa8460c97628a20e30705ffb0641bdec1ba6c177fcdc6cbcadcf219,crypto,"Bitcoin Up or Down - July 22, 12AM ET",bitcoin-up-or-down-july-22-12am-et,2025-07-22 05:00:00+00:00,0,0.5,0.5,0.495,47646.823146,3.0,7,low
0x717ac9fb8bf4543c037a3ab31744a39aa74fb51e3a9a7a1fadf5f1276bbda901,crypto,"Bitcoin Up or Down - July 22, 7PM ET",bitcoin-up-or-down-july-22-7pm-et,2025-07-23 00:00:00+00:00,1,0.5,0.5,0.5,47341.29901,4.0,9,low
0x2553c3b402f73debde0b543e96bbfbce0f42195d9dbbbfe8b6946485ab0bd724,crypto,"XRP Up or Down - July 22, 9PM ET",xrp-up-or-down-july-22-9pm-et,2025-07-23 02:00:00+00:00,0,0.5,0.5,0.5,45343.53047,4.500011574074074,10,low
0x410e0b155324669e4fa96879f4e5682bdd816a9b212a3ecf64252f0c0cc51516,crypto,Will the price of Ethereum be between $3300 and $3400 on July 23?,3300–3400,2025-07-23 16:00:00+00:00,0,0.045,0.012,0.006,45036.424207,6.500011574074074,14,low
0xd920de24307b1a9855de7d4e9b52014844310e1e0f7211a551a5a64cc1ecc702,econ,Will the ECB announce no change at the July meeting?,No change,2025-07-24 12:00:00+00:00,1,0.9515,0.954,0.9695,480241.815374,44.000023148148145,89,high
0x28363d9c0f5ac1676d2203d2e546b9426162898d7895097eb98728bbe86b9669,econ,Will the ECB announce a 50+ bps decrease at the July meeting?,50+ bps decrease,2025-07-24 12:00:00+00:00,0,0.001,0.0005,0.0005,114860.624616,44.000023148148145,89,mid
0xcae372f8ae7dc24db21e88fa0dc65bbaf420f61f2e358255e389a5ec3e4dbe1b,econ,Will the ECB announce a 25 bps decrease at the July meeting?,25 bps decrease,2025-07-24 12:00:00+00:00,0,0.04,0.044,0.027,258526.241573,44.000023148148145,89,high
0x88e5209a2b19c4fc1ddf7c6949aeab96bb0aa8ff842c6c71edb61394470c5f87,crypto,Will Ethereum reach $4200 July 21–27?,↑ 4200,2025-07-28 04:00:00+00:00,0,0.0405,0.006,0.0055,46641.538302,6.0,13,low
0x46f614ece0440f082c1bc7198bba13fb9a36a79055e2e194f1940fc7080ea63d,crypto,Will Solana dip to $180 July 21–27?,↓ 180,2025-07-28 04:00:00+00:00,1,0.535,0.535,0.535,46757.25112,2.0,5,low
0x8d3f4016981f833ecc50e15bd5b10a5bb02cec9454be536d1650e7e77455b3af,crypto,Will Ethereum dip to $3300 July 21–27?,↓ 3300,2025-07-28 04:00:00+00:00,0,0.069,0.0045,0.0035,49744.304245,6.0,13,low
0x78b191f78ec179587d0716cdd930ddb3238edc697f2cb90416e01d2bdf913c07,crypto,"Bitcoin Up or Down - July 29, 6PM ET",bitcoin-up-or-down-july-29-6pm-et,2025-07-29 23:00:00+00:00,1,0.5,0.5,0.5,47714.795783,4.000011574074074,9,low
0x5613f009dfb3248e39e83dbb4b805453454d7619e23fcdb6f96faa5cbc209c41,econ,"Will Powell say ""Good afternoon"" during July Press Conference?",Good afternoon,2025-07-30 00:00:00+00:00,1,0.9675,0.9755,0.983,225703.146763,36.500023148148145,74,high
0xba2ed61cc42be73b73afb2abcb9cc504ef3d260468c5bf1cb86a3a2e6793942b,econ,"Will Powell say ""Trump"" during July Press Conference?",Trump,2025-07-30 00:00:00+00:00,1,0.185,0.165,0.125,119974.552267,13.000023148148149,27,mid
0x889f1c554e075ff17116993bd9456f7ac10b8c120744b055ffc2376ece213e61,crypto,"Bitcoin Up or Down - July 29, 8PM ET",bitcoin-up-or-down-july-29-8pm-et,2025-07-30 01:00:00+00:00,0,0.5,0.5,0.5,45556.064104,4.000011574074074,9,low
0xf69139800913fde694534ab105cb3ed281e6f632e358f20aa1b26069c37ff1ac,crypto,"Bitcoin Up or Down - July 29, 11PM ET",bitcoin-up-or-down-july-29-11pm-et,2025-07-30 04:00:00+00:00,1,0.5,0.5,0.5,45087.014873,4.000011574074074,9,low
0x362c61cfb577a719526b03e7596a3ef3d6d9aadf5292e2e2391c2cdf62892730,econ,Fed increases interest rates by 25+ bps after July 2025 meeting?,25+ bps increase,2025-07-30 12:00:00+00:00,0,0.0005,0.0005,0.0005,43479262.352112,132.5000462962963,266,high
0xf4d5a6e9dd92f35206aec5ee290d9b33cd2518cd0f1e6ea2403fca399909d098,econ,Negative GDP growth in Q2 2025?,negative-gdp-growth-in-q2-2025,2025-07-30 12:00:00+00:00,0,0.0185,0.0135,0.0115,787464.266322,117.50004629629629,236,high
0x4a68d828f7263f34391484404380c34efa9566f12a08a88553ddbe8e285c3ae9,econ,No change in Fed interest rates after July 2025 meeting?,No change,2025-07-30 12:00:00+00:00,1,0.9515,0.9635,0.9815,28670116.640169,132.5000462962963,266,high
0x0d09f8cb4ac601074c02828328a893fdab030ece3ca682faaef89d82c43daec2,econ,Fed decreases interest rates by 50+ bps after July 2025 meeting?,50+ bps decrease,2025-07-30 12:00:00+00:00,0,0.0095,0.0045,0.0025,40912544.015545,132.5000462962963,266,high
0x812d8819cda5c57e824719de0381d8e207a45b5b71da31a6425f6c2f181a3fc4,econ,Fed decreases interest rates by 25 bps after July 2025 meeting?,25 bps decrease,2025-07-30 12:00:00+00:00,0,0.038,0.0325,0.0175,23551704.395621,132.5000462962963,266,high
0xbc7dbedc0708ccc763132b224337315181657c1c87d0cbc4193696bc367fbc4e,crypto,Will the price of Ethereum be between $3500 and $3600 on July 30?,3500–3600,2025-07-30 16:00:00+00:00,0,0.1,0.023,0.0295,49167.304403,7.0,15,low
0xf22cd39376bfff2626e282ae41b82b2dd569530ec6c2734965c07bd785ae5c36,econ,Will Trump try to fire Powell by July 31?,will-trump-try-to-fire-powell-by-july-31,2025-07-31 00:00:00+00:00,0,0.008,0.0055,0.009,268635.636154,15.000011574074074,31,high
0xee2165c1093870f227df6c43e6e0c04d5ba8ee597340d0fd3e6cfde512fa1fac,econ,Will Amazon be the largest company in the world by market cap on July 31?,Amazon,2025-07-31 12:00:00+00:00,0,0.0005,0.0005,0.0005,124374.234208,64.50002314814814,130,mid
0x4c52d682e85a1b0b5b3cf6d7b86526e09d50dad7aeee1eb0c30b34b33d0d1bc0,econ,Will Apple be the largest company in the world by market cap on July 31?,Apple,2025-07-31 12:00:00+00:00,0,0.0005,0.0005,0.001,241781.870189,64.50002314814814,130,high
0x8d54219ef43b4a2ba1904ba6155786263d1e3005dcd6bac978d28e3ada2aa489,econ,Will NVIDIA be the largest company in the world by market cap on July 31?,NVIDIA,2025-07-31 12:00:00+00:00,1,0.9865,0.993,0.9975,472602.912704,64.50002314814814,130,high
0xcdf1c0ea53868e1cb5926525bd94bc172ddccb174e6995e7ae89f0866dd378b7,econ,Will Microsoft be the largest company in the world by market cap on July 31?,Microsoft,2025-07-31 12:00:00+00:00,0,0.0065,0.0025,0.003,649893.711807,64.50002314814814,130,high
0x1c5f8c4d991659b9f0aa90e319171c74890faeb7a7f59ca6dd0e6dcd6a105f0b,crypto,Will Ethereum close above $2600 on July 31?,>2600,2025-07-31 16:00:00+00:00,1,0.9905,0.992,0.992,48540.866224,28.5,58,low
0x3a203b9b809378a9c4d0475ecee86005e828c05d426599fca79dd81c22cef75b,crypto,Will Ethereum close above $3200 on July 31?,>3200,2025-07-31 16:00:00+00:00,1,0.979,0.9815,0.9845,48012.28504,14.5,30,low
0xe3f9a176bea3d6d5bd2710c50dccc35b486d6c5de59755973091b48b9a3cb539,crypto,Will Bitcoin close above $105K on July 31?,>105k,2025-07-31 16:00:00+00:00,1,0.9795,0.988,0.9905,47850.582956,28.5,58,low
0x1b8547d064f8b849259c7f4e923775916b831b114066279a4f9e41bafd9d1fc4,econ,Jerome Powell out as Fed Chair by July 31?,jerome-powell-out-as-fed-chair-by-july-31,2025-07-31 22:00:00+00:00,0,0.006,0.0055,0.0005,2565264.650535,15.000011574074074,31,high
0xa6404f98b82f8dc3647926686b6be11a4cf412746bd4e7fa94da83592b7f3c50,crypto,Will XRP reach $2.3 in July?,$2.3,2025-08-01 04:00:00+00:00,1,0.9995,0.9995,0.9995,45382.809613,2.5,6,low
0xb8d6d92c4d54e1373be35cc6313acee579385526bec247f0b177694529d4bae1,crypto,Bitcoin all time high by July 31?,bitcoin-all-time-high-by-july-31,2025-08-01 04:00:00+00:00,0,0.155,0.026,0.0165,49908.135618,7.0,15,low
0xcc1f1d425b05eb866eec2698053d81a01a008e14dd171e28a875a2b58688c19b,crypto,Will the price of Solana be greater than $190 on August 1?,>190,2025-08-01 16:00:00+00:00,0,0.305,0.1155,0.018,49891.984717,6.5,14,low
0xeb61814e149e1926e07eeb3f33326fb656600f966a15eb06837021aface0d1d5,crypto,Will Bitcoin dip to $116K July 28–August 3?,↓ 116k,2025-08-04 04:00:00+00:00,1,0.705,0.705,0.705,45898.155316,1.499988425925926,4,low
0xb8c360f77122ca416f92b35205a1e7b9b01790420f5a807edf7f34c7565022ca,crypto,Solana above $200 on August 4?,solana-above-200-on-august-4,2025-08-04 16:00:00+00:00,0,0.0125,0.0025,0.0025,47470.546801,6.999988425925926,15,low
0xdeb4eb3ab88b9d5182e0f972d04c9ca525712027e5e41f062683479c2588648d,crypto,"Bitcoin Up or Down - August 4, 12PM ET",bitcoin-up-or-down-august-4-12pm-et,2025-08-04 17:00:00+00:00,1,0.5,0.5,0.5,45152.846934,2.9999884259259257,7,low
0x62d04150c6a845d0e9814210ce0de14b2ca2edc751f6b4fe038750df8478361b,crypto,"Bitcoin Up or Down - August 4, 5PM ET",bitcoin-up-or-down-august-4-5pm-et,2025-08-04 22:00:00+00:00,1,0.5,0.5,0.5,45751.951252,2.9999884259259257,7,low
0x42159ed215500481a1f3f799d9ce9a38824572270c0a609cf990ed1c1882b19e,crypto,"Bitcoin Up or Down - August 4, 6PM ET",bitcoin-up-or-down-august-4-6pm-et,2025-08-04 23:00:00+00:00,1,0.5,0.5,0.5,47583.449762,3.4999884259259257,8,low
0xe9a24208dec6911716742ae88da07454b8ac66e35f6157926a0dae8678ea360e,crypto,"Bitcoin Up or Down - August 4, 8PM ET",bitcoin-up-or-down-august-4-8pm-et,2025-08-05 01:00:00+00:00,0,0.5,0.5,0.5,49245.558203,3.4999884259259257,8,low
0x1efd679aefcc1e5e4cbad932a2f8554331bae0bc742fdc199077f830c757f3f4,crypto,"Bitcoin Up or Down - August 5, 2AM ET",bitcoin-up-or-down-august-5-2am-et,2025-08-05 07:00:00+00:00,0,0.5,0.5,0.5,46224.874036,3.4999884259259257,8,low
0xd6b3fba27467342c3725794320474790466ccb94da27a6bda30f4d809e2548fd,crypto,"Bitcoin Up or Down - August 5, 5AM ET",bitcoin-up-or-down-august-5-5am-et,2025-08-05 10:00:00+00:00,1,0.5,0.5,0.5,46962.205168,3.4999884259259257,8,low
0xffe16de1363ae59bfe350c8f7b4776e84a6213cce6c5a275a47437af67033b56,crypto,"Solana Up or Down - August 5, 6AM ET",solana-up-or-down-august-5-6am-et,2025-08-05 11:00:00+00:00,1,0.5,0.5,0.5,45037.665157,4.0,9,low
0x3ea2c75dcdfb16a9ce2db3e257d45b7e22fb811bc8fab4e41e0ebf3ec6750a1d,crypto,"Ethereum Up or Down - August 5, 9AM ET",ethereum-up-or-down-august-5-9am-et,2025-08-05 14:00:00+00:00,1,0.5,0.5,0.5,46991.794955,4.0,9,low
0x43e0ae9d3b7087887a5f161d7b1907cafcfc6d37ef3133a734c2d4ccf3644bb8,crypto,"Ethereum Up or Down - August 5, 5PM ET",ethereum-up-or-down-august-5-5pm-et,2025-08-05 22:00:00+00:00,0,0.5,0.5,0.5,47322.943232,4.0,9,low
0xb51bfc886089751286e6bfe65ffbbaddaa83f81061e8be3fdd5ebcad30efa513,crypto,Will Ethereum dip to $3300 August 4–10?,↓ 3300,2025-08-11 04:00:00+00:00,0,0.0215,0.015,0.0105,47869.70504,6.000046296296296,13,low
0x6789076769d378b0fbf43e3f8b3efbf7330299f5e21948a855464ee36d57aeeb,crypto,Will Ethereum dip to $3500 August 4–10?,↓ 3500,2025-08-11 04:00:00+00:00,0,0.065,0.0025,0.003,45362.583115,6.0000231481481485,13,low
0xe4ccb0393e7b8f07c822b143f572819035caa0b9404191a2bef15d436a9f2adf,econ,Will annual inflation increase by 3.0% or more in July?,≥3.0%,2025-08-12 00:00:00+00:00,0,0.0305,0.023,0.0175,139664.080659,27.50002314814815,56,mid
0xde73d22df7782a7736cc5d6a3750cfd36f5a47c94c867f657ec955a0181a3894,econ,Will annual inflation increase by 2.7% in July?,2.7%,2025-08-12 00:00:00+00:00,1,0.405,0.365,0.315,138948.247853,27.49996527777778,56,mid
0xd19d2b7938338b2f7044d498a5508b6ea775c9c32d6154add6bfedd7ea7efd0f,econ,Will annual inflation increase by 2.6% or less in July?,≤2.6%,2025-08-12 00:00:00+00:00,0,0.095,0.065,0.063,150621.419715,27.5,56,mid
0x98f10f3761d7f85aa5abd041f71ee8f9e0067c03cc7423e9fd7ede5ccd128c02,crypto,"Bitcoin Up or Down - August 12, 1AM ET",bitcoin-up-or-down-august-12-1am-et,2025-08-12 06:00:00+00:00,0,0.5,0.5,0.5,44940.278511,3.500023148148148,8,low
0x5999419fa993e66bfe7aa24ec6dd1f249ebb1fe2a7c0e741112d024b9b60e75c,crypto,"Bitcoin Up or Down - August 12, 1PM ET",bitcoin-up-or-down-august-12-1pm-et,2025-08-12 18:00:00+00:00,0,0.5,0.5,0.5,45029.091131,4.0000231481481485,9,low
0x218eab545206bd7fa8ecf4d91c697dbf540a6ab50af058a2dab98522188d0615,crypto,"Bitcoin Up or Down - August 13, 12AM ET",bitcoin-up-or-down-august-13-12am-et,2025-08-13 05:00:00+00:00,0,0.5,0.5,0.5,48388.806469,3.999953703703704,9,low
0xe181dfdfca68ae662483b9353493f5767b4d80e882aabd0cfd3d24b0103785e0,crypto,"Bitcoin Up or Down - August 13, 2AM ET",bitcoin-up-or-down-august-13-2am-et,2025-08-13 07:00:00+00:00,1,0.5,0.5,0.5,45438.65677,3.9998958333333334,9,low
0x4a15e635c678738126c293fea700d71af7b28fb4c9fcc7edd27ac5903bf6cc50,crypto,"Bitcoin Up or Down - August 13, 3AM ET",bitcoin-up-or-down-august-13-3am-et,2025-08-13 08:00:00+00:00,1,0.5,0.5,0.5,49229.750431,3.9999652777777777,9,low
0x4b9837f9c18432b9a6c1b56bff3a41f49019fd63d05947675be0b61837d04da3,crypto,"Ethereum Up or Down - August 13, 8AM ET",ethereum-up-or-down-august-13-8am-et,2025-08-13 13:00:00+00:00,0,0.5,0.5,0.5,47855.514086,4.50005787037037,10,low
0x1675f61ccc302c05804c3a93ff967ecdb690372d202cd44da5e56c60c2784a32,crypto,"Ethereum Up or Down - August 13, 9AM ET",ethereum-up-or-down-august-13-9am-et,2025-08-13 14:00:00+00:00,0,0.5,0.5,0.5,44995.252137,4.500034722222222,10,low
0xa7a2c173ed3b289e4700a54f4b54a9131084de6e99becb880c10395ac5e29fc8,crypto,Ethereum above $4200 on August 13?,>4200,2025-08-13 16:00:00+00:00,1,0.47,0.71,0.996,46889.62333,4.5000231481481485,10,low
0x2066e5a8db1bbc513eb22d4eb0f96638dd1fefbcc89d645bf6c859d790c4b276,crypto,Will the price of Bitcoin be between $112K and $114K on August 13?,112–114k,2025-08-13 16:00:00+00:00,0,0.04,0.0235,0.002,45419.867581,7.0,15,low
0xde090c227b75afa1436568b3acb22af63f8a6fc206e2b57521360cfff39ad23d,crypto,Ethereum above $4400 on August 13?,>4400,2025-08-13 16:00:00+00:00,1,0.215,0.245,0.93,47661.440202,3.500115740740741,8,low
0x5908cde0bd19e785a526f7c6101fd38c3a555ca83d915fe37067972c8c9d1d0f,crypto,"Bitcoin Up or Down - August 13, 1PM ET",bitcoin-up-or-down-august-13-1pm-et,2025-08-13 18:00:00+00:00,1,0.5,0.5,0.5,49141.107315,4.500092592592592,10,low
0x90384d7ec4d5f9bdb84d25b36740b68373aae081d1bd46ee75cd4ba615546669,crypto,"Bitcoin Up or Down - August 13, 6PM ET",bitcoin-up-or-down-august-13-6pm-et,2025-08-13 23:00:00+00:00,1,0.5,0.5,0.5,45922.036822,4.999953703703704,11,low
0x57e1b5836f8ac592f5157ee4c076ac45f2e865a7916bd670db6c06bc1c009f09,crypto,"Bitcoin Up or Down - August 13, 10PM ET",bitcoin-up-or-down-august-13-10pm-et,2025-08-14 03:00:00+00:00,1,0.5,0.5,0.5,45389.273549,4.9999768518518515,11,low
0xa4dfc7605cd7665efd5af6c5e072b93b8658ec5cc884995751d9ba812999dd63,econ,Will monthly inflation increase by 0.0% or less in July?,≤0.0%,2025-08-15 00:00:00+00:00,0,0.029,0.0035,0.0035,205367.758094,27.50002314814815,56,high
0xc462c9f3092ca958620b2404a1dee04081901d93fd72392b69afaf550e7fdc41,econ,Will monthly inflation increase by 0.1% in July?,0.1%,2025-08-15 00:00:00+00:00,0,0.105,0.05,0.05,177448.837604,27.49996527777778,56,mid
0xff90889f097ee3bcd8aef4c7ff7a114a9c6611148f3b344bb183dfc02ec099eb,crypto,"Bitcoin Up or Down - August 14, 7PM ET",bitcoin-up-or-down-august-14-7pm-et,2025-08-15 00:00:00+00:00,1,0.5,0.5,0.5,47444.643619,5.999965277777778,13,low
0xafbd236a95daa3a0fd8fbc8a92781726bb3abb4c572c2aa0e3cce9a0bacac1b3,econ,Will monthly inflation increase by 0.4% in July?,0.4%,2025-08-15 00:00:00+00:00,0,0.109,0.0955,0.0955,197065.336828,27.50003472222222,56,mid
0x9e6b5a9bc1c103c4860140d7492008dc7fb82ade4da2423e4899d129da07fc44,econ,Will monthly inflation increase by 0.5% or more in July?,≥0.5%,2025-08-15 00:00:00+00:00,0,0.0045,0.009,0.009,173990.036276,27.5,56,mid
0x21706f8aef9aa3c1568c4354268669bdaa416026876afe3d0972a8a2ab844ea2,econ,Will monthly inflation increase by 0.3% in July?,0.3%,2025-08-15 00:00:00+00:00,0,0.325,0.53,0.53,149073.578301,27.500069444444446,56,mid
0x8f77c988f0d59c586025889f673665be989e11a428a11f3e53299651c3d2c0bc,econ,Will monthly inflation increase by 0.2% in July?,0.2%,2025-08-15 00:00:00+00:00,1,0.42,0.29,0.29,186232.209365,27.499988425925928,56,mid
0x21ec3fe21ce9e81b5fba4fb5ad333c399e5e5a9c433f581c87999a10e980cf6b,econ,Will the U.S. tariff rate on China be greater than 150% on August 15?,>150%,2025-08-15 12:00:00+00:00,0,0.003,0.002,0.0025,251473.877435,93.50004629629629,188,high
0x57ee125c6f5b57b1b0c537289443d791a604e2c9e8d2a7a37d626cb4118c92e4,econ,Will the U.S. tariff rate on China be between 25% and 40% on August 15?,25-40%,2025-08-15 12:00:00+00:00,1,0.975,0.9875,0.987,704198.536771,93.49995370370371,188,high
0x8143ff1a26fbd70e7ff1dcd68da2bf2cef327a1be279a8f192a8e079902822aa,econ,Will the U.S. tariff rate on China be less than 25% on August 15?,<25%,2025-08-15 12:00:00+00:00,0,0.0105,0.002,0.002,432337.016022,93.50005787037037,188,high
0x9e34768511be7790421aaa5a1e339f5b6b739344ecc1dabb76f29a4c6441b040,econ,Will the U.S. tariff rate on China be between 100% and 150% on August 15?,100-150%,2025-08-15 12:00:00+00:00,0,0.002,0.001,0.001,171590.374792,93.50004629629629,188,mid
0xfbecd4684c05c374f604de10ebb8904e16bc480c3ec72bbd2c9a7fc37c99799f,econ,Will the U.S. tariff rate on China be between 60% and 100% on August 15?,60-100%,2025-08-15 12:00:00+00:00,0,0.018,0.0025,0.0025,198397.938846,93.50013888888888,188,mid
0xd627b2fcd48d7c6c36603c0c465c9907144b05693545b187b59663914240ff9e,econ,Will the U.S. tariff rate on China be between 40% and 60% on August 15?,40-60%,2025-08-15 12:00:00+00:00,0,0.0305,0.0025,0.0005,198932.6877,93.50010416666667,188,mid
0x9e9609a22e5ded77983a06af2b1eb557786ca6b7d68fdf1666d3d344d98de3dc,crypto,XRP above $3.50 on August 15?,>3.50,2025-08-15 16:00:00+00:00,0,0.075,0.07,0.019,47674.196012,6.49994212962963,14,low
0x4ebe269df6b45cf4d56808b3698c94c8c83200f1a4a671a2c4da1201ab40b463,crypto,"Ethereum Up or Down - August 18, 9AM ET",ethereum-up-or-down-august-18-9am-et,2025-08-18 14:00:00+00:00,0,0.5,0.5,0.5,48782.418979,3.0001273148148146,7,low
0x317868867a910d99334cdd457fae40d76ff62e61c5cbc6b0c0dfb70bd28c44cf,crypto,"Ethereum Up or Down - August 18, 11PM ET",ethereum-up-or-down-august-18-11pm-et,2025-08-19 04:00:00+00:00,0,0.5,0.5,0.5,45360.028328,3.5000115740740743,8,low
0x5b84378ad6fc6d94f31a39c6b7605f1f6240e90fdbf254d05d792713fb4f68f5,crypto,"Ethereum Up or Down - August 19, 1AM ET",ethereum-up-or-down-august-19-1am-et,2025-08-19 06:00:00+00:00,0,0.5,0.5,0.5,49872.705756,3.4999652777777777,8,low
0x286c3a282436fec59db47633268efaca3f99b0ec4db90f1fceada353db6be4d1,crypto,"Bitcoin Up or Down - August 19, 7AM ET",bitcoin-up-or-down-august-19-7am-et,2025-08-19 12:00:00+00:00,1,0.5,0.5,0.5,49041.531159,4.000011574074074,9,low
0x2b052f75fb9106129690f8710c22c9d5e128eea7c6a756d922e48bf7e32bc641,crypto,"Ethereum Up or Down - August 19, 3PM ET",ethereum-up-or-down-august-19-3pm-et,2025-08-19 20:00:00+00:00,0,0.5,0.5,0.5,45226.784815,3.999976851851852,9,low
0xf65ada59f4e2271adfc71f9377e64fcd43be40074163eeb00e43e0608bbdbc07,crypto,"Bitcoin Up or Down - August 19, 7PM ET",bitcoin-up-or-down-august-19-7pm-et,2025-08-20 00:00:00+00:00,0,0.5,0.5,0.5,46437.69331,4.49994212962963,10,low
0x7cd31cdb71de846985438743292117128c1fbec6060a3202056805e88131c653,crypto,Will Solana dip to $175 on August 18–24?,↓ 175,2025-08-25 04:00:00+00:00,0,0.685,0.004,0.004,45539.02156,6.5000231481481485,14,low
0xc030768b40b9fe29172d7cf12dbbe58ed41b2257e1349582420c813cf9829baa,crypto,Will the price of Solana be less than $160 on August 25?,<160,2025-08-25 16:00:00+00:00,0,0.065,0.0025,0.008,48434.049,6.499837962962963,14,low
0x8f166725bb103d142364f38340363ceb93b5ab741c399a01bb1f969d1e263809,crypto,Will the price of Solana be between $180 and $190 on August 25?,180–190,2025-08-25 16:00:00+00:00,0,0.28,0.0565,0.0325,44910.333238,6.4998611111111115,14,low
0x11633d8397a73071022947bdb446c7902ccf269156c50142b27e024adc6b2c6c,crypto,"Ethereum Up or Down - August 25, 4PM ET",ethereum-up-or-down-august-25-4pm-et,2025-08-25 21:00:00+00:00,0,0.5,0.5,0.5,46176.528055,2.9999421296296296,7,low
0x7c35ce8c9d41a99f5d0c4de90d010949289be3adf802bb4bcfc5703db37d929a,crypto,"Bitcoin Up or Down - August 26, 7AM ET",bitcoin-up-or-down-august-26-7am-et,2025-08-26 12:00:00+00:00,0,0.5,0.5,0.5,49016.468945,4.000092592592592,9,low
0xabf7dbf887cc16c1f67cb7715d3d069a0dd9e7c7161c7d448139dd02f12a0ec5,crypto,"Ethereum Up or Down - August 26, 4PM ET",ethereum-up-or-down-august-26-4pm-et,2025-08-26 21:00:00+00:00,0,0.5,0.5,0.5,48345.4749,4.000011574074074,9,low
0x0156c8fd5f102a676a23b7e37f0a3972714b1e038f6a2da4204264162aafefef,crypto,"Bitcoin Up or Down - August 26, 8PM ET",bitcoin-up-or-down-august-26-8pm-et,2025-08-27 01:00:00+00:00,0,0.5,0.5,0.5,45235.217475,4.500104166666667,10,low
0xba2201ba77d53c83e5ca0f45bc2852b8777a199276a36f5e2ae1f3f7ef375e13,crypto,Solana above $170 on August 27?,>170,2025-08-27 16:00:00+00:00,1,0.9725,0.955,0.9965,47887.303283,7.000069444444445,15,low
0x9b384b7a56c41e7181d207e3a46e54dd1d1805200e976abfb8f621fd3dfd37c5,econ,Will Trump try to fire Powell by August 31?,will-trump-try-to-fire-powell-by-august-31,2025-08-31 00:00:00+00:00,0,0.0125,0.007,0.005,2052017.956162,46.999976851851855,95,high
0x61d62c121ea0dbbd37615a1cdf56d073dde0f23d0854c80fe31faae7dcf3e5cc,econ,Will Microsoft be the largest company in the world by market cap on August 31?,Microsoft,2025-08-31 00:00:00+00:00,0,0.008,0.0005,0.0005,283630.102832,61.50019675925926,124,high
0x01eea283e8d0bab4d2b68b7f6cf810c302a63582fe5f1ff6b9d339ace4ff4457,econ,Jerome Powell federally charged by August 31?,jerome-powell-federally-charged-by-august-31,2025-08-31 00:00:00+00:00,0,0.0035,0.0025,0.0025,106157.153538,40.99991898148148,83,mid
0xc16d8bd3f8ff7642f0c7ada89577bacb9876c3e4002ad1c0d6b87e340bf6790e,econ,Will Apple be the largest company in the world by market cap on August 31?,Apple,2025-08-31 00:00:00+00:00,0,0.0025,0.0005,0.0005,242284.197383,61.50017361111111,124,high
0x42ef427d3b65855d71b0ad74a7cd6ec354b8fa0dc8e29a02562197459be976e1,econ,Will NVIDIA be the largest company in the world by market cap on August 31?,NVIDIA,2025-08-31 00:00:00+00:00,1,0.989,0.9985,0.9995,419390.834696,61.49993055555556,124,high
0x0de7d3a8cb29764fc91c5941a00e1cf010b9ee0f2f4b0cd82a9e0737ffed0c96,econ,Jerome Powell out as Fed Chair by August 31?,jerome-powell-out-as-fed-chair-by-august-31,2025-08-31 23:00:00+00:00,0,0.0015,0.0015,0.0005,2689593.466853,46.000034722222225,93,high
0xc3ea105956aff8cc07640d9cc5400d2ad668eb814e83be9a925380dc9100f6d9,crypto,"Bitcoin Up or Down - September 1, 10PM ET",bitcoin-up-or-down-september-1-10pm-et,2025-09-02 03:00:00+00:00,1,0.5,0.5,0.5,48157.879877,3.000023148148148,7,low
0xc2505bf9c28dfdcbbf542cdc9989f743a6fadc1d2e74193b4a014e76679aab1c,crypto,Will the price of Ethereum be between $4100 and $4200 on September 3?,4100–4200,2025-09-03 16:00:00+00:00,0,0.07,0.11,0.095,48844.632673,6.499918981481481,14,low
0x880a3e2f09910ceaff710cd11879685642e5d91ed425f6e5c22d9ecd38982784,crypto,Solana above $200 on September 3?,>200,2025-09-03 16:00:00+00:00,1,0.585,0.575,0.945,45634.999389,6.500104166666667,14,low
0xcd51a20b675bf0fd78509628e2715e1dfa62d39162d1451d0cb76d14ed31471f,crypto,Will the price of Bitcoin be between $100K and $102K on September 5?,100–102k,2025-09-05 16:00:00+00:00,0,0.0125,0.002,0.002,45498.317115,6.500243055555556,14,low
0x89474bc8713a5e372783b740e6a6fe1af633814a9d405524da54cd35f2240985,crypto,Bitcoin above $104K on September 5?,>104k,2025-09-05 16:00:00+00:00,1,0.925,0.988,0.987,49925.228879,6.4999768518518515,14,low
0x4a4d672a52c1504c1b4d5a1c037b8d1058b2eca61328789c8d3b583c977d0910,crypto,Ethereum above $4700 on September 5?,>4700,2025-09-05 16:00:00+00:00,0,0.09,0.035,0.0075,47696.562228,6.500081018518519,14,low
0x457ef54c7ed555f4d509409b91493ff37e70eba5d969ea8385b95cec5597d9c9,crypto,"Bitcoin Up or Down - September 8, 10AM ET",bitcoin-up-or-down-september-8-10am-et,2025-09-08 15:00:00+00:00,1,0.5,0.5,0.5,49402.743374,2.9999305555555558,7,low
0x590432b7232344ac267c3c2a2b1da4034b36608eaaea3ebbb9d7273c8b5de901,crypto,Will the price of Ethereum be less than $3900 on September 8?,<3900,2025-09-08 16:00:00+00:00,0,0.026,0.012,0.011,49110.104512,6.49994212962963,14,low
0xf15ff8cc86beff79b17905e5cf55946577cdfd36ca4434db3081b2005ed3d95b,crypto,"Bitcoin Up or Down - September 8, 5PM ET",bitcoin-up-or-down-september-8-5pm-et,2025-09-08 22:00:00+00:00,1,0.5,0.5,0.5,47558.381446,3.0002199074074074,7,low
0x35d26c054805e641885151318f5610d6eba4e15c71af11de4bf32a529c3a43c0,crypto,"Ethereum Up or Down - September 9, 3AM ET",ethereum-up-or-down-september-9-3am-et,2025-09-09 08:00:00+00:00,0,0.5,0.5,0.5,47970.973675,3.4997337962962964,8,low
0xafb974ad7c406a2709f48c6806a5a642829dfedd25955a3b9207815c37dd9b05,crypto,Will the price of Bitcoin be less than $104K on September 10?,<104k,2025-09-10 16:00:00+00:00,0,0.02,0.0045,0.0025,48687.358228,6.499965277777778,14,low
0xa0ca56ae264afc45f4457546376ec07a4a2430eccbb53b9b1b3dab9bd1e23e6c,econ,Will the ECB announce a 25 bps decrease at the September meeting?,25 bps decrease,2025-09-11 00:00:00+00:00,0,0.029,0.017,0.014,371453.544231,48.500162037037036,98,high
0xe2c486555a303e0a31c161a0d59955b937455c14db0fc7bdd424d163379d9300,econ,Will annual inflation increase by 3.0% or more in August?,≥3.0%,2025-09-11 00:00:00+00:00,0,0.18,0.19,0.215,164614.502563,29.50021990740741,60,mid
0xe0c6d489a1b98413168f333afe14a0d278f0114ef829f9e36fd8db3670d5568b,econ,Will annual inflation increase by 2.9% in August?,2.9%,2025-09-11 00:00:00+00:00,1,0.45,0.47,0.48,145983.783247,29.500104166666667,60,mid
0x618d591da9f0b8d217db5531604d70e48184e9c5497a53cf8bb3280352ecf499,econ,Will monthly inflation increase by 0.3% in August?,0.3%,2025-09-11 00:00:00+00:00,0,0.52,0.54,0.545,148013.877768,29.500150462962964,60,mid
0x7028534bfb076b68629b57aa51a7ed8630f3b19453405bf053d37b15f54d3e3b,econ,Will monthly inflation increase by 0.4% or more in August?,≥0.4%,2025-09-11 00:00:00+00:00,1,0.375,0.36,0.36,161189.8005,29.50011574074074,60,mid
0x631dca611418c93fc87f4cb8dfd4d9431e23aafb4c942b881a906bd7bd2d8123,econ,Will annual inflation increase by 2.6% or less in August?,≤2.6%,2025-09-11 00:00:00+00:00,0,0.0185,0.016,0.004,211621.159452,29.500300925925927,60,high
0x83d4c41e3e1f630e916a9108aebbc10d4b05d31f2f0333e5aa0cc0611389920e,econ,Will annual inflation increase by 2.8% in August?,2.8%,2025-09-11 00:00:00+00:00,0,0.33,0.315,0.295,142923.565316,29.500011574074072,60,mid
0x0ffd1df5a02c96af687204efde9f2cd31c0c50ca7ab5429aa5cf8663e1612ba5,econ,Will monthly inflation increase by 0.0% or less in August?,≤0.0%,2025-09-11 00:00:00+00:00,0,0.015,0.015,0.014,112689.905507,29.499861111111112,60,mid
0x93ae0bd274982c8c08581bc3ef1fa143e1294a6326d2a2eec345515a2cb15620,econ,Will annual inflation increase by 2.7% in August?,2.7%,2025-09-11 00:00:00+00:00,0,0.03,0.026,0.027,173482.577924,29.50023148148148,60,mid
0xe4f70f955092f6242ff5190d0cf6395a79be8d95424a4ce3cdf64b0848e20189,econ,Will monthly inflation increase by 0.2% in August?,0.2%,2025-09-11 00:00:00+00:00,0,0.1,0.075,0.07,105482.498611,29.499907407407406,60,mid
0xead11be8b5abb1ac2b21fb0e2196c6694218947fea5108dabb6b216f1dec9845,econ,Will monthly inflation increase by 0.1% in August?,0.1%,2025-09-11 00:00:00+00:00,0,0.021,0.018,0.024,101445.656087,29.50027777777778,60,mid
0xe2ad53ad147aa53fbeffc3462117436e6b65858008b07f33574adbdb460c6bfb,econ,Will the ECB announce no change at the September meeting?,No change,2025-09-11 00:00:00+00:00,1,0.9705,0.9825,0.984,397307.080535,48.500034722222225,98,high
0x022fd8382598a32c31855d56f878fc14f7646ddc31c4649c1c5e722e90541ad3,econ,Will the ECB announce a 50+ bps decrease at the September meeting?,50+ bps decrease,2025-09-11 00:00:00+00:00,0,0.0015,0.0015,0.0005,969488.262902,48.500034722222225,98,high
0xee8a87a0b47f08bfeab609527cc4c5e7a434377ab1aa165f0419c0669e262766,econ,Will the ECB announce an increase at the September meeting?,Increase,2025-09-11 00:00:00+00:00,0,0.0005,0.0005,0.0005,523874.335254,48.4999537037037,98,high
0x772c3c8c571926f41cd13651f4f84404ca19a71948317d94719c996bc921b838,crypto,"Will the price of Bitcoin be above $108,000 on September 12?","108,000",2025-09-12 16:00:00+00:00,1,0.9,0.9765,0.9935,46674.698217,6.500104166666667,14,low
0xd55190161740dcc3f1a955cb066db0007aa6566e84c32657f4b63575b2eb6d99,crypto,"Will the price of Bitcoin be above $120,000 on September 12?","120,000",2025-09-12 16:00:00+00:00,0,0.026,0.0215,0.0175,47767.721579,6.500277777777778,14,low
0x352cf19be66c38b850968fbdf9a110f3a4df598ef117b88d9766e0b668f1728e,crypto,"Will the price of Bitcoin be between $118,000 and $120,000 on September 12?","118,000-120,000",2025-09-12 16:00:00+00:00,0,0.0415,0.0375,0.043,45378.65474,6.499988425925926,14,low
0x67c9cc747a1b3a07dbe59ce6a756ceae8d87d24f21bfc1c8b9d077fb3085dbef,crypto,"Will the price of Bitcoin be above $122,000 on September 12?","122,000",2025-09-12 16:00:00+00:00,0,0.015,0.003,0.004,46354.893642,6.499907407407408,14,low
0x8a0078a934710ad2ae9b9cd3067435f7a966659762eb6a9cb674fb48e02146e9,crypto,"Will the price of Bitcoin be greater than $120,000 on September 12?",">120,000",2025-09-12 16:00:00+00:00,0,0.0185,0.0065,0.0035,48989.611673,6.500381944444444,14,low
0x56070d053eb35039cef5ee9c8f9c2ce31bd45d542a08cf4fbf12ea25b3766d5a,crypto,"Will the price of Ethereum be above $4,400 on September 13?","4,400",2025-09-13 16:00:00+00:00,1,0.365,0.89,0.986,49839.624808,6.4999768518518515,14,low
0x795d98e921cf805f65db61f50fbe1051bdaf84ef7b4c539371b3fb73c8e3d953,crypto,"Will the price of Bitcoin be greater than $120,000 on September 13?",">120,000",2025-09-13 16:00:00+00:00,0,0.0145,0.005,0.005,46779.729227,6.500115740740741,14,low
0xf9fba3c90aad5d86c57758dbde1dffae7be909c89787995f48182d308df24304,crypto,"Will the price of Bitcoin be above $112,000 on September 14?","112,000",2025-09-14 16:00:00+00:00,1,0.785,0.9975,0.9955,49987.438446,6.500243055555556,14,low
0xa09a9dc299cd6f8415147053225f9bf31745c5e3ddc4777dec6ea48774d7c594,crypto,"Bitcoin Up or Down - September 15, 10PM ET",bitcoin-up-or-down-september-15-10pm-et,2025-09-16 03:00:00+00:00,1,0.5,0.5,0.5,45814.896193,3.4999074074074072,8,low
0xfda50b299f45074641900fee5f2dad869e0907d664f2056b826454a43660e12f,crypto,"Bitcoin Up or Down - September 16, 3PM ET",bitcoin-up-or-down-september-16-3pm-et,2025-09-16 20:00:00+00:00,1,0.5,0.5,0.5,46583.643198,3.9999884259259257,9,low
0xd5aa8e5794736b2a6dd9d71bee166d89a772cc7f0aa295d1cf583ab8084da8c1,econ,"Will Powell say ""Inflation"" 50+ times during September press conference?",Inflation 50+ times,2025-09-17 00:00:00+00:00,1,0.585,0.555,0.52,549439.396154,50.0,101,high
0xf620f5f6be942fc70ca39a924391c17a8652b7ee74648d66ec74db1e8c790d0e,econ,Will Lisa Cook vote at the next FOMC meeting?,will-lisa-cook-vote-at-the-next-fomc-meeting,2025-09-17 00:00:00+00:00,1,0.8665,0.9365,0.9665,394962.370042,21.49994212962963,44,high
0x09a0055dd6753036f0020a64275bb4d20229236245525356d8722ec8b05cdbf2,econ,"Will Powell say ""Inflation"" 40+ times during September press conference?",Inflation 40+ times,2025-09-17 00:00:00+00:00,1,0.825,0.81,0.78,163625.5129,46.50018518518519,94,mid
0xfa3056ca3596e49e5ba5724814968ef6500a0f3756c1f8174e96bb5c1229aeb7,econ,"Will Powell say ""Good afternoon"" during September press conference?",Good afternoon,2025-09-17 00:00:00+00:00,1,0.9875,0.9825,0.9695,420000.004231,46.49991898148148,94,high
0x53a7e47181ebb37d904b8858e618fa3746f1c48037b9236edb35152eb71686cd,crypto,"Bitcoin Up or Down - September 16, 8PM ET",bitcoin-up-or-down-september-16-8pm-et,2025-09-17 01:00:00+00:00,0,0.5,0.505,0.5,45470.139183,4.500104166666667,10,low
0x9f41a3e4a2ef548cf207c22a48dbaf73e28dda5ec014c145217f428aaf3769e3,econ,Fed decreases interest rates by 25 bps after September 2025 meeting?,25 bps decrease,2025-09-17 12:00:00+00:00,1,0.905,0.905,0.945,36329925.673244,132.50023148148148,266,high
0x6c3d5fba5442f3e725eb89b7cffcc341ca3105cddaac09c1e4bc8e7010f0fe40,econ,Fed decreases interest rates by 50+ bps after September 2025 meeting?,50+ bps decrease,2025-09-17 12:00:00+00:00,0,0.0725,0.068,0.0445,49890284.071409,132.50002314814816,266,high
0x02dc46f4354c1cc447577db82ba62cca1bda737bd67b73fe966ce1bfe580868f,econ,No change in Fed interest rates after September 2025 meeting?,No change,2025-09-17 12:00:00+00:00,0,0.021,0.024,0.0155,67368762.49652,132.5000462962963,266,high
0xe8d095422da9f6c3ceed727a4b6251177f618b002d2a698bfccb48716c7aa469,econ,Fed increases interest rates by 25+ bps after September 2025 meeting?,25+ bps increase,2025-09-17 12:00:00+00:00,0,0.0015,0.0015,0.0005,67002488.50419,132.50012731481482,266,high
0x073d39512c83425da709a012ea8a5a78a8f8d0d8aeaa8dd13473fda9b07cb982,crypto,"Ethereum Up or Down - September 17, 11PM ET",ethereum-up-or-down-september-17-11pm-et,2025-09-18 04:00:00+00:00,1,0.5,0.5,0.5,49969.826041,2.9999652777777777,7,low
0xb587079c3cff2dbd173424e1f8aa0a42a808daad831aca4da9eb1a497135642f,crypto,"Will the price of Ethereum be above $4,600 on September 19?","4,600",2025-09-19 16:00:00+00:00,0,0.34,0.425,0.455,48372.500042,6.500358796296296,14,low
0x14bb73504a81997b4da481c0cdecdedd11a0a96af722163a1de98030a3d0802f,crypto,"Will the price of Bitcoin be above $110,000 on September 19?","110,000",2025-09-19 16:00:00+00:00,1,0.945,0.9905,0.9975,48196.271787,6.500162037037037,14,low
0x20f0f23f57e9ff48d3f2900ea71164735b3eb72def1e9fb894d3fb47b40954fc,crypto,"Will the price of Bitcoin be between $120,000 and $122,000 on September 19?","120,000-122,000",2025-09-19 16:00:00+00:00,0,0.05,0.04,0.0135,47457.928466,6.500219907407407,14,low
0x29a0dc6444fbabbb381418b36272972c76a7d77a8b2bed5bc4b8c6b8a7cd16e7,crypto,"Will the price of Ethereum be above $4,000 on September 19?","4,000",2025-09-19 16:00:00+00:00,1,0.974,0.995,0.9975,44827.390805,6.500208333333333,14,low
0xd544c0eda5cc1f6fb634b5ecc1b4e85937523271ed04cb64c626f9d9baa8d016,crypto,"Will the price of Ethereum be above $4,400 on September 20?","4,400",2025-09-20 16:00:00+00:00,1,0.66,0.91,0.875,49696.303275,6.500243055555556,14,low
0x442fddf0fa1810ce9e74981ad39490b07f47b528dffc7477e44dc9401138fe53,crypto,"Will the price of Bitcoin be above $114,000 on September 21?","114,000",2025-09-21 16:00:00+00:00,1,0.915,0.9685,0.9765,44974.09878,6.500011574074074,14,low
0x9f96ebfa9558dd76ead962605259f3ac601d2ce360ec4e4d1ad37045ab83b2b0,crypto,"Will Ethereum dip to $4,200 September 15-21?","↓ 4,200",2025-09-22 04:00:00+00:00,0,0.056,0.0125,0.006,49114.101719,6.4996875,14,low
0x5606f6c473ed0dca633db362fd23c594dcd6646f275073ae194a8baeadf93234,crypto,"Will the price of Bitcoin be between $106,000 and $108,000 on September 22?","106,000-108,000",2025-09-22 16:00:00+00:00,0,0.0115,0.0025,0.002,47670.705357,6.500115740740741,14,low
0x55bbbebad92f7bcd8d68478de2950b637286277c96cafd1e7b7f968cfd7db3fd,crypto,"Will the price of Ethereum be above $4,400 on September 22?","4,400",2025-09-22 16:00:00+00:00,0,0.77,0.79,0.745,47422.223408,6.499965277777778,14,low
0x0c34c74198cab30b9502db7d619941879ab26c0e4938d85355a1332b9c7e60ec,earnings,,GIS,2025-09-24 07:00:00+00:00,1,0.9965,0.9965,,0.0,1.9998958333333334,5,low
0xe4519932504415a10d2770e1f693dc68e25117b8e8a1dad5d608625391f15a3f,crypto,"Will the price of Ethereum be above $4,200 on September 24?","4,200",2025-09-24 16:00:00+00:00,0,0.93,0.505,0.36,45698.48864,6.499988425925926,14,low
0xfbc0c088a52d0cda3ee32b6cbd102abde570875a76ae1e90d261f89a2974ed7f,earnings,,BLSH,2025-09-24 20:00:00+00:00,1,0.504,0.504,,0.0,1.4996412037037037,4,low
0xd10fcc3d3f8c1143e26b12ff6c5c317e191f758ec8020f0f6959e5f884c1cd7e,earnings,,FDS,2025-09-25 07:00:00+00:00,0,0.005,0.005,,0.0,2.9998263888888888,7,low
0x0f84778f8e5251b4d1b96583923fcc501afd7d7f21a63da633ddf9ff8373a461,earnings,,FDX,2025-09-25 16:00:00+00:00,1,0.9955,0.9955,,0.0,3.4999652777777777,8,low
0x64e2465aece9f0aed353ed1068174eddada919456e5db88c8967022b350d9491,crypto,"Will the price of Bitcoin be between $114,000 and $116,000 on September 26?","114,000-116,000",2025-09-26 16:00:00+00:00,0,0.215,0.085,0.012,45260.252272,6.500069444444445,14,low
0x6b6197aeb2c13db38faca5b387a29b6a1045b024c5b06572565b44b1e15005b8,crypto,"Will the price of Bitcoin be above $112,000 on September 27?","112,000",2025-09-27 16:00:00+00:00,0,0.685,0.047,0.0155,46224.084642,6.500092592592592,14,low
0x950797beaded52a312d00b2c623cb25432bf8c9514e9ff8493d17c59e2953bd9,crypto,"Will the price of Ethereum be between $4,000 and $4,100 on September 28?","4,000-4,100",2025-09-28 16:00:00+00:00,1,0.2,0.4,0.535,48021.348824,6.4999768518518515,14,low
0xbc33dbebafc3eebe681813837f0382de6497e79fc77b9d68187b7ae3d5677409,crypto,"Will Bitcoin reach $120,000 September 22-28?","↑ 120,000",2025-09-29 04:00:00+00:00,0,0.0025,0.0035,0.002,48448.908398,6.499791666666667,14,low
0x60cff346b990ff6da5ba4848c1d764c32bb0008cdf88272c2a17cb9ff15f6504,econ,Will Microsoft be the largest company in the world by market cap on September 30?,Microsoft ,2025-09-30 00:00:00+00:00,0,0.003,0.002,0.001,150721.845174,33.99991898148148,69,mid
0xb21c15db48e4c5197b7fdc9bf946a277e2ba8aa2cd0f09631a4b440c689ae7a2,econ,Lisa Cook out as Fed Governor by December 31?, December 31,2025-09-30 00:00:00+00:00,0,0.255,0.265,0.28,2153774.445234,127.50013888888888,255,high
0xfec9f89df5b8fdc28c103dce36ccb54c6a07304835d9c233380d6bec0098cc52,econ,Will Apple be the second largest company in the world by market cap on September 30?,Apple ,2025-09-30 00:00:00+00:00,0,0.398,0.495,0.3515,247909.307742,34.000034722222225,69,high
0x7fdd74dd169f695f4d6fb585b845333c55b86b9a832fa2bc9bab7783e0e00a70,econ,Will NVIDIA be the second largest company in the world by market cap on September 30?,NVIDIA ,2025-09-30 00:00:00+00:00,0,0.0025,0.001,0.0015,100306.287239,33.99993055555556,69,mid
0x85a115a94338967c33f6e2c7cd4c514cab2194130a2e58be1adeb91735961f29,econ,Jerome Powell out as Fed Chair by September 30?,jerome-powell-out-as-fed-chair-by-september-30,2025-09-30 00:00:00+00:00,0,0.0025,0.0025,0.0015,239177.334127,35.999976851851855,73,high
0x01528c2bc760b53920b1482f9a9f15a2a35b0f1e73486e2293403e64b44a3aa5,econ,Lisa Cook arrested by September 30?,lisa-cook-arrested-by-september-30,2025-09-30 00:00:00+00:00,0,0.0065,0.0045,0.0035,685225.720588,34.999907407407406,71,high
0x94e7284ec921f6b251db9a051e019ee67cb775e110b2d9781a9dc5908cd78630,econ,Will NVIDIA be the largest company in the world by market cap on September 30?,NVIDIA,2025-09-30 00:00:00+00:00,1,0.9955,0.998,0.9995,442197.347576,34.00012731481481,69,high
0xd884a9d47d460e1907e84423f2ac7c88714eb6ccca172efa9489bfa64fd0e970,econ,Bull run: September,bull-run-september-884,2025-09-30 00:00:00+00:00,0,0.0045,0.0015,0.0015,268263.795834,26.499849537037036,54,high
0xca33fe17a88036588f1e515c8561b49dc32dba8f2d0f2da36d884489471bb35f,econ,Will Microsoft be the second largest company in the world by market cap on September 30?,Microsoft ,2025-09-30 00:00:00+00:00,1,0.5865,0.5025,0.6355,288312.236594,33.99994212962963,69,high
0x8072ae4c1b0b296ba2b66a50730f707854beae2ab61ceb3b1ea5a05273c716c9,econ,Will Apple be the largest company in the world by market cap on September 30?,Apple ,2025-09-30 00:00:00+00:00,0,0.0025,0.0015,0.0005,151750.173937,33.99994212962963,69,mid
0xfae907b4c7d9b39fcd27683e3f9e4bdbbafc24f36765b6240a93b8c94ed206fa,econ,Lisa Cook out as Fed Governor by September 30?,September 30,2025-09-30 00:00:00+00:00,0,0.0325,0.025,0.026,7598984.9543,35.5,72,high
0x3e239208880ea9b54399187b5c71cd7c21b4ae80c1ed1693aa2cedaee3823931,earnings,,MU,2025-09-30 16:00:00+00:00,1,0.9895,0.9895,,0.0,8.999780092592593,19,low
0x5eeb84c257e7d455b0dd6f32109c9b591682b693e1665f313ea839daf60df380,earnings,,MLKN,2025-09-30 20:00:00+00:00,1,0.995,0.995,,0.0,7.9996527777777775,17,low
0x6eea09df0c4b79fe58fbb2ed02cd8f3025ca4c0687f0c84b37f904e7655386f2,crypto,Will XRP dip to $1.80 in September?,↓ 1.80,2025-10-01 04:00:00+00:00,0,0.004,0.0005,0.0005,47408.679479,29.49988425925926,60,low
0x3b620d8f72d21be5e840901265aff4c3c59fe734a7c5bd9664a88700540081d9,crypto,"Will the price of Ethereum be above $4,000 on October 1?","4,000",2025-10-01 16:00:00+00:00,1,0.505,0.92,0.9375,45028.630282,6.500104166666667,14,low
0x375fab1843b3fcff2ea9625f6342d7d00efbd6fbbe76a971f5a40f2f9f2cc6e1,econ,Will CarMax (KMX) beat its quarterly EPS estimate?,will-kmx-beat-earnings-estimate-2025-09-25-1pt03,2025-10-02 11:00:00+00:00,0,0.011,0.0015,0.0075,104883.354555,54.50010416666667,109,mid
0x375fab1843b3fcff2ea9625f6342d7d00efbd6fbbe76a971f5a40f2f9f2cc6e1,earnings,,KMX,2025-10-02 11:00:00+00:00,0,0.011,0.0015,,0.0,54.50010416666667,109,low
0xb89baccda5af9c6cbc15c029df25e26ba5bbcc515563e85f15fa50790cc0ec6f,earnings,,JBL,2025-10-02 11:00:00+00:00,1,0.985,0.985,,0.0,10.500081018518518,22,low
0xe45d221e88fdad50b78507ff1ccdd4ca25c441f1940796871fdbdb96cbc0a621,earnings,,ACN,2025-10-02 11:00:00+00:00,1,0.991,0.991,,0.0,12.999976851851851,27,low
0x868395f961c26281e2ab9ad2dbcf72232ef9c5617c971ea85c294d7a8f3608df,earnings,,CNXC,2025-10-02 20:00:00+00:00,0,0.01,0.0105,,0.0,33.00005787037037,67,low
0x349f0023914fb1464f47db15e91b9641ec4d354afe4d289526b54c0de3a8a69b,econ,Will the US add between 0 and 25k jobs in September?,0-25k,2025-10-03 00:00:00+00:00,1,0.24,0.295,0.305,121839.782027,61.50001157407407,123,mid
0xfb927e938d29a050dca4b94a3283b6dd1bb0c412e6441cc39cbb147c3fbb0a14,econ,Will the US loose jobs in September?,<0,2025-10-03 00:00:00+00:00,0,0.045,0.05,0.18,111359.062092,61.500034722222225,123,mid
0x7eb19da95003ce4fa473bbdc18cddb76ac3e10a255b343c03ca3bd38b2df590f,crypto,"Will the price of Bitcoin be above $114,000 on October 4?","114,000",2025-10-04 16:00:00+00:00,1,0.83,0.991,0.992,47108.641852,6.5000231481481485,14,low
0x320a11aa98e92c0ebbcfa4fd01c37554d1545d7c381e9751a1419fdeec5bb49e,crypto,"Will the price of Bitcoin be between $114,000 and $116,000 on October 4?","114,000-116,000",2025-10-04 16:00:00+00:00,0,0.21,0.013,0.008,46500.66777,6.4999768518518515,14,low
0x519a677168578127491750c3770fdddd2bc9d310a9a0507a8ad897be4b81ddb4,crypto,"Will the price of Ethereum be above $4,400 on October 4?","4,400",2025-10-04 16:00:00+00:00,1,0.305,0.775,0.945,47326.193383,6.500127314814815,14,low
0xd585503a515a09be332ca16fec9441e613a9b00f4a7da867a4c784d8a6cff267,crypto,"Will the price of Bitcoin be greater than $120,000 on October 5?",">120,000",2025-10-05 16:00:00+00:00,1,0.3445,0.9385,0.962,46103.837298,6.5000231481481485,14,low
0xfdd616cb8e7dca0de4541be7476a6a6a7b6a007a3856bb07f6d4cc1a1b930367,earnings,,STZ,2025-10-06 00:00:00+00:00,1,0.705,0.705,,0.0,9.500034722222223,20,low
0x70536feb531c08c7bbe808959246ba5f4eaf07ed045f532fe41d404e93e3809f,earnings,,PRGS,2025-10-06 20:00:00+00:00,1,0.989,0.989,,0.0,13.500011574074074,28,low
0x1d3dfd3ff61891cb3e0bf490e0c4156966c84ecff10a1cc375a25cc4475ce33d,earnings,,MKC,2025-10-07 00:00:00+00:00,1,0.74,0.89,,0.0,10.500081018518518,22,low
0x5466a34f86708de3b1014fcb0c02ad2fa63456a1e7af1d393d2b16aca3c79832,earnings,,AZZ,2025-10-08 00:00:00+00:00,0,0.87,0.9,,0.0,4.500046296296296,10,low
0xe7269fae0438d2781e7355ddab7c8539a1fd99eecbf82b7f8fa73bfaba2f62f7,earnings,,RGP,2025-10-08 00:00:00+00:00,1,0.845,0.755,,0.0,4.500011574074074,10,low
0x30276b59d4611ee42e2c1d91c0985f4a13decbe57eb857c41edaae66292c4c5f,earnings,,RELL,2025-10-08 00:00:00+00:00,1,0.83,0.79,,0.0,5.500069444444445,12,low
0x0d4dfc87b272db718ba9dbf145d0cb51a246b037659891bf5635973b66adcac4,crypto,"Will the price of Bitcoin be between $124,000 and $126,000 on October 8?","124,000-126,000",2025-10-08 16:00:00+00:00,0,0.18,0.37,0.075,48249.302576,6.500150462962963,14,low
0x796408ad7f8ac77612d974c719501438d6948c57db01b3f8e0652bbad8bb51b0,crypto,"Will the price of Bitcoin be above $116,000 on October 8?","116,000",2025-10-08 16:00:00+00:00,1,0.9575,0.9885,0.9865,48059.051481,6.5001388888888885,14,low
0x3b36fec8706409e9ea25bcadaf26816cd7f8b69c375a600f78945c84a8c34370,crypto,"Will the price of Bitcoin be above $128,000 on October 8?","128,000",2025-10-08 16:00:00+00:00,0,0.145,0.0465,0.0055,44989.481882,6.500104166666667,14,low
0xcceacf84e616fdd9bd7fffc339e4deb267c41c7e817c78723e62bd814358eeed,earnings,,NRIX,2025-10-09 00:00:00+00:00,0,0.805,0.855,,0.0,7.5001388888888885,16,low
0x371ab1ff57e500d605ac27a481e35b53ff12067c7c39492bd97ea06bc7d5316a,earnings,,BYRN,2025-10-09 00:00:00+00:00,1,0.81,0.85,,0.0,5.4999768518518515,12,low
0xca3f4b688bce03a24747d339ff30aa2cf45fff9addfd43ea11e1f20689ae091b,earnings,,DAL,2025-10-09 00:00:00+00:00,1,0.885,0.845,,0.0,12.5,26,low
0x4a84f18a410227e4579a509b346913dde3664ce5f332d77ab37cab7aca1e35bc,earnings,,PEP,2025-10-09 00:00:00+00:00,1,0.89,0.9415,,0.0,12.500162037037038,26,low
0x4adb9043d555e5f676d2b465d4f4acddede52d6352edbab7bf2422aae03c4d4e,earnings,,NEOG,2025-10-09 00:00:00+00:00,0,0.37,0.21,,0.0,7.5001388888888885,16,low
0x2b7e81eb5a5b5b33f6c96d13192c4512411cf58fe73c4fb3f4dad39bb8e90991,earnings,,HELE,2025-10-09 00:00:00+00:00,1,0.49,0.205,,0.0,6.999930555555555,15,low
0x6e467b16b650c174152daff7c695053121d92dc24bcf3729705649fe4eb7d197,earnings,,LEVI,2025-10-09 00:00:00+00:00,1,0.915,0.935,,0.0,14.500150462962964,30,low
0x2bcb07b13e4086028a4398df1f20000ed83816828337aefbf5f0ffa851e75d10,earnings,,APLD,2025-10-09 00:00:00+00:00,1,0.83,0.905,,0.0,7.000104166666667,15,low
0x7cd875dbccfb50fa83b1befd2e568d1fe066edc30f61ec186724e50446b64334,crypto,"Will the price of Ethereum be between $4,400 and $4,500 on October 9?","4,400-4,500",2025-10-09 16:00:00+00:00,0,0.17,0.275,0.29,46210.835018,6.500150462962963,14,low
0xedc8a29a2d1ea73ee8fac57efddef3d8ecf968bd5f4e59eea8fd914259b59e94,crypto,"Will the price of Ethereum be between $4,100 and $4,200 on October 9?","4,100-4,200",2025-10-09 16:00:00+00:00,0,0.025,0.019,0.0305,45947.265703,6.500034722222222,14,low
0x5a58ac95347476118d188fc1b3651ec5a603a505abb673b6fefa677cd11686d5,earnings,,UNTY,2025-10-10 00:00:00+00:00,1,0.795,0.95,,0.0,11.50013888888889,24,low
0xd56c350c4c24945f2b63ec0da7b55cd709cca7d653a471c7bf1cc2a7bdc6f55b,crypto,"Will the price of Bitcoin be greater than $132,000 on October 10?",">132,000",2025-10-10 16:00:00+00:00,0,0.032,0.007,0.0015,48156.936023,6.5001851851851855,14,low
0xc879f1de50f17aa6cd3ce8120ef7ed9551cb551da2854cf7716b556f6e150d1e,crypto,"Will the price of Bitcoin be less than $114,000 on October 10?","<114,000",2025-10-10 16:00:00+00:00,0,0.02,0.012,0.004,46599.267388,6.5001388888888885,14,low
0xddfa55da6759f040218412bcd1517fa1ff44536f8e3816742d4a2ade412274ee,crypto,"Will the price of Ethereum be between $4,300 and $4,400 on October 10?","4,300-4,400",2025-10-10 16:00:00+00:00,0,0.05,0.2775,0.399,45232.990039,6.499988425925926,14,low
0xe27e9963aef76dd9973378011417e703e4767049e58c0dfd78dfd24fbc7d4305,crypto,"Will the price of Bitcoin be between $128,000 and $130,000 on October 11?","128,000-130,000",2025-10-11 16:00:00+00:00,0,0.058,0.015,0.04,46776.783149,6.500196759259259,14,low
0x9e1ece5d35ad335e0c2ffe1c7b2625dae2b3cffc34fe50bf26a0c42163abf378,crypto,"Will the price of Ethereum be above $4,100 on October 11?","4,100",2025-10-11 16:00:00+00:00,0,0.957,0.9825,0.1615,45497.519507,6.500069444444445,14,low
0x3fbc83b34e36ed0340a71f66261ac9988bd4cd25febf00ca39156b5012de8cac,crypto,"Will the price of Ethereum be above $4,500 on October 11?","4,500",2025-10-11 16:00:00+00:00,0,0.47,0.09,0.0085,45397.389014,6.500254629629629,14,low
0x571d94f605bc51383dff2a3992b085fc990e7bc883771505d880184185b9fd11,crypto,"Will the price of Ethereum be between $4,700 and $4,800 on October 12?","4,700-4,800",2025-10-12 16:00:00+00:00,0,0.0305,0.023,0.008,48133.832,6.499988425925926,14,low
0xd1649c6f185ef24b65e71cabb60ff37963c6515ca7d866a3f817b5e2fe33df46,crypto,"Will the price of Bitcoin be between $122,000 and $124,000 on October 12?","122,000-124,000",2025-10-12 16:00:00+00:00,0,0.25,0.0245,0.008,47613.712981,6.500150462962963,14,low
0xd95763b99884bc43791ecf75766ca99158926336d532749ce51aaddce8668d91,earnings,,FAST,2025-10-13 00:00:00+00:00,0,0.755,0.795,,0.0,9.500069444444444,20,low
0x4e0d3f5aa4ba8ad7b4abf04755c239038e5e0463f63bca8114db802a06201370,crypto,"Will the price of Ethereum be above $4,800 on October 13?","4,800",2025-10-13 16:00:00+00:00,0,0.0185,0.003,0.003,45706.366,6.5000231481481485,14,low
0xbbb932f9b7c12da095e204f3f248d66b28e271eac7c2ff6f1480dbc1f38cce07,crypto,"Will the price of Bitcoin be between $122,000 and $124,000 on October 13?","122,000-124,000",2025-10-13 16:00:00+00:00,0,0.23,0.008,0.018,47341.394194,6.5001851851851855,14,low
0x2a74a38ab1945ab6f2e91d40ce40473c92266eca05d84494618930e6ea801129,crypto,"Will the price of Ethereum be above $4,400 on October 13?","4,400",2025-10-13 16:00:00+00:00,0,0.385,0.015,0.0805,47399.928606,6.499953703703704,14,low
0x84a695aa8e816e99fe1c400b0fceed1c2ec2fc16ac0a674cf8b048e58f11dcff,earnings,,C,2025-10-14 00:00:00+00:00,0,0.865,0.85,,0.0,17.49994212962963,36,low
0x0fc38daa09129109a63f738e12d3c2eaa7e9c222d6fa8a570165333a296076f6,earnings,,JNJ,2025-10-14 00:00:00+00:00,1,0.9795,0.8875,,0.0,18.0,37,low
0x90e3d9debdf680213bd15218b2071aba5cbaa3ed5c937dc5fd88330a07561e1b,earnings,,GS,2025-10-14 00:00:00+00:00,1,0.91,0.905,,0.0,18.000046296296297,37,low
0xb4fc7085019ffdf2c9c0c70581d16340c4e99b85d091dfbec32340c81785eb62,earnings,,DPZ,2025-10-14 00:00:00+00:00,1,0.825,0.82,,0.0,17.500185185185185,36,low
0x47380287d3a4337ac7c6104284c17f3edaed87d5f8a3dbbe2eb4c12e055eb644,earnings,,JPM,2025-10-14 00:00:00+00:00,1,0.935,0.915,,0.0,18.0,37,low
0x3abde55383b9a88c77ad2c6f51ffa96631c40a56134d117901e690d667daf5d4,earnings,,WFC,2025-10-14 00:00:00+00:00,1,0.9345,0.9335,,0.0,18.500104166666667,38,low
0xd67c63a0b0fec10ad997cb6f083a5657589758d2a2a0769313e13e6d9de19e98,earnings,,BLK,2025-10-14 00:00:00+00:00,0,0.935,0.875,,0.0,10.500162037037038,22,low
0x431cbbb464cf8cf77acaad7414e8f6a9f9d97c2ca3fa149f15f92cb8c01d9fcf,crypto,"Will the price of Bitcoin be between $124,000 and $126,000 on October 14?","124,000-126,000",2025-10-14 16:00:00+00:00,0,0.0155,0.0105,0.0045,46945.067932,6.500069444444445,14,low
0x7cdf0b26742f9d31b6a3bdbfd5a92dc6cf652b82169728f6952351d27777ef93,crypto,"Will the price of Bitcoin be above $122,000 on October 14?","122,000",2025-10-14 16:00:00+00:00,0,0.05,0.018,0.0065,48881.378826,6.500092592592592,14,low
0xb4004bdcb99df239c4958330e0108365a99270cbd648d1db879b28a781b52384,crypto,"Will the price of Ethereum be between $4,800 and $4,900 on October 14?","4,800-4,900",2025-10-14 16:00:00+00:00,0,0.02,0.004,0.002,49029.123662,6.499918981481481,14,low
0x3efa787073bf7f60ee89873f8008fad5df59b79c6536bdabda0a02059648959e,econ,Will annual inflation increase by 3.3% or more in September?,≥3.3%,2025-10-15 00:00:00+00:00,0,0.012,0.007,0.011,198483.126393,42.50001157407407,86,mid
0x01d8550b6b04086caca37375875c52c586417a95d334f70cb9755d06935b7235,econ,Will annual inflation increase by 3.1% in September?,3.1%,2025-10-15 00:00:00+00:00,0,0.345,0.365,0.395,132193.249529,42.499965277777775,86,mid
0x46396867efc69c36b9ece504df9b8f9716658e30a0890920ed355b1ca681d9c0,earnings,,CFG,2025-10-15 00:00:00+00:00,1,0.745,0.845,,0.0,18.500081018518518,38,low
0x7a8808061765dafbc64c84872298121659a7835b4ba720dd8517d8b8eaceccd5,econ,Will annual inflation increase by 3.0% in September?,3.0%,2025-10-15 00:00:00+00:00,1,0.4,0.365,0.365,231571.750576,42.50024305555556,86,high
0xa7ed87fa51c47ae48dbd0606c4f960b97e9c38af7f1bd215097abc04d4e1727d,econ,Will annual inflation increase by 2.9% or less in September?,≤2.9%,2025-10-15 00:00:00+00:00,0,0.065,0.125,0.095,179320.73927,42.50006944444444,86,mid
0x3df6317f9955a852b02f1fd386c91ea67cf793360acbca25629b226393ddf497,earnings,,ABT,2025-10-15 00:00:00+00:00,0,0.895,0.895,,0.0,18.49997685185185,38,low
0x93ea66174d1c64530f1377068df67d6c2f733b3945fb09a3462227a1fa941c37,econ,Will annual inflation increase by 3.2% in September?,3.2%,2025-10-15 00:00:00+00:00,0,0.165,0.155,0.155,128149.135045,42.50001157407407,86,mid
0xc274f712e56f0be1fa161557c773897784f77fa0cffd238e5561917a9f58b863,earnings,,BAC,2025-10-15 00:00:00+00:00,1,0.91,0.92,,0.0,18.50011574074074,38,low
0x22e5e294d5971d3e2ab27aa7453575fabd3edc566a6d831fdd575a7eddc1642a,econ,Will monthly inflation increase by 0.2% in September?,0.2%,2025-10-15 00:00:00+00:00,0,0.0555,0.041,0.0425,116072.642944,42.500092592592594,86,mid
0x41010e119c211a44503b83370da7be84bd4e3eee48ee4e836b5958125735d62d,earnings,,MS,2025-10-15 00:00:00+00:00,1,0.92,0.875,,0.0,18.50021990740741,38,low
0xc97c0accd132a6e0b78f791aea648828ec2078ecc3cb1ad0a91f08d351460c2e,crypto,"Will the price of Ethereum be between $4,000 and $4,100 on October 15?","4,000-4,100",2025-10-15 16:00:00+00:00,0,0.1015,0.2065,0.253,49218.175123,6.5,14,low
0x81e68dff563dfa1221a6d1c0215e2d3549c794cb72a366be1645d7724b338997,earnings,,GBCI,2025-10-16 00:00:00+00:00,0,0.815,0.785,,0.0,13.500046296296297,28,low
0x1d3a78376b50e04fdc49fb0318f01bac1ae45fc41217718df5dfc32e985ce839,earnings,,IBKR,2025-10-16 00:00:00+00:00,1,0.855,0.83,,0.0,20.000046296296297,41,low
0x3a7bf042a63ad2ed6825ee9b06c8e3f62d65a227522cbf1a54b94a65d21bfb28,earnings,,BK,2025-10-16 00:00:00+00:00,1,0.885,0.825,,0.0,12.999930555555556,27,low
0x34b757c5f3db545a90059fe79b03ba79488b72acf7c2df7ad267a2424baf9c68,earnings,,USB,2025-10-16 00:00:00+00:00,1,0.85,0.75,,0.0,13.500034722222223,28,low
0x36b9b17c74855c6d49cf333fd6ac6d8cb5d4b72d96d870d59771dab259fa6e3e,earnings,,KEY,2025-10-16 00:00:00+00:00,1,0.785,0.745,,0.0,13.000081018518518,27,low
0x0f18d1e749bab471b8a4d2201250a067a8e211cf4ecf664b6435ae75c6c50925,earnings,,SCHW,2025-10-16 00:00:00+00:00,1,0.915,0.875,,0.0,20.000104166666667,41,low
0xff3db55dd6ad4dc3938876a6b18812b121556a314309a9e08c870f99f797818f,earnings,,TFC,2025-10-17 00:00:00+00:00,1,0.865,0.7,,0.0,13.500011574074074,28,low
0x0cf7d752a5ab03ebb18d46d3924a652dfa6b6d63c03cc2367444fcad1a3fad7d,earnings,,STT,2025-10-17 00:00:00+00:00,1,0.875,0.825,,0.0,13.500069444444444,28,low
0xfe1169bc73a4d54074e6856e7c4f56d49403940bc03ea31a46b404a2fa58aa31,earnings,,AXP,2025-10-17 13:00:00+00:00,1,0.91,0.775,,0.0,8.50013888888889,18,low
0x1ade6f9106b4fa410333ac58f6a40e372409201337e1871ce067a8cdcc4a0dcf,crypto,"Will the price of Bitcoin be between $118,000 and $120,000 on October 17?","118,000-120,000",2025-10-17 16:00:00+00:00,0,0.05,0.014,0.003,45137.921209,6.499988425925926,14,low
0x6f4c15e789897aadcfb5edc95623b956e099a38fd14f8d23a8e90862cc4110e0,crypto,"Will the price of Ethereum be above $3,400 on October 18?","3,400",2025-10-18 16:00:00+00:00,1,0.9875,0.964,0.989,46834.227634,6.5001388888888885,14,low
0xcc7582c275d9d8c4c4b4363b0ef4bb608d784cf10862a753593c1a53a74d2e73,crypto,"Will the price of Bitcoin be between $110,000 and $112,000 on October 19?","110,000-112,000",2025-10-19 16:00:00+00:00,0,0.23,0.028,0.0315,46796.314113,6.499988425925926,14,low
0x2eec877221d7f0dd7015b4dbcbe86f300dee5b76395afae21d9885effbcba759,crypto,"Will the price of Ethereum be above $4,400 on October 19?","4,400",2025-10-19 16:00:00+00:00,0,0.08,0.005,0.001,45443.634762,6.500150462962963,14,low
0xa8c59faebc1ac8d22f649cce364b63098c87da4d9ae9a6dbbd200d39d27d8f50,crypto,"Will the price of Ethereum be between $3,800 and $3,900 on October 19?","3,800-3,900",2025-10-19 16:00:00+00:00,0,0.115,0.335,0.445,46239.625284,6.500046296296296,14,low
0x499806221a598eeb2761549f5f50cb2a32198b9e3c3342ad8eb09eb015bf008d,earnings,,SFBS,2025-10-20 00:00:00+00:00,0,0.745,0.81,,0.0,17.00003472222222,35,low
0xfa002e3a2346f680f87d47ca205f7c4505b6cca791184dd87aeaed7e958e7215,crypto,"Will Bitcoin reach $122,000 October 13-19?","↑ 122,000",2025-10-20 04:00:00+00:00,0,0.015,0.001,0.0015,46287.467128,6.500104166666667,14,low
0xf30a79a188449edef0d68cace0e90485e1ec7d61f16b91c3cadd78d169e7d8b6,crypto,"Will Bitcoin reach $126,000 October 13-19?","↑ 126,000",2025-10-20 04:00:00+00:00,0,0.0065,0.0025,0.0005,47575.426216,6.499988425925926,14,low
0xb7bbed514738fbe972b6191f1f69e9ee5435875055ce7d1128fee78f67afe0a9,crypto,"Will the price of Ethereum be above $4,300 on October 20?","4,300",2025-10-20 16:00:00+00:00,0,0.0335,0.012,0.026,45135.56199,6.5001388888888885,14,low
0x7944a0bd55b7c3acf9fc3da78ebe6a53881c576bf7a72074d868181403a00a7b,earnings,,EFX,2025-10-21 00:00:00+00:00,1,0.705,0.765,,0.0,14.500104166666667,30,low
0xf6e24791df46f2dfb069dd01e3031db44976f8c9ea91960691a3b6649dfcacfe,earnings,,OMC,2025-10-21 00:00:00+00:00,1,0.745,0.675,,0.0,24.5,50,low
0x1d5483197944695ffd2d533dca4d516ca811959cb9cec5927718a96754bc1624,earnings,,PHM,2025-10-21 13:00:00+00:00,0,0.325,0.325,,0.0,12.500104166666667,26,low
0x55ff4c7d4bcfbc76164c59fb3953401630acbf18ac6bdcae10bcb1159c5f010e,earnings,,GM,2025-10-21 13:00:00+00:00,1,0.92,0.87,,0.0,12.500162037037038,26,low
0xf087b321286ec43be60d9e2cee908bc39002360896a86122ccb20d86dbdeb69e,earnings,,NOC,2025-10-21 13:00:00+00:00,1,0.82,0.77,,0.0,12.499907407407408,26,low
0x98fb73073cc1b11e6a0502e8286954a8e0f5ed33c1ec47e1d63f233564c533f2,earnings,,HAL,2025-10-21 13:00:00+00:00,0,0.335,0.445,,0.0,12.500023148148149,26,low
0x6bdfdafb55585818a9db78b389288144dd959625eed189778bf0491970c59d7c,earnings,,LMT,2025-10-21 13:00:00+00:00,1,0.735,0.69,,0.0,12.49988425925926,26,low
0xb1ee462d0f3863d30badc5cdd1c6d22fa941a883463f4610173501bbe94f1dda,earnings,,MMM,2025-10-21 13:00:00+00:00,1,0.875,0.855,,0.0,12.49988425925926,26,low
0x06fbb392e84a4fd0e669a69569e74de8b203b7452939100bcc8cedd07b16601c,earnings,,PM,2025-10-21 13:00:00+00:00,1,0.865,0.83,,0.0,12.500069444444444,26,low
0x9849b5eb1d6c6b79589b1890c7ea3764ff4bba56c63e07ac9134c2799a1f4e24,earnings,,DGX,2025-10-21 13:00:00+00:00,1,0.8785,0.919,,0.0,12.500185185185185,26,low
0x3ab00b6c2fbfcd78e455c135b1b57e2089bc2c3a9d28ee3905c411d2a5804067,earnings,,KO,2025-10-21 13:00:00+00:00,1,0.925,0.865,,0.0,12.499976851851851,26,low
0x22b76c016f0461a63ad874a04a3c30094e1b33d476d1d1cb53d85c9d33a78982,earnings,,NDAQ,2025-10-21 13:00:00+00:00,1,0.9545,0.9085,,0.0,12.499976851851851,26,low
0x4f3657bb5e51d24f54deabd83b173589c50edd97851dd72ba67fea457f28d0e4,crypto,"Will the price of Bitcoin be between $110,000 and $112,000 on October 21?","110,000-112,000",2025-10-21 16:00:00+00:00,0,0.13,0.325,0.425,45701.537578,6.500196759259259,14,low
0x80467f7203953ac1e65db66b9379510c7da3cadf3c2f6dca2511da418479eb03,crypto,"Will the price of Ethereum be above $3,700 on October 21?","3,700",2025-10-21 16:00:00+00:00,1,0.8,0.981,0.992,49559.734104,6.500069444444445,14,low
0x069c40db1d741f4e3012de41aafeb4e76aab75366f7829e9a43fe971d6ff5572,crypto,"Will the price of Ethereum be between $4,100 and $4,200 on October 21?","4,100-4,200",2025-10-21 16:00:00+00:00,0,0.09,0.2,0.1,46589.189386,6.500092592592592,14,low
0x51b35684d2937730df80e0e55c13451c85bfecbd58dcb509720b71d24001c6db,earnings,,CB,2025-10-21 21:00:00+00:00,1,0.885,0.895,,0.0,13.000104166666667,27,low
0x89a173d1eaccd405324ba8319d351cee132b2e47cf10964a6421fcc21d09320a,earnings,,TXN,2025-10-21 21:00:00+00:00,0,0.85,0.865,,0.0,12.50017361111111,26,low
0x4eb7f04b1f6b2ca418fc1b088f04ded59a2f10074af56750b699076f3f3b2c5e,earnings,,MAT,2025-10-21 21:00:00+00:00,0,0.73,0.725,,0.0,13.00013888888889,27,low
0x76c6d5063b3d0e1b2392cc3a8a144ea640bc1de59ec8c767b7f6fe4e56fba2d3,earnings,,EWBC,2025-10-21 21:00:00+00:00,1,0.795,0.805,,0.0,12.500011574074074,26,low
0xfb7a77eaa70679a6f6449e2940f8874f63dcc15bc37e8cb21f0600a93bf2a31a,earnings,,NFLX,2025-10-21 21:00:00+00:00,0,0.835,0.825,,0.0,12.999976851851851,27,low
0x0aaf73677aeda3cda88c7337343177267011f1d6d08fbdc83174e5bee6a48edc,econ,Will Tesla (TSLA) beat quarterly earnings?,tsla-quarterly-earnings-nongaap-eps-2025-10-22-0pt5,2025-10-22 00:00:00+00:00,0,0.74,0.745,0.765,726860.842831,25.500011574074072,52,high
0x0aaf73677aeda3cda88c7337343177267011f1d6d08fbdc83174e5bee6a48edc,earnings,,TSLA,2025-10-22 00:00:00+00:00,0,0.74,0.745,,0.0,25.500011574074072,52,low
0x7666dbf2728c1ccf5ab7590cd04b6b8ffc8a682425ab27a393e4b3ec1aadb16d,earnings,,KMI,2025-10-22 00:00:00+00:00,0,0.315,0.36,,0.0,26.00005787037037,53,low
0x39c5d7378b615e74df93c383fb9576bb8b048dc88ac9b16a16c65131236fa461,earnings,,NTRS,2025-10-22 13:00:00+00:00,1,0.785,0.68,,0.0,6.000034722222222,13,low
0x8f8258ec96b5fae325f47d648f222654768e24bdae4bb3d35b35459cc9188912,earnings,,CME,2025-10-22 13:00:00+00:00,1,0.775,0.645,,0.0,13.499965277777777,28,low
0xa63b0b2a3b01d8363bf3c141db92e476fd9a8e4eeedef39ab382e571e40e3e7d,earnings,,T,2025-10-22 13:00:00+00:00,0,0.76,0.75,,0.0,13.500219907407407,28,low
0x4eec1dadeed73cacafeb72c4bebb7563a41c979b31f35f180b5be9c1440fdb78,earnings,,HLT,2025-10-22 13:00:00+00:00,1,0.875,0.795,,0.0,13.50017361111111,28,low
0x2e532dae75fa1ae58eac865fa50491eafb15b727030d9c075cc4ddebe8232778,earnings,,MCO,2025-10-22 13:00:00+00:00,1,0.81,0.73,,0.0,13.500092592592592,28,low
0x894f6a53215e9b14a64a1cd4bd4bdb61e59e2c97044969c4c780aceb4b5d464d,crypto,"Will the price of Bitcoin be between $104,000 and $106,000 on October 22?","104,000-106,000",2025-10-22 16:00:00+00:00,0,0.14,0.101,0.1,47763.926105,6.5001851851851855,14,low
0x98db4dbbbb9fb6ab06522d7481c9fec51436df198afe78768a2e3e4787cb6c2e,earnings,,CASH,2025-10-22 20:00:00+00:00,0,0.0615,0.0635,,0.0,48.49981481481481,97,low
0xa9014b5e76aadc7108dd6ea4f6d3b213e42ce823d7299f1072b51b9b5ad3e67d,earnings,,RJF,2025-10-22 21:00:00+00:00,1,0.745,0.535,,0.0,6.0,13,low
0x5761d1a44078bef148178af906a2f83075489b81a1342790f7fcee41b3ad3be2,earnings,,SEIC,2025-10-22 21:00:00+00:00,1,0.795,0.63,,0.0,5.99994212962963,13,low
0x2b16c241a1296ca1a6aee7f86407aea2f87ff18c6ddf0a1f978312eb3fb86c98,earnings,,CHDN,2025-10-22 21:00:00+00:00,0,0.665,0.58,,0.0,13.99994212962963,29,low
0x7f1e04c3f6915844b782d3191ab4e85be11f022fdc946fdd78535a39cec30ea5,earnings,,LUV,2025-10-22 21:00:00+00:00,1,0.705,0.535,,0.0,5.9999768518518515,13,low
0x0869c3b2f29775e02f21395f5841926bb4218e6bd4a8256b2e1106d45835ad06,earnings,,IBM,2025-10-22 21:00:00+00:00,1,0.845,0.8,,0.0,13.500231481481482,28,low
0x089b946d1e8f61d3c92e45416f654445bf5a251b73cbb6a37b7b698737d9b599,earnings,,ORLY,2025-10-22 21:00:00+00:00,1,0.355,0.445,,0.0,5.999988425925926,13,low
0x014d47b7239008d10ff6ffd34702e03999febecd23dd01c6f3dc1ed9cfd8b7e9,earnings,,WDFC,2025-10-22 21:00:00+00:00,1,0.805,0.71,,0.0,6.0000231481481485,13,low
0x65e1b00fec4a5aeea88a634a8cbd6c6212031a9563280da17906d0c8effb39e9,earnings,,LVS,2025-10-22 21:00:00+00:00,1,0.725,0.655,,0.0,13.500104166666667,28,low
0xece7f644bc968acd0f2bbd1fb4113fbd5dacc82731b20b120517e5fe0e1b18ea,earnings,,AAL,2025-10-23 13:00:00+00:00,1,0.705,0.64,,0.0,14.499918981481482,30,low
0x007d65646597bc96544a2ae6eb308816167dc16e6e803332ed3787bbcc5601fc,earnings,,AB,2025-10-23 13:00:00+00:00,1,0.74,0.63,,0.0,6.5001388888888885,14,low
0x950e8cabb6e5afbc3f89555e50a80933e22ab12113d527ea1eda52e461c86c04,earnings,,CBRE,2025-10-23 13:00:00+00:00,0,0.345,0.425,,0.0,6.500243055555556,14,low
0x630ceec498588348fda031541ea65bf2f7ce6187ca9d15953ce4271f1cbeeb77,earnings,,DOW,2025-10-23 13:00:00+00:00,1,0.655,0.455,,0.0,6.5,14,low
0x385f1a014c7adc38e3f859a3f6510cabed43569b9fb8d10d1b88b4ae10f591c6,earnings,,BX,2025-10-23 13:00:00+00:00,0,0.625,0.62,,0.0,6.50005787037037,14,low
0xedfed5786411127b0e0537514fd3b5f82f670b4e0a25555732bc4760cfc02538,earnings,,HON,2025-10-23 13:00:00+00:00,1,0.815,0.765,,0.0,6.500208333333333,14,low
0xa2221f058b7e12f2a7d8ebc807a0e8f230f62154354b2ad6705c2f98fc537e55,earnings,,FCN,2025-10-23 13:00:00+00:00,1,0.665,0.5,,0.0,6.500196759259259,14,low
0x4a8f28b826b1b59a1f3c5b754b8abcc08765a5d97709ce3cbad6cf0048c4caea,earnings,,TMUS,2025-10-23 13:00:00+00:00,1,0.815,0.8,,0.0,6.50005787037037,14,low
0x26c0dbef4fec7aa73032355a33133ee97a1a4c3cc3fed61acffe51d9e15de1ad,earnings,,HAS,2025-10-23 13:00:00+00:00,1,0.805,0.685,,0.0,6.499965277777778,14,low
0xfea64802bcf719c00c22dfa52660c4818e053f74c75da97b528bca254882ada6,earnings,,STBA,2025-10-23 13:00:00+00:00,1,0.795,0.725,,0.0,6.499988425925926,14,low
0x5bce534bc33e5389155d619661202c5e97763f3250430edf113b7ee7df67580d,earnings,,PCG,2025-10-23 13:00:00+00:00,1,0.47,0.56,,0.0,6.500208333333333,14,low
0x7726ceea39c35282fb8563f330e53017415270e275ae63eab62ab7000dc31b67,earnings,,TSCO,2025-10-23 13:00:00+00:00,1,0.565,0.605,,0.0,6.999988425925926,15,low
0x558f9bfcb8f2382db5379e0bb4ed094041a2a7846bf30ed2b01c9648a4d20532,earnings,,UNP,2025-10-23 13:00:00+00:00,1,0.68,0.585,,0.0,6.500115740740741,14,low
0xb00ca15af9ff3a849b6a189fb17c683644414748fc18bdaefde43b9a6799e54d,crypto,"Will the price of Ethereum be above $3,400 on October 23?","3,400",2025-10-23 16:00:00+00:00,1,0.984,0.988,0.994,49810.302548,6.50005787037037,14,low
0xbd2317083c3e7d5e485de6d598c6ae90c5a0067bd0a45c1fb8ebabf91fb2dd85,crypto,"Will the price of Ethereum be above $4,300 on October 23?","4,300",2025-10-23 16:00:00+00:00,0,0.14,0.0165,0.0025,46817.949721,6.500173611111111,14,low
0xe05b325a9661cdb2b6fbc751865ef7cc6678ac314433ea31745e36a397561cb2,earnings,,INTC,2025-10-23 21:00:00+00:00,1,0.755,0.79,,0.0,6.50005787037037,14,low
0xc52dfc498000d3d51637819470cc23837cec6afe50edd724d011d5be88b722f0,earnings,,SSNC,2025-10-23 21:00:00+00:00,1,0.845,0.775,,0.0,6.4999768518518515,14,low
0x8ea8c63a6ce57c6cb6e6ca3c1a3ddb6d1282f12d64da66b2b38e7f287ec60be8,earnings,,SAM,2025-10-23 21:00:00+00:00,1,0.63,0.415,,0.0,15.000034722222223,31,low
0x66cb0f5cbfbb888eec1963fd9d8304f6792e27e078fd25d842d32b205e80f89a,earnings,,COUR,2025-10-23 21:00:00+00:00,1,0.65,0.685,,0.0,6.5000231481481485,14,low
0xb7f95e710bc6f2e678e39cc02d73c4cc6cdb130cf765667647290a72da81144f,earnings,,PG,2025-10-24 13:00:00+00:00,1,0.61,0.705,,0.0,3.0000347222222223,7,low
0x5487f06cd5051d832108803a7cc95615cd2ad9da5d72ba3e1b5d4efd57d31a1d,earnings,,GD,2025-10-24 13:00:00+00:00,1,0.505,0.685,,0.0,2.9998958333333334,7,low
0xe0eaffb9be7d0c72f240607c2cad8da12848eb1d190d8e45377df4c541f1d6b0,crypto,"Will the price of Bitcoin be between $100,000 and $102,000 on October 24?","100,000-102,000",2025-10-24 16:00:00+00:00,0,0.028,0.015,0.0105,45321.174285,6.500069444444445,14,low
0xd609798eeb72710841a77d2007d8a8434e43b3a6419a1241eecc468ab0d98778,earnings,,F,2025-10-24 21:00:00+00:00,1,0.64,0.615,,0.0,7.500046296296296,16,low
0x8a1fb1f38e3833078ed235b70a56618a2fc99afd6b9e9b116d64581f52018e50,crypto,"Will the price of Bitcoin be between $108,000 and $110,000 on October 25?","108,000-110,000",2025-10-25 16:00:00+00:00,0,0.17,0.21,0.08,48178.535436,6.500208333333333,14,low
0xae25b2e3b4a224a7f1bcb10d96ea0a6bec532242b2afd7523c3b9980220b0137,crypto,"Will the price of Bitcoin be above $98,000 on October 25?","98,000",2025-10-25 16:00:00+00:00,1,0.957,0.996,0.9985,46661.139546,6.500162037037037,14,low
0xc2a6f152ce703168163e2613ee4fb89a15f147d000262a52ff451e7303bb04d6,crypto,"Will the price of Bitcoin be between $112,000 and $114,000 on October 25?","112,000-114,000",2025-10-25 16:00:00+00:00,0,0.085,0.25,0.09,47955.092093,6.5000231481481485,14,low
0x4899a43215317d3dcb0985fc49328b6c11c7b9ab5e46f990626dce649b615958,crypto,"Will the price of Bitcoin be above $102,000 on October 25?","102,000",2025-10-25 16:00:00+00:00,1,0.8765,0.994,0.9975,49360.262368,6.4999768518518515,14,low
0xea0235acd224e3ff66b8a756a91a8d202899ca166fc1b2a074d1202cd6f55f0e,crypto,"Will the price of Ethereum be between $3,500 and $3,600 on October 26?","3,500-3,600",2025-10-26 16:00:00+00:00,0,0.051,0.0115,0.0025,45560.802586,6.500196759259259,14,low
0x0cb9a3ee74520c0f2bc063ee58056c38b8b6ecca0fa7ce439de892d6195b78c5,crypto,"Will the price of Bitcoin be above $100,000 on October 26?","100,000",2025-10-26 16:00:00+00:00,1,0.974,0.998,0.9995,45619.197367,6.500081018518519,14,low
0xb2d0f4c0400bfb101c97ba7a346fde5f16ed57159db20ddd536018d498040e14,crypto,"Will Ethereum dip to $3,500 October 20-26?","↓ 3,500",2025-10-27 04:00:00+00:00,0,0.1,0.0045,0.0055,45681.543614,6.499965277777778,14,low
0xb4073c0aeedfb037b3f4c8d5569aa9a20b2a0c724a413412bedffc763b77a768,crypto,"Will the price of Bitcoin be above $104,000 on October 27?","104,000",2025-10-27 16:00:00+00:00,1,0.966,0.9935,0.998,46972.01195,6.500046296296296,14,low
0xc6257f2608ef2c5c51d4699be8e49b68c239dec83d9117dcf2653cd8a6ff5af4,crypto,"Will the price of Bitcoin be between $108,000 and $110,000 on October 27?","108,000-110,000",2025-10-27 16:00:00+00:00,0,0.185,0.065,0.0175,46976.811577,6.500104166666667,14,low
0x1df7a7c77ff989818494cfbc21e9be4527085b482eb9aa371f3dc096f2075761,crypto,"Will the price of Bitcoin be between $102,000 and $104,000 on October 27?","102,000-104,000",2025-10-27 16:00:00+00:00,0,0.0215,0.0185,0.0005,44940.65422,6.5,14,low
0x24df11258403d0c82a579a6949d72ca7fa1ed5e1497efc4e20499df4fe5904a4,crypto,"Will the price of Bitcoin be between $118,000 and $120,000 on October 27?","118,000-120,000",2025-10-27 16:00:00+00:00,0,0.0225,0.0115,0.039,49653.195855,6.500208333333333,14,low
0x43b02f9d1a555ed3bc0769aedf3ee5373c37a7840c4165f8765a29686c810372,crypto,"Will the price of Ethereum be above $4,300 on October 27?","4,300",2025-10-27 16:00:00+00:00,0,0.0445,0.2305,0.122,45531.804524,6.499907407407408,14,low
0x0d4050e35930f5971ac8d439011a1d89fc1c0cca87b77a3af48c4e794abe5819,earnings,,CFLT,2025-10-27 21:00:00+00:00,1,0.655,0.795,,0.0,3.0000115740740743,7,low
0x47143c6bb8d17b64c7fb3c79222b338d8beb9bf0143d7ac3e99ce57e0c337a54,earnings,,BBBY,2025-10-27 21:00:00+00:00,1,0.475,0.56,,0.0,6.000011574074074,13,low
0xb12731622cf0421e8bc161cff97bd7d006380aa3a4f87c1444b2d58ad8b91a7d,earnings,,JBLU,2025-10-28 13:00:00+00:00,1,0.765,0.835,,0.0,6.4999768518518515,14,low
0x3dc3923fc8d18d6f223de38e7d25e5337c93cd6f968acc7ca9dbf514c0294ecc,earnings,,SOFI,2025-10-28 13:00:00+00:00,1,0.885,0.87,,0.0,6.4999768518518515,14,low
0x62056f9fc743a5213415ad1ec877894341ef46184d45f5f686d35e91a967bdf7,earnings,,PIPR,2025-10-28 13:00:00+00:00,1,0.73,0.825,,0.0,9.999953703703703,20,low
0xe4180735b2b0f5c83751da4a2a3adae259e29fd9212d771cf564636522a4bbca,earnings,,PYPL,2025-10-28 13:00:00+00:00,1,0.825,0.805,,0.0,6.499988425925926,14,low
0x0cd49ce7923605eef1e0fee776973ce9d0fe20d2393f745dae57858b99a8949a,earnings,,RCL,2025-10-28 13:00:00+00:00,1,0.815,0.725,,0.0,7.000266203703704,15,low
0x95c13a7302b9be37987dd6f6dcb0c6ae7662bffa1294390e53a021ad0ea2a817,earnings,,UNH,2025-10-28 13:00:00+00:00,1,0.475,0.77,,0.0,6.500011574074074,14,low
0x79b0eb322006bcbdb3586c4cc8bdf62c79da7a37d1e2972e4450872e3fa59900,earnings,,ARCC,2025-10-28 13:00:00+00:00,0,0.345,0.36,,0.0,6.999988425925926,15,low
0xe014d2989a339f86a41ce3eb0b87a8f0a15d4506740462c8a83e6d06c6e58330,earnings,,UPS,2025-10-28 13:00:00+00:00,1,0.665,0.71,,0.0,6.499988425925926,14,low
0x1faa6b970beef9d80e427b5463c8fe8eef07923c361b414aca5646a677b602dd,earnings,,SYY,2025-10-28 13:00:00+00:00,1,0.5,0.575,,0.0,6.500011574074074,14,low
0xcf1e39e8e54392442711030179952dd9029afde35c0868fb510ac28b72da5998,earnings,,IVZ,2025-10-28 13:00:00+00:00,1,0.695,0.695,,0.0,6.4999768518518515,14,low
0x5d78fe2fca350d6d6eba09f243bc24907e5daebe93e429e5f7e9cb70fd3ddebc,earnings,,MSCI,2025-10-28 13:00:00+00:00,1,0.795,0.87,,0.0,6.5,14,low
0xfa77b327795ce598c432bea566514de8e89de775babc61e7812bf899e4abd1ce,earnings,,LH,2025-10-28 13:00:00+00:00,1,0.82,0.83,,0.0,6.499988425925926,14,low
0xc80a53a5b05d24ebb56ed9f7fa1b9a0f10ae986be930cb2470da4f6a94f7ebee,crypto,"Will the price of Ethereum be above $4,000 on October 28?","4,000",2025-10-28 16:00:00+00:00,1,0.385,0.875,0.8785,48886.944389,6.5,14,low
0xaba0341b1880e9f2868a743abb4e54c8c5e0302237852259ecf359302f6e2f2f,crypto,"Will the price of Bitcoin be between $116,000 and $118,000 on October 28?","116,000-118,000",2025-10-28 16:00:00+00:00,0,0.046,0.27,0.119,45596.222998,6.499988425925926,14,low
0xc46e86c091976b6cf1655cd157ba1ff7866cff3ff155b315476d6759a30822e2,crypto,"Will the price of Bitcoin be between $110,000 and $112,000 on October 28?","110,000-112,000",2025-10-28 16:00:00+00:00,0,0.265,0.0525,0.0655,46306.984246,6.499988425925926,14,low
0x0587fdcb937df6b330fc7dd5209b56cb44f837bbbef8023b5c02d82da991ebf3,crypto,"Will the price of Ethereum be between $4,300 and $4,400 on October 28?","4,300-4,400",2025-10-28 16:00:00+00:00,0,0.0265,0.1105,0.052,46404.732817,6.500011574074074,14,low
0x574056340b1f6772e51ba86c91f905b6b0e71adde7157c87cdadebf0c69dafce,earnings,,BKNG,2025-10-28 21:00:00+00:00,1,0.73,0.755,,0.0,7.0000231481481485,15,low
0x5220a0594238fb416ea4257a87f0b8d6302bf74e0e853023c6a14db170f2b047,earnings,,CSGP,2025-10-28 21:00:00+00:00,0,0.595,0.445,,0.0,6.499988425925926,14,low
0xc9ab0cf9372c095f7cd2cdda91a2e717a32315082f2da913a51346043f36fdcf,earnings,,EA,2025-10-28 21:00:00+00:00,1,0.765,0.705,,0.0,6.499988425925926,14,low
0x7272ac22a6fb80c349170b2cb0fa26b3ed970dfd4e4a3a7801b9eb9e4d454902,econ,Will the Bank of Canada announce a 25 bps decrease at the October meeting?,25 bps decrease,2025-10-29 00:00:00+00:00,1,0.915,0.94,0.94,113789.581893,40.000150462962964,81,mid
0xb45546db34162ddd31f9fe5c2763ab66f82fac34a5a3cd7b148340121d23d572,econ,"Will Powell say ""Good afternoon"" during October press conference?",Good afternoon,2025-10-29 00:00:00+00:00,1,0.9765,0.9815,0.979,335006.259865,40.00005787037037,81,high
0x6ef34d5c7937cb8a1eb22234ddce8fe3eb1595e1f35c7d4f2101c58f3506e580,econ,No change in Fed interest rates after October 2025 meeting?,No change,2025-10-29 12:00:00+00:00,0,0.01,0.0115,0.0115,46052653.992844,131.00016203703703,263,high
0x53f82bd52566e30ae3f8131cb92095dd92ecdf2b0204af0edc226ee194e923fe,econ,Fed decreases interest rates by 25 bps after October 2025 meeting?,25 bps decrease,2025-10-29 12:00:00+00:00,1,0.9825,0.9845,0.9795,51626217.76071,131.00008101851853,263,high
0x6a8c775d3a7ab901a5c4595dbc33478d654dc3b293be2b80fd64500cabbfcc37,econ,Fed decreases interest rates by 50+ bps after October 2025 meeting?,50+ bps decrease,2025-10-29 12:00:00+00:00,0,0.0065,0.0045,0.009,52589989.131546,131.00002314814816,263,high
0xd6e0317cee513cc3afdc1954ac576b241ad2287536e88b17fd3a77b4c3d0976e,econ,Fed increases interest rates by 25+ bps after October 2025 meeting?,25+ bps increase,2025-10-29 12:00:00+00:00,0,0.0015,0.0005,0.0005,102216689.131463,133.00010416666666,266,high
0xfdf3a1ae0c405d6c515647b30080dd20936b44cdc9848fbec75e933e30b3bd27,earnings,,PAG,2025-10-29 13:00:00+00:00,0,0.695,0.725,,0.0,6.999988425925926,15,low
0xf009d7b286c70198500f37d96db0c43aa5a5ed264264f35890a57aebdd79c332,earnings,,OTIS,2025-10-29 13:00:00+00:00,1,0.695,0.765,,0.0,12.000011574074074,25,low
0xecffad8c6917c58ca287eedd3314906980071a765aa2bd18cb7290ce64249447,earnings,,EVR,2025-10-29 13:00:00+00:00,1,0.865,0.885,,0.0,20.000081018518518,41,low
0x3bd16cd1702f4c3e4a92209d7e18bc6a57ce86d30bb35e058235d88da3d2dd2b,earnings,,VZ,2025-10-29 13:00:00+00:00,0,0.77,0.795,,0.0,20.00019675925926,41,low
0x706be37cc674211f39a0f05c1c47e7f886d9fbcee4f0bda82684e1acad4a101c,earnings,,BA,2025-10-29 13:00:00+00:00,0,0.375,0.395,,0.0,5.0000231481481485,11,low
0x5ecb5587a643532129b08cfd246a144cd57a92d88e338d6410c17d31fdc5d06a,earnings,,VIRT,2025-10-29 13:00:00+00:00,1,0.745,0.76,,0.0,4.00005787037037,9,low
0xe5fdc59e7eda9e7ad5b36efd57bfdf5fd8fd2d93626de432e32cf7e205c6e3eb,earnings,,OTLY,2025-10-29 13:00:00+00:00,0,0.725,0.645,,0.0,7.499953703703704,15,low
0xe29975752adf840118daf1df6ddf15f0e85bd5b2cc3a79a66ca0189c5d23c9a6,earnings,,GRMN,2025-10-29 13:00:00+00:00,1,0.87,0.835,,0.0,4.4999768518518515,10,low
0x975eff2e5535e055fb19f8ae513cd0d7a30f676a8d9726b276189e1d4478789f,earnings,,ETSY,2025-10-29 13:00:00+00:00,1,0.425,0.315,,0.0,4.4999768518518515,10,low
0xe3eac36ff2839d6583710cd2020e6bb2ef980fd3a5fad2d4e49447550f62459d,earnings,,KHC,2025-10-29 13:00:00+00:00,1,0.78,0.835,,0.0,4.5,10,low
0x50869a61c3d5c4fcfd6a978ee8d2afe25ea74914786458df0a3236370d93351b,earnings,,CVS,2025-10-29 13:00:00+00:00,1,0.785,0.85,,0.0,4.499953703703704,10,low
0xa15dbb6882f583235b417a23ba5b12f41899b1bf78f6a917d11a658e3df96c20,earnings,,CAT,2025-10-29 13:00:00+00:00,1,0.49,0.455,,0.0,5.0000231481481485,11,low
0xec8e7433ea7258036ece6376ebcca711a869bcd3190f433274723839008b7f5f,crypto,"Will the price of Ethereum be above $3,500 on October 29?","3,500",2025-10-29 16:00:00+00:00,1,0.501,0.9905,0.989,48277.713072,6.000104166666667,13,low
0x8432a0c4ebaf0acc412cc36f5c1d2f6f61784d9da5452e2b2428fa2badcae7f6,crypto,"Will the price of Ethereum be above $3,600 on October 29?","3,600",2025-10-29 16:00:00+00:00,1,0.5,0.989,0.9765,47286.930854,6.000127314814815,13,low
0x3fb4f023c9da4411f88e7891453e16a7820d1e152027e5104dad392b230f69f1,earnings,,CMG,2025-10-29 21:00:00+00:00,0,0.735,0.715,,0.0,5.999988425925926,12,low
0xf6326bae751b61c32ec2918e44af5dac245c10875c4a034343f9a0e0473b3f6a,earnings,,CVNA,2025-10-29 21:00:00+00:00,0,0.835,0.84,,0.0,6.000034722222222,12,low
0x822d87248479fc05e7f3b0b0e85cdec9ef3bfd90bc82c4ad46693cf25ad63118,earnings,,MSFT,2025-10-29 21:00:00+00:00,1,0.78,0.835,,0.0,6.999988425925926,15,low
0xfd68c1b4d0811626043f6ebed62b2a23e8c48ef37746fbe0390e3c03e7e89970,econ,Will Alphabet (GOOGL) beat quarterly earnings?,googl-quarterly-earnings-gaap-eps-10-29-2025-2pt29,2025-10-29 21:00:00+00:00,1,0.755,0.82,0.81,140820.696219,7.499907407407408,16,mid
0xfd68c1b4d0811626043f6ebed62b2a23e8c48ef37746fbe0390e3c03e7e89970,earnings,,GOOGL,2025-10-29 21:00:00+00:00,1,0.755,0.82,,0.0,7.499907407407408,16,low
0x3a87743b2f49fe43f1da2eaff89597621b1ba2b3a80ec982da2fae5c9697eb5b,earnings,,MGM,2025-10-29 21:00:00+00:00,0,0.825,0.82,,0.0,5.499988425925926,11,low
0x75f7bf711106b1a3e5f0eb2eae969f964df69e57ffb06e5822add43f6fd38c03,earnings,,WAY,2025-10-29 21:00:00+00:00,1,0.755,0.775,,0.0,5.000046296296296,10,low
0xc86f9fe2b22de273f0ea0360c28f972304015778382f171b40fe2c8634e31dc2,earnings,,EBAY,2025-10-29 21:00:00+00:00,1,0.88,0.785,,0.0,4.49994212962963,10,low
0xeff2ee7e904e396c3a7208539f0f15e4234e87809dea07f87e8cf9ced2662846,earnings,,SBUX,2025-10-29 21:00:00+00:00,0,0.415,0.33,,0.0,7.9999768518518515,16,low
0x86d09d45cd3e5b98107f21b2e7aa5660a4bff8c7c3b1eedc66eee64e0d6f285a,earnings,,META,2025-10-29 21:00:00+00:00,0,0.825,0.87,,0.0,5.499965277777778,11,low
0xd165dd3fbe08b8c4246141895779cb2003e9cdbea4534ee8a5ef0873852ba5ec,earnings,,TDOC,2025-10-29 21:00:00+00:00,0,0.505,0.445,,0.0,8.499930555555556,17,low
0xd36df08d015eee49b0ac966b4bc7641d885529925f4f179dc119ea9176e012f9,econ,Will US GDP growth in Q3 2025 be between 1.0% and 1.5%?,1.0–1.5%,2025-10-30 00:00:00+00:00,0,0.026,0.009,0.0065,113162.722777,143.5000347222222,288,mid
0x56ef83d072fad32825711584acb3d108dd0b1e9019e6e9b6923f394e606bdc70,econ,Will the ECB announce no change at the October meeting?,No change,2025-10-30 00:00:00+00:00,1,0.984,0.987,0.9755,231653.340357,70.50021990740741,141,high
0xce045626857ea0aaa57a6cf8e7d890db82a60fef7ecba244cefff1aaa417184c,econ,Will the ECB announce an increase at the October meeting?,Increase,2025-10-30 00:00:00+00:00,0,0.0025,0.0005,0.0005,481617.725681,70.50021990740741,141,high
0xcd5a56cb0940dae49bf0f34e8c66aad1d63d49a47e11ea9e65db09b58920504a,econ,Will the ECB announce a 25 bps decrease at the October meeting?,25 bps decrease,2025-10-30 00:00:00+00:00,0,0.0115,0.0125,0.0205,219461.175746,70.49998842592592,141,high
0x1c72805915588dc639113070bd4d88ef4e2a75a88660e4cfe33228396f220987,econ,Will US GDP growth in Q3 2025 be greater than 3.5%?,>3.5%,2025-10-30 00:00:00+00:00,1,0.2995,0.3965,0.4595,121910.973755,143.50009259259258,288,mid
0x159a49c8f446fb531d1b023042650331206c8a4b55a62f29eb13e36612998c9a,econ,Will the ECB announce a 50+ bps decrease at the October meeting?,50+ bps decrease,2025-10-30 00:00:00+00:00,0,0.003,0.0015,0.0015,844536.316061,70.50016203703704,141,high
0xe19651304fdcf558a7b62dae8b8924b06a067f822e6ffaab5cb354b59652b106,econ,Will US GDP growth in Q3 2025 be less than 1.0%?,<1.0%,2025-10-30 00:00:00+00:00,0,0.015,0.0265,0.0175,206529.777274,143.49998842592592,288,high
0x0c1a6f11227c59fe115dda927a639f7e6021f6074f17826acc591bae2fd00ee9,econ,5% GDP contraction in Q3 2025?  ,5-gdp-contraction-in-q3-2025,2025-10-30 12:00:00+00:00,0,0.0065,0.009,0.0035,357024.230539,263.5000925925926,528,high
0x3ffa43ec5c616dbc27941b6744739c982f194d9cac7bfc445f9bbb4a832d3436,econ,Negative GDP growth in Q3 2025?,negative-gdp-growth-in-q3-2025,2025-10-30 12:00:00+00:00,0,0.0135,0.0105,0.0085,692183.370492,259.5002314814815,519,high
0xcbb260cc4aa68f6ee95491df87b699254004cc749141d9750203e72d5b2f0fbe,earnings,,ICE,2025-10-30 13:00:00+00:00,1,0.835,0.82,,0.0,5.500127314814815,11,low
0xa3a9fe63f86dcfa7345880580f670398a14af9e796d70229ec993b867e749df6,earnings,,AMP,2025-10-30 13:00:00+00:00,1,0.475,0.575,,0.0,21.500069444444446,43,low
0xc7c3d58d11a34df058df4a0b8acf762bdad39a5004643d698e9cc3ffa98ad8b7,earnings,,BUD,2025-10-30 13:00:00+00:00,1,0.845,0.835,,0.0,5.999965277777778,12,low
0x4ca5a26a4ca4c4ba1fb0dbae14d630e1e67246d23e451e9a4fde8221f1f84bab,earnings,,LLY,2025-10-30 13:00:00+00:00,1,0.805,0.81,,0.0,5.500092592592592,11,low
0x32f368cd07ab67ba19e05585e7755e8020babf658e5a4ed6663d853feec805a4,earnings,,EL,2025-10-30 13:00:00+00:00,1,0.77,0.8,,0.0,5.499988425925926,11,low
0x1e37c15513238520e046a4e3b11df38b2b406d3d94f9e18ff79b9a0bafe4754c,earnings,,HGV,2025-10-30 13:00:00+00:00,0,0.33,0.39,,0.0,5.500034722222222,11,low
0x04e95ff40e7494c3460683f3768e412150065fe1884a624005afa377db667c14,earnings,,FOXA,2025-10-30 13:00:00+00:00,1,0.84,0.805,,0.0,5.5001388888888885,11,low
0x8594a2c5350e10f739d4394ae08661245ad3323fa554486e4447598966d61267,earnings,,TW,2025-10-30 13:00:00+00:00,1,0.64,0.635,,0.0,5.499988425925926,11,low
0x328b085c81fad69bbe0da269441f019207175ddd63faffcc812aff93c1d34278,earnings,,RBLX,2025-10-30 13:00:00+00:00,1,0.845,0.77,,0.0,5.999988425925926,12,low
0x2def86f0dd8833060353d0462072444a0b515d4f5ffc49d84506cfa12f25bdaf,earnings,,MA,2025-10-30 13:00:00+00:00,1,0.865,0.91,,0.0,5.5,11,low
0xbbb65adc6fd52f0fecd996f37e62c3b8a54bde4df6815c949f7d8704cd85ed57,earnings,,SHAK,2025-10-30 13:00:00+00:00,1,0.655,0.765,,0.0,5.500046296296296,11,low
0xb3d24eb41b68f36e15d45bc5c9fc179baf4ba29aff52111ef5976658045d9863,earnings,,SPGI,2025-10-30 13:00:00+00:00,1,0.85,0.84,,0.0,5.500069444444445,11,low
0x14e53a42f289be050afccd40490d2a81ab7363b7a7995aff42dbd54dd6262c6f,crypto,"Will the price of Ethereum be above $3,600 on October 30?","3,600",2025-10-30 16:00:00+00:00,1,0.9805,0.9725,0.978,48746.12222,6.499988425925926,13,low
0xbd2594d25829a277f9266b614438f591372103a41916f3d24b1f454584010e6e,crypto,"Will the price of Ethereum be above $4,000 on October 30?","4,000",2025-10-30 16:00:00+00:00,0,0.74,0.47,0.21,46476.661026,6.500034722222222,13,low
0xd945f174433f4bd99050fc692d710ebc3c9d8e55997b4a38a9039630da3cce43,earnings,,AAPL,2025-10-30 21:00:00+00:00,1,0.84,0.845,,0.0,5.500104166666667,11,low
0x2e71d4add7c90b367bff34c28e1f8d089b5492739e9aa35423d4d6d6c0083bcf,earnings,,RDDT,2025-10-30 21:00:00+00:00,1,0.825,0.83,,0.0,5.500127314814815,11,low
0x3b9907e435f8c9cae11ba55c60d86cf0f35e35e0d80aaa0a69f318fedcaad18d,earnings,,AMZN,2025-10-30 21:00:00+00:00,1,0.815,0.865,,0.0,9.00005787037037,18,low
0x902a21e79f5e818458f783575c3c02f51971fff136fc6c41a9ddc8132ae3bd96,earnings,,MSTR,2025-10-30 21:00:00+00:00,0,0.33,0.28,,0.0,5.50005787037037,11,low
0x7eb418e2bb4e51042c2c5fe0d61755d7595e12ac254f84ed9a560ac9ee62f428,earnings,,ROKU,2025-10-30 21:00:00+00:00,1,0.85,0.81,,0.0,5.500092592592592,11,low
0xf04dfb7e8aac1dd7af4f7e990c33ac60d1fcf6b723ee3d2205d6a74619f1248e,econ,Will Oracle be the most valuable company on October 31?,Oracle,2025-10-31 00:00:00+00:00,0,0.0005,0.0005,0.0005,203496.803364,31.50011574074074,63,high
0x150170d2ee3842e92662a5d37caf73f349bf6dfc695929ec31ffe7da6d03563a,econ,Will Apple be the most valuable company on October 31?,Apple,2025-10-31 00:00:00+00:00,0,0.0015,0.0015,0.001,645014.490668,31.50005787037037,63,high
0x2a47e81735fef5086b9732ecf2d4094371bc31c728b07d293187dad82ff66bf9,econ,Will NVIDIA be the second most valuable company on October 31?,NVIDIA,2025-10-31 00:00:00+00:00,0,0.0065,0.0005,0.0005,183322.66257,31.50021990740741,63,mid
0x461a3489406b469c7c459a1bd5ac5dfd721516acf897d1d4534a765bc444e04c,econ,Will Other be the most valuable company on October 31?,Other,2025-10-31 00:00:00+00:00,0,0.0005,0.0005,0.0005,187718.132768,31.50027777777778,63,mid
0x65e14dd4949d83783356bf4b60dea2b615bfaa919b4c00fad0286ffdd38d5f3d,econ,Will Oracle be the second most valuable company on October 31?,Oracle,2025-10-31 00:00:00+00:00,0,0.0005,0.0005,0.0005,153605.854868,31.500069444444446,63,mid
0x8b7ffa2267c76412d7eff4b0382e8ad411ec128ad6d09cebbe10ca02d25d67bc,earnings,,XOM,2025-10-31 00:00:00+00:00,1,0.7625,0.7805,,0.0,34.500219907407406,69,low
0xacb5cad30df9b7cf555431f45c9ed01db5b12534f524ea42ce0b8908163e440c,econ,Will Google be the most valuable company on October 31?,Google,2025-10-31 00:00:00+00:00,0,0.0005,0.0005,0.0005,522524.590862,31.500173611111112,63,high
0xe1e29916ff5a789d75e321d35b4308541fa60011dcc889003ae117aefec893d7,econ,Fed rate cut by October meeting?,October meeting,2025-10-31 00:00:00+00:00,1,0.9885,0.9885,0.9885,240854.765865,63.5,128,high
0xb3e508c21332268a70f98f10020c72e66ae951420fc64c28707111447cc7740d,econ,Will Microsoft be the second most valuable company on October 31?,Microsoft,2025-10-31 00:00:00+00:00,0,0.57,0.655,0.34,339172.962378,31.500081018518518,63,high
0xd7bcd5f62ba835b641dc35add63976f588d134cb125101829407961fb9483610,econ,Will Apple be the second most valuable company on October 31?,Apple,2025-10-31 00:00:00+00:00,1,0.415,0.34,0.655,383950.820818,31.500324074074076,63,high
0x441c571163b1955c4ce10f4bbe3f59c281ff31630d277b1c980e92a40f406658,econ,Will Google be the second most valuable company on October 31?,Google,2025-10-31 00:00:00+00:00,0,0.0005,0.0005,0.0005,393587.168577,31.500185185185185,63,high
0x5497e579644fa4124985c39c67c4e06f0a02174925c3b7b7a05fdef6dff8d62e,econ,Will NVIDIA be the most valuable company on October 31?,NVIDIA,2025-10-31 00:00:00+00:00,1,0.987,0.9985,0.9985,454565.782004,31.50019675925926,63,high
0xa045965616b14aec74d380346e842a0c896a5c1f17903f519abe98c4728e41ff,econ,Will Amazon be the most valuable company on October 31?,Amazon,2025-10-31 00:00:00+00:00,0,0.0005,0.0005,0.0005,422018.263535,31.500208333333333,63,high
0x94e3dc64c2cc5d3b4b99419f38c8e78b2841e5670787821da229e15fcb28ccbd,econ,Will Microsoft be the most valuable company on October 31?,Microsoft,2025-10-31 00:00:00+00:00,0,0.0005,0.001,0.001,250123.565606,31.499988425925928,63,high
0xca60b80b2c05edcf782831381dc6988f033eef8e8e0bbd28a4e0d4babf8d688f,earnings,,CVX,2025-10-31 13:00:00+00:00,1,0.68,0.745,,0.0,6.500081018518519,13,low
0x65343ce2703761c8448b0d703d3c7c945a7b095f124d074dd87d1f5e4b35fc5f,earnings,,CL,2025-10-31 13:00:00+00:00,1,0.82,0.595,,0.0,6.50005787037037,13,low
0xe8b78ad8fa1c3f460f429a01c4c0877d6e0db4c18f972855a1e532391d1b93d4,earnings,,CBOE,2025-10-31 13:00:00+00:00,1,0.8,0.84,,0.0,6.500069444444445,13,low
0x5ea0565338ab376bafe989fed34382af5e56d7bdc214774dd8fec363bdfcb863,crypto,"Will the price of Ethereum be above $4,400 on October 31?","4,400",2025-10-31 16:00:00+00:00,0,0.13,0.0125,0.0025,46169.388864,6.500011574074074,13,low
0x76d005f578ab1f6ec932f6641545910fc6d9189a3f25e338dfb87447d92218cf,crypto,"Will the price of Ethereum be above $3,500 on October 31?","3,500",2025-10-31 16:00:00+00:00,1,0.9845,0.977,0.9685,47297.49695,6.500069444444445,13,low
0xd0e65e16a4bd656983624d60357b8f0a7b00b3b817d7f9eadf38eedeecf315af,crypto,"Will the price of Ethereum be above $4,200 on October 31?","4,200",2025-10-31 16:00:00+00:00,0,0.36,0.0205,0.011,49171.919356,6.5,13,low
0x34493f0638b270ec249df490f7f46e0042f62b5a1008025f2a548039d1687eac,crypto,"Will the price of Bitcoin be between $112,000 and $114,000 on October 31?","112,000-114,000",2025-10-31 16:00:00+00:00,0,0.195,0.15,0.034,48101.29359,6.5,13,low
0x517047c97cefedb4b3d91e6286941a5274a5687301706c73359e90e84248b863,crypto,"Will the price of Ethereum be above $3,400 on November 1?","3,400",2025-11-01 16:00:00+00:00,1,0.9815,0.986,0.9975,49524.763091,6.500115740740741,13,low
0x3f8e590a08ecefc6dac65d199b374037a9304472d7be08f09f8c30b624dbe3d5,crypto,"Will the price of Ethereum be above $4,000 on November 2?","4,000",2025-11-02 17:00:00+00:00,0,0.285,0.105,0.034,49532.134472,6.5,13,low
0x4f3a8638f5a63f00cecb4ac97e67080a7fb9282d2efe7d7c321b794f56260c11,crypto,"Will Ethereum dip to $3,500 October 27-November 2?","↓ 3,500",2025-11-03 05:00:00+00:00,0,0.117,0.005,0.002,48669.724984,6.4999768518518515,13,low
0x8d3ca023239d93aad864f4b27e12818000b7b878bd5719e23345452108e2ecfd,earnings,,IART,2025-11-03 14:00:00+00:00,1,0.9995,0.9995,,0.0,8.999918981481482,18,low
0xc696376ccca8d06fc21345a9c8c12645fad739c5b0f1508b5fc2e32c4937ef89,earnings,,ARES,2025-11-03 14:00:00+00:00,1,0.505,0.675,,0.0,6.499988425925926,13,low
0xdc0a5726fc98dc4c2b8ff6b7849d2c0125f77f4c79695d272542fa247fcc75d9,earnings,,HESM,2025-11-03 14:00:00+00:00,1,0.63,0.755,,0.0,6.499988425925926,13,low
0x963757bce022329d4e1090e8e63fcd06b6f06c9d4737f4c0c75423d085547194,crypto,"Will the price of Bitcoin be above $122,000 on November 3?","122,000",2025-11-03 17:00:00+00:00,0,0.0135,0.001,0.0005,49785.471165,6.5,13,low
0xccb5380ae6d7c6407ca1bcb0f3f333b4cd342f74f2106cf543752615b56fc532,earnings,,CBT,2025-11-03 22:00:00+00:00,1,0.655,0.915,,0.0,3.500115740740741,8,low
0xd4927dc96febd8adaf3a42df07bad00990fe928418c889ff12ea23c622e9af43,earnings,,HIMS,2025-11-03 22:00:00+00:00,0,0.69,0.64,,0.0,6.5000231481481485,13,low
0xf7d9c0dd323675e1e0f6d1151c98e19b4dfb7856408fd2e64b512f5aaf30de69,earnings,,CLX,2025-11-03 22:00:00+00:00,1,0.785,0.855,,0.0,9.5,19,low
0xba17d9b3086864ee6c44bf475a9f2ec97459c0602d469e3fa8ae34db82f413c6,earnings,,COIN,2025-11-03 22:00:00+00:00,1,0.9995,0.9995,,0.0,5.999953703703704,12,low
0x1a1a2ee8ad238406bb9de3721db308b79bafd1654da7c504cbdd5ffc22299a79,earnings,,PLTR,2025-11-03 22:00:00+00:00,1,0.825,0.865,,0.0,6.50005787037037,13,low
0x10138e0154bd8008084ac38e79665aca2bd2d24dfb8b7fea0a30718bbcf30141,earnings,,WMB,2025-11-03 22:00:00+00:00,0,0.65,0.69,,0.0,6.5,13,low
0x8960b992d2f8a54e0e21c49d4ef13f80d9998433072977da3ce42c136eef3cd7,earnings,,GRAB,2025-11-03 22:00:00+00:00,0,0.605,0.63,,0.0,7.50005787037037,15,low
0x03af7b38eb9f47d4f014a5101c99841acae80009f18ce65b0c765fefd3e7b61b,earnings,,GTM,2025-11-03 22:00:00+00:00,1,0.79,0.845,,0.0,13.000127314814815,26,low
0x4b285f64604f6c3632bff92503ad9cd0f7fb1a1550a0353a4f1963b331896df3,earnings,,HOG,2025-11-04 13:00:00+00:00,1,0.3,0.255,,0.0,18.500208333333333,37,low
0xde834cbb9a8784005283e577482a6dbbf4285c6d762ce9f8c53513362622b0c1,earnings,,SSTK,2025-11-04 14:00:00+00:00,0,0.55,0.685,,0.0,14.500023148148149,29,low
0xa69793f4e18e169b21244bab9451acc7610ac41234d05a6edf2079b5c9f1e7e7,earnings,,UBER,2025-11-04 14:00:00+00:00,1,0.89,0.795,,0.0,13.500011574074074,27,low
0x3ad41621ac40b27e84b3e8778bc9f73f26171b3321c5dc43e626169b72a670d4,earnings,,PFE,2025-11-04 14:00:00+00:00,0,0.36,0.31,,0.0,4.500034722222222,10,low
0xf264cacf5ddbd6a541463e574939da8657913e27b78fc6a3e9d5bd33346adcc5,earnings,,MPC,2025-11-04 14:00:00+00:00,1,0.79,0.875,,0.0,4.500127314814815,10,low
0x798fecf33230e3b20823dcb611efc3646bc711f9b17b3cc0b580e6b88dbe44b1,earnings,,PJT,2025-11-04 14:00:00+00:00,1,0.93,0.9,,0.0,4.500115740740741,10,low
0xa6b53f1a28a91d4c7c90b31e144f376f01854b9825bb078f5a10fb8db0223a14,earnings,,HTZ,2025-11-04 14:00:00+00:00,1,0.29,0.46,,0.0,4.500092592592592,10,low
0x3e53714194a4cf3e831aa82e8ff9c6635d194fa4853a4c0c0aa45dd372df334b,earnings,,MAR,2025-11-04 14:00:00+00:00,1,0.805,0.89,,0.0,4.500011574074074,10,low
0x9a14a5f8fac102b6e37face4df35b0447e7b25a4dee4296d18f03a1bef49cdb0,earnings,,SHOP,2025-11-04 14:00:00+00:00,0,0.915,0.856,,0.0,4.500069444444445,10,low
0x9235a428976ad408046e7a07137943ade4bfbd70ceade1a85f2e7ef659273535,earnings,,WING,2025-11-04 14:00:00+00:00,1,0.88,0.835,,0.0,4.500196759259259,10,low
0x292e828c4a5582bc99daba5aaee165f70a3c9595df857c669010a6e36487867a,earnings,,APO,2025-11-04 14:00:00+00:00,1,0.715,0.82,,0.0,4.5001851851851855,10,low
0x4c6afed3ca5f02973b2389b9e80889ea032401982775ff941d0f7a29b3fc4b8c,crypto,"Will the price of Bitcoin be between $112,000 and $114,000 on November 4?","112,000-114,000",2025-11-04 16:00:00+00:00,0,0.18,0.0445,0.013,45867.764729,6.500046296296296,13,low
0x9f6135d88253a23da5c87d0783a82f3bf8085125eea477e8c775f7bd2f7ce6ab,crypto,"Will the price of Ethereum be less than $3,600 on November 4?","<3,600",2025-11-04 16:00:00+00:00,1,0.065,0.191,0.4715,46464.091335,6.5,13,low
0x713139c0307c3f6155cc3b0d9d2052e7908750b98ea99d363a3295777b596b71,crypto,"Will the price of Ethereum be above $4,100 on November 4?","4,100",2025-11-04 17:00:00+00:00,0,0.115,0.0135,0.0005,46069.184707,6.500092592592592,13,low
0x8f1934443b26222812fe67bbd99134001e1b20402bc19295b3285851b51c4bc4,earnings,,CRSP,2025-11-04 22:00:00+00:00,1,0.625,0.655,,0.0,10.500069444444444,22,low
0xd88136132a2e7173cbf336b74eaa92210992900ba490f0203db90e6c7df6dd27,earnings,,BYND,2025-11-04 22:00:00+00:00,0,0.355,0.435,,0.0,12.000023148148149,25,low
0xa60f72aa1c1b7a2f2cee9823a510e8dd0a6a1f206355794439a31ca9794c1333,earnings,,AMD,2025-11-04 22:00:00+00:00,1,0.9785,0.917,,0.0,4.5,10,low
0x27b52a955b2c87e8f7fff0b820c9948bcaeb45c8ed28ee19053e65814d321c90,earnings,,TOST,2025-11-04 22:00:00+00:00,1,0.685,0.785,,0.0,5.000115740740741,11,low
0xfdc4e7426ea66db764b114c47148d1dbd7dbfdfeaafb555c7dcedbd2eb8010b4,earnings,,HNGE,2025-11-04 22:00:00+00:00,1,0.745,0.77,,0.0,5.000069444444445,11,low
0x29cf5736f96e42daf6db45baeacc0e05bd054447a50cdbca1b2c58eaacc2432b,earnings,,RIVN,2025-11-04 22:00:00+00:00,0,0.49,0.55,,0.0,5.000069444444445,11,low
0xb4c0881635c3ec435868b0357a4318402f37f0de66c8f601a9b5964c00f0fdcb,earnings,,CGBD,2025-11-04 22:00:00+00:00,0,0.22,0.39,,0.0,5.000046296296296,11,low
0xaeabd9a1533bb746c93634d2b4a806845f771e80f3c752f7f2a969d340eb3d2a,earnings,,LYV,2025-11-04 22:00:00+00:00,0,0.325,0.695,,0.0,5.000115740740741,11,low
0x3ab8cf10e11a39987f360a64fc2b5b3661a67c368bbc64ef27831d60e8b1f1bf,earnings,,PINS,2025-11-04 22:00:00+00:00,0,0.455,0.41,,0.0,4.5000231481481485,10,low
0xc7ab38fcf9d0f3877076dd8c0dd38a9791ecac23b1ce63c6bcc151bc0d59092b,earnings,,NYT,2025-11-05 14:00:00+00:00,1,0.895,0.955,,0.0,8.500046296296297,17,low
0xab8d700fb1a8afc20134af099006b7fa97a2c366e13b2d0a3d2c4d4d9649f209,earnings,,FTDR,2025-11-05 14:00:00+00:00,1,0.915,0.885,,0.0,8.500023148148149,17,low
0x01955b0dae956491f1cdf6829ae438d39d768f6a55698f0084b37cc2a7f84c1a,earnings,,SUN,2025-11-05 14:00:00+00:00,0,0.355,0.405,,0.0,8.500069444444444,17,low
0xcb5bc87893fe2469451d7376362ed4099705322095c5d81fcca8f9005896043c,earnings,,FIS,2025-11-05 14:00:00+00:00,1,0.855,0.845,,0.0,6.500011574074074,14,low
0x7ff0ca5821d8b8407e6855031c49f797a73dc0dd8301039bbf25a9c26bf70411,earnings,,SONO,2025-11-05 14:00:00+00:00,0,0.53,0.565,,0.0,5.5000231481481485,12,low
0xdd4129a0dec786aff9511bcf98627556ddc26873d83296de8c18151805f9f3ff,earnings,,CRL,2025-11-05 14:00:00+00:00,1,0.855,0.925,,0.0,8.5,17,low
0xfb5f8ed35e7f9078284a32c6dd127f90e251df77cfdca0cb48c7c70ce8a56a9c,earnings,,IEP,2025-11-05 14:00:00+00:00,1,0.32,0.27,,0.0,8.5,17,low
0xe71d15da0be8b16f0395e3793d80b05a71d7d1838a2fa37a3beabec99410620b,earnings,,MCD,2025-11-05 14:00:00+00:00,0,0.71,0.66,,0.0,6.500046296296296,14,low
0xf038834aef22cb3c63cb17785202f3a1dfacb9a4fc6df631d36812bb67928fcc,earnings,,HUM,2025-11-05 14:00:00+00:00,1,0.845,0.84,,0.0,6.5,14,low
0x8e757ed568f11b6494cea42e5b07392aad15a647d080ba436e6023836950bbbd,earnings,,HOOD,2025-11-05 22:00:00+00:00,1,0.905,0.87,,0.0,6.999895833333333,15,low
0x91e382ae262dc07f6839fa413615d4211cccdb3d03cf32b7d591c59e0593528b,earnings,,TKO,2025-11-05 22:00:00+00:00,0,0.78,0.82,,0.0,6.999918981481481,15,low
0x59fa6d040b5f47a8cb6ae947db533fd7f896e8ce4a5667d278045253a85a607f,earnings,,MET,2025-11-05 22:00:00+00:00,1,0.285,0.275,,0.0,6.999918981481481,15,low
0x5880d5ea3d38f4fc3dd68cbda0e82bf4fdd87240be6c823df98fadbbce097852,earnings,,ATO,2025-11-05 22:00:00+00:00,1,0.935,0.84,,0.0,7.500069444444445,16,low
0xfe50610dbcdfe6b09107a8418d5daa66ceb1b42eabd8abf99d95a4acf55fbff8,earnings,,DASH,2025-11-05 22:00:00+00:00,0,0.745,0.24,,0.0,6.999965277777778,15,low
0x098905fd3251ecbcf6f9b3d5925e54ded294f5f2a86fcb37c9580dab20a2a115,earnings,,AMPL,2025-11-05 22:00:00+00:00,1,0.785,0.745,,0.0,5.999988425925926,13,low
0x39760d0c47c6f5709da825cb4cb4c95e9e4db021b4845419cf7feace69f53c54,earnings,,ARM,2025-11-05 22:00:00+00:00,1,0.845,0.77,,0.0,6.500011574074074,14,low
0x4e19bb2282fc34f3ad60595f53dbc49bdce2fae8855ed960d2fdd1749b042c60,earnings,,QCOM,2025-11-05 22:00:00+00:00,1,0.925,0.92,,0.0,6.50005787037037,14,low
0xb7ad64e3807a2715e3a68d9b4d2173e427ef68b77ce29ce1a0c9f46db87e5f5c,earnings,,LYFT,2025-11-05 22:00:00+00:00,1,0.865,0.815,,0.0,8.500081018518518,17,low
0xfca66c1e69aa22101e65b0b32d5e22e36215a4350a23a68736f5843689f9eb77,earnings,,APP,2025-11-05 22:00:00+00:00,1,0.83,0.81,,0.0,6.999918981481481,15,low
0x51a55abced1d700e0df3fd0f6a7f4c3008e6db96574c050d66e996ec7b68ffa4,earnings,,FIG,2025-11-05 22:00:00+00:00,0,0.665,0.825,,0.0,5.999988425925926,13,low
0x2c2d30157f3dbc5788c2c5f0f540272d97f417ef176a2f1feb4ab10968a9191e,earnings,,FRGE,2025-11-05 22:00:00+00:00,0,0.665,0.68,,0.0,18.50003472222222,37,low
0xee42d7233531b4f1498ac62c557b9ea83e7d4c1c6bfbcee6c08c040d6b154f4f,earnings,,FSK,2025-11-05 22:00:00+00:00,1,0.245,0.405,,0.0,8.999930555555556,18,low
0xe6ef2b93e7f5482aed7c0d12b22365f3d28ab348208b6c97d053ec5316055275,earnings,,CHYM,2025-11-05 22:00:00+00:00,1,0.59,0.765,,0.0,8.99988425925926,18,low
0xfb19ac4840a66e8a3025e4d66fa0cbad7ffedf835c17d5dabdbdaac3a9e31cd1,earnings,,HUBS,2025-11-05 22:00:00+00:00,1,0.845,0.85,,0.0,6.500081018518519,14,low
0xecfa8e8a51a7961761be09355bacc9aa3210bf80236da3a3e79bc06e9c794462,earnings,,ALL,2025-11-05 22:00:00+00:00,1,0.9,0.92,,0.0,12.999965277777777,26,low
0xe829e2075915ca2f9b82ac3f915e36be8beba43b8aad7ba43a2f0e63a0fd21c6,earnings,,AMC,2025-11-05 22:00:00+00:00,1,0.64,0.82,,0.0,4.999965277777778,11,low
0x7c38b46940cc6c0fc0059c8feac91ac379dfeda62e99d93c85072d1606c8dc14,earnings,,BMBL,2025-11-05 22:00:00+00:00,0,0.26,0.24,,0.0,6.0,13,low
0x4d2cb1412b07b48244786776e99766d31d257b334a8b085549f44bde22dd6549,econ,Bank of England increases interest rates by 25+ bps after November 2025 meeting?,25+ bps increase,2025-11-06 00:00:00+00:00,0,0.0025,0.0015,0.0035,247947.654188,6.500127314814815,14,high
0x76cf72845f1998e557b529b2208683ecbe6a4ba3654ef22efba6b129e514e27e,earnings,,TFX,2025-11-06 14:00:00+00:00,1,0.83,0.825,,0.0,12.500196759259259,25,low
0x2db309d12abf862f911a49880cd384e44c764aaf14f69eb92577c68a1647e1c8,earnings,,WBD,2025-11-06 14:00:00+00:00,1,0.64,0.725,,0.0,6.500231481481482,14,low
0x1b794b9ee72a50e51870648a0763ee050f51f6f672664f2087ce645932976862,earnings,,DDOG,2025-11-06 14:00:00+00:00,1,0.8995,0.8675,,0.0,6.500231481481482,14,low
0xf1771712af2248cc7578c94e04c6cd05e8bfb49577a66530330f4e2dc1d04bf4,earnings,,WRBY,2025-11-06 14:00:00+00:00,0,0.34,0.255,,0.0,6.500196759259259,14,low
0xeccac2fb9981c6702515b1d7a58f4482917c16c68d831321f683351b930f3fe5,earnings,,RL,2025-11-06 14:00:00+00:00,1,0.86,0.85,,0.0,6.500219907407407,14,low
0xc0cf08310a9fa92e82a482249662e5088e01d77aba3dc48cf0cbc211f9293a4c,earnings,,DD,2025-11-06 14:00:00+00:00,0,0.89,0.775,,0.0,6.5000231481481485,14,low
0x331539b3f07089195167e3fbfd7255e14d672839d0f85f7c8b8dcd9d1e9a1869,earnings,,COP,2025-11-06 14:00:00+00:00,1,0.845,0.86,,0.0,6.50005787037037,14,low
0x47632841906c23b84b1b0008ea8c52dcee340b49d2bd947807fd05741dd1737c,earnings,,PZZA,2025-11-06 14:00:00+00:00,0,0.84,0.79,,0.0,5.500092592592592,12,low
0x77471ad1bdea9a9a19b157677d1fe0d8cac45249ae4c674f073ea3ca7a156a61,earnings,,TRIP,2025-11-06 14:00:00+00:00,1,0.855,0.845,,0.0,5.500092592592592,12,low
0xc96c7c8c9ef06dd9eebbed5369bb1f60db264eb1807e4eab15106f17fabe31b2,earnings,,UAA,2025-11-06 14:00:00+00:00,1,0.665,0.64,,0.0,5.500092592592592,12,low
0x615a2a38e8d86cf7cfae2613359f15201f8533506004415d27825de9d99923b3,earnings,,H,2025-11-06 14:00:00+00:00,0,0.86,0.835,,0.0,6.500219907407407,14,low
0x540caf896b82e10790059629fb80fcb4bb913476c2dff01d204ff300b0261cb5,earnings,,MRNA,2025-11-06 14:00:00+00:00,1,0.805,0.845,,0.0,6.500081018518519,14,low
0xe724500a327bd2b511a0f819931b274d9df550a16fab238e28a01704bed48374,earnings,,BGC,2025-11-06 14:00:00+00:00,1,0.435,0.25,,0.0,16.00002314814815,32,low
0xcb74afc97c95488d4dd4ff84065358ae0c3428abd8d1f465c276eb91b85e0263,earnings,,CELH,2025-11-06 14:00:00+00:00,0,0.675,0.845,,0.0,5.4999768518518515,12,low
0x5d5107f0ff6624f223ab87a64ad83f9b275d0c261fa0edbfb8bb4efab5fab9d9,earnings,,USFD,2025-11-06 14:00:00+00:00,1,0.73,0.83,,0.0,6.5001851851851855,14,low
0xd18e17d6d11d2ca782dd8e0695de9b98ca20e449d37bebf2cc2a211d8a0e1874,crypto,"Will the price of Ethereum be above $4,200 on November 6?","4,200",2025-11-06 17:00:00+00:00,0,0.0265,0.0005,0.0005,45329.715256,6.500196759259259,14,low
0x28672a0b6507d61e5530fe2a585dbe5c9eb9cd3a9b9845332ebf4883bfe2a5eb,earnings,,USAR,2025-11-06 22:00:00+00:00,0,0.72,0.57,,0.0,6.000011574074074,13,low
0x5b2ed639b98ab9f1b9428062898c2c0ff14ca55277c35d48984db86749e9557d,earnings,,MNST,2025-11-06 22:00:00+00:00,1,0.49,0.555,,0.0,7.000069444444445,15,low
0x983ed3d4c663ac3447a0ed1bd43bdebaeffe4c375d8e80c05c86348a23773f0f,earnings,,BIRD,2025-11-06 22:00:00+00:00,1,0.835,0.825,,0.0,5.500127314814815,12,low
0x68aebfc344401afe8c729bdfa3d5ffdc451d941985a79439a8db9fbc8425d996,earnings,,AKAM,2025-11-06 22:00:00+00:00,1,0.895,0.905,,0.0,6.500231481481482,14,low
0x7c154efaa099309df60521891d8a9de4b3771f0964726da116f55d59dc620806,earnings,,ABNB,2025-11-06 22:00:00+00:00,0,0.825,0.795,,0.0,12.500092592592592,25,low
0x42b93f5563b3ee48764fc107107d198788f04b3868f2a5699546510dc9ae57b5,earnings,,FNF,2025-11-06 22:00:00+00:00,1,0.36,0.4,,0.0,7.0,15,low
0x4965a0c62306941f96d10a2a4ed7449baf17c6ecf4c08c6cfd53d3bdec117163,earnings,,PTON,2025-11-06 22:00:00+00:00,1,0.505,0.51,,0.0,6.500173611111111,14,low
0x639424255d09a79664e90a46da6f072d73294ff27e99d9462c60493b5750a452,earnings,,DKNG,2025-11-06 22:00:00+00:00,0,0.56,0.535,,0.0,7.000092592592592,15,low
0x0812be9adc5030e38f7b5fbcd227beeea3b07a0fedccc7f69c0cff039d22c5e1,earnings,,EXPE,2025-11-06 22:00:00+00:00,1,0.87,0.875,,0.0,7.000104166666667,15,low
0x64cf9a65a2a9805c06e00cb087d5328f311dd71d2648f1166f6d6b372f52399f,earnings,,DBX,2025-11-06 22:00:00+00:00,1,0.92,0.915,,0.0,6.500115740740741,14,low
0x2d808f639bc283667e027a3f6f41a6c5d694841ab380922458d6a26b13c9c467,earnings,,ICUI,2025-11-06 22:00:00+00:00,1,0.91,0.93,,0.0,7.000011574074074,15,low
0x93791240499402bc591d2ee8461a9d3b74decf79a85937bf4c8b6337e7a10158,earnings,,NWSA,2025-11-06 22:00:00+00:00,1,0.565,0.49,,0.0,6.5001851851851855,14,low
0x6c1690f2620f8d5c1413c2cdcb741be7ad4b049e55d45aefc6607f497e430191,earnings,,OPEN,2025-11-06 22:00:00+00:00,0,0.475,0.41,,0.0,7.000092592592592,15,low
0xdd9078190363fd9ecb180a356ca00dda2f03baaede93758062ab7ccc49d3cc82,earnings,,MRX,2025-11-06 22:00:00+00:00,1,0.745,0.925,,0.0,5.500104166666667,12,low
0xb958ade2bff51aba84b467f97fcfacc35323f1393fa1448b8ed7181d535c5822,earnings,,EB,2025-11-06 22:00:00+00:00,1,0.65,0.645,,0.0,5.5,12,low
0x5710d5832bd1bf3b33dbffad8e614cfa8f6831fe1bb183b9c17b8694912027d8,earnings,,YELP,2025-11-06 22:00:00+00:00,1,0.755,0.835,,0.0,5.500127314814815,12,low
0x1951ed4b971d16821f4f87fbb689e270177275829bb01c9f243a3d695cf61492,earnings,,GPRO,2025-11-06 22:00:00+00:00,0,0.6,0.525,,0.0,5.999988425925926,13,low
0xf2d007aa9165658fcb68829d8dfbe6910a852b879283b26dcfdd57d69264778c,earnings,,BZFD,2025-11-06 22:00:00+00:00,0,0.375,0.35,,0.0,6.000011574074074,13,low
0x734e47cbb4c21b28054f336b1fa0d576e27ce11d12ba9a97c38845e7505e3874,earnings,,SG,2025-11-06 22:00:00+00:00,0,0.395,0.36,,0.0,6.0,13,low
0x55b8459284b6f70edaa216a6e784ad189b4cbf6fe9a9b9ba4837e03c6d1a1375,earnings,,ED,2025-11-06 22:00:00+00:00,1,0.845,0.825,,0.0,7.0,15,low
0xc8d068b71a02b8cfc8945bd8dcb6978ac1edcd1f5c3afd1e7e95a76816b25fc1,earnings,,OS,2025-11-06 22:00:00+00:00,1,0.79,0.725,,0.0,6.500231481481482,14,low
0xff1818064df839307d6244ec98d332c5cfc2dfc4d7b5f847d1ca0d32999ebf2e,earnings,,SNDK,2025-11-06 22:00:00+00:00,1,0.905,0.845,,0.0,7.000011574074074,15,low
0x050863f2237eea3ac0b227d3c3e645fa839820de4da4f8bfba0f9c65e1e1eb22,earnings,,KKR,2025-11-07 14:00:00+00:00,1,0.89,0.905,,0.0,6.500092592592592,14,low
0x48327fa556569551a94bea4da4141137c04aa7d28db9b062562224598c201757,earnings,,BEN,2025-11-07 14:00:00+00:00,1,0.46,0.82,,0.0,6.499988425925926,14,low
0x03432900d523f067b167d7c9483cbbae68079b0244bac6676260694e580789c1,earnings,,MKTX,2025-11-07 14:00:00+00:00,1,0.615,0.64,,0.0,6.5,14,low
0x5302442ea569f4568014be75ac455b6d2d8d6cbe66da8a584778fcdcf6880960,earnings,,WEN,2025-11-07 14:00:00+00:00,1,0.505,0.445,,0.0,6.50005787037037,14,low
0x7087ef7442c5055db6060c27a710456ee78228b1d3e332466e778f944f764847,crypto,"Will the price of Bitcoin be between $110,000 and $112,000 on November 7?","110,000-112,000",2025-11-07 16:00:00+00:00,0,0.055,0.008,0.0025,47155.810285,6.500092592592592,14,low
0x70259de92852aef7eda0448d464ba303ba2ba78bd445ca48e0d0ffc425aa506a,crypto,"Will the price of Ethereum be less than $3,400 on November 8?","<3,400",2025-11-08 16:00:00+00:00,1,0.635,0.855,0.285,49827.065426,6.500254629629629,14,low
0x6dd1dd046d8c39fd397cdcd45c678d1475d55b318cca24dd5a935df88b4f73dc,earnings,,TSEM,2025-11-10 14:00:00+00:00,1,0.785,0.795,,0.0,3.5000115740740743,8,low
0x459bde2fcf6d0a9fc8f1d1c6665c247a8d82a222c4ff3a68b8c0ace0430856a9,earnings,,TSN,2025-11-10 14:00:00+00:00,1,0.825,0.875,,0.0,3.5000347222222223,8,low
0xb10607e3aa02df62c6446441347a4a4beea3043d6828f8d431387d9f102f91e7,earnings,,HHH,2025-11-10 14:00:00+00:00,1,0.705,0.735,,0.0,3.5000115740740743,8,low
0x3ca5f001ee024206c0ee4febfb5abcf53d415e5c90ab30ab0d6d7275a1733ec4,earnings,,ETOR,2025-11-10 14:00:00+00:00,0,0.625,0.66,,0.0,3.5000347222222223,8,low
0x95a145d7d09de74ed82196aa31f2ac21059c92e511baa956f7dfe1eea99018e0,earnings,,PSKY,2025-11-10 22:00:00+00:00,0,0.35,0.33,,0.0,18.00002314814815,36,low
0x3553f79810f95fb8b12c84ac37bb4804e6d3710baed016c273c6314780156bce,earnings,,OXY,2025-11-10 22:00:00+00:00,1,0.815,0.785,,0.0,3.500023148148148,8,low
0x93aa1b8080645942ff883858eced3b5537ab7c417c72348c617b95d450d032e0,earnings,,GETY,2025-11-10 22:00:00+00:00,1,0.585,0.26,,0.0,3.500023148148148,8,low
0xbbe41434acfda39a91f8a3dd50ecd7c01e0c81b41c3a81bb41cea1be36caf628,earnings,,IHRT,2025-11-10 22:00:00+00:00,0,0.425,0.365,,0.0,5.000011574074074,11,low
0xf95575291f352e5a5e57830bf97ba06a469da2f52d5270eaded238cd3cdcd889,earnings,,CHGG,2025-11-10 22:00:00+00:00,1,0.535,0.505,,0.0,4.000011574074074,9,low
0x608f47dd05ad38c3b79cb669918fe018fa6cb915b8a43e5c7d2ef673cddda17b,earnings,,BCSF,2025-11-10 22:00:00+00:00,0,0.265,0.455,,0.0,4.000011574074074,9,low
0x6eb843b51d183238ecac8832d04675e8665c677d6ccef15e0682e2f7701bb8d6,earnings,,REAL,2025-11-10 22:00:00+00:00,1,0.765,0.805,,0.0,3.5000347222222223,8,low
0x06dd9bd00c4d8db2d220963c5e4d68a76bc9d0d5ef750dcfad601f2880bb9c07,earnings,,TBPH,2025-11-10 22:00:00+00:00,1,0.585,0.53,,0.0,3.5000115740740743,8,low
0x0674351914f5b9467aa3064ed03687ff7eb727f5763864e3dcd74537a57fe02e,crypto,"Will the price of Bitcoin be between $110,000 and $112,000 on November 11?","110,000-112,000",2025-11-11 17:00:00+00:00,0,0.012,0.0585,0.005,46002.63638,6.500196759259259,14,low
0x6b0e1b386c206c05635f16dd97c9f37ac2ea32ad9e32de7cedfa2b042bcb907e,crypto,"Will the price of Bitcoin be between $106,000 and $108,000 on November 11?","106,000-108,000",2025-11-11 17:00:00+00:00,0,0.07,0.3,0.22,45588.906757,6.500208333333333,14,low
0xd8c64a03c894a23f8314a2591d42fa115fe834c27b50c2959a51035d15ab37ff,earnings,,PXLW,2025-11-11 22:00:00+00:00,1,0.865,0.885,,0.0,5.000011574074074,11,low
0xbbb1b37d07a4457575b3210c4fdfc28ef3c8851fe660ba87b0d986aef284e53f,earnings,,OKLO,2025-11-11 22:00:00+00:00,0,0.355,0.355,,0.0,4.999953703703704,11,low
0xc81d97e06e367745e63b1b6c0e0a7ef27d73e87c32daaddb4fa703da89f98e6c,earnings,,CRCL,2025-11-12 14:00:00+00:00,1,0.745,0.845,,0.0,5.500011574074074,12,low
0x40291b53a2dc8ea0aa16e06757f48c994734b8024c621abd30726a032bb2dacc,earnings,,EWCZ,2025-11-12 14:00:00+00:00,1,0.825,0.83,,0.0,12.500034722222223,26,low
0x11afdbf49a0d97d6dc3175a17523e2f1eb54521552f5528899378e2d54e717ab,earnings,,CSCO,2025-11-12 22:00:00+00:00,1,0.895,0.925,,0.0,5.999988425925926,13,low
0x5871c3290a5640169ce562e8b2a6bc31748027543b139fe3ee5c7e786113800d,earnings,,PLBY,2025-11-12 22:00:00+00:00,1,0.33,0.255,,0.0,5.999988425925926,13,low
0xbb911cf616aace6c1d9fd0e9f7a8cf6c5dbfdc81cc2c169f99acfc49dbb3e1f5,earnings,,FLUT,2025-11-12 22:00:00+00:00,1,0.465,0.7,,0.0,5.500092592592592,12,low
0x7d370250f820f7b00cf54a1a7080f722c03ad649c41559e29520479a448c6f46,earnings,,RUM,2025-11-12 22:00:00+00:00,0,0.525,0.0005,,0.0,4.000011574074074,9,low
0x364d1f8c5541d35554c64ae986007a11ec83d66a2268563c61a2315d73ee3fa8,econ,Will monthly inflation increase by 0.5% or more in October?,≥0.5%,2025-11-13 00:00:00+00:00,0,0.0045,0.0015,0.004,115276.160855,22.00003472222222,45,mid
0xbebda69dc045036e38e043d68f6cddd76815f2edfc05aed5f63a3071c8e5da14,earnings,,BTM,2025-11-13 14:00:00+00:00,0,0.415,0.39,,0.0,6.500104166666667,14,low
0x6d79a0e2153940157b29a02c2bbda2fc432e3c1a89cf16229f216c92f9b6d4eb,earnings,,GAMB,2025-11-13 14:00:00+00:00,1,0.845,0.87,,0.0,6.500046296296296,14,low
0xe4c5595db8dcb010f2ae062111986b4fcffbd36b83b4502c1ce588a8fe80ebd6,earnings,,DIS,2025-11-13 14:00:00+00:00,1,0.89,0.87,,0.0,6.500092592592592,14,low
0xf5c5028c227eaac6a3f1cbc9be9f6e605c479023019dcd4915ce40e0b6b30544,crypto,"Will the price of Ethereum be above $3,700 on November 13?","3,700",2025-11-13 17:00:00+00:00,0,0.345,0.145,0.0165,48856.334367,6.500092592592592,14,low
0x9f9b15947f0ba9daf66714c8434fdd8486c281d5456fc6512c97e75e5162d283,crypto,"Will the price of Ethereum be between $3,400 and $3,500 on November 13?","3,400-3,500",2025-11-13 17:00:00+00:00,0,0.13,0.225,0.445,46737.94809,6.500011574074074,14,low
0x5bb33730223e400788ade9d56d565bcb8c45b36aa4a4b673a0e283a401b9af0a,crypto,"Will the price of Ethereum be less than $2,800 on November 13?","<2,800",2025-11-13 17:00:00+00:00,0,0.008,0.003,0.0015,45394.211853,6.500127314814815,14,low
0x1d6fabd17f8925213468fd175cbc85df74a76e7152cc16188e5f2b426a4e1b35,earnings,,AMAT,2025-11-13 22:00:00+00:00,1,0.89,0.865,,0.0,6.500104166666667,14,low
0xa299cf46721157bc15014476ee7098960decdbe6a1b83be6da47bb902bd0b470,earnings,,NMAX,2025-11-13 22:00:00+00:00,1,0.4,0.375,,0.0,6.999988425925926,15,low
0x9c7eda4f825a7d4910fe6af23432c44a2f23064a865540fbb9022c7bb0d0ecba,earnings,,SPCE,2025-11-13 22:00:00+00:00,1,0.795,0.79,,0.0,6.500069444444445,14,low
0x4de7e7e4899e512d0e3ac0b649237bfffec3d038d0cb5535c531e1a27f1dfe84,earnings,,DEFT,2025-11-13 22:00:00+00:00,0,0.34,0.325,,0.0,7.5000231481481485,16,low
0x02a4a20fc90d02233ce568ffa066778d117293be379f3915c2d2f967618e628c,crypto,"Will the price of Ethereum be less than $2,900 on November 14?","<2,900",2025-11-14 17:00:00+00:00,0,0.01,0.009,0.042,49696.058634,6.500104166666667,14,low
0x6af17b8c6e6c9a919b3aa7664342f5ad60ba535d69f66ae99caf34af7e3ea371,crypto,"Will the price of Ethereum be between $3,300 and $3,400 on November 14?","3,300-3,400",2025-11-14 17:00:00+00:00,0,0.1,0.16,0.06,48870.281136,6.500115740740741,14,low
0x7ba4d51596a6ad7f49265e848dbb2af09259e264c8e0856105878d8913aabff6,earnings,,QUBT,2025-11-14 22:00:00+00:00,1,0.325,0.345,,0.0,8.000011574074074,17,low
0xb169109af8286876fbe6551f2b03bccfcfb609fc0fbfc1ad05e176575b70b406,crypto,"Will the price of Ethereum be above $3,900 on November 16?","3,900",2025-11-16 17:00:00+00:00,0,0.0315,0.0015,0.0005,47021.465238,6.5001388888888885,14,low
0x15345a05793a27ab7e3070affbf7a47d1f3bd5642bcd1a726fee298944ec04ed,earnings,,AS,2025-11-18 14:00:00+00:00,1,0.835,0.915,,0.0,7.500046296296296,16,low
0xbba19d6b76282eb50acd3daf141e13d8ee7bda6a246b919904b70ffa52dfa638,earnings,,ACM,2025-11-18 14:00:00+00:00,1,0.895,0.92,,0.0,7.500011574074074,16,low
0x5f71c338bca0686d2f09a8d61ecdf725171ce8792c56271fe6c79340c5cc7cde,earnings,,HD,2025-11-18 14:00:00+00:00,0,0.64,0.62,,0.0,7.5,16,low
0xf65865cf70adde28879bd3692be67f89db8053fd57f1285192d55da2d8ed13b0,earnings,,WB,2025-11-18 14:00:00+00:00,0,0.835,0.875,,0.0,6.999849537037037,15,low
0xffb61e7b29024c8cb1d6be1602c21e09832cb55db405e1c5f5850385abee8743,earnings,,LZB,2025-11-18 17:00:00+00:00,1,0.535,0.7,,0.0,6.999837962962963,15,low
0x62214a6ea3f07b771f70fd173b587b369793880af3b7cb51b7f50dd3f9a94b7b,earnings,,DLB,2025-11-18 22:00:00+00:00,1,0.885,0.935,,0.0,7.499837962962963,16,low
0x9094e56a0f9730656d72ea0884d507ff691c898fd10cea1f8e83273b94b4f386,earnings,,POWL,2025-11-18 22:00:00+00:00,1,0.86,0.895,,0.0,7.4998148148148145,16,low
0x7e9aa1645743b31f41138f9a52efdcbf6b42385fa01ea9ec148dbea2109b2ebd,earnings,,VIK,2025-11-19 14:00:00+00:00,1,0.785,0.815,,0.0,7.999849537037037,17,low
0x3b65b409d2030996de38861f6d1b45cc7f96b4148125630ad95a3369f8475b71,earnings,,LOW,2025-11-19 14:00:00+00:00,0,0.85,0.86,,0.0,7.999849537037037,17,low
0xb8c3c01751b3588135c0f2cb12cadb8fc8a3421ddf386b1a8ad194d3ef04be98,earnings,,BLSH,2025-11-19 14:00:00+00:00,0,0.365,0.7,,0.0,7.9998611111111115,17,low
0xb595bc3b1b4698125fd9c804e6414477890d8f291f33c3d582b401792bb404ed,earnings,,WSM,2025-11-19 14:00:00+00:00,1,0.825,0.825,,0.0,8.500034722222223,18,low
0x7e5bba81e8fe9f2f1c440808d1714a72633b17ae86b54c338144c7974385ff41,earnings,,WIX,2025-11-19 14:00:00+00:00,1,0.885,0.865,,0.0,7.999884259259259,17,low
0x7157b77baab9207cdfd67c1eab3fc67d4918a54c5fd94adb304d016e83752173,earnings,,DY,2025-11-19 14:00:00+00:00,1,0.875,0.88,,0.0,7.999895833333333,17,low
0xcc63ddd626ad05734c531a1241d486cea7c4c051636557d050b7c85fedc9cd29,earnings,,TGT,2025-11-19 14:00:00+00:00,1,0.625,0.575,,0.0,7.999872685185185,17,low
0x13c8546e1600edd62efa2c0530d99214cbbb3e9eb27c3e72fd09e50e874f17b3,earnings,,NVDA,2025-11-19 22:00:00+00:00,1,0.925,0.89,,0.0,8.500092592592592,18,low
0x76033c55cd66ae86839ca898b89c083bb4c699c668cd2b10cff1c3368c9764ea,earnings,,PANW,2025-11-19 22:00:00+00:00,1,0.935,0.945,,0.0,7.999884259259259,17,low
0x3206e3e62ec273d4656e26b9c1816e824cf8b2f4db34a346650389851d37e57d,earnings,,BBWI,2025-11-20 14:00:00+00:00,0,0.885,0.855,,0.0,8.99974537037037,19,low
0xf924776e2939fc431529ab280882fcfcc8c04ddd0901bf89396507becf94b2d2,earnings,,AVR,2025-11-20 14:00:00+00:00,0,0.02,0.02,,0.0,1.9998726851851851,5,low
0x37ecaec524dfa449405d15ea13102316601816b616fec6b6d2b8911dc53b56e1,earnings,,WMT,2025-11-20 14:00:00+00:00,1,0.875,0.835,,0.0,8.999837962962962,19,low
0xe4d179b9cdfbdab157ac61a649750ab43aa969cd8492067fe350ed1b07354960,earnings,,INTU,2025-11-20 22:00:00+00:00,1,0.93,0.925,,0.0,8.999791666666667,19,low
0x63075823f870341b0ce734a369e449a2c3f8a6f2dce2785ad6cd4c65f8a3b119,earnings,,GAP,2025-11-20 22:00:00+00:00,1,0.875,0.835,,0.0,8.999768518518518,19,low
0xb21f7da1c064869df42d2253392303b50a652551c88393ff3c10362704fbb68d,earnings,,BJ,2025-11-21 14:00:00+00:00,1,0.885,0.92,,0.0,9.999791666666667,21,low
0x71573c097b3b0be64ff26c940174f4795e1a5467315d8d3645ddb37f2d8830ce,earnings,,SMTC,2025-11-24 22:00:00+00:00,1,0.88,0.83,,0.0,13.499837962962962,28,low
0x97264c8249d9d7218da0f022abbfe512d61e338df0279c6ec905aa46bd1f0aec,earnings,,WWD,2025-11-24 22:00:00+00:00,1,0.88,0.925,,0.0,14.500104166666667,30,low
0x0abd05861bb16fabd78044f6d583055e05722e2bbacdf50bdb5e86cbae2d6cb5,earnings,,SNEX,2025-11-24 22:00:00+00:00,1,0.895,0.78,,0.0,18.000011574074072,37,low
0xbc5d2d71124d51e24abe89b98f7d668c71906724dd3f557a1dbe401152fa86fc,earnings,,ZM,2025-11-24 22:00:00+00:00,1,0.935,0.956,,0.0,13.499837962962962,28,low
0x3e30a3172bad31b90f0bab0a06d389a9aab01d0aeb9702e0215eddde33478685,earnings,,KSS,2025-11-25 14:00:00+00:00,1,0.755,0.725,,0.0,14.499699074074075,30,low
0x1f0ff9667bb7018d03eb91100ae6aa85ab11e969a87869caa5ab9b6ba20daf94,earnings,,DKS,2025-11-25 14:00:00+00:00,0,0.875,0.9125,,0.0,20.99988425925926,42,low
0xd4077aa5398c80f55799aa06b50497bdbafaafd589286f73ab3b561ffe2b593d,earnings,,ADI,2025-11-25 14:00:00+00:00,1,0.925,0.93,,0.0,14.499756944444444,30,low
0x2bff131205f2e13d24e53fd1258e10bf0e1e41064f5dc25dd23f34f0797490e0,earnings,,BURL,2025-11-25 14:00:00+00:00,1,0.84,0.84,,0.0,14.999976851851851,31,low
0x72d953acfaf2d2e7c211836a3a02aa73506fcb2da1db2296f356db1efd385421,earnings,,SJM,2025-11-25 14:00:00+00:00,0,0.835,0.88,,0.0,14.49982638888889,30,low
0xb95e125e51efa5ce18ef32627b1ea73975bf4fe6d6faccbcff631ca1c095b710,earnings,,BBY,2025-11-25 14:00:00+00:00,1,0.845,0.885,,0.0,14.499756944444444,30,low
0x2eb3234983d9b52763e8071a87e046b87ba04bae9e8f9dfe4aaf8629c52f0242,earnings,,ANF,2025-11-25 14:00:00+00:00,1,0.795,0.745,,0.0,14.499803240740741,30,low
0x7a677d53c7b8fb14305f21faf9735b912e47655a15abc9db99f58db929103bbd,earnings,,WDAY,2025-11-25 22:00:00+00:00,1,0.915,0.92,,0.0,14.499849537037036,30,low
0x53d35fb2ee3bfc83738082e083c4f2303301697463e8d49ae99a4abb75ab5811,earnings,,PD,2025-11-25 22:00:00+00:00,1,0.925,0.91,,0.0,14.999930555555556,31,low
0x1e88a10aa1aaeef9a5dc70cd7f1d04c9d385341ad5220885a882f53f919423dc,earnings,,ADSK,2025-11-25 22:00:00+00:00,1,0.92,0.91,,0.0,14.499768518518518,30,low
0xdfd30c1954674ad0fbcafdf4d7dbb33296f59d17a0f76e2e256a8dd5227585a4,earnings,,DELL,2025-11-25 22:00:00+00:00,1,0.845,0.905,,0.0,14.499837962962962,30,low
0x79816eff7de53a019e8128a4236d5cd60ecea8b5c49c55362f5bee8d4720f994,earnings,,URBN,2025-11-25 22:00:00+00:00,1,0.885,0.91,,0.0,14.49974537037037,30,low
0xd51547cb1230a175172a2cc26db38aa0775589b70461635f13376a015ce56e62,earnings,,HPQ,2025-11-25 22:00:00+00:00,1,0.445,0.31,,0.0,14.499699074074075,30,low
0xf1d8c2d70737dbcf021571a25ae67e7d982008eb76d8485f2caa3e9a72e9a996,earnings,,DE,2025-11-26 14:00:00+00:00,1,0.83,0.745,,0.0,15.000034722222223,31,low
0xcbf5493648f44bf4a8677b713b7fd3f4aef88a30471ebbad9ef2667eba614bee,earnings,,FRO,2025-11-28 14:00:00+00:00,0,0.0005,0.0005,,0.0,10.999930555555556,23,low
0x1a2ec4f6e34d891e80dbd74ffccd4b40c2f8148fc117ff5ebf07cd9f95602e17,econ,Will NVIDIA be the largest company in the world by market cap on November 30?,NVIDIA,2025-11-30 00:00:00+00:00,1,0.9125,0.9935,0.9995,3314817.60185,50.5005787037037,101,high
0x4cfd709e4da8810c4a9ffea43e568294b01c59982a618d5a548d730501f44e75,econ,Will Alphabet be the largest company in the world by market cap on November 30?,Alphabet,2025-11-30 00:00:00+00:00,0,0.0365,0.0015,0.0005,2236479.544109,51.00010416666667,102,high
0x0f1a31cb536284331021e5d81ea8f08d59227f6f3a42e71df684c4ac7e81201d,econ,Will Microsoft be the second-largest company in the world by market cap on November 30?,Microsoft,2025-11-30 00:00:00+00:00,0,0.003,0.0005,0.0005,523240.417582,48.00011574074074,96,high
0x4b00857d5007f57e490f15186efaa6d6258280231f27eab57ed0de7057170b99,econ,Will Saudi Aramco be the second-largest company in the world by market cap on November 30?,Saudi Aramco,2025-11-30 00:00:00+00:00,0,0.0005,0.0005,0.0005,6341732.02064,48.00012731481481,95,high
0xb7e9d47057b3ff451868b0ee2dcadbf2a9bbcdbd6a3bb1abc078b16f59289c80,econ,Will Alphabet be the third-largest company in the world by market cap on November 30?,Alphabet,2025-11-30 00:00:00+00:00,1,0.87,0.9935,0.997,195072.562007,11.000069444444444,23,mid
0x1a36fb7e5cc8fde776749fe45ff7b9a2bc3d3f9a195dac185579b47ec830ce31,econ,Will Apple be the largest company in the world by market cap on November 30?,Apple,2025-11-30 00:00:00+00:00,0,0.049,0.0065,0.0005,1904854.373578,51.00019675925926,101,high
0xec1f091c2e720e665c94e7223ee6e22adb771735a28fd7261843e7415f3e6b87,econ,"Will the total number of TSA passengers for November 23-30 be less than 18,000,000?",<18m,2025-11-30 00:00:00+00:00,0,0.006,0.0015,0.003,141316.628378,18.500266203703703,37,mid
0x3e44a8858eee7b5800ed3170b0316c442659d0b279391a3984d57149587b3590,econ,Will Apple be the second-largest company in the world by market cap on November 30?,Apple,2025-11-30 00:00:00+00:00,1,0.831,0.993,0.9975,529971.003312,47.99991898148148,96,high
0x906d4235b294e2af5e2de8c794a3cdee616e27596afe6545c24d26dd5825c4e6,econ,Will Tesla be the second-largest company in the world by market cap on November 30?,Tesla,2025-11-30 00:00:00+00:00,0,0.0005,0.0015,0.0005,2290260.269776,48.000277777777775,95,high
0x9fc5f3444686be3d0f8e41b6a6d7c0cb656da8f479ae578a387c247d05dd2637,econ,Will Oracle be the second-largest company in the world by market cap on November 30?,Oracle,2025-11-30 00:00:00+00:00,0,0.0005,0.0005,0.0005,3208738.456138,48.00008101851852,96,high
0x25823ccf0018e9372da0e2de0b9746298f15c5c3d42e5915f2ff30975565317c,econ,Will Amazon be the second-largest company in the world by market cap on November 30?,Amazon,2025-11-30 00:00:00+00:00,0,0.0005,0.0005,0.0005,148198.964209,48.000150462962964,95,mid
0x47ec5b94bbc20a66c11deaf371474ffbf5383706a5da03f119a1cc8928920cb6,econ,Will Saudi Aramco be the largest company in the world by market cap on November 30?,Saudi Aramco,2025-11-30 00:00:00+00:00,0,0.0005,0.0005,0.0005,1963684.028412,50.99989583333333,102,high
0x49241a93c8e3d13b96115ecfe233347d0d325d9d61af9ef49256780c21d1bad3,econ,Will Amazon be the largest company in the world by market cap on November 30?,Amazon,2025-11-30 00:00:00+00:00,0,0.0005,0.0005,0.0005,1618058.333642,51.00006944444444,102,high
0x38378e46d156ba21ac42875c68973dbfb9e9769b921af987fa93762a17007a62,econ,Will Alphabet be the second-largest company in the world by market cap on November 30?,Alphabet,2025-11-30 00:00:00+00:00,0,0.1265,0.003,0.0005,522254.949265,48.000289351851855,95,high
0x43d5b528f85017327942614b32bc58d9128cc07836653ddbbf9063e33dcd8b5a,econ,Will Microsoft be the largest company in the world by market cap on November 30?,Microsoft,2025-11-30 00:00:00+00:00,0,0.0005,0.0005,0.0005,1629777.117409,51.0000462962963,102,high
0x41aba4c5cbe54dc8db7939be27e47860708f22e53219182a8177252ecac3f085,econ,Will Tesla be the largest company in the world by market cap on November 30?,Tesla,2025-11-30 00:00:00+00:00,0,0.0005,0.0005,0.0005,11637679.639845,51.00020833333333,101,high
0x5c520522f9c403d950538d6f06cd171efaf7affb60ea783215ff2c261f29f18d,econ,Lisa Cook out as Fed Governor by November 30?,November 30,2025-11-30 00:00:00+00:00,0,0.0025,0.002,0.001,246231.797934,31.000104166666667,63,high
0x9ef9a688d8b51ac42dd632c9bdc000071c4f8beffa4f2356b3bd8f3dc22af905,econ,Will NVIDIA be the second-largest company in the world by market cap on November 30?,NVIDIA,2025-11-30 00:00:00+00:00,0,0.047,0.005,0.0005,434339.102033,48.00001157407407,96,high
0x73c95a75f53d66ab7fc174331c74407c02aadaacce95fa417601cdbf71d11c4e,earnings,,MDB,2025-12-01 22:00:00+00:00,1,0.915,0.945,,0.0,9.000104166666667,19,low
0x16319c2cb245207804b4481ffe84a3837676b3da0289f411f6811da00a1bc600,earnings,,UNFI,2025-12-02 14:00:00+00:00,1,0.895,0.915,,0.0,10.000162037037038,20,low
0x8996d8d6944bf8b68056ddda88585ec3ba230318a07663b451a4fb476eed9cfc,earnings,,CRWD,2025-12-02 22:00:00+00:00,1,0.945,0.945,,0.0,10.500046296296297,22,low
0xa20cdd3bd8f1f51c4adafadd3882bb0bc143e684942e0b6199208cb0dce8a8d9,earnings,,ASAN,2025-12-02 22:00:00+00:00,1,0.88,0.905,,0.0,10.500069444444444,22,low
0x962a951afed20b431e6de9a3b6449a3bbb37ed0aca0bd4291c16683dfb55ba0b,earnings,,AEO,2025-12-02 22:00:00+00:00,1,0.73,0.795,,0.0,10.500069444444444,22,low
0xf83337525e09673acd4babdccbcae8dcc8e6b5db8d92886491dd21049ff1c169,earnings,,OKTA,2025-12-02 22:00:00+00:00,1,0.93,0.945,,0.0,10.50005787037037,22,low
0x20a31eacfa76cfc6a43d9a4c974bff8e6f9903ad7b881bdb54c0341d666ab006,earnings,,M,2025-12-03 14:00:00+00:00,1,0.855,0.915,,0.0,10.500231481481482,21,low
0x4c7e6762545f14147b2a539f168be8e1234bcf9e76ff793b6f603f63b0baecd3,earnings,,DLTR,2025-12-03 14:00:00+00:00,1,0.855,0.83,,0.0,10.500034722222223,22,low
0xa1f261fd2b4085cc283c7baa3b2b7e20b8540d66f19b0c866dd985ebd7ca884c,earnings,,CXM,2025-12-03 14:00:00+00:00,1,0.88,0.925,,0.0,10.500231481481482,21,low
0xf13e6346f6153a1e063861a848b462241335d94014b1e2352f87c01698681173,earnings,,CRM,2025-12-03 22:00:00+00:00,1,0.885,0.915,,0.0,10.500231481481482,21,low
0x913ae1bf13cafc0332cbb4385bcdda27f4097a546406b937b9ede670c85f5a9f,earnings,,FIVE,2025-12-03 22:00:00+00:00,1,0.74,0.86,,0.0,8.50011574074074,18,low
0xaf26bfb76e1f2925408f22f15749f815c78e873b773e516dfdef335d54188758,earnings,,SNOW,2025-12-03 22:00:00+00:00,1,0.925,0.935,,0.0,10.500081018518518,22,low
0x0ee57e4f64242ab442ce42814cb59258ad6d681e83c3cc9cc232caf262d0167a,earnings,,BBW,2025-12-04 14:00:00+00:00,1,0.805,0.825,,0.0,11.500185185185185,23,low
0x9c36c341e446ee96ad541ff4ddc9486dc1556948e40f7041be75e61814d20a28,earnings,,DG,2025-12-04 14:00:00+00:00,1,0.745,0.77,,0.0,11.500092592592592,24,low
0xf024e728c043c2acb9c5e2640e34aa4aa188a74da767a85e202d20468cd67dc0,earnings,,KR,2025-12-04 14:00:00+00:00,1,0.865,0.88,,0.0,11.50011574074074,24,low
0x5066929058d9e416ec61d945ec9603c0d3eaf98df01ea0907658d7399225cf94,earnings,,RBRK,2025-12-04 22:00:00+00:00,1,0.905,0.915,,0.0,11.500034722222223,24,low
0x75c63d40cc5ec31a6bdadde479b14e9f2bae17bc3cd5885ba449f08da84e5c96,earnings,,IOT,2025-12-04 22:00:00+00:00,1,0.915,0.94,,0.0,11.500219907407407,23,low
0x4704dd8921a4baa8c84f7ba3117584f601d96f6c3d25945f309fb3a266f43f8a,earnings,,HPE,2025-12-04 22:00:00+00:00,1,0.84,0.865,,0.0,11.500104166666667,24,low
0xc85bf44c5b8ec7ad89186f29f2972f7afc03a5e17c5103f0603e1695a62e5de8,earnings,,SWBI,2025-12-04 22:00:00+00:00,1,0.415,0.37,,0.0,11.500104166666667,24,low
0x0ad6aa4e0be83ac0885c95cad5d55be31cdb8e80e2946202e17b3c8f7c4e9b98,earnings,,DOCU,2025-12-04 22:00:00+00:00,1,0.94,0.94,,0.0,11.500150462962964,24,low
0xc70a9913e6ee7ca55cf159a1b82489e0ca976d5471551aa9c7742f7566622ca2,earnings,,VSCO,2025-12-05 14:00:00+00:00,1,0.84,0.885,,0.0,12.5,26,low
0xbbc9ed14f290660be9a45f73f2de8feb2b71a864df7ea2d858c456a194353ca7,earnings,,ORCL,2025-12-08 22:00:00+00:00,1,0.795,0.88,,0.0,15.999976851851851,33,low
0x8b62804bdbaba6bb1bf0f9e7ce596084f22ec633e00a8083262f417d690a6713,earnings,,AZO,2025-12-09 14:00:00+00:00,0,0.625,0.675,,0.0,14.499965277777777,30,low
0xb922ab1a9b47dbd6d6349e43462e03f33f44c38f0039f5e41c82b364903e39cf,earnings,,ASO,2025-12-09 14:00:00+00:00,1,0.34,0.345,,0.0,16.5,34,low
0xebc715f2dd39e126674375f7fe28004d70e4ed166a648988bdd3e9a5f8dae054,earnings,,KFY,2025-12-09 14:00:00+00:00,1,0.895,0.902,,0.0,16.500011574074072,34,low
0x77966830304d64c82eb3404815a62129d5ccae6ef311677f4ba5feb40e7793ac,earnings,,DBI,2025-12-09 14:00:00+00:00,1,0.78,0.815,,0.0,14.49994212962963,29,low
0x6e90b9f10d7349fd6e50692c92ed9d0c9f27e633341f60981695c432ea61b22f,earnings,,CPB,2025-12-09 14:00:00+00:00,1,0.94,0.9535,,0.0,14.499976851851851,30,low
0xce35cacfb5cf65a484ea5b5469d50e4466654452d4cc6d273405d8142a18fed0,earnings,,CBRL,2025-12-09 22:00:00+00:00,0,0.57,0.485,,0.0,16.99997685185185,34,low
0x59326d68ec624aa2e19132b40dc7a6da2da850b83274d6cb751dd441bb286340,earnings,,CASY,2025-12-09 22:00:00+00:00,1,0.925,0.93,,0.0,14.999907407407408,30,low
0x4ccc66e9c03261a867dfc47c48a66cbe558e7efc369314a5b0c5e35e31aa2c8f,earnings,,GME,2025-12-09 22:00:00+00:00,1,0.885,0.885,,0.0,14.99994212962963,31,low
0x250f38ab5ba9aad558c722208478066e573a784ab31394c0c3db335b6a6b3c46,earnings,,PLAY,2025-12-09 22:00:00+00:00,0,0.38,0.39,,0.0,14.999976851851851,31,low
0x14c480169572aedfbc99b440c48b35017eadd4f95ca0292f6e9d6e001daea5f1,econ,Fed rate cut by September meeting?,September meeting,2025-12-10 00:00:00+00:00,1,0.978,0.978,0.978,927036.330162,63.50017361111111,128,high
0x617c7a90eda304d6875abfefa3638ecedb2fffe3321aa207a9e23e8fc686fb75,econ,Will the Fed cut-pause-pause in 2025?,Cut–Pause–Pause,2025-12-10 00:00:00+00:00,0,0.0055,0.0055,0.0055,244346.790149,54.00005787037037,109,high
0x557dddb6136459f0e47c106ad9ca1ff975498ce4414d086be54477e4012d45b7,econ,Will the Fed cut-cut-cut in 2025?,Cut–Cut–Cut,2025-12-10 00:00:00+00:00,1,0.925,0.93,0.945,497971.51856,96.50002314814814,193,high
0x58f4542341fcc66a2197877b7487ebe901b689ec42bcdbb0a070f5536d91459e,econ,No change in Fed interest rates after December 2025 meeting?,No change,2025-12-10 00:00:00+00:00,0,0.065,0.065,0.045,44523455.111481,131.50028935185185,262,high
0xcb111226a8271fed0c71bb5ec1bd67b2a4fd72f1eb08466e2180b9efa99d3f32,econ,Fed decreases interest rates by 25 bps after December 2025 meeting?,25 bps decrease,2025-12-10 00:00:00+00:00,1,0.925,0.935,0.945,54634506.683355,131.5001736111111,263,high
0x419c7ae262b7b17f41a077eeaec4b2d3881406ea3a4cf0d5984536fe0bd3c995,econ,Will the Fed cut-pause-cut in 2025,Cut-Pause-Cut,2025-12-10 00:00:00+00:00,0,0.0085,0.0085,0.0085,140120.78051,54.000034722222225,109,mid
0xfcd2fb666c5a346faee448e63267346a3ec394a52bce4c199877559da91cd2c1,econ,Fed increases interest rates by 25+ bps after December 2025 meeting?,25+ bps increase,2025-12-10 00:00:00+00:00,0,0.0015,0.0005,0.0005,133173605.453166,131.50001157407408,263,high
0x6903b766f5fda3d5b02f4472a6b4154419e78b7fd126c0b29ce17bb8e20b20cc,econ,Fed decreases interest rates by 50+ bps after December 2025 meeting?,50+ bps decrease,2025-12-10 00:00:00+00:00,0,0.0055,0.0065,0.0065,161574382.129451,131.5001851851852,263,high
0x1accff8e659dc833de80fd6d3b18f34367d3c53e42cc07ff9ff3481dc06dd060,econ,"Will Powell say ""Good afternoon"" during December press conference?",Good afternoon,2025-12-10 00:00:00+00:00,1,0.976,0.981,0.983,500092.901434,39.50005787037037,80,high
0xf5ec2524e8d5fdd9f4f7e1084ba14805fa78aacc9f31d58e0c713100c3a462ae,econ,Will the Fed Cut–Cut–Pause in 2025?,Cut–Cut–Pause,2025-12-10 00:00:00+00:00,0,0.061,0.051,0.048,312044.203656,96.50034722222222,192,high
0xadded5f835f851ecce4700a3f4c2599fc25478578bc8a72c398da48d761d17a0,econ,Fed rate cut by December meeting?,December meeting,2025-12-10 00:00:00+00:00,1,0.991,0.991,0.991,346266.285504,63.50012731481481,128,high
0x4319532e181605cb15b1bd677759a3bc7f7394b2fdf145195b700eeaedfd5221,econ,Fed rate hike in 2025?,fed-rate-hike-in-2025,2025-12-10 12:00:00+00:00,0,0.0055,0.0045,0.006,1181258.367286,345.5003009259259,691,high
0xf4d03ce9ce65ea06654f23e26dead828005511d65bb650cd5a9dc77891406d12,econ,Will 7 Fed rate cuts happen in 2025?,7 (175 bps),2025-12-10 12:00:00+00:00,0,0.0005,0.0005,0.0005,6045992.73764,345.5003009259259,691,high
0xebfda84c91d3dafde3f49bd132aadc9e762b88023021806e7345cd526fc7e1fa,econ,Will no Fed rate cuts happen in 2025?,0,2025-12-10 12:00:00+00:00,0,0.0045,0.0045,0.0045,3257922.893311,261.50015046296295,524,high
0xc2846f35e85eb09a094edbd4e93e345d3c682dc0436615adc27122222fccbd81,econ,Will 4 Fed rate cuts happen in 2025?,4 (100 bps),2025-12-10 12:00:00+00:00,0,0.004,0.0065,0.004,3089647.671223,345.50039351851854,690,high
0x37100ed3560699c48d90a027e65da10a04e395785b598289163e3bbfdaca99e6,econ,Will 6 Fed rate cuts happen in 2025?,6 (150 bps),2025-12-10 12:00:00+00:00,0,0.0005,0.0005,0.0005,2623047.127032,345.50035879629627,690,high
0x12b6268efb832fe64bb746b9f50a51245b761d6b170e172b3cd81a7c4f39432b,econ,Will 8+ Fed rate cuts happen in 2025?,8 or more (200+ bps),2025-12-10 12:00:00+00:00,0,0.0005,0.0005,0.0005,3970078.575117,345.5000925925926,691,high
0x05af636e0989accb08334a74f69e5368e0aa28fe498fd16a3ca991e6dc5ae2cc,econ,Will 2 Fed rate cuts happen in 2025?,2 (50 bps),2025-12-10 12:00:00+00:00,0,0.07,0.055,0.032,3706364.415322,345.50042824074075,690,high
0x6ee22365b6602d928aa7136f549cc0d718bb16b044a6d15191041b84b5f1f43d,econ,Will 5 Fed rate cuts happen in 2025?,5 (125 bps),2025-12-10 12:00:00+00:00,0,0.001,0.0005,0.0005,2273086.225375,345.5003819444444,690,high
0x6df2f2ca434b5bacaef33d6b24edf42845199f4f794e66580de2d2c880a25275,econ,Will 3 Fed rate cuts happen in 2025?,3 (75 bps),2025-12-10 12:00:00+00:00,1,0.925,0.935,0.9665,3568731.458998,345.50028935185185,691,high
0x8e9b6942b4dac3117dadfacac2edb390b6d62d59c14152774bb5fcd983fc134e,econ,Will 1 Fed rate cut happen in 2025?,1 (25 bps),2025-12-10 12:00:00+00:00,0,0.003,0.003,0.003,2906248.945921,303.0001041666667,607,high
0x289fe9339e7d3e69c36fc9d13940cbb97d25d5f50d0bf6da08fecd7575d6f569,earnings,,CHWY,2025-12-10 14:00:00+00:00,1,0.86,0.775,,0.0,15.50013888888889,31,low
0x81b113d08d679970a060495e58d1a1ce9f2fdb3933f36b0533d33bdcfef9c6b1,earnings,,MTN,2025-12-10 22:00:00+00:00,1,0.795,0.825,,0.0,16.0,33,low
0x3f936ab5f413b4dcce95895b5943f7396de43e0877c882e865a2d9cdc6020fda,earnings,,ADBE,2025-12-10 22:00:00+00:00,1,0.954,0.96,,0.0,15.99994212962963,33,low
0x26ebfec9fc5419bf2f7ca33d0a49d5b855fefd5012fc959ae32ad2ea95729d54,econ,Will monthly inflation increase by 0.2% in December?,0.2%,2025-12-13 00:00:00+00:00,0,0.135,0.285,0.415,116843.168968,38.50005787037037,79,mid
0x084cb533ce8f4b7a8ec074bd742de320f48601648480666b60f8186653c5d533,econ,Will monthly inflation increase by 0.3% in December?,0.3%,2025-12-13 00:00:00+00:00,1,0.47,0.46,0.515,119647.456886,38.50005787037037,79,mid
0x6017141bd35f0186ef40a79fcd49f938fd4b6f983578dc88e1b4d6bcb77964c3,earnings,,LEN,2025-12-16 22:00:00+00:00,0,0.835,0.86,,0.0,6.500150462962963,14,low
0xdd2db1de97992c0c91941560e0e101537167835f5b0ea67fd6697350b3e76c7a,earnings,,GIS,2025-12-17 14:00:00+00:00,1,0.9495,0.953,,0.0,21.500011574074072,45,low
0xcca692af8cf3f70d1cfd1eb363fdde50010c07ab09477e382a3a237d212184cb,earnings,,MU,2025-12-17 22:00:00+00:00,1,0.9675,0.9615,,0.0,21.5,45,low
0xa5ebc38b1976d6c1b18a2ed4012fd9a732e5fcbab1c76c5f876298132dc98bab,econ,Bank of England decreases interest rates by 50+ bps after December 2025 meeting?,50+ bps decrease,2025-12-18 00:00:00+00:00,0,0.0035,0.003,0.001,265221.495776,40.500034722222225,83,high
0x53db38fbebf30588b1c0c2001477c22e0cc3c1517682d6aaf2bc90396ef025ea,econ,Will the ECB announce a 50+ bps decrease at the December meeting?,50+ bps decrease,2025-12-18 00:00:00+00:00,0,0.0005,0.0005,0.0005,878090.603286,48.50005787037037,98,high
0x6f11ac47381badbdb57c35dd438ef815088aacb6270da73dbc0b0ee651555ae5,econ,Will the ECB announce an increase at the December meeting?,Increase,2025-12-18 00:00:00+00:00,0,0.0015,0.0015,0.0005,510614.417143,48.5000462962963,99,high
0xd6970b7e5400040f88dc7ef309a975e78d047b5de9dcba44702ca4e22ce3ff43,econ,Will the ECB announce a 25 bps decrease at the December meeting?,25 bps decrease,2025-12-18 00:00:00+00:00,0,0.0025,0.0015,0.0015,203624.60419,48.5000462962963,99,high
0x4c7e661c708c80cdf3199d00040dae89acc34f840104eb6a07aa40899be8ccb9,econ,Will annual inflation increase by ≤2.8% in November?,≤2.8%,2025-12-18 00:00:00+00:00,1,0.004,0.006,0.009,166166.97546,34.5,71,mid
0x0dea4f65196c1428d347a4b71c7b5e619fbb0956badb56773c720e406fdcc842,econ,Will annual inflation increase by 2.9% in November?,2.9%,2025-12-18 00:00:00+00:00,0,0.115,0.135,0.135,144769.158396,34.5,71,mid
0x036c46654733b5b6dd8ed3f1dfbca21c04d6ad9e54772eac0abb53f50f9fe176,econ,Will annual inflation increase by ≥3.2% in November?,≥3.2%,2025-12-18 00:00:00+00:00,0,0.084,0.0375,0.0375,141195.492859,34.5,71,mid
0x63daae9d0fb558b5ea7264557ab2334d9d3866e0ab53b247bb0b739b29abd726,econ,Will annual inflation increase by 3.1% in November?,3.1%,2025-12-18 00:00:00+00:00,0,0.405,0.41,0.405,113873.504028,34.49998842592593,71,mid
0xd8a51600e6ec2641fcc25efea4f1ce32d00f0c665f5223142e11afd5ea7c126a,econ,Will annual inflation increase by 3.0% in November?,3.0%,2025-12-18 00:00:00+00:00,0,0.415,0.425,0.435,99793.107101,34.50001157407407,71,mid
0x85988e902516aa98141dd505a1196499eed6861b14446e36068d3f1acc445b7e,earnings,,ACN,2025-12-18 14:00:00+00:00,1,0.875,0.905,,0.0,22.500011574074072,47,low
0x7a8aa5db26766eb1ddcd43d2fc439edbae411760b29e86842ba900e45a98f684,earnings,,KMX,2025-12-18 14:00:00+00:00,1,0.62,0.53,,0.0,22.500011574074072,47,low
0x1615eee22bbef1e025233f7b3b755da43f1a3d362df79b6971d893c5b2869716,earnings,,CTAS,2025-12-18 14:00:00+00:00,1,0.945,0.93,,0.0,22.5,47,low
0x6dc2882e61c4e57574f96c2dd88f3133619ea0327a146492e3957185c4aa9adc,earnings,,FDS,2025-12-18 14:00:00+00:00,1,0.77,0.805,,0.0,22.5,46,low
0xa609275ff11d44a796888759b03dcb6bbc6cedf7adf57f97d17510d2aba252ad,earnings,,PAYX,2025-12-18 14:00:00+00:00,1,0.885,0.83,,0.0,23.50002314814815,48,low
0x6fb70a04fdb518b14dd8ebc8e9101b07671dbc499eac1d72627fe877cdce0f81,earnings,,NKE,2025-12-18 22:00:00+00:00,1,0.905,0.885,,0.0,22.5,46,low
0xd3ed1da669c995ea953690cd148dd8e5df5b9428da17176504c6cef246607314,earnings,,FDX,2025-12-18 22:00:00+00:00,1,0.92,0.915,,0.0,22.500011574074072,47,low
0xb8f209cafe90f216c4817b1ca8768b1d2fb21001883441673f999b2650942a29,earnings,,KBH,2025-12-18 22:00:00+00:00,0,0.905,0.745,,0.0,8.500011574074074,19,low
0x5de0a215761ef66927625cbb224c5dd296e74c9b93cd698e0e4b78be0ad8f996,econ,Bank of Japan increases interest rates by 50+ bps after December 2025 meeting?,50+ bps increase,2025-12-19 00:00:00+00:00,0,0.004,0.003,0.004,1352813.148228,49.0000462962963,99,high
0x8c204cf57406ba2f01099643569c6d3c7e934972148b86c6e2f19078937d9e71,econ,Bank of Japan increases interest rates by 25 bps after December 2025 meeting?,25 bps increase,2025-12-19 00:00:00+00:00,1,0.9805,0.979,0.983,1747513.159368,49.0000462962963,100,high
0xb8dd95abf4e54a9c86b51afa71291aafdbf46e74d36632aaef6519af6ef2448d,econ,No change in Bank of Japan's interest rates after December 2025 meeting?,No change,2025-12-19 00:00:00+00:00,0,0.0155,0.02,0.0135,1401490.32618,49.0000462962963,99,high
0x02d1bfde2a6101638eb6638c3b425b5fa12fde93f8ba13d29ba004e3b81eb481,econ,Bank of Japan decreases interest rates after December 2025 meeting?,Decrease rates,2025-12-19 00:00:00+00:00,0,0.001,0.001,0.0005,851491.752339,49.0000462962963,100,high
0x7d0fb10621c751e1cd7607fd3054f48a46b87ee482431bc5c659848256ec2130,earnings,,LW,2025-12-19 14:00:00+00:00,1,0.91,0.815,,0.0,23.50003472222222,49,low
0x8568563368bd614e55d979add2245a284e7d3e8ea4f280af29beed8be4c7cb95,earnings,,CAG,2025-12-19 14:00:00+00:00,1,0.87,0.74,,0.0,9.500034722222223,21,low
0xc89624e9bbebce235ce68fc1bede968d6e72e800cd99788cc700ed292fa64333,earnings,,CCL,2025-12-19 14:00:00+00:00,1,0.955,0.95,,0.0,23.50002314814815,49,low
0x8357a153488be5b1201ef92978f17fe6ea20374cef60d654142a7f5ebaac17c0,econ,Will Gold close between $4000 and $4100 at the end of 2025?,4000-4100,2025-12-31 00:00:00+00:00,0,0.0015,0.002,0.002,427472.048503,76.0000925925926,153,high
0x0c4bcd4daf57940c5f3a27f80d378d4ca0d90ac8a6f7096528b13b4475299b51,econ,Will Gold close between $4600 and $4700 at the end of 2025?,$4600–$4700,2025-12-31 00:00:00+00:00,0,0.305,0.0655,0.0105,464775.443919,76.00020833333333,152,high
0x75d81a83efe402686cfe1a7fcc5160ec8f9e7f0edb1cf878aeb5abf32b6230e9,econ,Will Tesla be the second-largest company in the world by market cap on December 31?,Tesla,2025-12-31 00:00:00+00:00,0,0.001,0.0005,0.0005,1210581.486419,78.99997685185186,159,high
0x4a44027c3caece9c511d5ba318a48f9943000db8c00d9bddc8ad137e0ff8df56,econ,ECB rate cut in 2025?,ecb-rate-cut-in-2025,2025-12-31 00:00:00+00:00,0,0.0025,0.0035,0.002,326752.740431,133.0,267,high
0x1dc68761b70b8c60f238570d2667d1b14222edcd864f211fee6147c993bf95c1,econ,Will Gold close below $4000 at the end of 2025?,<$4000,2025-12-31 00:00:00+00:00,0,0.0025,0.003,0.0035,723373.589749,76.00015046296296,153,high
0x2f3446f85289e3dface174e1978a513d9f1fcf7eda14646a8cc127eba17d6fbc,econ,Will NVIDIA be the third-largest company in the world by market cap on December 31?,NVIDIA,2025-12-31 00:00:00+00:00,0,0.003,0.0015,0.0005,217582.49856,37.00001157407407,76,high
0x7163cf4d5585e54f9faa0c0a39f1ad90e3792a837594200bc0499c972537210b,econ,Will Trump announce David Malpass to replace Lisa Cook?,David Malpass,2025-12-31 00:00:00+00:00,0,0.0005,0.0005,0.0005,173440.801174,127.00002314814814,255,mid
0xc2989daa542a0bf7c8a2528afac96ad5c9da3f5d33bf4fbeedb268d69dbb0179,econ,Will NVIDIA be the second-largest company in the world by market cap on December 31?,NVIDIA,2025-12-31 00:00:00+00:00,0,0.0025,0.0015,0.0005,460711.051755,78.99998842592592,159,high
0xb5193bf65ea3b92ac5d78c18055390f792c70287731d48e70e1582f752b41eeb,econ,Will Alphabet be the second-largest company in the world by market cap on December 31?,Alphabet,2025-12-31 00:00:00+00:00,0,0.0075,0.0035,0.0015,441450.369453,79.00013888888888,158,high
0x0d1dd4a937e8d34dd96e8e5d17edcdbb83ed47b196d78a4c8240b59bba7b2afb,econ,S&P 500 all time high by December 31?,sp500-all-time-high-by-december-31,2025-12-31 00:00:00+00:00,1,0.905,0.905,0.905,812909.621014,35.499965277777775,73,high
0x0891c6899340028d1bf5ad2e78d5bf05dc72b46a4463488f006d4cf6a28ea545,econ,Will Trump make no announcement by December 31 to replace Lisa Cook?,No announcement by December 31,2025-12-31 00:00:00+00:00,1,0.9955,0.998,0.998,321253.763857,127.00006944444445,255,high
0x0bda26852831846eb3cfe4631c4f881f9322c9294fa3d466ad510c1fc7d36f13,econ,Will Gold close between $4700 and $4800 at the end of 2025?,$4700–$4800,2025-12-31 00:00:00+00:00,0,0.063,0.0255,0.0045,354858.572971,76.0000925925926,153,high
0xbab0efa82cb3c6756a68eda94a11b6fc6c2a006b7fee41f26f3818404e44f25a,econ,Will Gold close between $4400 and $4500 at the end of 2025?,$4400–$4500,2025-12-31 00:00:00+00:00,0,0.193,0.4325,0.4155,622777.101171,76.00006944444445,153,high
0xab7d76f02a21673afc22278065e2c6e94776596b6916872388bc5262910fd332,econ,Will Apple be the second-largest company in the world by market cap on December 31?,Apple,2025-12-31 00:00:00+00:00,1,0.99,0.994,0.997,673411.964944,79.00003472222222,159,high
0x77098c283e7189a530bd9cb667bf3aea543f1770d419ba9b31d42f1aa5b673e4,econ,Will Gold close between $4800 and $4900 at the end of 2025?,$4800-$4900,2025-12-31 00:00:00+00:00,0,0.025,0.0065,0.0015,328894.862034,76.00013888888888,153,high
0xac265bd6d6f62b4891b3d8a6942cbc0e1b4bc44fdc9f7b5e689d17127af6782f,econ,Will Saudi Aramco be the second-largest company in the world by market cap on December 31?,Saudi Aramco,2025-12-31 00:00:00+00:00,0,0.0005,0.0005,0.0005,8736917.396424,79.0000925925926,159,high
0x9fc5b1618b122a6acd45daa139f153e8fb54b71e38ca943bb01f6203f8b13427,econ,Will Gold close between $4300 and $4400 at the end of 2025?,$4300–$4400,2025-12-31 00:00:00+00:00,1,0.033,0.162,0.4255,656378.242975,76.00002314814814,153,high
0x30d1b475abd4f9a018520b741c11b98920df5e058c196ee8676c0ad2d7326121,econ,Will Elon Musk's net worth be less than $440b on December 31?,<440b,2025-12-31 00:00:00+00:00,0,0.0015,0.0025,0.002,101917.02734,20.50002314814815,43,mid
0x6d1bc5a41676809de32dfb58f57892afefe50877c2807e1847ddc0f338d9485d,econ,Will Trump announce Chris Waller to replace Lisa Cook?,Chris Waller,2025-12-31 00:00:00+00:00,0,0.0025,0.0005,0.0005,103486.699917,127.00015046296296,255,mid
0xa377950920e161c15d8b96206848ebe676568380524ce9f8fddefaed00a8a868,econ,Nothing Ever Happens:  Jerome Powell Edition,nothing-ever-happens-jerome-powell-edition,2025-12-31 00:00:00+00:00,0,0.0415,0.0415,0.0415,105676.190446,74.5003587962963,148,mid
0xecc7593d4d3a0cbcd6611380bb6001331e14b0a9953f77ea5e66772e2df9c327,econ,Will Microsoft be the second-largest company in the world by market cap on December 31?,Microsoft,2025-12-31 00:00:00+00:00,0,0.0015,0.002,0.0005,369580.75766,79.00008101851851,159,high
0x8f71d8404fe7ca69c72ead771608cdd31c7b21b45792490f74c1c26ac30a8e0c,econ,Will Alphabet be the third-largest company in the world by market cap on December 31?,Alphabet,2025-12-31 00:00:00+00:00,1,0.9755,0.981,0.991,261992.537321,36.999976851851855,76,high
0xff86f49891b1c4bd05f3d2f90e411917dd434263820c3fe5f7b9e9676b65ee1c,econ,Will Amazon be the second-largest company in the world by market cap on December 31?,Amazon,2025-12-31 00:00:00+00:00,0,0.0015,0.0005,0.0005,211237.629899,79.00020833333333,158,high
0xfc4453f83b30fdad8ac707b7bd11309aa4c4c90d0c17ad0c4680d4142d4471f7,econ,Will China unban Bitcoin in 2025?,will-china-unban-bitcoin-in-2025,2025-12-31 00:00:00+00:00,0,0.0015,0.0015,0.0015,1778995.370491,182.00010416666666,365,high
0xb8c604b95aeecc6fca82c28f7b57a9686d30a3da52866387f9527e1dc87d6b1c,econ,Will Gold close between $4100 and $4200 at the end of 2025?,$4100–$4200,2025-12-31 00:00:00+00:00,0,0.003,0.004,0.0085,476052.989164,76.00008101851851,152,high
0x87329b0a31ce002e2e8ee5a6e7fa9d835075e8fb8324769bd3f87c53b35b6934,econ,Will Gold close between $4500 and $4600 at the end of 2025?,$4500–$4600,2025-12-31 00:00:00+00:00,0,0.361,0.282,0.073,528694.345066,76.00010416666667,153,high
0x731adde7dc551500c4d0a085af37f3f9a9374676ca7a4669dda3f7363a3f6cb7,econ,Will Gold close between $4900 and $5000 at the end of 2025?,$4900-$5000,2025-12-31 00:00:00+00:00,0,0.006,0.0015,0.001,399520.735562,76.00015046296296,153,high
0x502f39ab975fa7285a75f8acecd2299d27deb1aa84ce15d28b3054b0f5db1bee,econ,Will Elon Musk's net worth be between $450b and $460b on December 31?,450-460b,2025-12-31 00:00:00+00:00,0,0.001,0.003,0.002,124804.203827,20.50003472222222,43,mid
0xe9ed43a6dda81cedbe3f1c71b2df0ca8a39841c10245e7d61d9b9f91263af7a7,econ,Will Microsoft be the third-largest company in the world by market cap on December 31?,Microsoft,2025-12-31 00:00:00+00:00,0,0.014,0.0105,0.0045,208005.651166,37.0,76,high
0x3b5debf1129304b2c802cce914f084cd9dcc5c4553f7369bfc54beb3830763c1,econ,Will Gold close above $5000 at the end of 2025?,>$5000,2025-12-31 00:00:00+00:00,0,0.003,0.0015,0.001,420740.994367,76.0000925925926,152,high
0xdc1462ef2035cd41f06fc9ae0a23bf2adf029c43060d1f489c251b5ef1bb19a1,econ,Will Gold close between $4200 and $4300 at the end of 2025?,$4200–$4300,2025-12-31 00:00:00+00:00,0,0.008,0.0275,0.0685,696920.838199,75.99993055555555,153,high
0x7ebd172721028143f8394737b7f809c023c4bcbe2de7a216e7d13a9045ed1ad8,econ,Will Apple be the third-largest company in the world by market cap on December 31?,Apple,2025-12-31 00:00:00+00:00,0,0.005,0.0065,0.003,135346.179729,37.00001157407407,76,mid
0xbf226382f4c0a20e066688669e3dccd4bd83c22e14ef9f6138272850483d36b6,econ,Will Oracle be the second-largest company in the world by market cap on December 31?,Oracle,2025-12-31 00:00:00+00:00,0,0.0005,0.0005,0.0005,287342.562094,79.00011574074074,159,high
0xcf8f5f0cb770c56eba2d5c86500c4589b9177f41eee944dc8c231d1f8384e946,econ,Will the EU impose new tariffs on US goods in 2025?,will-the-eu-impose-new-tariffs-on-us-goods-in-2025,2025-12-31 05:00:00+00:00,1,0.9655,0.9655,0.9655,614350.126526,131.0,262,high
0x86fa5a0f2de7b1f8214511ca6296c4ee654da3bf9a07f2fbe981528ca0c800ec,crypto,Will Solana reach $200 before 2026?,↑ 200,2025-12-31 05:00:00+00:00,1,0.9655,0.9655,0.9655,46213.122328,11.000011574074074,23,low
0x1cde64f8e1e0d78290ee9a089d6c3e909589afbed5ceaae171c1e18de493730b,crypto,Will Solana reach $210 before 2026?,↑ 210,2025-12-31 05:00:00+00:00,1,0.944,0.944,0.944,49099.739699,15.499976851851851,32,low
0x478cd903fe1b6e5449e810856111b83748229ebc996ae18a9d14f4d37077c5fd,econ,"Will Gold close at $3,100-3,200 at the end of 2025?","$3,100-$3,200",2025-12-31 12:00:00+00:00,0,0.0015,0.0005,0.0005,1451475.031623,365.00018518518516,731,high
0x19b1967f76a47135b8b76bd6af9304458384c6f8bbfe45a96190efc27ebab809,econ,Will Gold close between $3900 and $4000 at the end of 2025?,$3900-$4000,2025-12-31 12:00:00+00:00,0,0.0015,0.004,0.001,357031.468714,257.0000462962963,515,high
0x1bed9a7702b0855686f4f65a9f65d51afeb7ca0c60f48937f4377269087cec25,econ,Will inflation reach more than 4% in 2025?,Above 4%,2025-12-31 12:00:00+00:00,0,0.0075,0.008,0.0065,325074.27132,339.5001041666667,680,high
0xc8df46cfef436bc7e3c4aadeacee7f3c16cbc67e44c6d17466aff60c65d67a56,econ,Will U.S. National debt surpass $38 trillion in 2025?,will-us-national-debt-surpass-38-trillion-in-2025,2025-12-31 12:00:00+00:00,1,0.9955,0.9955,0.9955,655536.057559,289.50018518518516,580,high
0x1bf3b0407ccc34052eb9fbad9e1ea6f69b5a15d76013d937826c93fbff019fa8,econ,Will Trump announce Roger W. Ferguson Jr. as next Fed Chair in 2025?,Roger W. Ferguson Jr.,2025-12-31 12:00:00+00:00,0,0.0005,0.0005,0.0005,625335.0475,170.0000347222222,341,high
0x5a542fe246448e58671948b2f28bb746d7694172ad3c57b28d5cf86126834cf0,econ,Will Microsoft be the largest company in the world by market cap on December 31?,Microsoft,2025-12-31 12:00:00+00:00,0,0.0005,0.0005,0.0005,3197278.328588,366.00008101851853,733,high
0x5cf1d973f87bd223deffdbd2905dbc8292722c4682f17146a8a5b79daa6c3ccb,econ,"Will Gold close at $2,600-2,700 at the end of 2025?","$2,600-$2,700",2025-12-31 12:00:00+00:00,0,0.0005,0.0005,0.0005,624126.270691,365.00018518518516,730,high
0xe26424b7a84fe280b7202c5bd8a6c2763985510ff6a2c663c7aedd23881f7c79,econ,Will Trump announce Howard Lutnick as next Fed Chair in 2025?,Howard Lutnick,2025-12-31 12:00:00+00:00,0,0.0005,0.0005,0.0005,349023.13297,204.0000347222222,409,high
0x12993004a50c8a25454afbc8ccea7a52f9e6f5ddfaa218feea52a4e95cd874bb,econ,"Will Gold close at $2,700-2,800 at the end of 2025?","$2,700-$2,800",2025-12-31 12:00:00+00:00,0,0.0005,0.0005,0.0005,1651648.539379,365.00008101851853,731,high
0x74fa488242c818fb448f23a944b7ad8a6ddcb66beffd74db6d0a6889c8c8a36e,econ,Will Trump announce Arthur Laffer as next Fed Chair in 2025?,Arthur Laffer,2025-12-31 12:00:00+00:00,0,0.0005,0.0005,0.0005,116528.976777,257.00016203703706,515,mid
0xcddb4f52babca280f8e5fc4b9146f2520f0bfb88e134ff9ac8d52ea674185d79,econ,Fed emergency rate cut in 2025?,fed-emergency-rate-cut-in-2025,2025-12-31 12:00:00+00:00,0,0.0015,0.0015,0.0015,1632096.395146,367.0002199074074,734,high
0x6833d609cdb923746ee1aec6dc4bd6ee8ae702436782008d5f96c6e0cc4d0a52,econ,BOA launches a USD stablecoin in 2025?,boa-launches-a-usd-stablecoin-in-2025,2025-12-31 12:00:00+00:00,0,0.0035,0.002,0.002,528945.72159,308.0001388888889,617,high
0x42837846078acea77eb15cd4399b1c4554280f5337806c23b3802affd5a7254e,econ,Will Trump announce Ron Paul as next Fed Chair in 2025?,Ron Paul,2025-12-31 12:00:00+00:00,0,0.0005,0.0005,0.0005,125059.853786,257.00018518518516,514,mid
0x2573b652eb48365d20cd4396072e0e71b5401ed8ae2866a02b80dbc690fe9063,econ,Sam Altman out as OpenAI CEO in 2025?,Sam Altman - OpenAI,2025-12-31 12:00:00+00:00,0,0.005,0.0015,0.0015,134134.265225,366.0001041666667,733,mid
0x5936d29808af5914a5c8d6abae7565b3519d9d4b2ecf215a9aa7b8a6fe25f71b,econ,Will inflation reach more than 8% in 2025?,Above 8%,2025-12-31 12:00:00+00:00,0,0.0065,0.0035,0.005,191745.054261,339.50016203703706,680,mid
0xbad74413f87762c2b4423dfcd72ccce4c561bc59f33e7ed474b33ef917b802a0,econ,US defaults on debt in 2025?,us-defaults-on-debt-in-2025,2025-12-31 12:00:00+00:00,0,0.0025,0.0025,0.0025,138353.934783,267.00016203703706,535,mid
0xe42745319821ec7c531d38afcb0cb9d8a53a414efc3470824b4103204bef7c97,econ,Will Trump announce Judy Shelton as next Fed Chair in 2025?,Judy Shelton,2025-12-31 12:00:00+00:00,0,0.0045,0.0015,0.0005,2013022.209377,257.0001273148148,515,high
0x9706bea240b14c249e89cfc0cfc4593cb80e903aec4aae89910c086fd49d23b8,econ,Will Trump announce Rick Rieder as next Fed Chair in 2025?,Rick Rieder,2025-12-31 12:00:00+00:00,0,0.0095,0.002,0.0005,164848.674888,51.500023148148145,105,mid
0x69aa83d5505e9940b8c13520fe7c39b95f3713bc7d6fcc2a31cbb322ee385495,econ,Will Trump announce Scott Bessent as next Fed Chair in 2025?,Scott Bessent,2025-12-31 12:00:00+00:00,0,0.002,0.002,0.0005,594749.258749,204.00002314814816,409,high
0x2beb6918bff42cd269377fffeb7d458c1e18a06efa56097de608397dd8d640b4,econ,Will inflation reach more than 5% in 2025?,Above 5%,2025-12-31 12:00:00+00:00,0,0.0015,0.0015,0.0015,164924.026563,339.5003009259259,679,mid
0x53077060468dd423ed076fa338af490b945b2ca971330b1828b3313b80106ca1,econ,Will Gold close below $3200 at the end of 2025?,<$3200,2025-12-31 12:00:00+00:00,0,0.0005,0.001,0.001,353083.006379,257.0000347222222,515,high
0xd693effa46ff7264753eced044626df49d2036c06d22f0e9fea1e9afb9f85884,econ,Will Trump announce Larry Kudlow as next Fed Chair in 2025?,Larry Kudlow,2025-12-31 12:00:00+00:00,0,0.0005,0.0005,0.0005,169155.509901,257.00018518518516,514,mid
0x3cf72c4a1d4cfeea82b203ba7273ce6d0268f3c29b66a840b14dc822ece92756,econ,Tim Cook out as Apple CEO in 2025?,Tim Cook - Apple,2025-12-31 12:00:00+00:00,0,0.0055,0.0015,0.002,190812.525412,366.00005787037037,733,mid
0x211d0ba286c543b49c1f27835405fc3f96d25f9a0ffbe3620382e112b3fddfdd,econ,Will Trump announce Michelle Bowman as next Fed Chair in 2025?,Michelle Bowman,2025-12-31 12:00:00+00:00,0,0.001,0.0005,0.0015,583070.840229,190.00005787037037,381,high
0x9be071c683559df0db045846df728daa3b0883133786208cbd7a6636d74b9a32,econ,Will Trump announce Chris Waller as next Fed Chair in 2025?,Chris Waller,2025-12-31 12:00:00+00:00,0,0.0035,0.0025,0.0005,666486.558,194.00009259259258,389,high
0x2b24cafc91dab88f0642d0f940971859807cb7f64f02e6a9df738d8e576b2e66,econ,Will Gold close between $3200 and $3300 at the end of 2025?,$3200-$3300,2025-12-31 12:00:00+00:00,0,0.0005,0.0005,0.001,377592.327627,257.00019675925927,514,high
0x08a5f56fdeacd0d3adbc618d12f73927d51a5654fd3883fad95ed863209deda9,econ,Dan Clancy out as Twitch CEO in 2025?,Dan Clancy - Twitch,2025-12-31 12:00:00+00:00,0,0.0115,0.0025,0.002,210839.024181,366.00015046296295,733,high
0x78705506f6ab343f27fa67c2b4db1851059d5892217b323d32fdd7ce31bcb5ef,econ,Will Gold close between $3700 and $3800 at the end of 2025?,$3700-$3800,2025-12-31 12:00:00+00:00,0,0.0005,0.0005,0.001,262018.261841,257.00005787037037,515,high
0x700b422f79a08e5c31e6b05160cabb3d5e4f30f13d731c1a6056515e461a1f40,econ,Will Trump announce Kevin Hassett as next Fed Chair in 2025?,Kevin Hassett,2025-12-31 12:00:00+00:00,0,0.0065,0.0045,0.003,933952.759847,257.0002083333333,514,high
0xb51e060a04691204a9678f5a0418146c4629283b1c04a887501c173b22f0fcdd,econ,Will the 10-year Treasury yield hit 5.0% in 2025?,5.0%,2025-12-31 12:00:00+00:00,0,0.002,0.0035,0.002,935975.423626,266.0000694444444,533,high
0x8fcf00b13e188a4089851b6cc708cac28cc9bfe3b326bea24151e1877de99710,econ,"Will Gold close at $2,500-2,600 at the end of 2025?","$2,500-$2,600",2025-12-31 12:00:00+00:00,0,0.0005,0.0005,0.0005,960140.584896,365.0001041666667,731,high
0x2573e7b989599007ae5838ae965b1b58ce4fbd2dba3f06224c177e91a7f66692,econ,Will the 10-year Treasury yield dip below 3.0% in 2025?,3.0%,2025-12-31 12:00:00+00:00,0,0.0025,0.0035,0.002,262915.198722,308.50018518518516,617,high
0x6531afe133dd1087f336e160eebee4af020e2107bd279b40d5039d1d033007fd,econ,Will Amazon be the largest company in the world by market cap on December 31?,Amazon,2025-12-31 12:00:00+00:00,0,0.0005,0.0005,0.0005,5104724.292195,366.0001736111111,733,high
0x88fad6af135ca7cbd55a8bda5a1243125ded68b1e521066009cc990b13960b88,econ,NYSE marketwide circuit breaker in 2025?,nyse-marketwide-circuit-breaker-in-2025,2025-12-31 12:00:00+00:00,0,0.0035,0.0035,0.0025,979746.299375,364.00011574074074,729,high
0xda14c96f35b4169dbba00160a3069a9017ad15a723c639f13e4cd7089049c7f2,econ,Fed abolished in 2025?,fed-abolished-in-2025,2025-12-31 12:00:00+00:00,0,0.0015,0.0015,0.002,417502.615675,301.00016203703706,603,high
0x7c2710a7af9d9d7da6e58b1edbb723215a852b87f587e204246f6a01ab39e1d8,econ,Will Trump announce Elon Musk as next Fed Chair in 2025?,Elon Musk,2025-12-31 12:00:00+00:00,0,0.0005,0.0005,0.0005,1275987.628043,204.00008101851853,409,high
0x0d960ee751036fdae09a4b318de8aa40f74b71cc89439f9e85cc8fe7de57ca7f,econ,Circle IPO in 2025?,circle-ipo-in-2025,2025-12-31 12:00:00+00:00,1,0.9985,0.9985,0.9985,1275920.614668,157.5000347222222,316,high
0xa850d2fa2c6bd79d10ebf8403eb0962af26533cc2fbb77d7d38704fc8dabe145,econ,"Will Gold close at $2,900-3,000 at the end of 2025?","$2,900-$3,000",2025-12-31 12:00:00+00:00,0,0.0005,0.0005,0.0005,1079643.14037,365.0002199074074,730,high
0x0ac91dc0674ea0b91e6eb9cc4a20968976d30fbce391a9050c70eaddf2fba354,econ,Will Alphabet be the largest company in the world by market cap on December 31?,Alphabet,2025-12-31 12:00:00+00:00,0,0.0015,0.0005,0.0005,3872294.510792,366.0000925925926,733,high
0x2bcafeaa34b577a82baf2137057b3f9f02f4d50ee3bc6908c0a5899a3260e50a,econ,Will Apple be the largest company in the world by market cap on December 31?,Apple,2025-12-31 12:00:00+00:00,0,0.003,0.003,0.002,3715854.050242,366.00019675925927,732,high
0x49f25695e2d648c048fded348c6a104b6f1de1b31cffca6cdad32e9f0863daf1,econ,Will the 10-year Treasury yield hit 4.8% in 2025?,4.8%,2025-12-31 12:00:00+00:00,0,0.0025,0.003,0.002,1131564.335461,266.0001041666667,533,high
0x54ecc34a239bed6bc306a6c98fbdfae0ad1902b05051feb2a810bec25af9412d,econ,Will Gold close above $4000 at the end of 2025?,>$4000,2025-12-31 12:00:00+00:00,1,0.9965,0.9945,0.997,1263822.531428,257.00019675925927,514,high
0x403decd2a542e7aab841de58f160920cc279c0e7ce83c89aee20d55e5d347559,econ,Will the 10-year Treasury yield hit 5.2% in 2025?,5.2%,2025-12-31 12:00:00+00:00,0,0.002,0.002,0.002,1161197.369113,266.0001388888889,533,high
0x21d5b50fd0bc5013be79a7cdb4b3f0917127071cf27a324804c030f6eb06f5b4,econ,Will Trump refrain from announcing a next Fed Chair in 2025?,No announcement by December 31,2025-12-31 12:00:00+00:00,1,0.974,0.9925,0.9965,3264018.835972,257.00015046296295,515,high
0x1ef4ac0cff097e6b3be1b4ea58c02257145a9239055f4782a1bd0a037095feec,econ,Will Gold close between $3800 and $3900 at the end of 2025?,$3800-$3900,2025-12-31 12:00:00+00:00,0,0.0005,0.003,0.0025,259534.899251,257.0001041666667,515,high
0x90e47edd9b0125997afc73881f43c195c777f99f28f0d82196a5fc561faae088,econ,"Will Gold close under $2,500 at the end of 2025?","<$2,500",2025-12-31 12:00:00+00:00,0,0.001,0.0015,0.001,915143.256798,365.0002199074074,730,high
0x66dc31c8bae61b2bf31a7dae377618ebf1669ef58b26707f4cb726f623341623,econ,Will inflation reach more than 3% in 2025?,Above 3%,2025-12-31 12:00:00+00:00,0,0.0085,0.0055,0.0045,901289.857838,339.50025462962964,680,high
0x93e0a5759f3a2381928611d9024d0d7ed4a54cc57f9c9eefa2550ea4befca962,econ,Will Gold close between $3300 and $3400 at the end of 2025?,$3300-$3400,2025-12-31 12:00:00+00:00,0,0.0005,0.0005,0.0005,297256.75714,257.0000462962963,515,high
0x3126cccd9042f185cf2bc8621521c5b32b299ba3f41a10b8300ae5a1ee84d21a,econ,Will the 10-year Treasury yield dip below 4% in 2025?,4.0%,2025-12-31 12:00:00+00:00,1,0.8685,0.8685,0.8685,214919.296637,232.50025462962964,466,high
0xb1a6136ad23d19526c4929d2e79c79e999628de931ca2475d138fb31637fd2c4,econ,Will Saudi Aramco be the largest company in the world by market cap on December 31?,Saudi Aramco,2025-12-31 12:00:00+00:00,0,0.0005,0.0005,0.0005,25240782.288934,366.0002199074074,732,high
0x21438bc81e26319ae40a23e64637e7ce7e25faaa1904039e2a4fd3587f222fa4,econ,"Will Gold close at $2,800-2,900 at the end of 2025?","$2,800-$2,900",2025-12-31 12:00:00+00:00,0,0.001,0.0005,0.0005,697011.811217,365.0001388888889,731,high
0x87109ba2b73a16aa2ca76de904fd0372860f72d3c6afbc2b2fb84a1e46c5f387,econ,Will Gold close between $3600 and $3700 at the end of 2025?,$3600-$3700,2025-12-31 12:00:00+00:00,0,0.0005,0.0005,0.0005,323880.113102,257.00019675925927,514,high
0x7383330f2a2e5c928def875aba1cd3313da499fe1ac02efc0261b3c1c6ed28ba,econ,Will the 10-year Treasury yield hit 6.0% in 2025?,6.0%,2025-12-31 12:00:00+00:00,0,0.001,0.0015,0.001,462510.002762,266.0001388888889,533,high
0x8370b54d8b25a8a408ddb402ff7a03178139f59593ee97c03a10a43523516404,econ,Will the 10-year Treasury yield dip below 3.5% in 2025?,3.5%,2025-12-31 12:00:00+00:00,0,0.004,0.003,0.002,462391.082465,308.50016203703706,618,high
0xf8a6ec4f777d3453e9171ebb219eb3d79dcf5b38d247e514f437bd2dfc834d47,econ,Will the 10-year Treasury yield hit 4.6% in 2025?,4.6%,2025-12-31 12:00:00+00:00,0,0.0055,0.0035,0.002,1394128.828569,266.0001273148148,533,high
0x427bc4b40c09b3dcbc973747f0e4b079bed91b3e5a0aed5c36edd0f7591485f4,econ,Brazil unemployment below 6.3% for Q4 2025?,brazil-unemployment-below-6pt3-for-q4-2025,2025-12-31 12:00:00+00:00,1,0.9885,0.9835,0.996,220697.742659,319.00025462962964,639,high
0xf1f111ef03daf045896e26beb18882cf99b80f5ffb07b525ff8242d2bad47944,econ,Will Trump announce Kevin Warsh as next Fed Chair in 2025?,Kevin Warsh,2025-12-31 12:00:00+00:00,0,0.003,0.002,0.0005,671162.948302,257.0000347222222,515,high
0x735a2a984e13b28aa5e0c540d99fb8d798b2f6825bd0b992679ea779bf0911ca,econ,Fed rate cut in 2025?,fed-rate-cut-in-2025,2025-12-31 12:00:00+00:00,1,0.994,0.994,0.994,1391680.229074,195.50023148148148,392,high
0x7648e1930c81aeac61dfa449c00c89d7bdb3958e5f23ec3382623c0bbc1f1f82,econ,Will the 10-year Treasury yield hit 5.5% in 2025?,5.5%,2025-12-31 12:00:00+00:00,0,0.002,0.0005,0.002,237165.332446,266.0002083333333,532,high
0x1248bf107ee4659809ccaaa77c36bcbcbec09f8b42fa882adc5fca077b36ee42,econ,Will Gold close between $3400 and $3500 at the end of 2025?,$3400-$3500,2025-12-31 12:00:00+00:00,0,0.0005,0.0005,0.0005,237983.215426,257.00015046296295,515,high
0x178dee952f29fb0a77f63df1d59514d15009caeb7c011a5c086aad80e6369f8d,econ,Brian Armstrong out as Coinbase CEO in 2025?,Brian Armstrong - Coinbase,2025-12-31 12:00:00+00:00,0,0.004,0.0015,0.0015,238857.984059,366.00008101851853,733,high
0x74932644b8a73ada7a07180157ae32a26a1269058ebac758fb8ac0ab2d863b76,econ,"Will Gold close at $3,000-3,100 at the end of 2025?","$3,000-$3,100",2025-12-31 12:00:00+00:00,0,0.0005,0.0005,0.0005,1308153.142525,365.00019675925927,730,high
0x3ec75c0ecab502fb3b43b03cb6760ff02036c8d227a98c3beceb955c22aaa6fd,econ,Will Tesla be the largest company in the world by market cap on December 31?,Tesla,2025-12-31 12:00:00+00:00,0,0.0005,0.0005,0.0005,12050070.052878,366.0002314814815,732,high
0x01d5f475cb30704216ae9906d369c0b2991cafec882ab4888a66ff11eb03e569,econ,Jerome Powell out as Fed Chair in 2025?,will-trump-remove-jerome-powell,2025-12-31 12:00:00+00:00,0,0.0025,0.0025,0.0025,11760101.336012,336.00019675925927,672,high
0xcdd7fd11c6b56e502e898128d807d0a5a580c826f8b87739b8b7c711181e7da3,econ,Will Gold close between $3500 and $3600 at the end of 2025?,$3500-$3600,2025-12-31 12:00:00+00:00,0,0.0005,0.0005,0.0005,245979.333862,257.00002314814816,515,high
0x0b16eb7741855ca3d4383fabb8b760c897c2165d603916497f484b87ba9826dc,econ,Will NVIDIA be the largest company in the world by market cap on December 31?,NVIDIA,2025-12-31 12:00:00+00:00,1,0.993,0.9965,0.997,9158406.645494,366.0002199074074,732,high
0xac51bd52bc7a1da0ea778e00795761d4f54a2e35032b53c87dcb9d4d300de245,econ,Will inflation reach more than 10% in 2025?,Above 10%,2025-12-31 12:00:00+00:00,0,0.0035,0.003,0.003,224740.927119,339.50016203703706,680,high
0xee3898d16e04818aa853e39e1533b368ad57ca092ec0e6298ccdf41b62786ab9,econ,"Will Gold close at $3,200 or more at the end of 2025?","$3,200+",2025-12-31 12:00:00+00:00,1,0.9985,0.9985,0.999,1750289.741183,365.0001041666667,731,high
0x1091e6022313f2998ae0fb0786575e45442a54a5c98a10c8537915400895b32c,econ,Will Trump try to fire Powell in 2025?,will-trump-try-to-fire-powell-in-2025,2025-12-31 23:00:00+00:00,0,0.0035,0.002,0.0025,463121.099457,168.0001851851852,336,high
0x0dcd63b033ab12c017c52d948353dfcdab4d238fd4b7d7d597ec1c703b4772be,earnings,,JEF,2026-01-07 22:00:00+00:00,0,0.795,0.775,,0.0,18.500081018518518,38,low
0x815144415dd78f1f7a7cf228465855ec7f37fa57eca96503ffa7f934dda8bdad,earnings,,WDFC,2026-01-08 22:00:00+00:00,0,0.9505,0.942,,0.0,19.50023148148148,40,low
0xfffe2ac968bebd674b4dd91cbef3141483ac2b67f49f5d75547839320d4a8136,earnings,,DAL,2026-01-13 14:00:00+00:00,0,0.82,0.68,,0.0,13.500069444444444,28,low
0x66b01858d6c1fb1823060cd818a25318f2824928353d4df87c96523a3690b2d0,earnings,,BK,2026-01-13 14:00:00+00:00,1,0.935,0.915,,0.0,13.500069444444444,28,low
0x45d4499655b14d7df52b843c971ae2b6ebbd30bd9a88325e2c063950c0ab8e66,earnings,,JPM,2026-01-13 14:00:00+00:00,0,0.9365,0.824,,0.0,13.500081018518518,28,low
0xf426dc7e61039fdb5ea61c0c552d956276051ceb7b44fce8ee5075b5bd748aa6,earnings,,WFC,2026-01-14 14:00:00+00:00,0,0.765,0.795,,0.0,10.000023148148149,21,low
0x77f5af7d2bd3570be02290745c16ed4d6953d94436d2c1292c2c1f79418cf106,earnings,,C,2026-01-14 14:00:00+00:00,0,0.455,0.51,,0.0,10.00005787037037,21,low
0x32f744a45c646d04a65563af38a30c34a147cf1c898035a953a49d0cd0660e37,earnings,,BAC,2026-01-14 14:00:00+00:00,1,0.825,0.865,,0.0,10.00005787037037,21,low
0xbfd6497fca9e900c03e88734d2f91ec11ffe1952928f7c4338582f64ec0c116e,earnings,,MS,2026-01-15 14:00:00+00:00,1,0.855,0.73,,0.0,11.00005787037037,23,low
0x0a8bebb6884dae47328aa0ecf946dcf3a02e9302716566299087542f7f054be9,earnings,,BLK,2026-01-15 14:00:00+00:00,1,0.54,0.73,,0.0,8.0,17,low
0xcbd8d6c5acc3c2d5b0f04e6cd63c1922dbca1ff89be9edce99f4c7d53be2ac58,earnings,,TSM,2026-01-15 14:00:00+00:00,1,0.955,0.9395,,0.0,9.5,20,low
0x9b49db9417c3275700691123dae474dd4183f02ae2bd5e1fd088a883e0d12ac3,earnings,,GS,2026-01-15 14:00:00+00:00,1,0.915,0.925,,0.0,11.000011574074074,23,low
0xc55b2174a644dbb32f555268a40f3fca76398b486640d4f66e0efe6256a019fd,earnings,,PNC,2026-01-16 14:00:00+00:00,1,0.83,0.8,,0.0,12.000023148148149,25,low
0xcf44270ebe7eaa79485c11ae65d1bdc86a98b86cc48f6f933d0e5a4705adeb29,earnings,,STT,2026-01-16 14:00:00+00:00,0,0.575,0.33,,0.0,12.000046296296297,25,low
0xbd1409e299060aedb0fde8cbdc16f8f03986d612ebc8fc9a705d09cd9905a4ea,earnings,,MTB,2026-01-16 14:00:00+00:00,1,0.835,0.735,,0.0,11.500023148148149,24,low
0x3558b515ba6483368607cddec743b85f55d47234b18d0ed16ec632ee289d3fac,earnings,,KEY,2026-01-20 14:00:00+00:00,1,0.785,0.735,,0.0,14.000034722222223,29,low
0x2e111af3005c5a70e34f1b2ac6fca2b11e1cce65ed45cff0f6a1ddb2b5ce12c7,earnings,,MBWM,2026-01-20 14:00:00+00:00,1,0.765,0.695,,0.0,14.000034722222223,29,low
0x869b0832cdad10bc72b315f53343d0336ebea3298d20b1f2411ec2780f1f1dbd,earnings,,USB,2026-01-20 14:00:00+00:00,1,0.835,0.825,,0.0,14.000034722222223,29,low
0xc3e2caf899d38010e4797d6c9f7c1b3b46ee01e5ccfed0322ab20678b3362fb7,earnings,,MMM,2026-01-20 14:00:00+00:00,1,0.895,0.88,,0.0,13.500046296296297,28,low
0x745ce7e964dd8c5949cceb57482d0d98f8e334a4dfdb2aad5b1238e6c4562ed2,earnings,,BFC,2026-01-20 22:00:00+00:00,1,0.61,0.7,,0.0,16.500243055555554,34,low
0xe11056a5e125a39c3fdfc6b260af389372a7f6e9a41b5730a287707bbe80c5f6,earnings,,NFLX,2026-01-20 22:00:00+00:00,1,0.705,0.775,,0.0,14.000046296296297,29,low
0xa1d692f441135e3098a20c81fb9f4830df37ccfbd1a9f6ff37a84f7559a59bd4,earnings,,UAL,2026-01-20 22:00:00+00:00,1,0.81,0.79,,0.0,14.500034722222223,30,low
0xa9794d2a4b066f143edaa6728bd2946e54e8c2fedb56244ab6a3d52cbac5dec2,earnings,,IBKR,2026-01-20 22:00:00+00:00,1,0.785,0.73,,0.0,14.500034722222223,30,low
0xcbd25e65cb375e73dd3efac5fb8217207b2fa02c74c1dacc55ad0f37d073773a,earnings,,WTFC,2026-01-20 22:00:00+00:00,1,0.775,0.775,,0.0,14.500034722222223,30,low
0x4791b5f8da5935820a4866148e91282c23be1e32e8d7ee30301f209b0f21ee90,earnings,,JNJ,2026-01-21 14:00:00+00:00,0,0.725,0.865,,0.0,14.000231481481482,29,low
0x5984a37e42d7f7d85371b288e559f2f10b0de9e1590858a41225e6f3265c17dd,earnings,,HAL,2026-01-21 14:00:00+00:00,1,0.705,0.78,,0.0,13.500162037037038,28,low
0x83df0d286e0b0840b83c69ecee02188df3bf018dc8e82d80ffb739da1f8b6fb5,earnings,,ALLY,2026-01-21 14:00:00+00:00,1,0.72,0.785,,0.0,14.000266203703704,29,low
0xf2944b1ab640c4cedb977b2bf59a528276131b5090941acb84c98db36bb90c95,earnings,,SCHW,2026-01-21 14:00:00+00:00,1,0.865,0.895,,0.0,14.000127314814815,29,low
0xbd97540446a2a4a084e55d240de00d3bd3387c70d3cadc9b5517a482fafe4b8b,earnings,,UNTY,2026-01-21 14:00:00+00:00,1,0.9925,0.9925,,0.0,5.999988425925926,13,low
0x4a9d4a88a2f6d4c053c74fdab025e42f737d5153fb4207e736ccab6d87cfd3c0,earnings,,CFG,2026-01-21 14:00:00+00:00,1,0.71,0.745,,0.0,13.50013888888889,28,low
0x849ccba97e929ad084891b4ac7e0398e776b541e28536131d5110e8b819b0553,earnings,,TFC,2026-01-21 14:00:00+00:00,1,0.705,0.73,,0.0,14.000289351851851,29,low
0xcc0691f4d4a3eda0c0d9306e41d52e5c3f09e3fdc752f19791937ad2a3ffe89b,earnings,,KMI,2026-01-21 22:00:00+00:00,1,0.575,0.56,,0.0,5.000034722222222,11,low
0xaa961d07661553768261adcaaf680a40d5da6e5bd3b4a6b060415d6999154b6d,earnings,,PG,2026-01-22 14:00:00+00:00,1,0.855,0.92,,0.0,13.500196759259259,28,low
0xb2b5ba1688887a69d18aebeee1385dd996aa1e71514acebf163b986fc0f820f0,earnings,,AAL,2026-01-22 14:00:00+00:00,0,0.75,0.86,,0.0,18.50003472222222,35,low
0x1f5c8acbf361f92bba1529aa3d314446985a8dc8698ef2940c4322bdef9f68ac,earnings,,MKC,2026-01-22 14:00:00+00:00,0,0.68,0.785,,0.0,13.000208333333333,27,low
0x1859bedc7a7c34cdd13a7c864177423ed1732841eb486dc59ceb05177ef4cb1a,earnings,,COF,2026-01-22 22:00:00+00:00,0,0.7,0.79,,0.0,13.000219907407407,27,low
0x3b51eb6137b7691f7ef6cb9cbdd19bde90bfc7fb047bf50827bb7b7895a3a120,econ,Bank of Japan decreases interest rates after January 2026 meeting?,Decrease rates,2026-01-23 00:00:00+00:00,0,0.0035,0.0015,0.0015,1232568.768742,76.00032407407407,153,high
0xe3b11d4bdf2926eb9f27339b1b8ace1415a22742250569def18871b452858d72,econ,No change in Bank of Japan's interest rates after January 2026 meeting?,No change,2026-01-23 00:00:00+00:00,1,0.9835,0.9905,0.994,968369.089827,76.00021990740741,154,high
0x0ebfa3375f9106999f107f7d7f4175e632e823b29ff8196dad62a692a3daac26,econ,Bank of Japan increases interest rates by 50+ bps after January 2026 meeting?,50+ bps increase,2026-01-23 00:00:00+00:00,0,0.0025,0.0015,0.0015,1204024.052329,76.00023148148148,154,high
0x6ee38fd3493c69bda0afb97f9b2cfc127de9d6fa152ec54494b29dc7fa5b7ca1,econ,Bank of Japan increases interest rates by 25 bps after January 2026 meeting?,25 bps increase,2026-01-23 00:00:00+00:00,0,0.012,0.008,0.0035,758928.03226,76.00033564814815,153,high
0x48202130ab23b7f637370d66310f633c07d081e2200ea6ee4529ac7ae7e0c60b,earnings,,UBSI,2026-01-23 14:00:00+00:00,1,0.715,0.77,,0.0,10.500347222222222,22,low
0x42066c6c91e6aae2aae2fc49f3eb6ab3a41c05efb2437835382a9d5e8a96eee9,econ,No change in the Selic rate after Bank of Brazil's January 2026 meeting?,No Change,2026-01-27 00:00:00+00:00,1,0.895,0.9,0.915,151261.124113,75.00025462962962,152,mid
0xbc2c0328e62b2577e2946404db39250331f18036f866c17a80e03fc83bbfcb73,earnings,,UNP,2026-01-27 14:00:00+00:00,1,0.72,0.585,,0.0,13.500034722222223,28,low
0x734292c6243ba3591eaa677eff5e8643ee411ad241af441c6db4b2b92a581cfc,earnings,,TXN,2026-01-27 22:00:00+00:00,0,0.77,0.85,,0.0,14.00005787037037,29,low
0xe70bb2867bf62599706c5001d1116db77d7f4a6b2ffdf5b56969070aa3694ccc,econ,"Will Powell say ""Good afternoon"" during January press conference?",Good afternoon,2026-01-28 00:00:00+00:00,1,0.971,0.978,0.9785,384257.314551,47.500092592592594,97,high
0x2663a13f988dec6a1ef0476254ce845f714a00a26a7e3aa894008a974aea3634,econ,Fed rate cut by January 2026 meeting?,January meeting,2026-01-28 00:00:00+00:00,1,0.993,0.993,0.993,409366.047575,41.00001157407407,83,high
0x5a1eb3626f685740f6c340836d99340e984fa6ee1f10f979745eee4ec541ea05,econ,Fed rate cut by December 2025 meeting?,December meeting,2026-01-28 00:00:00+00:00,1,0.9925,0.9925,0.9925,264171.197699,40.99994212962963,83,high
0x35cc41270f5cdfd59b45e68ab85dc51b0b900d286a6c74ea006b8572d9ff5934,econ,Fed decreases interest rates by 25 bps after January 2026 meeting?,25 bps decrease,2026-01-28 00:00:00+00:00,0,0.0105,0.0075,0.0055,101211542.667667,132.50020833333335,266,high
0xe93c89c41d1bb08d3bb40066d8565df301a696563b2542256e6e8bbbb1ec490d,econ,No change in Fed interest rates after January 2026 meeting?,No change,2026-01-28 00:00:00+00:00,1,0.9865,0.991,0.9905,106767096.072298,132.50027777777777,265,high
0x96d793b630f447aca159122dfd79baf0f647a83c39c52c5f84d411e7eabad1e1,econ,"Will Powell say ""Inflation"" 40+ times during January press conference?",Inflation 40+ times,2026-01-28 00:00:00+00:00,0,0.87,0.875,0.88,153221.204712,48.000277777777775,98,mid
0xe57e5e601faa634a172fbf25a87a799abc2b3e2057aba9215d485ba9d35c2ee1,econ,Fed rate cut by October 2025 meeting?,October meeting,2026-01-28 00:00:00+00:00,1,0.984,0.984,0.984,868492.827289,41.000023148148145,83,high
0xe58166a46f80df336e6276a51a9e5ba459b148d2c036561f22dc35141d67e542,econ,Will the Bank of Canada announce no change at the January meeting?,No change,2026-01-28 00:00:00+00:00,1,0.986,0.988,0.9805,104448.246523,81.50017361111111,162,mid
0x7c6c69d91b21cbbea08a13d0ad51c0e96a956045aaadc77bce507c6b0475b66e,econ,Fed increases interest rates by 25+ bps after January 2026 meeting?,25+ bps increase,2026-01-28 00:00:00+00:00,0,0.0005,0.0005,0.0015,216455743.153891,132.50015046296295,266,high
0x17815081230e3b9c78b098162c33b1ffa68c4ec29c123d3d14989599e0c2e113,econ,Fed decreases interest rates by 50+ bps after January 2026 meeting?,50+ bps decrease,2026-01-28 00:00:00+00:00,0,0.0005,0.0015,0.0015,235065166.637259,132.5001388888889,266,high
0xbf5b12b4593f1444d163af6ef1e1321fd1e759fd508416f1b647563513fa1c71,earnings,,T,2026-01-28 14:00:00+00:00,1,0.82,0.79,,0.0,5.499849537037037,12,low
0x1696b9be75450b5c8f219d111e48bcfa9515a21898d8cb073e10ea6688e777bb,earnings,,SBUX,2026-01-28 14:00:00+00:00,0,0.46,0.255,,0.0,5.499837962962963,11,low
0x6c6a1951fc8f841356ef67415f6e79155f74d0e7d50c1ab2ad7ce149b0279c09,earnings,,TSLA,2026-01-28 22:00:00+00:00,1,0.3,0.29,,0.0,5.999756944444444,13,low
0xded00ece4352bc848e310dc5ef71eefa39df1146f8a6bf45ebf9fb9f51bab68d,earnings,,META,2026-01-28 22:00:00+00:00,1,0.88,0.91,,0.0,5.4998611111111115,12,low
0x307cb08f3dd72cf84d3f766cf6afe0d08c731805e4c03611f6e184f6e5ab47cc,earnings,,MSFT,2026-01-28 22:00:00+00:00,1,0.935,0.94,,0.0,5.499849537037037,12,low
0xb7f0223ccfd8e47957bffb618ac17fa4a46a1adaffe732a82719dbd11cb44897,earnings,,IBM,2026-01-28 22:00:00+00:00,1,0.845,0.9,,0.0,6.499884259259259,14,low
0x417af2d8f42b972d5e2b9623db62f78ad422e7cf910d008b023d09ac34f3b4b7,econ,Will US GDP growth in 2025 be less than 0.5%?,<0.5%,2026-01-29 00:00:00+00:00,0,0.002,0.002,0.002,153885.904796,188.50012731481482,378,mid
0xd8bc0d6a00eaf8e60680b55f998cbc278f5e2414d34acca307b56337c203bd3e,econ,Will US GDP growth in 2025 be between 1.0% and 1.5%?,1.0–1.5%,2026-01-29 00:00:00+00:00,0,0.0025,0.0015,0.0015,134501.290683,188.50023148148148,377,mid
0x4b135d6d7180e10ca6231d46c876c1ac8774249b3a64217bee294666eb30ab29,econ,Will US GDP growth in 2025 be greater than 2.5%?,>2.5%,2026-01-29 00:00:00+00:00,0,0.195,0.166,0.1535,131199.699892,188.5003587962963,360,mid
0xc5bb55ecd9ea59ddb14958eeee7373c1d79be1f6ae98aa6998d47bafb23467b9,econ,Will US GDP growth in 2025 be between 0.5% and 1.0%?,0.5–1.0%,2026-01-29 00:00:00+00:00,0,0.0015,0.001,0.001,412825.86051,188.50011574074074,378,high
0x9e9b2dddbf2b450268b48c6c914e8d413484e7420e86b7cdcfa40597dcb79f2a,econ,"Will the total number of TSA passengers for January 29 be between 2,100,000 and 2,200,000?",2.1M-2.2M,2026-01-29 00:00:00+00:00,0,0.165,0.235,0.15,107353.760764,6.500092592592592,13,mid
0xa0c6605b583595e3f1d722bd3c5be9fd33a9d31f39f8aeba1fca718e0e70bf8b,econ,Will US GDP growth in Q4 2025 be greater than 3.5%?,>3.5%,2026-01-29 00:00:00+00:00,0,0.585,0.645,0.715,193052.65602,113.50010416666667,229,mid
0xb3a5f4222bf620b27e709fd9e5bbd66730ec80c77e1fe1b90d9a8960efe21480,earnings,,LMT,2026-01-29 14:00:00+00:00,0,0.3,0.29,,0.0,12.500046296296297,26,low
0xeff9b11ac0059339d8ca504ee47d9a3c15471d5c4ff4a97d92e57e219aff0525,earnings,,MA,2026-01-29 14:00:00+00:00,1,0.91,0.905,,0.0,6.499895833333333,12,low
0xbc5cec91ce2a7a912e4ee0224f6e3e65b0ca89a56359c2c483af2a191447299a,earnings,,AAPL,2026-01-29 22:00:00+00:00,1,0.915,0.935,,0.0,6.999884259259259,15,low
0xd63994beb77dc627524e6cb6b51425afec6afcfeb65d27a922f44c865d815d61,earnings,,V,2026-01-29 22:00:00+00:00,1,0.88,0.855,,0.0,6.999872685185185,15,low
0x2b40914f66cf5195d84f5934b3c297919342ebb3c032fabb709b7d87ae67e14e,econ,Negative GDP growth in 2025?,negative-gdp-growth-in-2025,2026-01-30 12:00:00+00:00,0,0.0045,0.0115,0.0035,203221.760847,322.5001273148148,646,high
0x4694ec9169fd7df41af2741cc74a9da087cde234be2b89ab9470d66b5283ec58,earnings,,XOM,2026-01-30 14:00:00+00:00,1,0.84,0.73,,0.0,7.5000231481481485,16,low
0x65d280af90da1827ab015d1e40fdfa2ab20356b3566f045e035ef49d68a25922,earnings,,AXP,2026-01-30 14:00:00+00:00,0,0.875,0.88,,0.0,7.500069444444445,14,low
0x9979a7f3dbc5f6bf479bf9a6477997011a527dec6070e53e5b28a0c8033ac471,earnings,,CVX,2026-01-30 14:00:00+00:00,1,0.575,0.585,,0.0,7.500034722222222,16,low
0xee07a45a0f1b80834466a6d7a94c5d6b8411c1de3ee0b1d46e79a49842619d5f,earnings,,VZ,2026-01-30 22:00:00+00:00,1,0.79,0.795,,0.0,7.500046296296296,16,low
0x3ba19025bd490c4630f7b7c6e5f14e796b63da8faf4ac9a15892c836d9b8ac93,econ,"Will Donald Trump announce a new nominee for Chair of the Federal Reserve on January 31, 2026?",January 31,2026-01-31 00:00:00+00:00,0,0.0135,0.0095,0.0015,124818.276705,27.500185185185185,56,mid
0x41b7d0eb6368186ccd57768854c119031e0d966156fdc58455a595530337550d,econ,Will NVIDIA be the second-largest company in the world by market cap on January 31?,NVIDIA,2026-01-31 00:00:00+00:00,0,0.0035,0.0015,0.0005,512695.687888,43.50011574074074,88,high
0x1de79cb759903d3f19fbba6af40547321a0212e24b6e72ea341523e459334107,econ,Will NVIDIA be the third-largest company in the world by market cap on January 31?,NVIDIA,2026-01-31 00:00:00+00:00,0,0.0015,0.0005,0.0005,141093.289359,38.500150462962964,78,mid
0x4deff5fedabb90e3fc589eda979c577023baeffdafd4b5fc0c535ccbb2be8326,econ,Will Donald Trump not announce a new nominee for Chair of the Federal Reserve before February 2026?,No announcement by Jan 31,2026-01-31 00:00:00+00:00,0,0.63,0.87,0.001,323292.325752,27.50027777777778,56,high
0x3438e8bad887b1d71b02c86e6aa02c37e73239f2cbaa0b2bcdd9d781766aeda1,econ,Will Tesla be the second-largest company in the world by market cap on January 31?,Tesla,2026-01-31 00:00:00+00:00,0,0.0005,0.0005,0.0005,588583.231195,43.500162037037036,88,high
0xbfcc34365517ac4978e76ecd8287e37fd92e68b22a3db9b31129c5c37669c293,econ,Will the Fed Cut–Cut–Cut in the next three decisions (Oct–Dec–Jan)?,Cut–Cut–Cut,2026-01-31 00:00:00+00:00,0,0.01,0.0015,0.0015,307068.902153,119.50027777777778,240,high
0xbd34bea66b3d5850bbba37d2697059cf9ae4f5e6abb7a60a9fee41aac6e60b77,econ,Will Saudi Aramco be the largest company in the world by market cap on January 31?,Saudi Aramco,2026-01-31 00:00:00+00:00,0,0.0005,0.0005,0.0005,3463935.526649,43.50008101851852,88,high
0xcf01036ca35bfca97f29cd4593263e449fd631facf953666c6a98e32b3aa9b58,econ,Will Tesla be the third-largest company in the world by market cap on January 31?,Tesla,2026-01-31 00:00:00+00:00,0,0.0015,0.001,0.001,124834.128265,38.50018518518519,78,mid
0x718c0c2c0773a684bb55ce2fe3896814ded17485ad6e9b9f33cbeeb85f60cec3,econ,Will annual inflation increase by 39% or higher in December?,39%+,2026-01-31 00:00:00+00:00,0,0.0015,0.0015,0.0015,677541.19954,109.50017361111111,220,high
0x46aef361abc7c75d6b0a03b779d7f4090bace2389fbcbb5287150df05e9e8ded,econ,Trump drops Powell investigation by February 28?,trump-drops-powell-investigation-by-february-28,2026-01-31 00:00:00+00:00,0,0.145,0.105,0.16,104651.50628,46.500347222222224,92,mid
0xb7d7a89191e04ef38ecca518fe97aee48d0f32b4d95f771253a4e73574fa1c7e,econ,US bank failure by January 31?,us-bank-failure-by-january-31,2026-01-31 00:00:00+00:00,1,0.028,0.0185,0.0105,693336.673599,50.00012731481481,102,high
0x754113d4aefc74db7c1266dc5f03e89e3f597deda15b19c19b3ca16cc85b8c33,econ,Will the Fed decide differently in the next three decisions (Oct–Dec–Jan)?,Other,2026-01-31 00:00:00+00:00,0,0.0035,0.0035,0.0035,125242.677618,119.50028935185185,236,mid
0x593b279c332011865b521ec6b2ccd85e5694803a937c166cab098bc7c52c18ba,econ,Will Trump try to Fire Powell by January 31?,will-trump-try-to-fire-powell-by-january-31,2026-01-31 00:00:00+00:00,0,0.0065,0.005,0.0055,239338.525648,19.00019675925926,37,high
0x381469a19ffba9131ac955744cc430ba153b63a4f22177774e29410eadfffa78,econ,Will Apple be the second-largest company in the world by market cap on January 31?,Apple,2026-01-31 00:00:00+00:00,0,0.012,0.004,0.004,727900.017732,43.500162037037036,88,high
0xe9ec9b9d878c85fd70038f711c85b81a576e4806708a70cea06f1476cd7d46bb,econ,Will NVIDIA be the largest company in the world by market cap on January 31?,NVIDIA,2026-01-31 00:00:00+00:00,1,0.99,0.9975,0.9985,2568732.623559,43.00012731481481,87,high
0xe8e39f2bf0a2368a6dc208fa452fe6456483855799eaa42e055f2b5ecadd2475,econ,Will Apple be the third-largest company in the world by market cap on January 31?,Apple,2026-01-31 00:00:00+00:00,1,0.959,0.993,0.995,288668.350805,38.50018518518519,78,high
0x6884e6291a34de7668ec93376c27bc4a11934a6616de115909f934fac8667d9d,econ,Will Amazon be the third-largest company in the world by market cap on January 31?,Amazon,2026-01-31 00:00:00+00:00,0,0.0005,0.0005,0.0005,235690.433237,38.50010416666667,78,high
0xc764249fde0da7a2185768f946bc018d11ae75c78996616e318c5fd36124ea7f,econ,Will Alphabet be the third-largest company in the world by market cap on January 31?,Alphabet,2026-01-31 00:00:00+00:00,0,0.006,0.006,0.006,239435.651049,38.50020833333333,77,high
0xc316061aef012a51ff37af697a5bef33a33ff1e0a20c2feb2eeacbb87e58744d,econ,Will Microsoft be the second-largest company in the world by market cap on January 31?,Microsoft,2026-01-31 00:00:00+00:00,0,0.0005,0.0005,0.0005,527836.481941,43.50017361111111,88,high
0x8ea28eccfd6ff018b123d056f724db168784967632036b953df9e530602954c5,econ,Will annual inflation increase by between 33% and 35.9% in December?,33–35.9%,2026-01-31 00:00:00+00:00,0,0.0095,0.0095,0.0095,179984.100508,109.50021990740741,220,mid
0xfd0f671104f6f06b10cda1084f4a98384ce7b62b5a1d8c2645410e0eb01d78b8,econ,Will Tesla be the largest company in the world by market cap on January 31?,Tesla,2026-01-31 00:00:00+00:00,0,0.0005,0.0005,0.0005,1504118.218633,43.500092592592594,88,high
0x298f9d564dc962d3e7d4fe06066aac6b5dc0e983876d7092e101ca73a09a06f7,econ,"Will Donald Trump announce a new nominee for Chair of the Federal Reserve on January 30, 2026?",January 30,2026-01-31 00:00:00+00:00,1,0.0415,0.025,0.9895,353136.590051,27.50028935185185,56,high
0xd5defa7fa82e9f99ee9f2d107eecf51423d586ab31794b0ee49995501237e8d5,econ,Will USD reach 1.5M Iranian rials by January 31?,will-usd-reach-1pt5m-iranian-rials-by-january-31,2026-01-31 00:00:00+00:00,1,0.87,0.9985,0.9985,176489.293029,14.000196759259259,28,mid
0xb9ab7fbd7284908c277844aaeb70cdd48aad889908b366cbf0c8ecd2b1f03c5b,econ,"Will Donald Trump announce a new nominee for Chair of the Federal Reserve by January 31, 2026?","January 31, 2026",2026-01-31 00:00:00+00:00,1,0.355,0.1485,0.997,865457.107411,52.50018518518519,107,high
0xa6eec5f51ea76de37b7a25e5511c7ff19d301de27141ffc269c08230edf9ee52,econ,Will Alphabet be the largest company in the world by market cap on January 31?,Alphabet,2026-01-31 00:00:00+00:00,0,0.0065,0.0025,0.001,1310592.519099,43.50024305555556,85,high
0xda43695d2b833b33949be80d0f1e83982eb7edba977f54aa81ad2a22b68ae8e1,econ,Will China GDP growth in Q4 2025 be less than 2.5%?,<2.5%,2026-01-31 00:00:00+00:00,0,0.0015,0.0015,0.0015,157367.659685,39.499849537037036,81,mid
0x98c77216f639b89b587c410d1d759eceb684bd7df4a59e00f38bf3cb08335b6c,econ,Will Microsoft be the third-largest company in the world by market cap on January 31?,Microsoft,2026-01-31 00:00:00+00:00,0,0.0345,0.003,0.001,175760.828975,38.50020833333333,76,mid
0x22e4f9ca4a29e7fe301cd4e25df73700a6906f068ee8a6bd5a9805c71b9f652b,econ,Will Oracle be the third-largest company in the world by market cap on January 31?,Oracle,2026-01-31 00:00:00+00:00,0,0.0005,0.0005,0.0005,220439.743732,38.500219907407406,76,high
0x238134529256475c540ad0f1b50f0073910cd5809062ecaedb4619fff89dae97,econ,Will Alphabet be the second-largest company in the world by market cap on January 31?,Alphabet,2026-01-31 00:00:00+00:00,1,0.986,0.9955,0.995,954511.802572,43.50020833333333,88,high
0x77e2418afd7233028c8e02c8ee2c69b28788bf24d2a83af434ee53cab2df1add,econ,Will the Fed Pause–Cut–Pause in the next three decisions (Oct–Dec–Jan)?,Pause–Cut–Pause,2026-01-31 00:00:00+00:00,0,0.017,0.017,0.017,151417.609493,28.00005787037037,57,mid
0x5861efe9fa588327248a47f7f40deddc47127da8e218b1a1f267725fbfcb8e0c,econ,Will Amazon be the largest company in the world by market cap on January 31?,Amazon,2026-01-31 00:00:00+00:00,0,0.0005,0.0005,0.0005,1172376.620248,43.50024305555556,86,high
0x83db787ed2cb00d225178e66bc6ae4d22e8029f19390d2b78ded5aed978eead6,econ,Will the Fed Cut–Cut–Pause in the next three decisions (Oct–Dec–Jan)?,Cut–Cut–Pause,2026-01-31 00:00:00+00:00,1,0.9875,0.9945,0.9945,333493.945565,119.50010416666667,240,high
0x5d4de7bad85c200fd0e51c0bfc55fd82a55ac259241faf08fa6e0d0e6c4534cc,econ,Will Amazon be the second-largest company in the world by market cap on January 31?,Amazon,2026-01-31 00:00:00+00:00,0,0.0005,0.0005,0.0005,330369.45289,43.50020833333333,88,high
0xd947403a5eae117d6fe0bf737f2d279c89dddc495dc7d2eb198accd1ecd07cc9,econ,Will Microsoft be the largest company in the world by market cap on January 31?,Microsoft,2026-01-31 00:00:00+00:00,0,0.0005,0.0005,0.0005,1284313.70585,43.50011574074074,88,high
0xbf6983ec188a61a32f811738de5e4e427925cd42d5f3010bd3ab96f4728f5cd9,econ,Will Apple be the largest company in the world by market cap on January 31?,Apple,2026-01-31 00:00:00+00:00,0,0.0015,0.0005,0.0005,1462850.274975,43.50011574074074,88,high
0x52bcacee91873a53b46d49231b04329b013d6ff38a82b9ac788d96bc907a8f1e,econ,Brazil’s 12-month inflation below 5.50% for December 2025?,brazils-12-month-inflation-below-5pt50-for-december-2025,2026-01-31 12:00:00+00:00,1,0.9985,0.9985,0.9985,215286.416483,296.5002314814815,594,high
0x73013e75e41b45aa0c483059f78061f9d87b54f0392c1a77f2b80d70a311e259,econ,Will Trump’s Greenland Tariffs go into effect for Denmark by Feburary 1?,Denmark,2026-02-01 00:00:00+00:00,0,0.0105,0.0295,0.005,118979.777368,14.499872685185185,28,mid
0x75ac86feeeda6cc683af948c4bda7b7d2579c2de8ae5a1f9a9773bdf161970ad,econ,Will any of Trump’s Greenland Tariffs go into effect by Feb 1?,will-any-of-trumps-greenland-tariffs-go-into-effect-by-feb-1,2026-02-01 00:00:00+00:00,0,0.0115,0.015,0.0045,819377.704602,14.499872685185185,27,high
0x9dcd97bd5da9af936d153284223ec823bb99cbdef6343548daccd477d8326a8d,econ,Will all of Trump’s Greenland Tariffs go into effect by Feb 1?,will-all-of-trumps-greenland-tariffs-go-into-effect-by-feb-1,2026-02-01 00:00:00+00:00,0,0.0035,0.0055,0.0085,229781.068735,14.499872685185185,30,high
0xd8416f8ac0bfe6031e7885ec1883a01e992d5d79670e71167a94afafd9d1eb2b,earnings,,TSN,2026-02-02 14:00:00+00:00,1,0.83,0.835,,0.0,3.5,8,low
0x627cbfd192283371f82649502216f6f689de883ac7f80f5ee7782ba914bb9459,earnings,,DIS,2026-02-02 14:00:00+00:00,1,0.795,0.91,,0.0,12.500104166666667,26,low
0xc98c3127f8bf77e6e54244693e13ea4299b886ba70ef180d7a720f0cbdfc5a2f,earnings,,APTV,2026-02-02 14:00:00+00:00,0,0.73,0.88,,0.0,3.5,8,low
0x7602953678d63abae3edf1ac13c6648ad5a75a0e1c595e95e9b54c31fe0f3666,earnings,,PLTR,2026-02-02 22:00:00+00:00,1,0.88,0.905,,0.0,12.50011574074074,26,low
0xce81dca21240b68c9ec667cb9bd6e12f17387d75b85397233afe278646019569,earnings,,NXPI,2026-02-02 22:00:00+00:00,1,0.75,0.8,,0.0,4.000046296296296,9,low
0xd3a8a47dc34123bf0ecebfa260ed1dd17cc75900dbb4b0d970fc9ed8d827ce5b,earnings,,PYPL,2026-02-03 14:00:00+00:00,0,0.8,0.85,,0.0,4.50005787037037,10,low
0x7cc5c58cc79518cf62598914455e86120aabe5b81bd5defda71266f8386afc7f,earnings,,FOXA,2026-02-03 14:00:00+00:00,1,0.865,0.875,,0.0,14.50005787037037,30,low
0x71b7effd28a9683d303f2c5c8e7cf45a3afd9a56c73e9f372ec7e613640679db,earnings,,PEP,2026-02-03 14:00:00+00:00,1,0.83,0.895,,0.0,13.500185185185185,26,low
0xc7d61e45df64370ebb33162a9c598dd70c44fcd5fb4be73a3f98eb758d909e1d,earnings,,PFE,2026-02-03 14:00:00+00:00,1,0.845,0.9305,,0.0,13.50005787037037,28,low
0x487a9d40d3a160eae8342a0c0df57b3c854f4052edf8143d448d3a0b8c7e3436,earnings,,MPC,2026-02-03 14:00:00+00:00,1,0.51,0.47,,0.0,13.50005787037037,28,low
0x9a1bddaea73f3fcd9e144f874f69a2ec52f81335bb1a6b81d5f3b20e8507df45,earnings,,MRK,2026-02-03 14:00:00+00:00,1,0.755,0.865,,0.0,4.5,10,low
0x09692f40eeed2910ae4610d8caadc51f9dbd0dc67d850901eca81ecb556cef40,earnings,,AMD,2026-02-03 22:00:00+00:00,1,0.855,0.915,,0.0,6.500173611111111,14,low
0x99b4f6582fbda0de6ce798a40dbeccf8dc02035d8443659527c8c51fabb9d104,earnings,,CMG,2026-02-03 22:00:00+00:00,1,0.695,0.605,,0.0,13.500208333333333,25,low
0xb63c13fdf411dfed81010c3de36554e5f9691798bb57fce7654645851f16ceb8,earnings,,LLY,2026-02-04 14:00:00+00:00,1,0.725,0.73,,0.0,12.999849537037036,27,low
0x2fcabb691c96ca59f21da5cc3e891bb7de7a885f9391372258a8a87f54b481c9,earnings,,EFX,2026-02-04 14:00:00+00:00,1,0.855,0.865,,0.0,11.0,23,low
0xa258b355d8a309dba6747b6a39d201b4eb2281221274e36f4c5ac50c48a7b59b,earnings,,UBER,2026-02-04 14:00:00+00:00,0,0.665,0.7,,0.0,12.999837962962962,27,low
0x1735b95b08192800f7262274dc50b8b5e8de2f35b21997e7c335728d4151384c,earnings,,CME,2026-02-04 14:00:00+00:00,1,0.895,0.925,,0.0,13.5,28,low
0x3feaa00b195d8d77c9e54e5feb64ae90d68d36dded2da07e30ed5a72e2bbf51f,earnings,,YUM,2026-02-04 14:00:00+00:00,0,0.69,0.7,,0.0,13.499988425925926,28,low
0x891619c52a01324fbc7e535a971f09e772e1c029424e9535b932a781fcb58e4f,earnings,,NYT,2026-02-04 14:00:00+00:00,1,0.93,0.944,,0.0,12.999780092592593,27,low
0x9b4a6afc8ecaa5126acab9337be86aa4a6d4c51b1b34a2ab77ebb4ecf1b832b5,earnings,,GOOGL,2026-02-04 22:00:00+00:00,1,0.972,0.966,,0.0,12.999814814814815,27,low
0xf1608932598295f9c1bd6c801bc0111dcd41d8723a4af7cdceb50fe903b7d949,earnings,,MET,2026-02-04 22:00:00+00:00,1,0.515,0.515,,0.0,11.499976851851851,24,low
0xf3bd23b770365e2d08c9267cc927da80c186c254ed83a182efed4a27853c1b56,earnings,,QCOM,2026-02-04 22:00:00+00:00,1,0.865,0.91,,0.0,12.99974537037037,25,low
0xfcf726fe7a0d431c461a8df4367074bf18a43ffa6d018e1b8480adc746a37020,earnings,,AFL,2026-02-04 22:00:00+00:00,0,0.625,0.625,,0.0,13.499930555555556,25,low
0xccdaf2f6e8a7eefb91d6adf1053549b4cd037cce9f7d1376869186e49bf52eff,earnings,,ORLY,2026-02-04 22:00:00+00:00,0,0.635,0.655,,0.0,13.5,28,low
0x7d5f32e87646808f83fb04c9b218cce6ae9325d87236a1e33b52522dddc4bd37,earnings,,ARM,2026-02-04 22:00:00+00:00,1,0.87,0.86,,0.0,12.999756944444444,25,low
0x942d5e65c51a08375b196f2f7b05a3e40a7b406f0ca2bd34a26e6eae9ea136c9,earnings,,ALL,2026-02-04 22:00:00+00:00,1,0.855,0.865,,0.0,10.999965277777777,23,low
0x35ef49754fb8f57901d75296f6a9f34b24f18046fce3b4bdfce8838452d44324,econ,Will the ECB announce an increase at the February 2026 meeting?,Increase,2026-02-05 00:00:00+00:00,0,0.0025,0.002,0.0015,601442.223473,84.50023148148148,167,high
0x36d7c2d61f17e094808398465c342571b9525c227c8b47048308a4b91ac5a8ee,econ,No change in Bank of England's interest rates after February 2026 meeting?,No change,2026-02-05 00:00:00+00:00,1,0.988,0.996,0.997,131162.011445,89.50028935185185,181,mid
0x547efe535c45e582fd8fdcbfbad481e2bc70094e60b8518159585c549405a53a,econ,Will the ECB announce a 50+ bps decrease at the February 2026 meeting?,50+ bps decrease,2026-02-05 00:00:00+00:00,0,0.002,0.0015,0.0005,705068.806874,84.50018518518519,171,high
0x378d1c879e2531607fe0534003c2a2ec02719276c44ca6a660a3e2a9f4e6a0d0,econ,Will the ECB announce no change at the February 2026 meeting?,No change,2026-02-05 00:00:00+00:00,1,0.9945,0.997,0.998,716443.38532,84.50019675925925,171,high
0xe817693c921990583f6f210b0749176dd11ac983f85778dc3fd21b0a2e3e0323,earnings,,ARES,2026-02-05 14:00:00+00:00,0,0.755,0.725,,0.0,9.49988425925926,20,low
0x9437055959ce88282f5c8e946b0c99e71c70d1acd2b1416ccc4263b4438f9af7,earnings,,CI,2026-02-05 14:00:00+00:00,1,0.82,0.81,,0.0,9.500034722222223,20,low
0x8b38177ed15bfc1dcb2b2413e0ed848966a5fa36fe98e32baae80c63762fa808,earnings,,TW,2026-02-05 14:00:00+00:00,1,0.71,0.695,,0.0,10.000011574074074,21,low
0x0949804bdd01abdfc0a7a5da37df6309edab0b5a95f5eda4ac8f0e0fcb805fea,earnings,,RL,2026-02-05 14:00:00+00:00,1,0.89,0.87,,0.0,10.000023148148149,21,low
0x59f351e056a0cc1ddda8c9b40688344b4b889488f234ae008dab185b435ad395,earnings,,ICE,2026-02-05 14:00:00+00:00,1,0.86,0.825,,0.0,12.000034722222223,25,low
0x561fbcac1b906bfc402452d6b78e1e96b9fd22b1ea300b39bf53bf6a07baba13,earnings,,COP,2026-02-05 14:00:00+00:00,0,0.8,0.685,,0.0,12.000011574074074,25,low
0xf3032e04d2e76e314afb161b520b67abe86414b9145be98371b445f68f3dfbf1,earnings,,AMZN,2026-02-05 22:00:00+00:00,0,0.946,0.953,,0.0,12.5,26,low
0x751adb6b8c11b7d78b364891f6809d379e196639b0bbc94655ce4703390222ad,earnings,,MCHP,2026-02-05 22:00:00+00:00,1,0.835,0.83,,0.0,12.0,24,low
0x635e83eacc27eaaa4431a5d7232bb0f1e46be2e3362b0f39a0cd39721e622f3d,earnings,,RBLX,2026-02-05 22:00:00+00:00,1,0.655,0.675,,0.0,10.000034722222223,21,low
0x1f26c2c251f60e68222b69b9f9637a542c2546a0a6873ee5f581c201a03162ce,earnings,,RDDT,2026-02-05 22:00:00+00:00,1,0.84,0.935,,0.0,10.000034722222223,21,low
0x99674ed5ce26fff39aba7287b3f710189cfe1145f227d8f2b3a6ff2c542c2b59,econ,"Will Donald Trump announce a new nominee for Chair of the Federal Reserve by February 6, 2026?","February 6, 2026",2026-02-06 00:00:00+00:00,1,0.995,0.995,0.995,151307.498501,13.500081018518518,28,mid
0xcd9723a7e5223f6171577209a49cd2b9e1e750ca96345d8501312c1f2c31cb77,earnings,,CBOE,2026-02-06 14:00:00+00:00,1,0.83,0.86,,0.0,11.000011574074074,23,low
0x4d17e3841ff9fa0626f39d9658a57356f914abfe476e5b4faa9a48051925dde1,earnings,,UAA,2026-02-06 14:00:00+00:00,1,0.665,0.545,,0.0,3.5000578703703704,8,low
0x0420d4ad423e8f87d86521a92111f5c209e80e65dc8d9f46534c590fc18d85db,earnings,,TPG,2026-02-09 14:00:00+00:00,0,0.15,0.15,,0.0,9.499976851851851,20,low
0xe6a0c2bc37267591c05f1c7e7a263b7f7de88ad10bda5eb5f368d449b9baaa63,earnings,,APO,2026-02-09 14:00:00+00:00,1,0.665,0.73,,0.0,13.000023148148149,27,low
0x8fe749360541e75a6e60ecaa0bbd6aa46c76c7a09fc152bfa6d2981d6d243579,earnings,,CHGG,2026-02-09 22:00:00+00:00,1,0.655,0.645,,0.0,6.500219907407407,14,low
0x3759fb8bb5495080ed309b38a89c6a80b246cee740d733b44968b39c641b4bc6,earnings,,ON,2026-02-09 22:00:00+00:00,1,0.805,0.795,,0.0,13.999918981481482,29,low
0x1fc34563d8d7b8fa4d4664dfc061416594d8d23db3f034c19e8db08a6bf23c63,earnings,,GTM,2026-02-09 22:00:00+00:00,1,0.82,0.835,,0.0,6.500254629629629,14,low
0x77295a8a29d8fbe225d1a36dfad9118047d0329abf69987973d229b3f898b23e,earnings,,ACM,2026-02-09 22:00:00+00:00,1,0.77,0.8,,0.0,6.500254629629629,14,low
0x9d1137dbdef87b6dd6697b1cd366b246f21c6948394d83f376698ec85e93d8d9,earnings,,DDOG,2026-02-10 14:00:00+00:00,1,0.855,0.88,,0.0,13.000046296296297,27,low
0xdaca9df5d98e59cd5911c9eb9689741d453a29445de82727a32f332f7356f2bd,earnings,,BP,2026-02-10 14:00:00+00:00,0,0.55,0.535,,0.0,12.500185185185185,24,low
0xa195a680b8affd882cbf10ebd4e35d1352a86c1014eae90190625fe58aaed206,earnings,,CVS,2026-02-10 14:00:00+00:00,1,0.795,0.805,,0.0,13.000208333333333,25,low
0xb127046c0d86a3d2e77bc03bab21686b87829d93457fbed8e9f49f79bdd1ae59,earnings,,MAR,2026-02-10 14:00:00+00:00,0,0.755,0.78,,0.0,12.500185185185185,24,low
0x3eccf9bde290cbb2b26364277776aea1fdb240b12e4c28427cf8bea0478a2429,earnings,,KO,2026-02-10 14:00:00+00:00,1,0.895,0.89,,0.0,13.500150462962964,28,low
0xf19fc084ead0992fa9515c141e4698455f30df248af96d9bd5c91151c7656896,earnings,,WMB,2026-02-10 14:00:00+00:00,0,0.705,0.69,,0.0,7.500092592592592,16,low
0x2b5dc901a31fc6ef23cab93c22dcd7d243b49fb5944938e49f7faaa39787316f,earnings,,SPGI,2026-02-10 14:00:00+00:00,0,0.89,0.855,,0.0,13.500127314814815,28,low
0x43a6bc8f2695348951f404dc6791f63c6db011c8b1eb9535536839efcaeb3c08,earnings,,FIS,2026-02-10 14:00:00+00:00,0,0.755,0.74,,0.0,27.000185185185185,54,low
0xb8ef93ca56ef7edb64703fa41961300781f4c58d73b242b770cab672c84576be,earnings,,DD,2026-02-10 14:00:00+00:00,1,0.83,0.81,,0.0,7.500196759259259,16,low
0xe74ad2f7df5acbadaa1c7c3b9db4698381271ed1f627db9c323668e3cacd002f,earnings,,HOG,2026-02-10 14:00:00+00:00,0,0.605,0.605,,0.0,18.99994212962963,39,low
0x6cab2ea03d40de3168d92d72b6fcef6376cc3745f3ae856f732461a9fe48d94c,earnings,,LYFT,2026-02-10 22:00:00+00:00,1,0.705,0.725,,0.0,14.000266203703704,29,low
0xafb23268a1782cd0eb4c5d43e400f78a39030c7cf708c060a258f2334b3f9d77,earnings,,F,2026-02-10 22:00:00+00:00,0,0.775,0.795,,0.0,19.500162037037036,40,low
0x820ed3d0a5617b0769cbebcd165ca4ee61dc9480283e7dae8f8f5b3fd30f890f,earnings,,NET,2026-02-10 22:00:00+00:00,1,0.8,0.81,,0.0,13.500081018518518,28,low
0x0dd0550322357a47468b0ee9402a0bb9b47e50e700cdb6a23e485d02bd725f91,earnings,,CRSP,2026-02-10 22:00:00+00:00,0,0.6,0.63,,0.0,15.50011574074074,32,low
0x29f439cbd9d1345f3b46c8661e0d8274048e985b87de970cb95d8f1a45c56cb7,earnings,,HOOD,2026-02-10 22:00:00+00:00,1,0.86,0.775,,0.0,13.50017361111111,28,low
0x19a8808337553bef28bf5fef1367da1844021f7f7a2578d42ec4fc4ec65afd19,econ,Will annual inflation increase by ≤2.1% in January?,≤2.1%,2026-02-11 00:00:00+00:00,0,0.023,0.0075,0.0155,125066.524277,29.50019675925926,60,mid
0x668fb7029f64a0f758d6f6dece46203799a8929a5a7904bd6a8054fc3a87c9cc,econ,Will annual inflation increase by ≥2.7% in January?,≥2.7%,2026-02-11 00:00:00+00:00,0,0.0825,0.0745,0.0585,120799.397142,29.500046296296297,60,mid
0xa7e1a7561e1866aa345c0be640df952e1d41decf0a5c4bb571f077142fed025d,econ,Will monthly inflation increase by 0.1% or less in January?,≤0.1%,2026-02-11 00:00:00+00:00,0,0.245,0.255,0.245,106171.786625,55.50030092592593,112,mid
0x9d4bea80fd14e4fa6a4c47b325428c6f9efe00fbba201213742b53231186c683,earnings,,HUM,2026-02-11 14:00:00+00:00,1,0.755,0.695,,0.0,8.500081018518518,18,low
0x7cb095bd306cbf3920e010ffdc12e5b828d01a9276266f3a916cf1a92f71e30e,earnings,,TSEM,2026-02-11 14:00:00+00:00,1,0.845,0.775,,0.0,7.499895833333333,16,low
0x7d1474f2b4dd9b63a7555b80dacf07c7194cd43aaf358a353b0b087fe3f6bfcc,earnings,,PAG,2026-02-11 14:00:00+00:00,0,0.71,0.715,,0.0,12.500046296296297,26,low
0xfdedadc7ba6dacad2d4ba2fcd4fd585995b1b74bcfc64a1e1d22d68dcf0d789f,earnings,,KHC,2026-02-11 14:00:00+00:00,1,0.83,0.815,,0.0,8.5,18,low
0x67cf3facdef67851f2509bacb343bb685381d37799659e3594ba1ce88a472422,earnings,,HLT,2026-02-11 14:00:00+00:00,1,0.835,0.845,,0.0,12.500069444444444,26,low
0x27b4633db1360293257a729bacd3be27cfc33075a51feb03240a43b8c0b05ded,earnings,,TMUS,2026-02-11 14:00:00+00:00,0,0.795,0.72,,0.0,12.500150462962964,24,low
0x6421d99701ffeae2f07c4e7bb1f72cab75f647e5cf9112155f38b2fa9277069d,earnings,,GRAB,2026-02-11 22:00:00+00:00,0,0.42,0.43,,0.0,13.000208333333333,27,low
0xe7c561000aec1ea32649c6ce22c5c87e0ec736ba0f72bf9cf582ec93de99ba30,earnings,,MGM,2026-02-11 22:00:00+00:00,1,0.975,0.975,,0.0,7.000034722222222,15,low
0x30901fe6e3780d57d5482022c8807037e4eae5f1477f8db5da58386cf1ef0826,earnings,,CSCO,2026-02-11 22:00:00+00:00,1,0.915,0.905,,0.0,12.500046296296297,26,low
0x82b9d301e0acf4b0da7a06e568e30d8a583a42c2c285e03ada358f9b72bf0bfa,earnings,,MCD,2026-02-11 22:00:00+00:00,1,0.73,0.595,,0.0,12.500092592592592,26,low
0x48b84dbcb663729bad138d8bf9f16dd26fc7c2d508e3f3097dd67c911f9db9dc,earnings,,HUBS,2026-02-11 22:00:00+00:00,1,0.845,0.855,,0.0,8.500104166666667,18,low
0x79e400ae710d4696ff8a750bd77ab3b5bc69ffe804cfa11c94f8de43eb13d4e3,earnings,,APP,2026-02-11 22:00:00+00:00,1,0.88,0.84,,0.0,8.500069444444444,18,low
0x8f27c3f2fa810dee0ca6d9258d7f080fafe9a0fe7f2296970825dbbd72fe9102,earnings,,TRIP,2026-02-12 14:00:00+00:00,0,0.835,0.715,,0.0,9.50005787037037,20,low
0x90ce00c0743967e61fef9e3e5cd164e1f1ed2f181d2f6e19fb067d4a5860046c,earnings,,H,2026-02-12 14:00:00+00:00,1,0.49,0.385,,0.0,13.500069444444444,28,low
0x93424933a0a7e9f430ebebbc630ee1034a5ed5346cd6b803f6fbe368474cb766,earnings,,BGC,2026-02-12 14:00:00+00:00,1,0.7,0.575,,0.0,9.500023148148149,20,low
0xf8ddcf99974af0b8bd2fc0a2defb60ed2105e82f183b897379f1431a58b65e28,earnings,,USFD,2026-02-12 14:00:00+00:00,1,0.765,0.7,,0.0,9.500104166666667,18,low
0x20dbf77e3a6641e9df9f591f4c62816a171424415184ab4a76972708a3a5a3e9,earnings,,BUD,2026-02-12 14:00:00+00:00,1,0.825,0.815,,0.0,13.50005787037037,28,low
0x5d60d7ebfca4e6088748be637f95c1582d5e07505d44ee5a67059056b9a6d477,earnings,,COIN,2026-02-12 22:00:00+00:00,0,0.345,0.23,,0.0,14.000081018518518,29,low
0x22dd76a42b2bf220c6e175637027215a2362531eecfb71c2e095fec68cfceeb5,earnings,,EXPE,2026-02-12 22:00:00+00:00,1,0.84,0.845,,0.0,13.500104166666667,28,low
0x6a5dbdcf83804cdc2ecbf14cb4ffcfa9c6b1a28607c373b9e3bb83546176a279,earnings,,PINS,2026-02-12 22:00:00+00:00,0,0.395,0.365,,0.0,14.000046296296297,29,low
0x129079c6f09b11e0c6d57162f3d396251baec4a01d38a94ccf04506fda7b604b,earnings,,RIVN,2026-02-12 22:00:00+00:00,1,0.6,0.305,,0.0,14.000150462962964,27,low
0x6f55065d9f82950cd293272cf776e815ecbeb25d1ccd46e48b25eb80f433b306,earnings,,ROKU,2026-02-12 22:00:00+00:00,1,0.815,0.8,,0.0,10.00005787037037,21,low
0xda61229c89925553f0e25807dc0d808b7a12f232e1ea1147efd158a40342483c,earnings,,DKNG,2026-02-12 22:00:00+00:00,0,0.47,0.555,,0.0,14.00005787037037,29,low
0xbdbe413591a2e4c725cd9bb310bc3d9c948e23591b3b03e5eb9efc482e4f1d34,earnings,,GT,2026-02-12 22:00:00+00:00,0,0.695,0.0005,,0.0,7.000092592592592,15,low
0x517bed3de0d0c85cffeee0f2febe5f93e9fa56e277f014212760103ad426d04e,earnings,,WYNN,2026-02-12 22:00:00+00:00,0,0.565,0.475,,0.0,13.500023148148149,28,low
0x7082edf8efdceff4c004319f03fc573e203e6ecf54a3bf396c68ecf807876c65,earnings,,ABNB,2026-02-12 22:00:00+00:00,0,0.64,0.505,,0.0,13.500081018518518,28,low
0x614260d38ef6966d3ff127fe96de879506230c26ba4967499242a10ad327eee6,earnings,,AMAT,2026-02-12 22:00:00+00:00,1,0.875,0.895,,0.0,14.000023148148149,29,low
0xe2c21678d888f3645f5b7e8aea91e2f1ced13a0dec21f5bb3987af1aba374f08,earnings,,TOST,2026-02-12 22:00:00+00:00,1,0.705,0.705,,0.0,13.5,28,low
0x53cbece70bb113aea1dc4b834e54d9747ffaaf4f16319f273d61b640e5bacf60,earnings,,YELP,2026-02-12 22:00:00+00:00,1,0.745,0.735,,0.0,10.000034722222223,21,low
0x5fceae11694b220397be2427dc3d7f93bbcea1088aa1d8066f4965b2c4ddcff0,econ,Will the Bank of Russia make no change to the key rate after the February Meeting?,No Change,2026-02-13 00:00:00+00:00,0,0.73,0.61,0.435,439145.869499,45.50010416666667,92,high
0x5de112715ba899266807d259222e60b4a3c799e98d764543f534f6360d2a03b1,econ,Will the Bank of Russia decrease the key rate after the February Meeting?,Decrease,2026-02-13 00:00:00+00:00,1,0.245,0.385,0.565,396954.908677,45.50013888888889,92,high
0x7cbf0cc7823a2d25a6cf8727e1b3c3b77b5ca2f50a504aa98e9f1f31f4618a84,econ,Will the Bank of Russia increase the key rate after the February Meeting?,Increase,2026-02-13 00:00:00+00:00,0,0.004,0.0055,0.002,443789.597725,45.500219907407406,92,high
0x5aa2773e6fdc50609e285e07cf005e76fa9dc965849838fc16db1b3b974a7a8b,earnings,,MRNA,2026-02-13 14:00:00+00:00,1,0.775,0.725,,0.0,9.499918981481482,20,low
0x0d3620a965a1ebe5213d1aa3d5b000f82c7de79a042251ed250f88b6282aa519,earnings,,WEN,2026-02-13 14:00:00+00:00,1,0.69,0.565,,0.0,9.5,20,low
0x98ca9c36b8a1e2a39fb29f16b42f1295bc20b159f35bc86e0f357c5c25ebbd13,econ,Will the Bank of New Zealand increase the official cash rate after the February decision?,Increase,2026-02-17 00:00:00+00:00,0,0.005,0.003,0.003,106850.413832,49.0003587962963,92,mid
0x61a2cd8bb0dda8ddbfcf5f03755c634d43af6169150e6fdacb919f02ebe4f527,earnings,,LH,2026-02-17 14:00:00+00:00,1,0.79,0.87,,0.0,13.500081018518518,28,low
0x8c1f9cd8939474ed6c2c983e31020da1b5bf5fbdfeb56a50de938c230ad53ea9,earnings,,SUN,2026-02-17 14:00:00+00:00,0,0.15,0.145,,0.0,13.499918981481482,28,low
0xd386542c6e77e555851e1461f08f9db8565cf168fa4907bc90c95e74873932a7,earnings,,WAY,2026-02-17 14:00:00+00:00,0,0.465,0.47,,0.0,13.000104166666667,22,low
0xbebb1c8c6996bdd0783db8891f4cb764afe301c7393ae19cad4c81b0d9e25e11,earnings,,PANW,2026-02-17 22:00:00+00:00,1,0.89,0.925,,0.0,18.000266203703703,29,low
0xb880df1c5c04ef4f33725264754b200d9a813008e8ad6913403ddd047640ddbe,earnings,,CZR,2026-02-17 22:00:00+00:00,0,0.265,0.295,,0.0,13.00011574074074,20,low
0x7200d6e5d29bb5b6e1b7a4eeac679b928d4f4c8392e8856eb33c475a87ca156c,earnings,,LZB,2026-02-17 22:00:00+00:00,1,0.71,0.71,,0.0,11.000162037037038,19,low
0xf7ddbcf3f56543a8fa36cad800d0390d1e423f0cc049cdb5a14592eabe87f3c2,econ,"Will Kevin Warsh be formally nominated to be Chair of the Federal Reserve by February 18, 2026?",February 18,2026-02-18 00:00:00+00:00,0,0.09,0.0335,0.0325,993339.886075,12.000104166666667,24,high
0xa8fd24f97556a99b77e39eae8ee5f8bc291aace29809366bbdf6f2cbc75f23ba,earnings,,ADI,2026-02-18 14:00:00+00:00,1,0.89,0.88,,0.0,12.50017361111111,21,low
0xf920b784f65e25fec2be40f223a25ce8090b35821f4a5242babcd8b3b102f8ca,earnings,,MCO,2026-02-18 14:00:00+00:00,1,0.795,0.795,,0.0,12.500092592592592,26,low
0xf631156902398cbab0c521c6db6d7238771dcf7746ccc8fff26e99122111cb34,earnings,,CRL,2026-02-18 14:00:00+00:00,1,0.865,0.865,,0.0,12.50017361111111,22,low
0x7e16e9f7a0935b824ee25ff3220f94f2dfbdcade8986459ac007d7da2987bc14,earnings,,WING,2026-02-18 14:00:00+00:00,1,0.69,0.87,,0.0,11.00017361111111,15,low
0xe091e96fd31a4aed29e14f79fd6b88830f87e32909fe8dcf2dcb2e4f4157ded2,earnings,,GRMN,2026-02-18 14:00:00+00:00,1,0.755,0.78,,0.0,11.00017361111111,16,low
0x4a20448e4cb273e274fb12b15e75f15bc2bf84cede380b0ccc658e2e71c9d271,earnings,,AMPL,2026-02-18 22:00:00+00:00,0,0.685,0.695,,0.0,12.50005787037037,26,low
0x688da28c436f9f49ee08df3afbe1d0de138de7a828478cf50eb9cc013766bdb3,earnings,,OXY,2026-02-18 22:00:00+00:00,1,0.645,0.5,,0.0,12.500150462962964,25,low
0x3436bb3e67561716e03c36c6242c678f1123a1f32f20a947538608910db56833,earnings,,EBAY,2026-02-18 22:00:00+00:00,1,0.825,0.89,,0.0,6.00005787037037,13,low
0xfaea2472cd3f8041f30249fefd575127f7d4262d830e21e140ae7585e9aa702a,earnings,,BKNG,2026-02-18 22:00:00+00:00,1,0.835,0.855,,0.0,12.500150462962964,25,low
0xe923673ba211c54d72ba450877492a9e39582897edb9e8bf48fd1b42db746561,earnings,,DASH,2026-02-18 22:00:00+00:00,0,0.175,0.15,,0.0,12.50017361111111,23,low
0xecd87eee7d6f7ce31343c78749a1c47f0898b42af790d901232461297887d847,earnings,,CVNA,2026-02-18 22:00:00+00:00,1,0.555,0.51,,0.0,12.500069444444444,26,low
0x7eab6e959abfd65beccb5277319249f04a3f2ca3e7e433fdae789a8cca9c1075,earnings,,ETSY,2026-02-19 14:00:00+00:00,1,0.615,0.705,,0.0,11.500081018518518,24,low
0xd7ce4020b83d09f10b671bee2016d4f359054f62eac58289d0e74d97c4c8c324,earnings,,WMT,2026-02-19 14:00:00+00:00,1,0.89,0.89,,0.0,13.500370370370371,28,low
0xec0d6ae4c537bce4bc63709f65c2418300806ebbd260b72e250755de63a7dec8,earnings,,DE,2026-02-19 14:00:00+00:00,1,0.635,0.53,,0.0,13.500081018518518,28,low
0x05e41c8fb81af63d4c165bc0c23d93c574694de71216f0ffadc79428cbeab1bb,earnings,,DBX,2026-02-19 22:00:00+00:00,1,0.88,0.88,,0.0,14.00005787037037,29,low
0xcdb1a38de3470c5ba12171a7015866daa072408190bd6c7598ba47609ba99ae5,earnings,,FNF,2026-02-19 22:00:00+00:00,0,0.64,0.645,,0.0,12.000092592592592,24,low
0x37b27c5f3cb1f2f6991ca336e4adcb58e0c6bb2620f5a1474e668f0e4a7a9a3d,earnings,,AKAM,2026-02-19 22:00:00+00:00,1,0.835,0.885,,0.0,14.000162037037038,22,low
0x7186c546c705b4d2e8755489590d2e0262862d058ca58e8f5b026e9a66875845,earnings,,ED,2026-02-19 22:00:00+00:00,1,0.775,0.845,,0.0,14.000162037037038,27,low
0x4515f314ba01684f46b90b347fa62ecfacb93c1694a503c4b5769b4b3746d55f,earnings,,ICUI,2026-02-19 22:00:00+00:00,1,0.865,0.875,,0.0,7.000115740740741,6,low
0x17dce37ec2ca13843e676a8f70bd4e3c575a42831811f16088b45f5999d8bb4f,earnings,,TXRH,2026-02-19 22:00:00+00:00,0,0.5,0.5,,0.0,14.00005787037037,29,low
0x08687859dade05f7029aadfbc704d41e299b6286d7b9e9f8e5a43fb47615f0a1,earnings,,HHH,2026-02-19 22:00:00+00:00,0,0.525,0.46,,0.0,14.000046296296297,29,low
0x51c5662970416887eade44246ebb79720703824e70f2b2808530e1cd5e1a4fe3,earnings,,OPEN,2026-02-19 22:00:00+00:00,0,0.35,0.315,,0.0,13.500300925925925,28,low
0x21450e1d9c581df3cb90cfb1da5694af1d425f62837a2f39bad7e8f4163cbc17,econ,Judy Shelton Fed Chair Nomination Odds >5% by Feb 20?,>5%,2026-02-20 00:00:00+00:00,0,0.033,0.031,0.0185,1161937.06998,7.4999768518518515,16,high
0x6bd56256d77ad8fae80e0ed39cbbf1f5aa14b6f252a39bb1130bf6444caed650,econ,Judy Shelton Fed Chair Nomination Odds >10% by Feb 20?,>10%,2026-02-20 00:00:00+00:00,0,0.004,0.0105,0.0095,873244.861013,7.499907407407408,15,high
0x184ecbcf5c388c66b03dad2b721e1de8b2bb192c77b91febef18201a28aa37d3,econ,Will the Bank of Israel decrease the Bank of Israel Interest Rate after the February decision?,Decrease,2026-02-23 00:00:00+00:00,0,0.545,0.375,0.13,458248.625988,48.500335648148145,81,high
0x92ad9cce642cd896dc1743ec4f17817d1ff53614acf0c23b39d044213e9375a5,earnings,,DPZ,2026-02-23 14:00:00+00:00,0,0.425,0.65,,0.0,13.500023148148149,27,low
0xc0cdea6ec66d0bee106cceb754a305f6ca7cfe7cd6ea380e6c778a20c688438c,earnings,,HIMS,2026-02-23 22:00:00+00:00,1,0.14,0.825,,0.0,13.500034722222223,28,low
0x3726731a3d0689f6d73035ab5ceb2c3b3bae35f089a4863bf4739e919667181c,earnings,,BBBY,2026-02-23 22:00:00+00:00,1,0.855,0.785,,0.0,13.500034722222223,25,low
0x4b75c03ddcd720ab3f5ad0271cc24a7b0e1f5c33e01f463f51eabf0d7faef5e1,earnings,,HD,2026-02-24 14:00:00+00:00,1,0.66,0.795,,0.0,13.50005787037037,28,low
0x42a0a74464fd979182163c88a2c308f0402ad6eb07bc4f63af49bec4c5ef8a76,earnings,,AS,2026-02-24 14:00:00+00:00,1,0.815,0.87,,0.0,13.50005787037037,25,low
0xa6ed0d4fa8c95c1fdb3afe2abe0409c468fb64595c81cadb9964345003158938,earnings,,CSGP,2026-02-24 22:00:00+00:00,1,0.445,0.515,,0.0,13.50005787037037,28,low
0x50ee3dc6eb95a801236fa1efddc2d643d2fc5eda6effa401a4e97593e4e80b3f,earnings,,AMC,2026-02-24 22:00:00+00:00,1,0.735,0.72,,0.0,5.499872685185185,10,low
0x04ca365d92e7d3051c6ef85fad9e76394bf973409c9fb7406e6dbf458f1f4429,earnings,,NVTS,2026-02-24 22:00:00+00:00,0,0.435,0.42,,0.0,12.000046296296297,25,low
0x5763116d3bd606ee039eef922107b5a103927c77c14bac3251691cd2a91f6fe8,earnings,,HPQ,2026-02-24 22:00:00+00:00,1,0.43,0.375,,0.0,11.0,17,low
0x4d0f256bccd786f1d07492c4c90a836982b0dc11c2193e6145f49fc70c086696,earnings,,WDAY,2026-02-24 22:00:00+00:00,1,0.89,0.88,,0.0,11.500104166666667,22,low
0x348410b5dd28a7743ec0219a713a0e38392e088273a9aded08783ccca6400e56,earnings,,LOW,2026-02-25 14:00:00+00:00,0,0.645,0.655,,0.0,13.000104166666667,27,low
0xc20b280e0a72dcf4260c7a8f3e12b44516c9996da79129c4790bd37d55ca5364,earnings,,IEP,2026-02-25 14:00:00+00:00,0,0.34,0.33,,0.0,11.500034722222223,22,low
0xfeac04beeb67ec4844d38d5cc2875a81208f26347d7d281472081eff4fccb38e,earnings,,TKO,2026-02-25 22:00:00+00:00,0,0.245,0.165,,0.0,13.500011574074074,27,low
0x0521b0b0d78cbcd8fdc0d85c7ee7124f509e03c971ac62d1f19336cf5d8cf695,earnings,,PSKY,2026-02-25 22:00:00+00:00,0,0.285,0.275,,0.0,13.500011574074074,28,low
0xf522eae197195f809778a86d9a361f7b18e90b67e0cadc5250885bc9f128aeca,earnings,,TTD,2026-02-25 22:00:00+00:00,1,0.68,0.79,,0.0,12.500092592592592,26,low
0xc90591bcefff8d3a37002b4dcd1ddac751e2075a4a0874d7692ecc5bd6b59082,earnings,,SNOW,2026-02-25 22:00:00+00:00,1,0.865,0.855,,0.0,13.500011574074074,27,low
0x6ae59e1bff0233495383d802a9748cbf401e0e2c8a526f7d74da9c7ffb6bb252,earnings,,ZM,2026-02-25 22:00:00+00:00,0,0.835,0.19,,0.0,14.500092592592592,30,low
0x66db4f67e4c5a361bf2f3bda4c2d20c9734f27a0af570f519904f635cf0fc308,earnings,,IMAX,2026-02-25 22:00:00+00:00,1,0.705,0.68,,0.0,14.999988425925926,30,low
0x8d7d46f40cd6aa4830f5fc415a8eca9d9df40b506f2b784cf5eb5de762d5c10a,earnings,,SPCE,2026-02-25 22:00:00+00:00,1,0.785,0.765,,0.0,40.000335648148145,81,low
0x57089bd657907396fb040c773ec9b14de3bc7f16a9f2cb6184321f3cff7d49a0,earnings,,BYND,2026-02-25 22:00:00+00:00,0,0.61,0.59,,0.0,39.50018518518519,78,low
0x8caccca9583fd8d26add2c4a35a78b5fef0e57eed260eeaf43095d1682c4f999,earnings,,IONQ,2026-02-25 22:00:00+00:00,1,0.765,0.8,,0.0,13.000011574074074,27,low
0x98f047e8dbd64ab7ec2b55570ca05ef74379bd99c2518e0f161bafa8385384e3,earnings,,URBN,2026-02-25 22:00:00+00:00,0,0.735,0.705,,0.0,9.000023148148149,19,low
0xac1d7ea60be2f5dd44155505fa5ac9fab2a488c9070a67b129eeb25153dc2147,earnings,,TBPH,2026-02-25 22:00:00+00:00,1,0.78,0.74,,0.0,30.500046296296297,47,low
0x4116364a30edf0db220553d5f4032b32f05d42b6d64e1bacaa0c065bb4146015,earnings,,NVDA,2026-02-25 22:00:00+00:00,1,0.895,0.955,,0.0,14.999976851851851,30,low
0xa932cf6f7a99d2ab04e0833ae79fdc848f9fd417a81e86d8c1aedb3f9b41ee7f,earnings,,CRM,2026-02-25 22:00:00+00:00,1,0.875,0.78,,0.0,15.000034722222223,31,low
0x8bef426c53d21ea3427ae154156a7c26e4fbbe46171f539f90ec4a2fe0bc2e89,earnings,,HGV,2026-02-26 14:00:00+00:00,0,0.395,0.4,,0.0,13.500104166666667,28,low
0x659227aad68ef74aea26975f864d153f908b66a7b50c6eb56f8bb660558bbc32,earnings,,TFX,2026-02-26 14:00:00+00:00,0,0.77,0.755,,0.0,8.999907407407408,16,low
0x260bf48a49c69fbb8d79de5149c5a3dbbf3efa6460c09ea26bc13f81ff9f5f5e,earnings,,WRBY,2026-02-26 14:00:00+00:00,0,0.345,0.375,,0.0,13.000011574074074,20,low
0x65c68d4f327e216850570e8679ed63804afa1c0761a6fb79174d039fdb065c00,earnings,,DNUT,2026-02-26 14:00:00+00:00,1,0.345,0.345,,0.0,9.50005787037037,20,low
0x0fe6d27fdd8c7aaa58419c1b755af3cad99c70916201aeb7178431c58290c9d8,earnings,,SHAK,2026-02-26 14:00:00+00:00,1,0.71,0.635,,0.0,13.500081018518518,28,low
0x62df85ac1446ceabd54f1e25d48197774de345b05c6b19a521637fe01eb4a15c,earnings,,FTDR,2026-02-26 14:00:00+00:00,1,0.84,0.84,,0.0,13.500081018518518,28,low
0x23a47535f6040c369a9902a7ebb54dfa43ded65d7cfa75e360a9c888c7f057d2,earnings,,TDAY,2026-02-26 14:00:00+00:00,0,0.38,0.5,,0.0,13.50013888888889,27,low
0x4b8368164e02ff0992c9f8835c0fb4d37bbd9f9f25610c11f65e4085cb1dec2d,earnings,,IART,2026-02-26 14:00:00+00:00,1,0.765,0.785,,0.0,13.000011574074074,17,low
0xf6a874aae0a33379fbd7aa2ac48cfa5ee74c8e7cb17fbb411da41bdd33018d29,earnings,,PZZA,2026-02-26 14:00:00+00:00,1,0.685,0.61,,0.0,13.500127314814815,27,low
0x5e01e65c8b1131afd5c0bc6515e9a2b9ad0d3a28a628dfcc8f16c373b21df907,earnings,,SG,2026-02-26 22:00:00+00:00,0,0.485,0.24,,0.0,13.500196759259259,27,low
0x7efacba192fadccfa3f6c17c7362f3f89c08cb2e70e146d0618b59e49f1e4ab1,earnings,,RKLB,2026-02-26 22:00:00+00:00,1,0.73,0.625,,0.0,13.0,19,low
0x403061a4ef4ce00912ad4822552fc2e996c6d5721065020b6517f4d377601f8a,earnings,,INTU,2026-02-26 22:00:00+00:00,1,0.91,0.91,,0.0,13.50013888888889,28,low
0xa4ca111ba1793e73ac6c032d4b730d19bc624fb3b8d53541db13c4924b99eff8,earnings,,REAL,2026-02-26 22:00:00+00:00,1,0.795,0.82,,0.0,13.500208333333333,27,low
0x25afa79a84eb8b7a89cb8ac46df47b1cc232d4b7a185e315dded78173a5b209b,earnings,,EB,2026-02-26 22:00:00+00:00,0,0.3,0.19,,0.0,24.00025462962963,49,low
0x054b10920231dbc3b41bf0d490d76e81d5509259a8d0c89f5321fbfe3eac075f,earnings,,SOUN,2026-02-26 22:00:00+00:00,0,0.665,0.515,,0.0,14.000046296296297,28,low
0x055dda80d2596defe1bb72d34b291dbf618a7f99be1cda4a2393e9b200704ddc,earnings,,ADSK,2026-02-26 22:00:00+00:00,1,0.895,0.875,,0.0,13.0,17,low
0x6db7cea0d4747800f62d5971495fe01307a16b009ed3c87d22c7f06980dd78a5,earnings,,FLUT,2026-02-26 22:00:00+00:00,1,0.655,0.66,,0.0,5.000092592592592,11,low
0x655d8a8ce7713d12c776f00b625e07cb747b979661b19a536ceb4af41ed9a6ad,earnings,,DELL,2026-02-26 22:00:00+00:00,1,0.74,0.835,,0.0,13.500208333333333,27,low
0xa1ccccc9c62835250cd3a676fb4c821549366c8acb2c31faab0b4c8aa2272911,earnings,,MNST,2026-02-26 22:00:00+00:00,0,0.68,0.725,,0.0,9.500104166666667,20,low
0x9d52a1ad771507479cb17d8748705f5d0556796669fd7dec42e6766400a8f445,econ,"Will Kevin Warsh be formally nominated to be Chair of the Federal Reserve by February 28, 2026?",February 28,2026-02-28 00:00:00+00:00,0,0.2595,0.0375,0.019,391447.371759,29.000104166666667,59,high
0x1773b4bb9794faa005cdf3d2df3ab820229ea93c12640cea19cae23ad274a17f,econ,Will Amazon be the largest company in the world by market cap on February 28?,Amazon,2026-02-28 00:00:00+00:00,0,0.0005,0.0005,0.0005,1866212.935816,37.00013888888889,75,high
0xa2b9c73a1ed1ec196f41465b966a367e59c754f7229fc51742e085dbc1dfaa12,econ,Another US bank failure by February 28?,another-us-bank-failure-by-february-28,2026-02-28 00:00:00+00:00,0,0.042,0.0305,0.012,102558.610619,30.000104166666667,61,mid
0xd7d60408edb4588f3449401a1bb01588b6e8ad85afd350c404ccf4ef8b6db1c8,econ,Will Apple be the third-largest company in the world by market cap on February 28?,Apple,2026-02-28 00:00:00+00:00,0,0.11,0.004,0.0055,274176.09746,37.500347222222224,76,high
0x7d53d12e1771ecfe5bd8c7685e097dcdaabeaa3e84f3002792d64e59237f33c3,econ,Will Alphabet be the second-largest company in the world by market cap on February 28?,Alphabet,2026-02-28 00:00:00+00:00,0,0.13,0.012,0.002,352315.817379,37.000092592592594,62,high
0x622c081d57a0fd170629dcc54e583c849d989888d3a22e60d363789a305ae866,econ,"March Fed Derivative: ""25bps cut"" flips ""Pause"" by Feb 28?",march-fed-derivative-25bps-cut-flips-pause-by-feb-28,2026-02-28 00:00:00+00:00,0,0.005,0.0015,0.0025,134354.120318,38.500162037037036,78,mid
0xd3bd90db85486550cefbbb34d8812c63b0d374d52e2796f02ecb086427978a6f,econ,Will Tesla be the third-largest company in the world by market cap on February 28?,Tesla,2026-02-28 00:00:00+00:00,0,0.0005,0.0005,0.0005,441830.496818,37.00013888888889,75,high
0xc8773f0baf9f29fb6164eca943b5977752b31ed855f8c660f38b2d86a771498c,econ,Will NVIDIA be the second-largest company in the world by market cap on February 28?,NVIDIA,2026-02-28 00:00:00+00:00,0,0.004,0.0005,0.0005,205321.804122,37.500347222222224,76,high
0xc2d1385802c9fd52a831c957873c1d249ef0fb4b7df8e347d2a150031268992b,econ,Will Saudi Aramco be the second-largest company in the world by market cap on February 28?,Saudi Aramco,2026-02-28 00:00:00+00:00,0,0.0005,0.0005,0.0005,290475.243422,37.00012731481481,74,high
0x52d4c5bcfd2312d2872558ccd7cfec91b079d5497b0efdc01fc722faa6914ca4,econ,Will Alphabet be the largest company in the world by market cap on February 28?,Alphabet,2026-02-28 00:00:00+00:00,0,0.0025,0.0015,0.0005,1945646.008537,37.00008101851852,63,high
0x1b5eabf72a857e919773823bac7bbc4f07b86134a2bd2db4424d964fba06e3ec,econ,Will Oracle be the third-largest company in the world by market cap on February 28?,Oracle,2026-02-28 00:00:00+00:00,0,0.0005,0.0005,0.0005,473507.384261,37.00011574074074,74,high
0xc3bb50c6b047fcc2d3013bfd429476a63d7ae0ce8f990fd287fd88d9c9259702,econ,Will Apple be the second-largest company in the world by market cap on February 28?,Apple,2026-02-28 00:00:00+00:00,1,0.875,0.987,0.9945,427050.385338,41.000150462962964,83,high
0x4fa4e985401716bd0464f7aa294b7cc74f21a45ada069899df534e03c4a36086,econ,"Will Kevin Warsh be formally nominated to be Chair of the Federal Reserve by March 31, 2026?",March 31,2026-02-28 00:00:00+00:00,1,0.855,0.82,0.725,201220.87732999987,14.500046296296297,30,high
0x76ccc95393f89f2af45f7391661be540833d61da56a02a5bc36d561743fe486e,econ,New 10% US blanket tariff goes into effect by February 28?,new-10-us-blanket-tariff-goes-into-effect-by-february-28,2026-02-28 00:00:00+00:00,1,0.999,0.999,0.999,199601.974455,3.5002314814814817,8,mid
0xbf980f893828e93f58ec32e4ca94573e67d71996d8795e0cb72a16192945c260,econ,Will Saudi Aramco be the largest company in the world by market cap on February 28?,Saudi Aramco,2026-02-28 00:00:00+00:00,0,0.0015,0.0005,0.0005,1443293.203529,37.000150462962964,75,high
0xed1b0d93163d95c2b7406408b8c97f18283ce3892aa21eab4758a75a5ec684e4,econ,Will Microsoft be the third-largest company in the world by market cap on February 28?,Microsoft,2026-02-28 00:00:00+00:00,0,0.003,0.0015,0.0015,126125.307115,37.00013888888889,75,mid
0x0da7cad7cd1a301816ab724c9cfc5453bfe43f39412966cbe65f0c0c7913d9d9,econ,Will NVIDIA be the third-largest company in the world by market cap on February 28?,NVIDIA,2026-02-28 00:00:00+00:00,0,0.0035,0.0015,0.001,110229.737896,37.500347222222224,76,mid
0xcdbef0a58b5085fb812fc6df2c1fca5bf0ec12c9fe8ccd21718aa4b7b6726a08,econ,Will Microsoft be the largest company in the world by market cap on February 28?,Microsoft,2026-02-28 00:00:00+00:00,0,0.0005,0.0005,0.0005,1044711.220358,37.00012731481481,75,high
0xc3c8a84db9fb4e3f2c67fe688e8b5b67e9c7f45cd8de844c26833658199761c3,econ,Will USD reach 1.7M Iranian rials by February 28?,will-usd-reach-1pt7m-iranian-rials-by-february-28,2026-02-28 00:00:00+00:00,1,0.29,0.235,0.0705,624926.097343,24.500266203703703,31,high
0x1a08e9a170056b1b786a1f29c1da48faf9df933f9f2de72f4f350f78c8dd1cb5,econ,Will Alphabet be the third-largest company in the world by market cap on February 28?,Alphabet,2026-02-28 00:00:00+00:00,1,0.885,0.9825,0.994,189133.933803,37.50037037037037,76,mid
0x1a8d60e491a6b5a48412e4ca2328aa006fee6aab4cea38ebf5d9b18e1ddab82e,econ,"Will Kevin Warsh be formally nominated to be Chair of the Federal Reserve by February 2, 2026?",February 2,2026-02-28 00:00:00+00:00,0,0.017,0.017,0.017,184014.589179,2.9999884259259257,7,mid
0xa5fa2094af61fdfdb0398c22c4f1bb8788cabc680bcc0042f77c6388b23afaf4,econ,Will NVIDIA be the largest company in the world by market cap on February 28?,NVIDIA,2026-02-28 00:00:00+00:00,1,0.9915,0.9975,0.9985,3997049.660807,41.000162037037036,83,high
0x962ff729cb77f0804ea6aaab8a11ff24264d6c01c3c5514afdc150dbf15e45f7,econ,Will Microsoft be the second-largest company in the world by market cap on February 28?,Microsoft,2026-02-28 00:00:00+00:00,0,0.0005,0.0005,0.0005,255744.431422,37.000092592592594,64,high
0x7b44c6d9fee523810e2868d85e46d58522b174b1e20e75f7912588c46433dfab,econ,Will Tesla be the largest company in the world by market cap on February 28?,Tesla,2026-02-28 00:00:00+00:00,0,0.0005,0.0005,0.0005,4319735.636078,37.00012731481481,74,high
0xad27796e8066655a9bcfe33c0b8a8020aa31a6d2671c7640b6419926d2779e93,econ,Will Amazon be the second-largest company in the world by market cap on February 28?,Amazon,2026-02-28 00:00:00+00:00,0,0.0005,0.0005,0.0005,174031.299105,37.00008101851852,64,mid
0xdbe7aa30572fa6ddecc9a3b426d6b1da303249ee2e1e84c804558abcb144e3ad,econ,Will Tesla be the second-largest company in the world by market cap on February 28?,Tesla,2026-02-28 00:00:00+00:00,0,0.0005,0.0005,0.0005,164325.625748,37.00013888888889,75,mid
0xcc7191d618ab96b21b8ae7aeec1a5f7f6c40f4b2fde26ac34580f9187b90b0d2,econ,Will Apple be the largest company in the world by market cap on February 28?,Apple,2026-02-28 00:00:00+00:00,0,0.0045,0.0015,0.0015,1326713.95267,37.00012731481481,74,high
0xfa48a99317daef1654d5b03e30557c4222f276657275628d9475e141c64b545d,econ,US recession in 2025?,us-recession-in-2025,2026-02-28 12:00:00+00:00,0,0.0015,0.0015,0.0015,11734512.428529,357.5000925925926,716,high
0x9167aa7e1a5cfe8fbfedee443503039b7fa926cc3549f3a66c1d4d09b5ced893,earnings,,MDB,2026-03-02 22:00:00+00:00,1,0.89,0.92,,0.0,11.000011574074074,23,low
0xc764f65948c6b8cc60b05968bfa3ecdbd90d8aab871aad731e13cfae8ab630df,earnings,,ASAN,2026-03-02 22:00:00+00:00,1,0.855,0.82,,0.0,10.000208333333333,15,low
0xd822ccf5f9325363598c8a47bd8e1f7f5c4ee2bd05106317e1524cc16a3a9f95,econ,Will Japan’s January 2026 unemployment rate be ≤2.1%?,≤2.1%,2026-03-03 00:00:00+00:00,0,0.046,0.0065,0.0315,101244.670667,27.00003472222222,54,mid
0x92b1eda9db9f60e85c023549f689aaba6e3400dd1699a4866f5d34fff1a2acd5,econ,Will Japan’s January 2026 unemployment rate be 2.4%?,2.4%,2026-03-03 00:00:00+00:00,0,0.0535,0.069,0.0515,326371.982982,27.00002314814815,54,high
0x73d0bd1bcc5307042d2b6e1a416f0f19914b3aabf1d7f4f7e389b2ad89f56376,earnings,,AZO,2026-03-03 14:00:00+00:00,1,0.455,0.425,,0.0,10.500219907407407,18,low
0xfb10a9fb7e5ad5379e915fc25cc9092f612871d1a8d7611f80bde3f8a7b78383,earnings,,MRX,2026-03-03 14:00:00+00:00,1,0.855,0.845,,0.0,10.00017361111111,21,low
0xde0863fe9101671982e00babd27f3864e4c5871f248f757fc2adbf05944560ec,earnings,,BBY,2026-03-03 14:00:00+00:00,1,0.74,0.735,,0.0,11.500023148148149,20,low
0xc699d899015aa42b75decc2a93737017bc0ffba0628d5bec4a4ae991d0f94e35,earnings,,TGT,2026-03-03 14:00:00+00:00,1,0.87,0.835,,0.0,10.000196759259259,15,low
0xfb85c8990f64e5012be7434af44659c8bf6b11e08bd2c3aeb507e04365b4d08a,earnings,,BOX,2026-03-03 22:00:00+00:00,1,0.75,0.64,,0.0,12.000069444444444,25,low
0x0fb677f9155baa4309130a70c05f64353ef96e833020b9ab978a3bcc8ff75f7b,earnings,,CRWD,2026-03-03 22:00:00+00:00,1,0.89,0.87,,0.0,11.000219907407407,18,low
0x23000173fcd3643360e22316e8335a5b15c6a8900428cc21599393e3bdf7e2d4,earnings,,GTLB,2026-03-03 22:00:00+00:00,1,0.725,0.87,,0.0,11.500034722222223,23,low
0xb353f06fdefb69d9a37bac9f450cc8f7caf369df53cb4c475783635f4c86a8a2,earnings,,ANF,2026-03-04 14:00:00+00:00,1,0.72,0.745,,0.0,11.50017361111111,19,low
0x81056f35f2905d4f67d6e7be8ceed701245ca3f5cdb3f0bbd64c463c6cdf4d91,earnings,,BBWI,2026-03-04 14:00:00+00:00,1,0.6,0.715,,0.0,11.500150462962964,23,low
0x88390c7c6f012f91bb9a14708ef37b6e740817953447f0398dbb14fcf2eea370,earnings,,WIX,2026-03-04 14:00:00+00:00,1,0.645,0.8,,0.0,22.500092592592594,46,low
0x1a9c4c83572563ad11afaff9c459444e351bef8723548afe655c3e2a9c78dd4e,earnings,,CPB,2026-03-04 14:00:00+00:00,0,0.81,0.755,,0.0,14.500196759259259,30,low
0xbc0b897a00e93e3c1718638d6302e6594b87f2b6890ba4556da537a53adbe2d6,earnings,,STUB,2026-03-04 22:00:00+00:00,0,0.315,0.37,,0.0,7.4999768518518515,12,low
0x2b4e8012bf177228dcf4ebc18c6a51c4bc7c3423a00e54f5eb3952e352405ea4,earnings,,CBRL,2026-03-04 22:00:00+00:00,1,0.695,0.695,,0.0,8.0,11,low
0x75817b7d53552b67005b06ef9a9377c602155242b2869324e3bd0eacdc92892d,earnings,,AVGO,2026-03-04 22:00:00+00:00,1,0.935,0.94,,0.0,11.50017361111111,19,low
0x20cab10e9552a88c30a2c8eeadaf6e4c6b4f401e8bcbc1d572cf4cbb2218a269,earnings,,OKTA,2026-03-04 22:00:00+00:00,1,0.865,0.915,,0.0,12.00017361111111,21,low
0x1a2700084a22491fec81ba8c488b8820f20e1174703389bd2689231d9e722c99,earnings,,AEO,2026-03-04 22:00:00+00:00,0,0.605,0.59,,0.0,11.500104166666667,24,low
0x9a30b7735bb50b51df4dd8afa6fd746951133eedabece1e8d4d874f1b3ff458d,earnings,,KR,2026-03-05 14:00:00+00:00,1,0.84,0.855,,0.0,9.000092592592592,12,low
0x4ac66dcadab12b34902acc4d82ac37a5cb06cfca42e30f87aa4e68744730391d,earnings,,VSCO,2026-03-05 14:00:00+00:00,1,0.84,0.915,,0.0,12.50011574074074,26,low
0x3f1b51fa1ded874e0d1fad6ab6d0f49972c4ded3632a18b3e920f005cb9afa8f,earnings,,BURL,2026-03-05 14:00:00+00:00,1,0.81,0.8,,0.0,9.000092592592592,18,low
0x31451d5ec63c74a64a33eedd3e23a4f357aaaf7942c3a7a94046e40c7f4952ff,earnings,,COST,2026-03-05 22:00:00+00:00,1,0.865,0.935,,0.0,13.000081018518518,27,low
0x00202f51b93bb89cbc22c616f6d9a85d22ae03d59ce9d1641bab8866133502e2,earnings,,MRVL,2026-03-05 22:00:00+00:00,1,0.845,0.865,,0.0,12.500266203703704,26,low
0x1a88907b82c96a145fcfae7b0248af8661118672a4a7a9d7e80284c8a1d533e8,earnings,,IOT,2026-03-05 22:00:00+00:00,1,0.89,0.9,,0.0,12.500335648148148,25,low
0x1072b7c568a85ec3fd63c31ac9d9f7392186f57f73cba12889cec0d77e7b7a2b,earnings,,SWBI,2026-03-05 22:00:00+00:00,1,0.685,0.775,,0.0,11.500185185185185,17,low
0xf30336690af57f64f7e87478c386a8006965f85e38bbb4af104b764150338b22,earnings,,GPRO,2026-03-05 22:00:00+00:00,0,0.275,0.17,,0.0,12.500243055555556,26,low
0x0ccb7aa120d5076d1b0ed20c64271c9ba0740e1c69bb49627a921c17939fb42e,earnings,,GAP,2026-03-05 22:00:00+00:00,0,0.775,0.79,,0.0,13.000127314814815,27,low
0xd86d2dbee5ec6000380bed001d85f159d73c56221e8c73a43248be1fd43c82cf,earnings,,HPE,2026-03-09 21:00:00+00:00,1,0.865,0.915,,0.0,13.499976851851851,28,low
0xb5a187313d629d6bde08aca6d0e7843e6c762e8e16d20a6b637156b5e8f288e9,earnings,,CASY,2026-03-09 21:00:00+00:00,1,0.915,0.935,,0.0,13.499965277777777,26,low
0x59582fcacf2fc1a3ed5f3b8270a515502dccb5c78ac15495c0e964b1fdab9112,earnings,,MTN,2026-03-09 22:00:00+00:00,0,0.375,0.205,,0.0,12.49994212962963,26,low
0xbcb0f727bfabb7914ec5a1fbf543f4ad1a0baf49950ebb4547d4fbb62d35c1af,earnings,,UNFI,2026-03-10 13:00:00+00:00,1,0.875,0.91,,0.0,14.500104166666667,25,low
0x9eea6255ed05b3e87ecfc99ba34b8349ed18cab9264ca84151e438aaf6880f35,earnings,,KFY,2026-03-10 13:00:00+00:00,1,0.82,0.9995,,0.0,13.499976851851851,28,low
0xb819eecb4a37e3e629a590f3f90f9bd8483d8ced0f23985cff1ae8ba799825c8,earnings,,KSS,2026-03-10 13:00:00+00:00,1,0.58,0.835,,0.0,14.500104166666667,28,low
0x25d6fa1f15039d717043a595712090f65c0cefabed3254adc285086a5f953a68,earnings,,ORCL,2026-03-10 21:00:00+00:00,1,0.775,0.775,,0.0,14.500092592592592,21,low
0xa26084830c4946cbda7f23544fbd690589839d8307e33525c72774b6d68c4d5c,earnings,,GRPN,2026-03-10 21:00:00+00:00,1,0.53,0.34,,0.0,14.500092592592592,22,low
0x1204dc7352df96e2ebd536331c3c0d99c860442344b6cb952652e1f5ab2d1e0a,earnings,,BIRD,2026-03-10 22:00:00+00:00,0,0.66,0.59,,0.0,32.000277777777775,65,low
0x3c5f263697f146a5a95fca192e4f4dbb17186cece93288ba0ebd7a2eebb15dcf,earnings,,CXM,2026-03-11 13:00:00+00:00,1,0.875,0.925,,0.0,13.500219907407407,28,low
0xba32ef1ced81ce80a2fe32c674ff54562f99eae779ef62d99af3f73e0d316514,earnings,,BBW,2026-03-12 13:00:00+00:00,0,0.725,0.88,,0.0,14.500104166666667,30,low
0xb3f6990608a86c7dd8b2a6234af7c3f03354349f4d57b8e517e75727508b48a4,earnings,,DG,2026-03-12 13:00:00+00:00,1,0.88,0.9395,,0.0,14.500069444444444,30,low
0x02c5c9f9685ed5daec04c7fbfc3f145d15dcb2183f56b330b74eab29242adc4a,earnings,,DKS,2026-03-12 13:00:00+00:00,1,0.765,0.89,,0.0,14.000011574074074,18,low
0x62be08129d7959cfac571cde7eee23d563d6fd854f04a9e6766bd80e898b835e,earnings,,GAMB,2026-03-12 13:00:00+00:00,1,0.695,0.92,,0.0,14.500162037037038,30,low
0xc954e999dea5adfd38be130b4d95f9a05a682e15d6d18135baf439721b794660,earnings,,RBRK,2026-03-12 21:00:00+00:00,1,0.895,0.9475,,0.0,14.000104166666667,27,low
0x29dd5b95164fc53fcc43b734f93b9c2920ddfbf217cd725c68bc15c2d2377b1f,earnings,,BZFD,2026-03-12 21:00:00+00:00,0,0.165,0.125,,0.0,14.00011574074074,22,low
0x235ce53a39a8b1a938e895785371cec35d2a8efc1f86d947a89fc6768af28e63,earnings,,PXLW,2026-03-12 21:00:00+00:00,0,0.87,0.915,,0.0,21.000185185185185,42,low
0x1ab1e473d760aede872a7297790cf4b2694833ccdad6494bcada365568aafcf7,earnings,,ADBE,2026-03-12 21:00:00+00:00,1,0.805,0.9335,,0.0,14.500081018518518,30,low
0xaf42a8d372fdcc9803d424e216d793072b7fc33bc3325e7081cb5a9de81b25fa,earnings,,PD,2026-03-12 21:00:00+00:00,1,0.885,0.93,,0.0,14.500092592592592,30,low
0x5df82da99ee50977056e0d4c1a13608cf9fbe091259037ba49aaf42a0e3fed46,earnings,,DLTR,2026-03-16 13:00:00+00:00,1,0.94,0.93,,0.0,12.499965277777777,25,low
0xd9b6d1231ce6a119f239951ce51d1b2ace9176e5c0f46b81b08b21e4bb0002cc,earnings,,PLBY,2026-03-16 21:00:00+00:00,1,0.9625,0.9675,,0.0,18.499826388888888,30,low
0x9b1f9979bdf9169c48b3fefd4c2bf5d7db13712821fd4757052ba5c99f16ce6d,earnings,,GETY,2026-03-16 21:00:00+00:00,0,0.47,0.445,,0.0,16.49980324074074,27,low
0x9d960358504ccc424ed5a26b3cd0b4003eef4f0376fe0e9f64e2708acd83b456,earnings,,ASO,2026-03-17 13:00:00+00:00,0,0.755,0.7645,,0.0,13.499849537037036,24,low
0xd7c275ba6e0ec876a20db252e1d9f41e164376835e3573e7965c09a257fcb4c0,earnings,,DOCU,2026-03-17 21:00:00+00:00,1,0.91,0.935,,0.0,14.49994212962963,19,low
0x4c65028ff841efda5a53f66258bdd4c8406e5cb2319639621935bd335cb89cde,earnings,,LULU,2026-03-17 21:00:00+00:00,1,0.91,0.85,,0.0,13.500023148148149,23,low
0x25aa90b3cd98305e849189b4e8b770fc77fe89bccb7cf9656468414e01145d38,econ,Will the Fed increase interest rates by 25+ bps after the March 2026 meeting?,25+ bps increase,2026-03-18 00:00:00+00:00,0,0.0015,0.0005,0.0005,172972056.63332495,139.00038194444446,279,high
0x296f74b9101f960a5e342fd69d2b5a89b0bdb26ad6ebe6a5206845a9a0f4d9a3,econ,Will the Fed Cut–Cut–Cut in the next three decisions (Dec–Jan–Mar)?,Cut–Cut–Cut,2026-03-18 00:00:00+00:00,0,0.001,0.001,0.001,198337.033025,84.5000925925926,171,mid
0xd6c49a94948e365aa74c09eef54d907b7ca534b243c387c375305d5cdd1afef3,econ,Will the Fed decrease interest rates by 25 bps after the March 2026 meeting?,25 bps decrease,2026-03-18 00:00:00+00:00,0,0.0015,0.0025,0.0035,87103283.7263213,139.50030092592593,281,high
0xff85fb4a24991a63539ce11dadc9e9ade921a3facc796a31fb88236d523a4d0e,earnings,,WSM,2026-03-18 13:00:00+00:00,1,0.835,0.855,,0.0,8.500069444444444,18,low
0x93dfab1acd865840a4ef6c1b3525a210978cb1ed2bd3f9b2f3ca7132726ab092,earnings,,WB,2026-03-18 13:00:00+00:00,0,0.795,0.88,,0.0,14.99994212962963,21,low
0xf5f54f9fd01dd6904e50b1aac8727ca80b08e8fddd62d2e258caa34d9f461ec3,earnings,,GIS,2026-03-18 13:00:00+00:00,0,0.585,0.17,,0.0,13.500104166666667,28,low
0x9dd4a37d1673e7b6ca87fa964179a7a3f8fff75ade389ac5ca266221dfa02a0c,earnings,,M,2026-03-18 14:00:00+00:00,1,0.885,0.948,,0.0,22.500127314814815,46,low
0x4a09076d4eca529052cdb86a4537dd95970d5c4c7062669c97b6438fcd99dde3,earnings,,MU,2026-03-18 21:00:00+00:00,1,0.9695,0.9825,,0.0,13.500034722222223,28,low
0x64fa42538ec262554829aabe0d037358b7bfa98d7770d2baf0ec34c275b535a9,earnings,,FIVE,2026-03-18 21:00:00+00:00,1,0.855,0.905,,0.0,11.499976851851851,21,low
0xea078f5da2e96011ea0a60eacbb442062269d3f1d145219945b3e63e6fdce12c,econ,No change in Bank of England's interest rates after March 2026 meeting?,No change,2026-03-19 00:00:00+00:00,1,0.9705,0.9845,0.986,129864.88060300011,90.50020833333333,181,mid
0xf67594a31cf5fa5698cdeca867f66094d995411eb8ff2ef562973179230cecf5,earnings,,BABA,2026-03-19 13:00:00+00:00,0,0.837,0.798,,0.0,7.500104166666667,13,low
0x75d3c8452ecabc2dc2bd0acb86bb6d8fd6aedfc8a404c270e784406f566f0783,earnings,,ACN,2026-03-19 13:00:00+00:00,1,0.9095,0.8705,,0.0,13.499930555555556,28,low
0x254db11701f2fc714dc60524076296bfabaae6b3c52da8c26e140a520020ec5f,earnings,,FDX,2026-03-19 21:00:00+00:00,1,0.92,0.915,,0.0,13.500231481481482,27,low
0x54b1721f66ca09f94b360b2747922612d2c5ca5b0d6c90d9fceac9546b744c20,earnings,,GME,2026-03-24 21:00:00+00:00,1,0.91,0.87,,0.0,13.500023148148149,28,low
0xcca24c7cebddba49fd296b8db66d1e5002b7e67c1f5b9303c2c1adf82828c092,earnings,,PAYX,2026-03-25 13:00:00+00:00,1,0.795,0.84,,0.0,13.999965277777777,28,low
0xc126eb6a8b983472ef344d56576477f4daaa48dd0f191f27286481cdfe9d40a1,earnings,,CHWY,2026-03-25 13:00:00+00:00,0,0.835,0.885,,0.0,14.49994212962963,26,low
0x680a9592b4f88d8590a831158ea912328c7fb68c727d8087c81911b07816b262,earnings,,PDD,2026-03-25 13:00:00+00:00,0,0.73,0.72,,0.0,15.500081018518518,32,low
0x8f7b4987a14c36d3e2d05454ec2193c6c3724446acb5e29d948b4729931d913d,earnings,,CTAS,2026-03-25 13:00:00+00:00,1,0.895,0.935,,0.0,14.500127314814815,30,low
0x9db4599a8ca89d4da9ef6680c520ae01d2a7e7d353e4e3f95c0718111ff00ada,econ,Will the Bank of Mexico announce an increase at the March meeting?,Increase,2026-03-26 00:00:00+00:00,0,0.0035,0.0005,0.0005,146422.36385500006,92.0003587962963,159,mid
0x5d4434f968133ae04385e7a4035b49fbfcc96febf811eb2a93da18e123460979,econ,Will the Bank of Mexico announce a decrease at the March meeting?,Decrease,2026-03-26 00:00:00+00:00,1,0.48,0.625,0.41,207996.5592179997,92.50039351851852,183,high
0x4a29417dd569806a261b11731a6a97e25e1290fc569a913d5177a3a5ebac6454,econ,Will the Bank of Mexico announce no change at the March meeting?,No change,2026-03-26 00:00:00+00:00,0,0.515,0.38,0.595,178312.6496809999,92.50034722222222,159,mid
0xd88fc357afed42eaa0c73b7c98c52c527821991c9fdd2392c716320c98964a55,earnings,,DBI,2026-03-26 13:00:00+00:00,1,0.64,0.585,,0.0,16.500069444444446,34,low
0xd916f90be39f826532453793016424ca7c8dab119239b5596883eb42d8fa1407,earnings,,NMAX,2026-03-26 21:00:00+00:00,1,0.63,0.62,,0.0,12.999988425925926,21,low
0x413065e088d9fa59bb0228da43973dc447ba529b3b6310ca0a7f253fe810f5c8,econ,Will Elon Musk’s net worth be less than $640b on March 31?,<640b,2026-03-31 00:00:00+00:00,0,0.22,0.22,0.22,102785.3062799999,29.0,49,mid
0x90d15ca9a35a0cef4d67b2e4ec79a77dc98621536af438bccc6f016a59eb0f39,econ,Will the government shutdown last 4 days or more?,4+ days,2026-03-31 00:00:00+00:00,1,0.994,0.994,0.994,4389035.691402,3.0000347222222223,7,high
0xdeaecf9904d03a6fe48ab52ad4caed979a658fb5d7d89d608b087a0cd065d937,econ,Will gas hit (High) $4.50 by March 31?,↑ $4.50,2026-03-31 00:00:00+00:00,0,0.0105,0.0065,0.006,118762.94780800011,26.00021990740741,49,mid
0x18cc783dc22e861a77278f463f791161b4a5b6d5836b67e61b981e53a0b1f789,econ,Will 40 ships transit the Strait of Hormuz on any day in March?,40+,2026-03-31 00:00:00+00:00,0,0.085,0.033,0.0195,117509.10283600002,28.499988425925928,54,mid
0x7681f2f0015a40dc150b47f09204820ad72abafb94c145e689a7c28e4a7c8695,econ,Will gas hit (Low) $3.05 by March 31?,↓ $3.05,2026-03-31 00:00:00+00:00,0,0.011,0.006,0.0025,176429.363613,26.00003472222222,39,mid
0x57f71fc99475cf8b32629040bb4866cbf3abc16eb13edf6a9564a94a7da34f58,econ,Will 60 ships transit the Strait of Hormuz on any day in March?,60+,2026-03-31 00:00:00+00:00,0,0.0275,0.025,0.025,111218.41333800001,26.0,38,mid
0x3124a63d6499006be1e1f82c72efb4dd2706b34e193dd67839de6615e2b0f60c,econ,Will Apple be the second-largest company in the world by market cap on March 31?,Apple,2026-03-31 00:00:00+00:00,1,0.9885,0.9885,0.9885,486996.6307330008,95.00041666666667,181,high
0xd5a91c9ee50ba80385283714f2a66b1e16d544a682af2af06a8f57fcf1d0233d,econ,Will the government shutdown last 5 days or more?,5+ days,2026-03-31 00:00:00+00:00,0,0.185,0.185,0.185,6260855.937367,3.5000925925925928,8,high
0xfca915295bd6a0e922bce7977ac8d7616c4d0a2ae056b81df29bc9b623176a02,econ,Will Microsoft be the second-largest company in the world by market cap on March 31?,Microsoft,2026-03-31 00:00:00+00:00,0,0.0015,0.0015,0.0015,260892.34275999982,93.5003587962963,145,high
0x1a87242aaf4d941c86e1d8ffb08c95fce682ce6a568f007383428910b37781ad,econ,Will Amazon be the second-largest company in the world by market cap on March 31?,Amazon,2026-03-31 00:00:00+00:00,0,0.0005,0.0005,0.0005,270498.46804300044,95.00042824074075,164,high
0x0bff0cefecebc11a15257b08d25133e6599b75df5dc2a5633bff7ed73f6a9eb3,econ,Will Amazon be the largest company in the world by market cap on March 31?,Amazon,2026-03-31 00:00:00+00:00,0,0.0005,0.0005,0.0005,4673743.696960963,135.50054398148148,269,high
0x82dabcd03f63b80bb0032298e710a3645e0417bdf89db5a069918a40cfe3df4a,econ,Another US bank failure by March 31?,another-us-bank-failure-by-march-31,2026-03-31 00:00:00+00:00,0,0.0285,0.0265,0.023,114410.89640200016,58.00018518518519,105,mid
0x2e1a4dc939f815ba720dc1eba072191c2271bb0ea2fc36c54535db0121d8c48d,econ,Will Tesla be the largest company in the world by market cap on March 31?,Tesla,2026-03-31 00:00:00+00:00,0,0.0005,0.0005,0.0005,3676713.093316971,138.50056712962962,276,high
0xa849ee57742746c581f5400bb3d037bcb01bd1b66670320eb3bb9b58d13506ea,econ,People's Bank of China rate cut by March 31?,peoples-bank-of-china-rate-cut-by-march-31,2026-03-31 00:00:00+00:00,0,0.006,0.0065,0.0045,119636.91385100003,38.00039351851852,72,mid
0xcb891bdbef2a34ef407947c3ae290ac26da774c6e6d2f5e70445e89fad606eab,econ,Will Elon Musk’s net worth be at least $710b on March 31?,710b+,2026-03-31 00:00:00+00:00,0,0.0345,0.0335,0.0125,790703.0855150006,33.50030092592593,68,high
0x5a4bae5b326d8ad4ef51e29b140afd57dc1dfb3c44e1c805209eacb65a656dd7,econ,Will the government shutdown last 7 days or more?,7+ days,2026-03-31 00:00:00+00:00,0,0.0005,0.0005,0.0005,2275569.845594,9.999965277777777,20,high
0x3da8ac5a617e2b32fbda49cbc5060917ab770abe9f74b11ffa36dcdb5b7a1195,econ,Will the government shutdown last 1 day or more?,1+ day,2026-03-31 00:00:00+00:00,1,0.9965,0.9965,0.9965,2164196.828235,6.000011574074074,13,high
0xd1ee06ef5c85e63f611bb3eb0c28373865a4b542659651fac823d58bd48bc53c,econ,Will Saudi Aramco be the largest company in the world by market cap on March 31?,Saudi Aramco,2026-03-31 00:00:00+00:00,0,0.001,0.001,0.001,2095611.8254810225,136.00050925925925,274,high
0xa3cab2f3af130343883de0775b4d6098dc79a03767bf3c6aae396d20e42012d6,econ,Will Apple be the third-largest company in the world by market cap on March 31?,Apple,2026-03-31 00:00:00+00:00,0,0.0105,0.004,0.005,147079.56558300016,97.00038194444444,169,mid
0xb9a6fc57dbaddabc3ec84cfc0b9839583793c547599ff85b47f54cf0659e6bb0,econ,Will Alphabet be the largest company in the world by market cap on March 31?,Alphabet,2026-03-31 00:00:00+00:00,0,0.0015,0.0015,0.0015,2086007.833751013,139.0004050925926,258,high
0xa505f147c26bdb170081fba235464a47fc315da40884345dd4e755c53510705a,econ,Will NVIDIA be the second-largest company in the world by market cap on March 31?,NVIDIA,2026-03-31 00:00:00+00:00,0,0.0015,0.0015,0.0015,229197.27932400026,94.50041666666667,171,high
0x78f97eed822885c3813ab7ba0ba41a5c1bb0ca0f0f622698bfc0460931aff51a,econ,Will 20 ships transit the Strait of Hormuz on any day in March?,20+,2026-03-31 00:00:00+00:00,0,0.08,0.055,0.039,327554.0413129995,27.50019675925926,50,high
0x143610d62cc5322323c2112169a2c2d81b6b2bf44a672af160209ef502490174,econ,Will NVIDIA be the largest company in the world by market cap on March 31?,NVIDIA,2026-03-31 00:00:00+00:00,1,0.9955,0.9965,0.9965,3032010.9633940086,135.50045138888888,267,high
0xeb0f640f8e6979495efb462bca18e491a8624c07aecd89b9cea0ba62a4164226,econ,Will the government shutdown last 3 days or more?,3+ days,2026-03-31 00:00:00+00:00,1,0.9985,0.9985,0.9985,2986463.593437,7.999826388888889,17,high
0x7c67b6d6caa39a8d54a58efff83dba75182420fa245fd93e98cf0fb54876ea91,econ,Will 80 ships transit the Strait of Hormuz on any day in March?,80+,2026-03-31 00:00:00+00:00,0,0.0215,0.0095,0.0095,158717.9457750001,25.999537037037037,30,mid
0x2e6ca04c8bdde02244bc71aa9eb90246d61d17f5e44c4f8cea1550915eca64b2,econ,Will Tesla be the second-largest company in the world by market cap on March 31?,Tesla,2026-03-31 00:00:00+00:00,0,0.0005,0.0005,0.0005,836792.3210410028,95.00038194444444,174,high
0xdfe4fce0f6b42e1311920c5f1a8b409c7fe74943e1eb4991e6862333dadaf8ff,econ,Will Alphabet be the second-largest company in the world by market cap on March 31?,Alphabet,2026-03-31 00:00:00+00:00,0,0.006,0.0065,0.002,435044.4148430007,96.50045138888889,175,high
0xa1cd1095b398c89f32be13228a356a70688f7ff2822abb2b22b07959a7c3ce18,econ,Will Microsoft be the largest company in the world by market cap on March 31?,Microsoft,2026-03-31 00:00:00+00:00,0,0.0005,0.001,0.0005,2647965.9009619937,139.00043981481483,280,high
0x6d281c6412c2d281508353534ce442e959cd64c0d6e0791184185c029a3a2950,econ,Will USD reach 1.8M Iranian rials by March 31?,↑ 1.8M,2026-03-31 00:00:00+00:00,0,0.063,0.0525,0.0105,127743.1595229999,29.50021990740741,59,mid
0x3d28aab997492f03a0065e53e97b1bc9d17af82e4b4386902bfb14c1e96f4278,econ,Will Saudi Aramco be the second-largest company in the world by market cap on March 31?,Saudi Aramco,2026-03-31 00:00:00+00:00,0,0.0005,0.0005,0.0005,214674.98943700036,95.00048611111112,185,high
0xf8b3e53ab5bac8e7472ec7878f0db0d90c6bcf413c68f4ac1195f7208b7f4d75,econ,Will USD reach 1.7M Iranian rials by March 31?,↑ 1.7M,2026-03-31 00:00:00+00:00,0,0.09,0.045,0.045,215455.95476900012,25.500069444444446,50,high
0x06765bcf1c6086a944010ba076ee46baf1ad0e8185f78403f7d412b1f89ed553,econ,US bank failure by March 31?,us-bank-failure-by-march-31-294,2026-03-31 00:00:00+00:00,1,0.999,0.999,0.999,128598.233852,79.00012731481482,156,mid
0x36a8b9be52c977bf04900c61fb698dbf77ad039f2ce049afdc235bda455a6183,econ,Nothing Ever Happens: Jerome Powell Edition,nothing-ever-happens-jerome-powell-edition-394,2026-03-31 00:00:00+00:00,1,0.9975,0.997,0.997,145155.39330300005,67.50050925925926,136,mid
0x3f6b3dbf83c18026aec29f4fae2108ab635d683d0b4753ae44ccd7fafabc46c6,econ,Will the government shutdown last 6 days or more?,6+ days,2026-03-31 00:00:00+00:00,0,0.0005,0.0005,0.0005,1251150.084374,1.5000925925925925,4,high
0x40c2ab7a32d20f943e3a404fa1d063336d36c8cd8427a6753a3ed9cb4477f858,econ,Will Apple be the largest company in the world by market cap on March 31?,Apple,2026-03-31 00:00:00+00:00,0,0.0025,0.0015,0.0015,1797524.2342660278,136.0005324074074,270,high
0xcb18ef92baefda285a2c60cf0d952088ceb9a9ac169bbcf25081417a5a37a08a,econ,Will the Central Bank of Colombia announce a decrease at the March meeting?,Decrease,2026-03-31 00:00:00+00:00,0,0.006,0.0015,0.0015,142004.386298,95.00052083333334,191,mid
0xd7f621066af125294ee65dae7fcd6486e72deb653dde448fdcf1e5de9d38cc6e,econ,Will Trump cut off trade with Spain?,will-trump-cut-off-trade-with-spain,2026-03-31 00:00:00+00:00,0,0.003,0.003,0.003,426294.508576,23.500011574074072,36,high
0x1226dcebafa5bb2f7bc8b136cdd604ed6439d2ba3ac5647cc866dc3d8356e2f3,econ,Will Trump sue Powell by March 31?,will-trump-sue-powell-by-march-31,2026-03-31 00:00:00+00:00,0,0.003,0.0075,0.0005,168805.8366330001,86.50046296296296,151,mid
0x8c33d641c4097c980aa495e842e5744db2a7b20ad48c3ddf6014544e4eae6fb9,econ,Will Alphabet be the third-largest company in the world by market cap on March 31?,Alphabet,2026-03-31 00:00:00+00:00,1,0.9875,0.9955,0.993,294290.2474709996,98.00050925925926,195,high
0x870a608bb6019b46088d823e5d6c792b239544222ca559d7a006104b72a5641e,econ,Will Oracle be the third-largest company in the world by market cap on March 31?,Oracle,2026-03-31 00:00:00+00:00,0,0.0005,0.0005,0.0005,141425.20866400015,94.5003587962963,154,mid
0xdc49ce4dc173d079b23921f8d6394121d9b3fcb5112c43fa3194340535444463,econ,Will the government shutdown last 10 days or more?,10+ days,2026-03-31 00:00:00+00:00,0,0.0005,0.0005,0.0005,1238745.021489,4.000127314814815,9,high
0x78871d70b13de8a22a7361aa8e2ad5620e29e3cd9c18260febed039d44c8901b,econ,Will Microsoft be the third-largest company in the world by market cap on March 31?,Microsoft,2026-03-31 00:00:00+00:00,0,0.0015,0.0015,0.0005,197817.57637000023,98.00046296296296,197,mid
0xcc9ae8cac40513971ac0c670c9ca7ad90088b1ab0c173ab6a65a96229040af80,econ,Will the government shutdown last 2 days or more?,2+ days,2026-03-31 00:00:00+00:00,1,0.9975,0.9975,0.9975,424933.882968,1.0000925925925925,3,high
0x360b5ab61e12806d96430a792f43d4c38fa7a33345c7c99db897accb59983db6,econ,Will the government shutdown last 30 days or more?,30+ days,2026-03-31 00:00:00+00:00,0,0.0005,0.0005,0.0005,933496.426072,9.999965277777777,21,high
0xd2cf2ac9bf4caf3995f8d8ff4649688430c6733df13ab2d03e3e0756f36f2acb,econ,Will the government shutdown last 14 days or more?,14+ days,2026-03-31 00:00:00+00:00,0,0.0005,0.0005,0.0005,1157026.908903,9.999965277777777,21,high
0x8f055b9db0a2d64b59b33e03bc8885f05a7c5116b3e2b6bb458011d6e18fb5d0,econ,Will the government shutdown last 60 days or more?,60+ days,2026-03-31 00:00:00+00:00,0,0.0005,0.0005,0.0005,413599.77387,9.999988425925926,21,high
0x2283b23da5df673df981804e61e0f56d393976671f23608af4f12604008fb773,earnings,,MKC,2026-03-31 13:00:00+00:00,1,0.67,0.665,,0.0,11.00011574074074,21,low
0x60ae4ea95aad0363b739626b26813c0b76215c14c4e1fff3198b1dd1b9dc5d3d,earnings,,FDS,2026-03-31 13:00:00+00:00,1,0.745,0.755,,0.0,11.000162037037038,23,low
0x77f64d937ba842861dc6a9dbaaafc8c85dfda68fc01f1c76d3160b4caaf6fa67,earnings,,PLAY,2026-03-31 21:00:00+00:00,0,0.215,0.21,,0.0,9.000150462962964,19,low
0x04e3aa08ff437518658725bf3674b3e5106a554521d705181e750416c6f437e7,earnings,,NKE,2026-03-31 21:00:00+00:00,1,0.745,0.745,,0.0,8.50013888888889,17,low
0x5948c26308fcb2e24d895ffdaabae57ae2fb870550d5dcbe1ebcff7c76a7288a,earnings,,LW,2026-04-01 13:00:00+00:00,1,0.94,0.94,,0.0,8.500127314814815,17,low
0xc2da51fc29676e529ecb2899593992473ebfd52fb3f16620fcf704ec23519705,earnings,,MSM,2026-04-01 13:00:00+00:00,0,0.6455,0.6455,,0.0,9.000219907407407,19,low
0x11d1a2071e422864eca23cd5284748ac309037fba7d3f4cdf7a1d1e6970b37d0,earnings,,CAG,2026-04-01 13:00:00+00:00,0,0.63,0.645,,0.0,11.00011574074074,22,low
0x649a227fa8b8886bb043d3711e078f7ace9d5c2ff69b979b1f563ceff3512a9a,earnings,,RH,2026-04-01 21:00:00+00:00,0,0.315,0.245,,0.0,11.500196759259259,24,low
0x792a6bee4c01700266130b53b6f8ad9257bf27bd8c2e46ab4c2734adb75d5861,econ,Will the March 2026 unemployment rate be 4.0%?,4.0%,2026-04-03 00:00:00+00:00,0,0.0205,0.0205,0.0205,123766.63746899996,43.000347222222224,85,mid
0x3e1b67bac7dae3291574c02e8111f39db5f23c130fcdb4e7a7ecc3a360e997e1,earnings,,DAL,2026-04-08 13:00:00+00:00,1,0.815,0.815,,0.0,12.499907407407408,7,low
0x8328fe4809abededdf34ec74091f94d88d12d882c9b8932fb1b2924be9a7ce40,earnings,,WDFC,2026-04-09 21:00:00+00:00,1,0.65,0.56,,0.0,12.999803240740741,7,low
0xcfe2adf287d2b09ee6640e05e36070ffa6b90dd1c292a977ff378d66188d36fd,econ,Will annual inflation increase by 2.4% in March?,2.4%,2026-04-10 00:00:00+00:00,0,0.005,0.0015,0.0015,208604.7803999999,53.9999537037037,86,high
0x7bb15864f9a2bc18136e0a2d4ae3c22919f5162619ee4c62fa7982c01ff726fc,econ,Will annual inflation increase by 2.6% in March?,2.6%,2026-04-10 00:00:00+00:00,0,0.0025,0.001,0.0005,176981.18702199982,53.999976851851855,86,mid
0xba18ed27cfa6e9a2a741220ef5abfb8055251226e2e7f5efde290f0b87c517bc,econ,Will monthly inflation increase by 0.4% in March?,0.4%,2026-04-10 00:00:00+00:00,0,0.0035,0.0055,0.005,102491.36655499999,27.9996875,30,mid
0xe85ecaffd8541f8c74088f671cbdfb97eaaf91f92e1194fb673e8abc3974c75c,econ,Will monthly inflation increase by 0.3% or less in March?,≤0.3%,2026-04-10 00:00:00+00:00,0,0.007,0.0095,0.0065,217709.176759,28.000127314814815,37,high
0xb7bdc90921a72a82f6f438b02d4a0eb33b33009d21cea1532452ec825aea0c79,econ,Will annual inflation increase by 3.3% in March?,3.3%,2026-04-10 00:00:00+00:00,1,0.391,0.399,0.4185,216587.2860720001,27.999849537037036,38,high
0x2091f233d41008fb13d4cf8f105630947d1bf0f054e42db8a3b2276dad7d4db0,econ,Will annual inflation increase by 2.2% in March?,2.2%,2026-04-10 00:00:00+00:00,0,0.0015,0.0015,0.003,107931.530178,54.00001157407407,87,mid
0xaaec92aee62b3dda886c0c5229ce4dd3cebfbf629b0aac3d6968bb4fc14fe870,econ,Will annual inflation increase by 2.1% in March?,2.1%,2026-04-10 00:00:00+00:00,0,0.0005,0.0005,0.0005,103331.59775500002,54.00012731481481,86,mid
0x323da2ff081f61245b381d7a6fd8ea81d415ba59657104fb4fe4c40c5347a857,econ,Will annual inflation increase by ≤2.6% in March?,≤2.6%,2026-04-10 00:00:00+00:00,0,0.008,0.0055,0.0055,145060.27962499988,27.999791666666667,31,mid
0xde59eb12d813c8f9bd5988c4ec2227c4218468cef5058cf4793756c31e9e4538,econ,Will monthly inflation increase by 0.8% or more in March?,≥0.8%,2026-04-10 00:00:00+00:00,1,0.84,0.926,0.939,142612.3029530001,28.0,35,mid
0x588040c71ffd941f195759fde40541a60cf6a655385571121637e8e6ec6eb686,econ,Will a dozen eggs cost <$2.00 in March?,<$2.00,2026-04-10 00:00:00+00:00,0,0.0185,0.0075,0.0075,113981.11237800005,23.499814814814815,25,mid
0xcb34fbe5b254686208d154329772bc1e8422f0bb5c5bce9376eec2277f34d91a,econ,Will annual inflation increase by ≤2.0% in March?,≤2.0%,2026-04-10 00:00:00+00:00,0,0.006,0.003,0.003,213921.53973199974,54.000034722222225,87,high
0x72c44ab7f52ba2e7df9d5892280cec20e55942b0dda3739e48205e3f15fe21b9,econ,Will a dozen eggs cost ≥$4.00 in March?,≥$4.00,2026-04-10 00:00:00+00:00,0,0.0015,0.001,0.0005,165539.303434,27.999814814814815,35,mid
0x9ae08b30068d53a5848e1fdd441cb2c9c8cae0e5dccd324702d62183789b483f,econ,Will annual inflation increase by ≥3.4% in March?,≥3.4%,2026-04-10 00:00:00+00:00,0,0.401,0.431,0.4175,308290.3319040008,28.000069444444446,36,high
0x33c11bb8169f21897aab2c3f541369536eb4be8f48a1b7c6801d90a4ddc310e0,econ,Will annual inflation increase by 2.3% in March?,2.3%,2026-04-10 00:00:00+00:00,0,0.0015,0.0015,0.001,239085.96158999973,55.50008101851852,108,high
0xe42410e8df93c94e34be5158b1ce29a46f9074a4f8a375f2449fee4663331afb,econ,Will annual inflation increase by 3.1% in March?,3.1%,2026-04-10 00:00:00+00:00,0,0.028,0.0165,0.0215,134628.06591599985,27.99988425925926,35,mid
0xcc7cf9ee4fdace7bf4bf2e6f4af5aad5ee5a815811f0192a0a4810eed6777bd0,econ,Will annual inflation increase by 2.7% in March?,2.7%,2026-04-10 00:00:00+00:00,0,0.0015,0.0025,0.0025,136762.86453300013,27.99980324074074,35,mid
0x49ddcacf6c172c59598a6dec8e5eff90d971cb612a00c573111b23046cf61ff1,econ,Will annual inflation increase by 2.5% in March?,2.5%,2026-04-10 00:00:00+00:00,0,0.0025,0.004,0.0015,205962.1168079998,53.99980324074074,79,high
0x8018480ae01e45888bbe48c9caa95ad978b5989274707ed4e11a21fd092a52c7,econ,Will annual inflation increase by 2.7% in March?,2.7%,2026-04-10 00:00:00+00:00,0,0.0025,0.0015,0.0005,188599.10314200012,53.99975694444444,76,mid
0x34ae6edef62d01800a54869009ccd6b9a1e08260a276e2e2348b630eaec7079e,econ,Will annual inflation increase by ≥2.8% in March?,≥2.8%,2026-04-10 00:00:00+00:00,1,0.988,0.988,0.9905,1900362.231388996,53.99998842592593,76,high
0xaa85bcd9519f35a65fc4ff2a543d9bfda90930fc1b33d4d24dd62172f8565e4e,earnings,,UNTY,2026-04-10 13:00:00+00:00,1,0.755,0.755,,0.0,14.999537037037037,6,low
0xebb4e5764a2ccb47c9cef80f74e4aacf464f663987ad89522ccc13b89d433448,earnings,,GS,2026-04-13 13:00:00+00:00,1,0.915,0.915,,0.0,6.999618055555556,5,low
0x76618b4e9d671d272dc129cc0c63aab5821765b5fb3d575cbbe23f5017dec7dc,earnings,,C,2026-04-14 13:00:00+00:00,1,0.845,0.845,,0.0,0.4998611111111111,2,low
0x483bc2bec1cf8d3e5137e892fcb3a4d791a93a3c86484aac24369d224b5db059,earnings,,JNJ,2026-04-14 13:00:00+00:00,1,0.89,0.89,,0.0,6.999606481481481,6,low
0xfefef6b3b9197323deba34011b611fd6ab9357ea0c383d48cd640543df968a19,earnings,,KMX,2026-04-14 13:00:00+00:00,0,0.54,0.54,,0.0,4.000324074074074,3,low
0xdae2237c82b1ff856f876a7ec445b39f0ec7d7f52fefbf473ed4bd3d29b12105,earnings,,BLK,2026-04-14 13:00:00+00:00,1,0.87,0.87,,0.0,4.0003472222222225,3,low
0x42805e0a43125b1d66004e1032db2e461218d83619c6090d2c631319f014bc4e,earnings,,WFC,2026-04-14 13:00:00+00:00,1,0.7,0.765,,0.0,6.999965277777778,4,low
0x91a9c860963f2abfb7bbef38737c9afb9bb921f0222947dd83ecb00dc2614976,earnings,,JPM,2026-04-14 13:00:00+00:00,1,0.91,0.895,,0.0,14.000011574074074,25,low
0x92cf1f0046f660297ac62942e517f4f66ff6c4bf11d51855c54558bac3b9e887,earnings,,MS,2026-04-15 13:00:00+00:00,1,0.91,0.91,,0.0,4.0003472222222225,3,low
0xd0e65ec7ec82c771eaadc1df1ebe8c2a0a8161e351937df73e76a0e42dd796ac,earnings,,PNC,2026-04-15 13:00:00+00:00,1,0.74,0.78,,0.0,13.500023148148149,25,low
0x03c4a77a6009ad671096fa1783d336ebcdd91b25cb16cf8cc58af3357994b6b0,earnings,,MTB,2026-04-15 13:00:00+00:00,1,0.705,0.705,,0.0,6.999618055555556,5,low
0xa0fbc4d7b747d4c71681818c45a46a700451d8d9fe611ab2ebb4183451eb9989,earnings,,BAC,2026-04-15 13:00:00+00:00,1,0.825,0.825,,0.0,6.99994212962963,4,low
0x0d3cb3175e5f2d48527e991be11913dc2e7d5d3e76ea653d597f762e76041da0,earnings,,CFG,2026-04-16 13:00:00+00:00,1,0.755,0.755,,0.0,11.999918981481482,8,low
0x2b12bcfad7a5f223af5f6d0df507aeddb5e386cab77d830576b5c883071eec1a,earnings,,TSM,2026-04-16 13:00:00+00:00,1,0.905,0.905,,0.0,3.499490740740741,3,low
0x552b302f3887af3e0ecd39c0256b7f96653ce20bf5e567e8ed0bb8775415f32d,earnings,,BK,2026-04-16 13:00:00+00:00,1,0.815,0.905,,0.0,9.500023148148149,9,low
0xcdbba00ef159f3405e1ae4986f8dc5a3b3b168db6f6a99718446552a323d03ec,earnings,,SCHW,2026-04-16 13:00:00+00:00,1,0.875,0.915,,0.0,9.499965277777777,17,low
0xb90eec24d91ab934ecfc35d21c162508ad66d1c7a9d5a5d59b524147a3fa4e0d,earnings,,USB,2026-04-16 13:00:00+00:00,1,0.79,0.79,,0.0,0.4998842592592593,2,low
0x59cd436c3562896caaabc57608c90d8761814235e18b366d0c865f6c7cabc1bb,earnings,,PEP,2026-04-16 13:00:00+00:00,1,0.845,0.845,,0.0,0.5000462962962963,2,low
0xd7457afe5329090292c32bc5bde74b9b005426aadc09fc530da5b696b2655bba,earnings,,NFLX,2026-04-16 21:00:00+00:00,1,0.905,0.905,,0.0,0.5000347222222222,2,low
0x2af7f9be6f99094c10f8adc1597baccc2102c7945994887df25ac9af28dda7d0,econ,Will China GDP growth in Q1 2026 be between 5.5% and 6.0%?,5.5-6.0%,2026-04-17 00:00:00+00:00,0,0.0165,0.0165,0.0165,120647.05531400003,76.49984953703704,129,mid
0xa747b79567b9cdd586dd2204cdab4e96a4622064ac353daf2bcabe7bff06262f,earnings,,TFC,2026-04-17 13:00:00+00:00,1,0.61,0.61,,0.0,0.49994212962962964,2,low
0x941ecb1562777b01b3964735462cd59db9220ac95625e5404b8c75ada7a0aa33,earnings,,ALLY,2026-04-17 13:00:00+00:00,1,0.76,0.805,,0.0,10.500011574074074,19,low
0x8fe2d3e0b79bf0c35e78323b8014615944ee2e57648101354432f4eff14d8988,earnings,,STT,2026-04-17 13:00:00+00:00,0,0.815,0.815,,0.0,0.500011574074074,2,low
0x0b26b708baddeea1afc97fbb1e60e12cdbc3215a09f39982373fe21538f02192,earnings,,UNH,2026-04-21 13:00:00+00:00,1,0.6,0.6,,0.0,9.499780092592593,3,low
0x3d375915df4bfec09b4f74ab5fe31aed057a5fc1449df629ea66ead9af47fe2a,earnings,,HAL,2026-04-21 13:00:00+00:00,1,0.665,0.665,,0.0,3.499548611111111,3,low
0xcf5eed900375db73fd3f389260038db1cb87321b5212dac06320ecbfe6cfe3d0,earnings,,TSCO,2026-04-21 13:00:00+00:00,0,0.335,0.335,,0.0,9.499814814814815,3,low
0xeeb759e8db4eca494a8dcf81c9fe95bb35a019deaa004681b395a92ca4d2740d,earnings,,MBWM,2026-04-21 13:00:00+00:00,1,0.855,0.895,,0.0,13.49994212962963,24,low
0x1c2f6d6e78e94fc4667e4d79605c670f51565864ac081494511b79cd7a3caa44,earnings,,COF,2026-04-21 21:00:00+00:00,0,0.71,0.71,,0.0,13.50017361111111,9,low
0x0d0b55e0794550c8e23b51232d585d8d211f75dac39b12ae22f4345b0171f201,earnings,,IBKR,2026-04-21 21:00:00+00:00,0,0.845,0.845,,0.0,13.499479166666667,4,low
0xf4c8d9da54bf17b02c7d7403df02fd769582578fd32b91b7784901bcb708d389,earnings,,BFC,2026-04-21 21:00:00+00:00,0,0.475,0.475,,0.0,0.4999189814814815,2,low
0x65946bff5b8ff40ac5177f3421857189e361e23c15192211e08815731287104d,earnings,,T,2026-04-22 13:00:00+00:00,1,0.82,0.82,,0.0,13.499675925925926,4,low
0xd3a228bcbad8cd4e3439a8a2d88d85cbf6d511febc1760f21af875831922f01d,earnings,,BA,2026-04-22 13:00:00+00:00,1,0.345,0.275,,0.0,13.499837962962962,10,low
0x7843afe735d99ce1125c1cc6d78051fa11a313799b9ae307488896ea5bfb54c7,earnings,,CME,2026-04-22 13:00:00+00:00,1,0.885,0.885,,0.0,13.499652777777778,4,low
0xb9ad7d30aaa58592992c5779223329770923ff07cee3d6ed72ecf346f28851fe,earnings,,MCO,2026-04-22 13:00:00+00:00,1,0.835,0.835,,0.0,13.4996875,4,low
0xec1a6445382594b45968ff196c4a8b8226443b905d717aa7eb4cb57c00292156,earnings,,IBM,2026-04-22 21:00:00+00:00,1,0.905,0.951,,0.0,14.000034722222223,26,low
0xa6e7592ba207b357c885eb110fd170ccc79dc82f80b366f7a903aff76d140d59,earnings,,TSLA,2026-04-22 21:00:00+00:00,1,0.34,0.34,,0.0,13.499768518518518,6,low
0xc78d33680f069737cb1b10c6b6b3e84cc4dc501c4b094ab4d566beeaf3ea8685,earnings,,TXN,2026-04-22 21:00:00+00:00,1,0.715,0.69,,0.0,13.999837962962962,11,low
0xcb4f0c28834522c4d5b3e98df6bd8a9e299a93be521afcc0251e375c4837d680,earnings,,CBRE,2026-04-23 13:00:00+00:00,1,0.885,0.905,,0.0,11.499918981481482,7,low
0x8df67128e0f9188b2f6604dada0a377a05996ef3f3a2bcbf5e0470ec15e47014,earnings,,BX,2026-04-23 13:00:00+00:00,0,0.285,0.245,,0.0,11.500069444444444,7,low
0xb2d4ebc8eec9904102af85b0ab5d5cfe2a72758fc9fed5dc7b1adb99aa3d7acc,earnings,,AXP,2026-04-23 13:00:00+00:00,1,0.8,0.85,,0.0,11.999398148148147,19,low
0x8e08c881f8bd30a3e4f8352baa83751e478f7d42884572a636d1031e1e929a70,earnings,,DOW,2026-04-23 13:00:00+00:00,1,0.495,0.88,,0.0,11.49986111111111,5,low
0x86235e04623616ad07de322b3bf921bf52831567c9fa1a3d75092a98b02d11d9,earnings,,STBA,2026-04-23 13:00:00+00:00,1,0.5,0.865,,0.0,11.499837962962962,6,low
0x7f88043de7a6dfc509456e14ab7f1ad4177ca3c5987c115ff9d7d5c38b7296db,earnings,,UNP,2026-04-23 13:00:00+00:00,1,0.745,0.64,,0.0,5.499907407407408,5,low
0xd7118fc53709b96a1a2c415f5e4f7dfb281cea6fa41ea8f0432028543c6bb195,earnings,,HON,2026-04-23 13:00:00+00:00,1,0.9,0.94,,0.0,10.499398148148147,15,low
0x6a2614893c2b31c4aff00fc6e3fdc1508b88c3c8d48e2e8fd3ae8d940697018e,earnings,,INFY,2026-04-23 13:00:00+00:00,1,0.5,0.245,,0.0,11.500011574074074,5,low
0x95d97e80133a2a45b14c4a3d4c5e002d8fafe7b1ec1d3265bffbbfd91a2267d1,earnings,,AAL,2026-04-23 13:00:00+00:00,1,0.66,0.635,,0.0,2.999398148148148,5,low
0x7549396592e41db88045fbf77e20f9ae3797381a907909cd173c07c86bd20e6a,earnings,,UBSI,2026-04-23 13:00:00+00:00,1,0.755,0.79,,0.0,5.499953703703704,5,low
0x9517da80b6edfccdc6091d850bd647a75089ff0938c174dddc39e80feb7ac190,earnings,,INTC,2026-04-23 21:00:00+00:00,1,0.81,0.905,,0.0,6.999398148148148,13,low
0xde611c9c5362d620de9857cc119781f577a860851f022973b17c456fda6e1ba4,earnings,,SSNC,2026-04-23 21:00:00+00:00,1,0.495,0.91,,0.0,11.49988425925926,5,low
0x6e54cae7bef130be09698496b15501179ef0025a744eec9df708d04e26b80b94,earnings,,COUR,2026-04-23 21:00:00+00:00,0,0.66,0.785,,0.0,11.500081018518518,7,low
0x1448b6fb6823233b69a6f1226bddb952542c794059f94b720b30ae36fe702c28,econ,Will the Bank of Russia decrease the key rate after the April Meeting?,Decrease,2026-04-24 00:00:00+00:00,1,0.9685,0.9555,0.9745,103309.20260600012,69.49961805555556,92,mid
0x2ec40cdf2cbaa60b41b5991c6ccede05656db85ad6271e341e80eca0cc240bb6,earnings,,PG,2026-04-24 13:00:00+00:00,1,0.88,0.925,,0.0,12.49994212962963,7,low
0xfc5d87c36a7dcdb7bcaa2779b57b23f3cc251a77c3e5bdb8ce5a78daa58923cf,earnings,,VZ,2026-04-27 13:00:00+00:00,1,0.815,0.79,,0.0,5.500127314814815,12,low
0xda55a106e5faf1d26dea0886840f09ea09322c941086c7111dc053e5ca1d5f45,earnings,,DPZ,2026-04-27 13:00:00+00:00,0,0.555,0.38,,0.0,9.50011574074074,13,low
0x9932a126b03eb1bd88bbc754dc925710fcd7b436b3705a5543c78c3a609772f9,earnings,,BBBY,2026-04-27 21:00:00+00:00,0,0.725,0.72,,0.0,8.499525462962962,14,low
0x1f351a6877d34ff9fc78dbd39b9461436cdd09d13fa52f3c89c252e686482ae0,econ,Will the Bank of Brazil decrease the Selic rate after April 2026 meeting?,Decrease,2026-04-28 00:00:00+00:00,1,0.941,0.9385,0.9645,127519.94117999976,88.49982638888889,127,mid
0x62b71e5e61067bc382f67779e8135ee4512acbab9ddb4a44917dc7d9f93e607a,econ,No change in Bank of Japan’s interest rates after the April 2026 meeting?,No change,2026-04-28 00:00:00+00:00,1,0.9795,0.9835,0.988,385091.9213600008,93.99981481481481,139,high
0x848223ff8871d1f37fcb6ba83a5edc1c917ea4bdc8c708a4513e56f575091277,econ,Bank of Japan increases interest rates by 25 bps after the April 2026 meeting?,25 bps increase,2026-04-28 00:00:00+00:00,0,0.019,0.015,0.012,259260.60394499998,93.99959490740741,126,high
0xa144a1162c2b8cb1291201809b0873a68cd8b9133e881aae249da8cbf8830920,econ,No change in the Selic rate after Bank of Brazil’s April 2026 meeting?,No Change,2026-04-28 00:00:00+00:00,0,0.0585,0.061,0.0295,155928.10370499984,88.49965277777778,137,mid
0x00da1f8d0b1f8fac5a6d1cb44dc84f6bc1af7d552e452c9debd50cd290d6df71,econ,Bank of Japan increases interest rates by 50+ bps after the April 2026 meeting?,50+ bps increase,2026-04-28 00:00:00+00:00,0,0.0025,0.0015,0.0015,485025.0955289992,93.9996412037037,134,high
0x8fb526c3afd133bae39214acb5502374a36e3563cbedb8a964899825c8be2b64,econ,Bank of Japan decreases interest rates after the April 2026 meeting?,Decrease rates,2026-04-28 00:00:00+00:00,0,0.0015,0.0025,0.0005,289038.4387240005,93.99966435185185,132,high
0x42f54363694f82ef6e4de7831203dfd4b1cbd84d6dfdb6fa43496d0437f96304,econ,Will the Bank of Brazil increase the Selic rate after April 2026 meeting?,Increase,2026-04-28 00:00:00+00:00,0,0.002,0.002,0.0035,296688.2338699999,88.49969907407407,148,high
0x21421d6ad73ce68962a0d7f8299137375a67dcfcf80ce05008a037f54e171e1c,earnings,,KO,2026-04-28 13:00:00+00:00,1,0.93,0.805,,0.0,6.4999768518518515,14,low
0xc8c1f2e3d13f55774cf0745aa96341d01e9ec4815ac3224a91710e36f66e7b5c,earnings,,SPGI,2026-04-28 13:00:00+00:00,1,0.9045,0.8655,,0.0,10.500092592592592,15,low
0x4c49671b2aa4b14041822cad52515ff2f71c675b9421964a8ba8936e7c39733f,earnings,,PJT,2026-04-28 13:00:00+00:00,1,0.795,0.865,,0.0,4.499780092592593,10,low
0xfb4af91980720e221017cc4e1a6dca77e36ceb58a53226f34d97b4837a7694a1,earnings,,BP,2026-04-28 13:00:00+00:00,1,0.91,0.915,,0.0,9.499502314814816,19,low
0x0d4ca709025f50de4d461e8f01e7cebcb818b06659421922c2b40e8401eaa9b1,earnings,,SYY,2026-04-28 13:00:00+00:00,0,0.905,0.92,,0.0,11.999560185185185,16,low
0x3da69acb4d167a2b235efd4e44d8ac0d880268008db90bbb07c1e79c45c77fca,earnings,,BEN,2026-04-28 13:00:00+00:00,1,0.58,0.685,,0.0,10.499872685185185,15,low
0x9ab62b8f6d718f74c019c87e3ffc63365b84dac9ea13628ed2eef16dabc0bf04,earnings,,HLT,2026-04-28 13:00:00+00:00,1,0.865,0.885,,0.0,4.499768518518518,10,low
0xc5c75221e52dc039417f74250db2b37be454a4250120f3a9a1fe2262dd2fd5ed,earnings,,JBLU,2026-04-28 13:00:00+00:00,0,0.625,0.685,,0.0,4.499780092592593,10,low
0xebb9a98e06abca49f05f4d77f5b9ef8f0adba7b051be789409caa8d6d0cb8ea1,earnings,,ARCC,2026-04-28 13:00:00+00:00,0,0.335,0.375,,0.0,10.499849537037036,16,low
0xbe2375ce62c3b4721d65df37398c8675c4a7357c4bccad30a356951248ad6cc2,earnings,,IVZ,2026-04-28 13:00:00+00:00,0,0.835,0.675,,0.0,10.499895833333333,15,low
0xc688479740b99dd65bf357b1cfc448619e52bf7362a1becbc1262343779367f9,earnings,,CSGP,2026-04-28 21:00:00+00:00,1,0.565,0.555,,0.0,4.4998148148148145,10,low
0xa626f84bfafa763610ae8fb800a2386bc10bdb6afe6e61a017caceee9f34d5ec,earnings,,BKNG,2026-04-28 21:00:00+00:00,1,0.91,0.93,,0.0,9.499363425925926,16,low
0xd75ee7d46d513226c413c74d527cf9e5c79203895dcb9b2d3a390314b9fbef7b,earnings,,NXPI,2026-04-28 21:00:00+00:00,1,0.87,0.91,,0.0,6.4999768518518515,14,low
0x512838d608fbb1cb1d3814857b888671ace9ae3775760f512a91bc3f72d1b1a9,earnings,,CZR,2026-04-28 21:00:00+00:00,0,0.235,0.225,,0.0,6.4999768518518515,14,low
0x6bb11750c92f17a71d1f63c752b7b00cc74787d8b3a47305b257fcf300e0096b,earnings,,SBUX,2026-04-28 21:00:00+00:00,1,0.425,0.36,,0.0,4.4998148148148145,10,low
0xd4d00e5bf8b960cc37c74c1ec19e41e00b0706add203ddcfbb65ad006c5c223a,econ,Will the Fed increase interest rates by 25+ bps after the April 2026 meeting?,25+ bps increase,2026-04-29 00:00:00+00:00,0,0.0015,0.0005,0.0005,75978206.16104123,167.0,312,high
0xd72622d154dfe65b9c019d6afcfe75a55717e5c502db611f555b101aafbf6ec5,econ,Will the Fed decrease interest rates by 50+ bps after the April 2026 meeting?,50+ bps decrease,2026-04-29 00:00:00+00:00,0,0.0005,0.0005,0.0005,66025383.9220003,166.9999537037037,315,high
0x0d14f5dc9fb3250ec888b1ac8d9fe9a0ce06f9d3ea60fdf138e8690622fea84c,econ,Will the Fed decrease interest rates by 25 bps after the April 2026 meeting?,25 bps decrease,2026-04-29 00:00:00+00:00,0,0.0015,0.0005,0.0005,65311948.7161929,166.99975694444444,272,high
0x36e8ca24d2a13435f519f15580d42b45cdbe3bc425fb39a7c2733260357af0fa,econ,Will there be no change in Fed interest rates after the April 2026 meeting?,No change,2026-04-29 00:00:00+00:00,1,0.9955,0.9985,0.9985,76909226.49304736,166.99965277777778,263,high
0x9c2e0bc6be941a564feb9df748674b472b68267616a81d60f2a154a261797ab9,econ,"Will Powell say ""Crypto"" or ""Bitcoin"" during April press conference?",Crypto / Bitcoin,2026-04-29 00:00:00+00:00,0,0.085,0.08,0.085,207211.69619899997,24.499872685185185,22,high
0x337f46c571cdf4b891a7faed065a053fcf012481189a7dd7ebad20777e05a4a1,econ,Will the Fed Pause–Pause–Cut in the next three decisions (Jan–Mar–Apr)?,Pause–Pause–Cut,2026-04-29 00:00:00+00:00,0,0.003,0.0015,0.0015,250133.501041,133.49998842592592,222,high
0x951fda6a6baf97f16d903534095b84dfb20ea35cdd9a35e6854f18f47d6ec69a,econ,Will the Fed decide differently in the next three decisions (Jan–Mar–Apr)?,Other,2026-04-29 00:00:00+00:00,0,0.002,0.002,0.0015,289268.1760079999,133.4998148148148,201,high
0x20f76a4336ebb545081b3baf5f34566d4bc6bec0d61c8e445412768077573bc0,econ,Will one person dissent the April Fed decision?,1,2026-04-29 00:00:00+00:00,1,0.745,0.84,0.835,684875.5431609997,39.99953703703704,35,high
0xf8bdf5de2c674c5fc8a03bf2e1fb38c39f4816a6ed2c4a6a0b87253024e033fc,econ,"Will Powell say ""Good Afternoon"" during April press conference?",Good Afternoon,2026-04-29 00:00:00+00:00,1,0.9775,0.9745,0.976,312686.6656629998,24.49988425925926,22,high
0x0a56c2262bd104bca10387b9678fd154ce3111b5cc4de08f1feb728e911ce737,econ,Will four or more people dissent the April Fed decision?,4+,2026-04-29 00:00:00+00:00,0,0.006,0.004,0.0035,787054.7206400002,39.9996875,44,high
0x0248586d93eca782dc023e24a8948575ac27db8ba249b28cf0a101e3c4263aa9,econ,Will the Fed Pause–Pause–Pause in the next three decisions (Jan–Mar–Apr)?,Pause–Pause–Pause,2026-04-29 00:00:00+00:00,1,0.994,0.9965,0.997,116256.4135779998,133.50002314814816,238,mid
0x71ff324cfe1450fe3e80c7f588fb390c80847b48049e47255d322eb7f22e1395,earnings,,TW,2026-04-29 13:00:00+00:00,1,0.72,0.71,,0.0,10.999386574074075,22,low
0x01712033768f53116ecfad4e4234902bac1c72a4285aa6c034b844f986fabf5d,earnings,,SOFI,2026-04-29 13:00:00+00:00,0,0.93,0.915,,0.0,7.499988425925926,16,low
0x214f240fa0b2e5223559b39460d198391902e0d1af4bca1ef45e33eb46ba3fd9,earnings,,GD,2026-04-29 13:00:00+00:00,1,0.9045,0.9195,,0.0,20.49962962962963,18,low
0x605aa03f16c4ac6bff0395c2d84b4dd575fc0d02640ee2b424aee6a654a53d23,earnings,,YUM,2026-04-29 13:00:00+00:00,1,0.555,0.56,,0.0,7.499988425925926,16,low
0x393c6ffb79e74bfd9afdbeb947cf2991522bee6f656d0332027c9814b30b8721,earnings,,VIRT,2026-04-29 13:00:00+00:00,1,0.945,0.94,,0.0,10.499421296296296,21,low
0x42abc0d45d1985a2fd9cf9047b9d9da5759005506ede2e63555ec082033aab76,earnings,,GRMN,2026-04-29 13:00:00+00:00,1,0.755,0.84,,0.0,11.49988425925926,17,low
0x81cc33c1987b14eec3a9a00542ff0960cb53bc011cdb4c08a9159bdc1b198444,earnings,,HUM,2026-04-29 13:00:00+00:00,1,0.72,0.76,,0.0,10.99957175925926,22,low
0xa2dc0ae9b6c47b2f474436990e3f42e550246ecc1a61f71ff17723ebaf8f1073,earnings,,PAG,2026-04-29 13:00:00+00:00,1,0.455,0.455,,0.0,7.499988425925926,16,low
0x4b09f50ce844bdc9e9858bf4d7477a4576cd9d43997261cdf211496673061d2b,earnings,,WING,2026-04-29 13:00:00+00:00,1,0.85,0.845,,0.0,11.499733796296296,18,low
0x2264cc6e300d580b3cc122788dc96a705f4bc6cd1e064f9626ade11160e9a1fe,earnings,,CAT,2026-04-29 13:00:00+00:00,1,0.77,0.715,,0.0,12.49986111111111,20,low
0x25d304e7d3eca4898745c358be9f5209091acf2032473a7027911d86f58c3676,earnings,,GOOGL,2026-04-29 21:00:00+00:00,1,0.951,0.9575,,0.0,7.499988425925926,16,low
0xfd80d6eb29ce8fe36eb015b19627a0627a17a8ba3b0e2ff5cdfaec94209ec709,earnings,,EBAY,2026-04-29 21:00:00+00:00,1,0.9075,0.9005,,0.0,10.999479166666667,22,low
0xa5f974d87f1a205bd5a18676a9af927a2ce1f3669617ae124b9f808941f9a01a,earnings,,QCOM,2026-04-29 21:00:00+00:00,1,0.92,0.92,,0.0,11.499849537037036,17,low
0x9073d232735a32de5f1805b3e1205fafc67fe0551cdbf0a46894585a6af5bd39,earnings,,META,2026-04-29 21:00:00+00:00,1,0.925,0.9275,,0.0,7.499988425925926,16,low
0x7d32292f9b305098581859a93ef954f34f92efd8d2fd10fee7ce263b9c5474c3,earnings,,MSFT,2026-04-29 21:00:00+00:00,1,0.935,0.9385,,0.0,11.499976851851851,17,low
0xf6daf876725740bec404f38bb3418b97ab7f86a2213dcb0ceaf0e97c810259cd,earnings,,ORLY,2026-04-29 21:00:00+00:00,1,0.285,0.37,,0.0,10.999456018518519,22,low
0x96e18000641f79382f0bef190cbaa58e96cbef13450f7c3dc3e1edcf756367d9,earnings,,CMG,2026-04-29 21:00:00+00:00,0,0.68,0.685,,0.0,10.999398148148147,19,low
0x00a7577d0b55fbbfc5b46d4906c24e205f64ce6e32e3dec1f6a3cdad487ba5f2,earnings,,TDOC,2026-04-29 21:00:00+00:00,0,0.42,0.545,,0.0,7.499988425925926,16,low
0x00879f5e3f072e07805207c2587893a3a98175602b1fff4fa06858b939a24549,earnings,,WAY,2026-04-29 21:00:00+00:00,1,0.575,0.58,,0.0,11.499965277777777,17,low
0xd3d4080315114bd1edd3e96415f9a9e31fef066116a483331bda6f150d48e850,earnings,,AFL,2026-04-29 21:00:00+00:00,0,0.45,0.6,,0.0,7.49994212962963,16,low
0xb844a61b3fe6a8e3fffa232905a3fa71205d4b308993ec76329f4cf21d5867aa,earnings,,AMZN,2026-04-29 21:00:00+00:00,1,0.9605,0.947,,0.0,8.0,17,low
0x00764c0ab2a057c74fe4beef7473013d531dc002366d090b83638e6b130dd49d,earnings,,ALL,2026-04-29 21:00:00+00:00,1,0.84,0.945,,0.0,7.499988425925926,16,low
0xb88b63d351137c0228585d483cc17d6469285052ff4f3c534862fae918314095,earnings,,F,2026-04-29 21:00:00+00:00,1,0.66,0.57,,0.0,11.49994212962963,17,low
0xb50322982cd3efaef18a71cb16049a5b4f2877fabb3dc2b87a5e16aa470cba9c,econ,Will Tesla be the largest company in the world by market cap on April 30?,Tesla,2026-04-30 00:00:00+00:00,0,0.0005,0.0005,0.0005,2393935.0956379916,57.49976851851852,72,high
0xa1afe63ec310f3870f86803704c92c29e8fe866916dd7ef91c544403edf43abd,econ,Will Microsoft be the largest company in the world by market cap on April 30?,Microsoft,2026-04-30 00:00:00+00:00,0,0.0005,0.0005,0.0005,2509742.207513998,57.4996412037037,72,high
0xcaa5988656f92123f26fb2ed7a55d59f8991e5e27a80263f9d15aeedad851156,econ,Will NVIDIA be the third-largest company in the world by market cap on April 30?,NVIDIA,2026-04-30 00:00:00+00:00,0,0.0015,0.0015,0.0025,654980.791304,40.49953703703704,75,high
0xf3c53d4a64b10f559a45e34c5c384269c737a47cf483b4871bf5122318075d20,econ,Will the ECB announce a 50+ bps decrease at the April 2026 meeting?,50+ bps decrease,2026-04-30 00:00:00+00:00,0,0.0005,0.0005,0.0005,173557.80008000004,82.49957175925925,111,mid
0x54b36f27449bac18ab792efb1fce8e923d6dc190a311cb28aef0926583ae5760,econ,Will NVIDIA be the largest company in the world by market cap on April 30?,NVIDIA,2026-04-30 00:00:00+00:00,1,0.9965,0.998,0.999,2340824.0530290194,57.49954861111111,97,high
0x55d89b6dc1f66dde272f37704a183229e9e63f00cfb3075797f060f6fba711af,econ,Will Microsoft be the second-largest company in the world by market cap on April 30?,Microsoft,2026-04-30 00:00:00+00:00,0,0.0015,0.0015,0.001,282309.36447899987,40.499780092592594,38,high
0x8cc7c10edcc47725f108a64bd384134f44c7dad983199939a1685dfd67019259,econ,Will Alphabet be the second-largest company in the world by market cap on April 30?,Alphabet,2026-04-30 00:00:00+00:00,1,0.91,0.9795,0.967,275234.8296399997,40.49969907407407,77,high
0xd0c6d2c194bdf7d9773c952da1d26203fceaebe0320396dbc55ad4af911ea474,econ,Will Amazon be the largest company in the world by market cap on April 30?,Amazon,2026-04-30 00:00:00+00:00,0,0.0005,0.0005,0.0005,2275056.7224099888,57.49954861111111,64,high
0xe6770972b8d072a4064980d7105180ed7977361c47570529fd582e6dd3041277,econ,Will the criminal investigation into Jerome Powell be dropped by April 30?,April 30,2026-04-30 00:00:00+00:00,1,0.9405,0.9405,0.9405,110550.45191599993,28.49962962962963,16,mid
0x807ba575f84169bdb061dd05da3e8eb314a129aa152e31518c2aff9979d5f986,econ,Will Trump agree to Iranian enrichment of uranium in April?,Enrichment of Uranium,2026-04-30 00:00:00+00:00,0,0.024,0.007,0.004,2180033.75682,12.999930555555556,20,high
0xdc607c58698c84817ba8963af6218076731e6af762a3018f7e36b54533aff940,econ,No change in Bank of England’s interest rates after April 2026 meeting?,No change,2026-04-30 00:00:00+00:00,1,0.9805,0.988,0.9845,163929.97646400027,82.49986111111112,122,mid
0x6468c95a0308394330bf55ae21835c8a341bf7efaeb697964ea5f9107972da2c,econ,Will Trump agree to unfreeze Iranian assets in April?,Unfreeze Iranian Assets,2026-04-30 00:00:00+00:00,0,0.0225,0.024,0.024,338186.8248709996,15.999398148148147,30,high
0xf8fd9b14ccfd4e76e5637ae507e0fac0a7cf4f38c0835faa23b9ff4f423bb065,econ,Will the ECB announce an increase at the April 2026 meeting?,Increase,2026-04-30 00:00:00+00:00,0,0.019,0.016,0.0105,346839.6711229995,82.49945601851852,112,high
0x195b94beadce4077ba1825af16de7aa38adc75bd270bdd1616f1d63448411f07,econ,Will Apple be the second-largest company in the world by market cap on April 30?,Apple,2026-04-30 00:00:00+00:00,0,0.085,0.014,0.0245,217741.65595199994,40.499594907407406,37,high
0xe7894a952192bb5fdead59f4b45a4240a7944e136e70e5a8da98fd85e7656d26,econ,Will Apple be the largest company in the world by market cap on April 30?,Apple,2026-04-30 00:00:00+00:00,0,0.0015,0.0015,0.001,1468173.0767800051,57.499409722222225,76,high
0x1e897977a630087c3377421dab25465f2084939e5dca4b2bd4d8ec6a901e789d,econ,Will Alphabet be the largest company in the world by market cap on April 30?,Alphabet,2026-04-30 00:00:00+00:00,0,0.0015,0.0015,0.0005,1297847.796237001,57.49974537037037,72,high
0xafbb2da36141abeffe30d6fbdca5f9cd7f8113a70a1e243ed03ef5a6004a104e,econ,Will Trump agree to Iranian Oil sanction relief in April?,Oil Sanction Relief,2026-04-30 00:00:00+00:00,0,0.055,0.0305,0.0175,381922.7469349997,13.499363425925926,23,high
0x859094579d551ab899c14c6563b4681ce5389d30498386138118a9e4f71f0989,econ,Will Saudi Aramco be the largest company in the world by market cap on April 30?,Saudi Aramco,2026-04-30 00:00:00+00:00,0,0.0005,0.0005,0.0005,2225406.833600996,57.4996875,68,high
0x607bc3b401801518852f4d3e8ae5573c1710f15ea6fbc1efda6c2614074da677,econ,Will the ECB announce no change at the April 2026 meeting?,No change,2026-04-30 00:00:00+00:00,1,0.969,0.9845,0.991,388828.62335000036,82.49995370370371,121,high
0x4b7fc2849abbc37acc11431cdaa33cc27f6da931a4c2e7da700da7f667367277,econ,Bank of England decreases interest rates by 25 bps after April 2026 meeting?,25 bps decrease,2026-04-30 00:00:00+00:00,0,0.0015,0.0015,0.0005,200366.71981900022,82.49974537037038,122,high
0x3e1363efbf76899943f61797d0ffc2de5c47a716e2ec66189f45ab65b28078f9,econ,Iran agrees to unrestricted shipping through Hormuz in April?,iran-agrees-to-unrestricted-shipping-through-hormuz-in-april,2026-04-30 00:00:00+00:00,0,0.0355,0.0565,0.009,438400.0863459998,12.999849537037036,21,high
0xa712289ae6c7b3ae33150093f7b0168ee23751712d195c40d8acc7d1f99e0b47,econ,Will Saudi Aramco be the second-largest company in the world by market cap on April 30?,Saudi Aramco,2026-04-30 00:00:00+00:00,0,0.0015,0.0005,0.0005,121945.00380699999,40.4996412037037,38,mid
0xb1bdbb044eb10d751a7245adb9a9265b60d193cb79107ea3a746f4bd1b2adfba,econ,Will Trump agree to Iranian transit fees in the Strait of Hormuz in April?,Transit Fees in the Strait of Hormuz,2026-04-30 00:00:00+00:00,0,0.013,0.0175,0.007,717150.9934950002,11.999386574074075,21,high
0xd408435416b76070a90c087e48a4d5a0527fda9bf9015dc2417eb32438ac37cb,econ,Will Amazon be the second-largest company in the world by market cap on April 30?,Amazon,2026-04-30 00:00:00+00:00,0,0.0005,0.0005,0.0005,125809.48982900001,40.49967592592593,58,mid
0x8f1d43daab89bf38f03948af8f6551c04c19eb0400f68899370357fd1afd601b,econ,Bank of England increases interest rates after April 2026 meeting?,Increase,2026-04-30 00:00:00+00:00,0,0.0165,0.0115,0.0085,154504.45124600024,82.4999074074074,153,mid
0x174f4f8447b716603444fc4df4ff9b0dfc3cb29ef74dfacb6cdee6ff98cbf54c,econ,Will US GDP growth in Q1 2026 be between 3.0% and 3.5%?,3.0–3.5%,2026-04-30 00:00:00+00:00,0,0.11,0.078,0.059,125821.66391000005,127.49984953703704,188,mid
0x9f431a4ef1f4640342a56daff029211ed276587b00f738e9afd01b90714127ee,econ,Will Tesla be the second-largest company in the world by market cap on April 30?,Tesla,2026-04-30 00:00:00+00:00,0,0.0005,0.0005,0.0005,135251.58959300007,40.49961805555556,38,mid
0xf313a8263a2f7a29e697880d78b93738e9658cf61f8ac27db0b730588c5c7a5d,econ,Will the ECB announce a 25 bps decrease at the April 2026 meeting?,25 bps decrease,2026-04-30 00:00:00+00:00,0,0.001,0.0005,0.0005,144973.38752499997,82.49949074074074,83,mid
0x2f4804bf7b7cc0005e89b12a1326b721c334a5ceb0b8b8d5628fd52d401295c3,econ,Will NVIDIA be the second-largest company in the world by market cap on April 30?,NVIDIA,2026-04-30 00:00:00+00:00,0,0.004,0.0015,0.0005,831251.9900160015,40.49982638888889,40,high
0x26e2d8bf49dcb170bd268d64c8a15d2ee6921500cbde5e06c4e735420b2df215,earnings,,RCL,2026-04-30 13:00:00+00:00,1,0.875,0.87,,0.0,12.49982638888889,20,low
0x72f04aef19f3beb045f1579b76c0b1e795eed4f2c1ef1bcceb046d51254276d0,earnings,,ICE,2026-04-30 13:00:00+00:00,1,0.9415,0.91,,0.0,12.499965277777777,19,low
0xc0c1847132d2bf995842c15b2196e64988efc5baaccf337358d11d8ef13d1f06,earnings,,CI,2026-04-30 13:00:00+00:00,1,0.88,0.885,,0.0,8.499988425925926,18,low
0x02ca6d1cf9af58f50c96571f9eae289e9154629c1f841ffe78effbe0658021fd,earnings,,LH,2026-04-30 13:00:00+00:00,1,0.88,0.88,,0.0,12.500011574074074,19,low
0x49678123f57453770d58e3917e03afa3154996e5b74b3a593709b0668dc26727,earnings,,MRK,2026-04-30 13:00:00+00:00,1,0.815,0.82,,0.0,12.499814814814815,20,low
0x60823da163c9c1dc377c0090b7e21546854f55f52549c29faf0ea432d7dbbb33,earnings,,LLY,2026-04-30 13:00:00+00:00,1,0.895,0.85,,0.0,11.499375,20,low
0x17a882334a6ef7f24bf774aef72693668e6449f982c64f55cad78fe077264282,earnings,,H,2026-04-30 13:00:00+00:00,1,0.675,0.7955,,0.0,12.499837962962962,20,low
0x6e01a6250cfc1ecb27a3a30418ecc0a8131f91c9f1398853f35a9d475a28cc88,earnings,,HGV,2026-04-30 13:00:00+00:00,1,0.3,0.525,,0.0,6.499791666666667,14,low
0xd2bd35eafb9c9bf68a7edeee8bd59456884fc845baff8f53efc9b3de79ab32e7,earnings,,RBLX,2026-04-30 21:00:00+00:00,1,0.84,0.9,,0.0,12.499814814814815,20,low
0x94dccda8ebb84ceb7df14d7a4386e83d308f9388bff00b67120813b7e2785340,earnings,,RDDT,2026-04-30 21:00:00+00:00,1,0.92,0.92,,0.0,12.500150462962964,19,low
0xe475ef20741f72c60aad02c1f92ce525b57e424189174fdf6b656099d100accc,earnings,,ROKU,2026-04-30 21:00:00+00:00,1,0.81,0.9,,0.0,6.499791666666667,14,low
0xbfebd318c824a96735531c7b927e04fb2e48696b496158db69043b7e40ae194b,earnings,,CLX,2026-04-30 21:00:00+00:00,1,0.715,0.715,,0.0,8.499976851851851,18,low
0x7e53cf31b446a4f131d9218cb5b42e2e22860183ec89fc354d6c3b47f0543a05,earnings,,SNDK,2026-04-30 21:00:00+00:00,1,0.94,0.974,,0.0,12.49982638888889,20,low
0x2469a0e176ac6090f21f1b7f2ac98e766733d0921a32b2c4b321c6571b0ee4cf,earnings,,AAPL,2026-04-30 21:00:00+00:00,1,0.93,0.92,,0.0,8.5,18,low
0x9d5751efa34a643e5c37fc5b9d8349592d6abb283bcab8bf315eee02e2774ebb,earnings,,IMAX,2026-04-30 21:00:00+00:00,0,0.885,0.895,,0.0,21.49978009259259,22,low
0xf9c3693574cb52bd6396f0dfc76016856200ee654bb7a076511c20ccb1d42742,earnings,,DLB,2026-04-30 21:00:00+00:00,1,0.915,0.89,,0.0,8.5,18,low
0x6cfdfe8177fedd2a205c0e6831358b8fceae89d8083f0cc5f7339a0ff66c1fdf,earnings,,ARES,2026-05-01 13:00:00+00:00,0,0.52,0.59,,0.0,7.499837962962963,16,low
0x8ec10f4ee905b6a497ebb8c73b6aabfa6de2009889958184c24ff833efede1cf,earnings,,CVX,2026-05-01 13:00:00+00:00,1,0.855,0.825,,0.0,7.499768518518518,16,low
0xe83891ec9a85382c39c6bf52bf6f3edc6322c6118f30001f70f2bb394bbf4d95,earnings,,EL,2026-05-01 13:00:00+00:00,1,0.89,0.75,,0.0,7.4998611111111115,16,low
0xb56646001e1d8a623a45dcafd68e8b589d29b834f436da9d37d1152ecb1ef4e8,earnings,,PIPR,2026-05-01 13:00:00+00:00,1,0.906,0.8125,,0.0,7.499837962962963,16,low
0x47bed979a3f9e4b22956f1c8308f1b5b62b94963f7b97502ae1a5c7b9f042566,earnings,,CBOE,2026-05-01 13:00:00+00:00,1,0.94,0.885,,0.0,7.4998611111111115,16,low
0x55160517bc772d8a1808ae6ae2816cf8a72e78f9985c43021d400bf89f3edaf8,earnings,,CL,2026-05-01 13:00:00+00:00,1,0.865,0.75,,0.0,7.499837962962963,16,low
0xc0a568643af8ef72532e0562c199a335e997df697f9ae64b3474747dea5e9942,earnings,,MRNA,2026-05-01 13:00:00+00:00,0,0.295,0.175,,0.0,7.499745370370371,16,low
0x4927b766531927dac85f6cfdc3ea09639dca10622826f0e2e8ea7740a0b814fb,earnings,,XOM,2026-05-01 13:00:00+00:00,1,0.835,0.84,,0.0,7.4998611111111115,16,low
0xa65efcfe126832f7e1d399d5b1ae0853555dc726817c803a6fa1e9750944def5,earnings,,HESM,2026-05-04 13:00:00+00:00,1,0.885,0.895,,0.0,10.499675925925926,22,low
0xd851aa5c9c195548b35a660a11cc955a2fbfa50fdcecb88c19d22b2f0adefd17,earnings,,GRAB,2026-05-04 21:00:00+00:00,0,0.575,0.575,,0.0,10.999953703703703,23,low
0xed2268c034c08243833293268ef9629cc2237940ec7545efbf0a3e69307c8b1d,earnings,,SONO,2026-05-04 21:00:00+00:00,0,0.515,0.565,,0.0,10.49982638888889,22,low
0xa2d9964735dff551f7657f8bfaa30697f16c8a43894c4250ebae1b8f3426a6ef,earnings,,PLTR,2026-05-04 21:00:00+00:00,1,0.935,0.955,,0.0,10.499699074074075,22,low
0x7fdf2ade3ef67874f1e2bc222437c6cd565491671fe0709e6b4f5dfc605e820e,earnings,,PINS,2026-05-04 21:00:00+00:00,1,0.49,0.305,,0.0,10.499791666666667,22,low
0x4090952496871e17fc6a3602cee1ebf8c9ff3b5afd7d63e2538ef896e750aca7,earnings,,PSKY,2026-05-04 21:00:00+00:00,1,0.255,0.065,,0.0,10.499675925925926,22,low
0x33147caa22f1203528adc083258848c6c3ce99a7e93d702d34a648651f8f9980,earnings,,POWL,2026-05-04 21:00:00+00:00,0,0.93,0.925,,0.0,10.999837962962962,23,low
0x0671183e690f3adf4726eaddf6972fd46ed0b77017b68342ce62a7b08d34b65a,earnings,,WMB,2026-05-04 21:00:00+00:00,1,0.58,0.295,,0.0,10.499699074074075,22,low
0xa2a6a018db066545fd0519e5168c1f5f2d2281d797b76159af42fefe1115bc41,earnings,,ON,2026-05-04 21:00:00+00:00,1,0.905,0.915,,0.0,10.499791666666667,22,low
0x42515cedaf24d8c4b804bbf750a5ace8de2094b65760ade9599488be6338f682,earnings,,APTV,2026-05-05 13:00:00+00:00,1,0.89,0.925,,0.0,11.499733796296296,24,low
0xac11b9769a9b237cf6fe5f3564aab538a48ac7375eb600a74e69db80b0a3eb9e,earnings,,MPC,2026-05-05 13:00:00+00:00,1,0.87,0.715,,0.0,11.499837962962962,24,low
0xdbd09aa041b9260b4c1767d16073d16ffcbdc70ce1a68dd48ab318d2efcb1a4e,earnings,,KKR,2026-05-05 13:00:00+00:00,1,0.8,0.845,,0.0,11.49974537037037,24,low
0x628be65d7b7212cf6755f7e2c7dab956f5869b123dd3d053ea07b8ea728e89b3,earnings,,HOG,2026-05-05 13:00:00+00:00,0,0.53,0.515,,0.0,11.499722222222223,24,low
0xe9f91cd30b1e6b5f046d0676726acb497db71bff3cf8223fb46707fdfa755af8,earnings,,DD,2026-05-05 13:00:00+00:00,1,0.87,0.935,,0.0,11.499780092592593,24,low
0x8195f1681e0eade18cf79431f0b5b5f004d3a6b927a66d852c0ca2361e0188a2,earnings,,SUN,2026-05-05 13:00:00+00:00,1,0.215,0.345,,0.0,11.499733796296296,24,low
0x10c28ae57be265c367877db2e9cdb66ce03cec87e5aed13bf666f2d7c799be89,earnings,,PYPL,2026-05-05 13:00:00+00:00,1,0.815,0.835,,0.0,11.49982638888889,24,low
0x69e66a9d8bdeefc56ba399fc07e9eac02fcb71847ed13d6cc8ecde789f2d6143,earnings,,BUD,2026-05-05 13:00:00+00:00,1,0.95,0.935,,0.0,10.999988425925926,23,low
0xb936171965af07ed369c19a0d9d10b2a6debfcde8877268fc934c377f4dca6bf,earnings,,PFE,2026-05-05 13:00:00+00:00,1,0.953,0.951,,0.0,11.499756944444444,24,low
0xa063152c3d9353f824e6f9d98910cbaca93d3548114e86ea80ec16707a05c51c,earnings,,IART,2026-05-05 13:00:00+00:00,1,0.895,0.79,,0.0,11.49982638888889,24,low
0x7d2af763731d4806bb7324c1fc145101c67ee807fc5b5138b6cef5731d532000,earnings,,OXY,2026-05-05 21:00:00+00:00,1,0.935,0.935,,0.0,11.499837962962962,24,low
0x657ec542c3230c69d6c26cdac9391571ba19ac4674a1553e1e0ecd80605720ea,earnings,,CRSP,2026-05-05 21:00:00+00:00,0,0.54,0.79,,0.0,10.999988425925926,23,low
0xb5503451f7748ffa38655bf17e3df0dbb72b48e27011480738b5f7f5dae6068c,earnings,,AMD,2026-05-05 21:00:00+00:00,1,0.9465,0.9655,,0.0,11.49974537037037,24,low
0x63109584932eee355b061bc177dc438c0fd6ea6cfcc7a2912e082b6080b0930a,earnings,,CBT,2026-05-05 21:00:00+00:00,1,0.51,0.855,,0.0,11.49982638888889,24,low
0x289c19974c3b3d5ff8e6bf03549f4c5018c1329e54ca000be463d553dda38b98,earnings,,MSTR,2026-05-05 21:00:00+00:00,0,0.0635,0.0655,,0.0,11.499733796296296,24,low
0x6e6d8097f7abcdc0b620be34f6b65eb1f6c5fd13f3e7c28b4b1f30d1b5c10a0a,earnings,,EA,2026-05-05 21:00:00+00:00,1,0.695,0.695,,0.0,11.499733796296296,24,low
0xe93a06dbe65c443e9da13a60b58d2251fcdb62a56d6a84db4bd8d2265f8a31df,earnings,,NVTS,2026-05-05 21:00:00+00:00,1,0.355,0.665,,0.0,11.499733796296296,24,low
0x2a60f1993776edcaf5479689e51c66148f8e47794f4b60f3244deb8384ff8f66,earnings,,HNGE,2026-05-05 21:00:00+00:00,1,0.83,0.82,,0.0,11.49982638888889,24,low
0x080980e11accdadd452700113263658ea60b535f898927dfe54ecd9c968c2b1d,earnings,,MAR,2026-05-06 13:00:00+00:00,1,0.885,0.88,,0.0,12.49974537037037,26,low
0x77e3fb69899f66c7284b18cbb2a8e5aef084a145886cfdf76fd3a05665ccb5ed,earnings,,DIS,2026-05-06 13:00:00+00:00,1,0.9235,0.925,,0.0,12.49974537037037,26,low
0xe05e03247fe3c1c3feadf2d77ee9d9bb0828473b114c69644b80242184f8ea99,earnings,,APO,2026-05-06 13:00:00+00:00,1,0.835,0.735,,0.0,12.499710648148149,26,low
0x09721c774f246df4bf2a41b72efff1e99d8ae7c509dd4cdf6de22bb8b445fba6,earnings,,NYT,2026-05-06 13:00:00+00:00,1,0.9345,0.96,,0.0,12.49974537037037,26,low
0x2c6c5deeaa153ee443a4b2b4df406d74d5ecee63a394e9ac3d22200558212ac2,earnings,,KHC,2026-05-06 13:00:00+00:00,1,0.93,0.91,,0.0,12.499722222222223,26,low
0x0e02c9fb7b1dacb8a129bc2d9fd51b529d74d97f8c69598670caf151cb69b631,earnings,,CVS,2026-05-06 13:00:00+00:00,1,0.94,0.96,,0.0,12.49974537037037,26,low
0xd88085a5d7eb64d9d18fa2e0e05dc35fbd3d778cf9841d82c2843cf87747d3b4,earnings,,AMC,2026-05-06 13:00:00+00:00,0,0.93,0.865,,0.0,11.49982638888889,24,low
0xf45ddbb98b2f8751a7475b88c1ede53090f303b556badb6647c73060e56e353f,earnings,,UBER,2026-05-06 13:00:00+00:00,0,0.105,0.14,,0.0,12.49974537037037,26,low
0xe9c66c2933f79f71f192392e5a1d34e5cc516a34160c4efdd7e8324901a80571,econ,Spirit Airlines shutdown/liquidation by May 31?,spirit-airlines-shutdownliquidation-by-may-31,2026-05-31 00:00:00+00:00,1,0.71,0.71,0.71,212191.55567100074,9.999953703703703,21,high
0x0b13b1ef4cc7dc9d3b71f6643fe28ceacaad63949844f8b883ad33dc554aa8cb,econ,SpaceX and xAI merger officially announced by June 30?,spacex-and-xai-merger-offcially-announced-by-june-30,2026-06-30 00:00:00+00:00,1,0.9995,0.9995,0.9995,104500.40255,4.0,9,mid
0x1fbeca90a39253081b032a9990da1cb5b25573d4e213327b5b0f0c222b05be6a,econ,First to 5k: Gold or ETH?,first-to-5k-gold-or-eth,2026-06-30 00:00:00+00:00,1,0.9995,0.9995,0.9995,1676047.458349,109.00011574074074,219,high
0x3d83f444f62b2afe0cb28485073cbf3617400d58813cd351cd4d242560ac47f2,econ,Will Trump nominate himself as the next Fed chair?,Donald Trump,2026-12-31 00:00:00+00:00,0,0.0005,0.0005,0.0005,23577646.036,99.00020833333333,193,high
0x95657cd92502a3b132163cb9c77f5f16771dda1faa33a3977364f11a945d68f0,econ,Will Trump nominate Larry Lindsey as the next Fed chair?,Larry Lindsey,2026-12-31 00:00:00+00:00,0,0.0005,0.0005,0.0005,6059959.378687004,173.50059027777777,321,high
0x998acf9ed1bbda06d59df70786441468872c72b2de59cacbea93625b14a5efcb,econ,Will Trump nominate David Malpass as the next Fed chair?,David Malpass,2026-12-31 00:00:00+00:00,0,0.0005,0.0005,0.0005,6336304.770659,210.5004050925926,420,high
0xbd603617895e199d4042781ee55a7a9614af3130ca8e90d257424ca246f66197,econ,Will Trump nominate Rick Rieder as the next Fed chair?,Rick Rieder,2026-12-31 00:00:00+00:00,0,0.0035,0.0035,0.0035,35603624.85201814,202.50052083333333,392,high
0x60acc46cda1f0619259acf3ef8c77bf734ff08cbed256ca3d1e9444138e21266,econ,Will Trump nominate Jerome Powell as the next Fed chair?,Jerome Powell,2026-12-31 00:00:00+00:00,0,0.0005,0.0005,0.0005,27875356.84542,210.50046296296296,412,high
0xcba397f49b319dccb5f1b92c3710518d1c4f8f1dee86577b4bb243f3ca77e389,econ,Will Trump nominate Howard Lutnick as the next Fed chair?,Howard Lutnick,2026-12-31 00:00:00+00:00,0,0.0005,0.0005,0.0005,2959995.839148,210.5002199074074,422,high
0xdc609df6c167499ecd2beffda05a1ddaeca7ed3269a805f7b9a4afd5e96cf2e5,econ,Will Trump nominate Lorie K. Logan as the next Fed chair?,Lorie K. Logan,2026-12-31 00:00:00+00:00,0,0.0005,0.0005,0.0005,2867240.566306,202.50041666666667,405,high
0x582c62c350aac2720711abeb30b16c41c5cdc9b342bfa30da380b6ea6bdeb1ac,econ,Will Trump nominate James B. Bullard as the next Fed chair?,James Bullard,2026-12-31 00:00:00+00:00,0,0.0005,0.0005,0.0005,2765622.29167,207.50030092592593,416,high
0x22d3d4722ce79dae5b2594df2ce89b1c283e3227b78718353bcca2e854d115a4,econ,Will Trump nominate Larry Kudlow as the next Fed chair?,Larry Kudlow,2026-12-31 00:00:00+00:00,0,0.0005,0.0005,0.0005,10383485.453766,210.50037037037038,420,high
0xfbb2046e013da7b66ecedf3a9de63ce446fd57c23ccc77cd019991f485522236,econ,Will Trump nominate Philip Jefferson as the next Fed chair?,Philip Jefferson,2026-12-31 00:00:00+00:00,0,0.0005,0.0005,0.0005,10813098.951725,202.5003935185185,405,high
0xfee4b6988b9513dab72118c97abeb4369f0d9a7c2290337ca5d5c2f116a148c2,econ,Will Trump nominate Ron Paul as the next Fed chair?,Ron Paul,2026-12-31 00:00:00+00:00,0,0.0005,0.0005,0.0005,12652617.884833,210.5002199074074,422,high
0xfc6eace32f283eda179c15d447fe61f0426846bace5c583a967ddeaba58c2f93,econ,Will Trump nominate Michelle Bowman as the next Fed chair?,Michelle Bowman,2026-12-31 00:00:00+00:00,0,0.0035,0.0035,0.0035,26000156.80356803,202.5002199074074,406,high
0xc830d19ead001f5378792cc0df36004ddb1b312bb26fbd5c4226aa698c41f808,econ,Will Trump nominate no one before 2027?,No one nominated before 2027,2026-12-31 00:00:00+00:00,0,0.0055,0.0055,0.0055,24724502.6212151,210.50046296296296,412,high
0xc82669901de7cb0be25c1d8de39fbbe8e2ddc0aacba0a30a663ed13c3b9eb06d,econ,Will Trump nominate Bill Pulte as the next Fed chair?,Bill Pulte,2026-12-31 00:00:00+00:00,0,0.0005,0.0005,0.0005,24537484.808130994,210.50033564814814,421,high
0x92291ad59a105b0fb205f8aa2d3d2dbba7ee249ad6532672c854eaaf79fc135c,econ,Will Trump nominate David Zervos as the next Fed chair?,David Zervos,2026-12-31 00:00:00+00:00,0,0.0005,0.0005,0.0005,17922566.56491,202.5004976851852,392,high
0x705371444684d676041d1010a94cae3a657340fa4809b4307de3c173a35e0957,econ,Will Trump nominate Christopher Waller as the next Fed chair?,Christopher Waller,2026-12-31 00:00:00+00:00,0,0.0025,0.0025,0.0025,29229521.621000286,210.5004976851852,402,high
0xdcc87b9ca36015e396bd0eebca29e854a136ed2b0b701049d1ee9da6bee3eb35,econ,Will Trump nominate Kevin Hassett as the next Fed chair?,Kevin Hassett,2026-12-31 00:00:00+00:00,0,0.0025,0.0025,0.0025,36122905.93072796,210.50015046296295,422,high
0x1d0f90b6e67d5e574780c98d42b0d339d4b17e945215fcc555ffd8a31092d76a,econ,Will Trump nominate Barron Trump as the next Fed chair?,Barron Trump,2026-12-31 00:00:00+00:00,0,0.0005,0.0005,0.0005,20907360.96291,105.50020833333333,213,high
0x46d40e851b24d9b0af4bc1942ccd86439cae82a9011767da14950df0ad997adf,econ,Will Trump nominate Judy Shelton as the next Fed chair?,Judy Shelton,2026-12-31 00:00:00+00:00,0,0.0405,0.0405,0.0405,127684064.95211223,210.50026620370372,422,high
0xe844e12246d8504b8ec30c1d461718dbc9645fb73487ca50e5e716eefbb2bc63,econ,Will Trump nominate Arthur Laffer as the next Fed chair?,Arthur Laffer,2026-12-31 00:00:00+00:00,0,0.0005,0.0005,0.0005,21154894.068664,210.50030092592593,422,high
0xc71855fc12bcc7fed8448d4eb863a3aab497e8bbd135ee54d5a8ddb03c4ea1f9,econ,Will Trump nominate Janet Yellen as the next Fed chair?,Janet Yellen,2026-12-31 00:00:00+00:00,0,0.0005,0.0005,0.0005,21325692.069942,202.50060185185185,379,high
0x61b66d02793b4a68ab0cc25be60d65f517fe18c7d654041281bb130341244fcc,econ,Will Trump nominate Kevin Warsh as the next Fed chair?,Kevin Warsh,2026-12-31 00:00:00+00:00,1,0.931,0.931,0.931,59907150.95188258,210.50052083333333,399,high
0x94947a23e965124fa382e3ff89827b7bb00c2e2f3f9c0b92137e639d4cbfb080,econ,Will Trump nominate Stephen Miran as the next Fed chair?,Stephen Miran,2026-12-31 00:00:00+00:00,0,0.0055,0.0055,0.0055,22847634.77107189,207.5003935185185,413,high
0xdb1ae961e30733e7857ebb425b5f6449fa8032de13f32c1c6e447a0c3801ca04,econ,Will Trump nominate Scott Bessent as the next Fed chair?,Scott Bessent,2026-12-31 00:00:00+00:00,0,0.0005,0.0005,0.0005,38740980.44605291,207.50034722222222,415,high
0xecb8543d8b5072ab44f216f0d18830d0276bfcbb6b51bfd14c62540560cc7a88,econ,Will Trump nominate Marc Sumerlin as the next Fed chair?,Marc Sumerlin,2026-12-31 00:00:00+00:00,0,0.0005,0.0005,0.0005,4328814.774965,207.50034722222222,415,high
