condition_id,ticker,end_date,sector,outcome_beat,entry_yes_price_3d,entry_yes_price_7d,entry_yes_price_1d,polymarket_implied_p_beat,lagged_beat_rate_8q,surprise_mean_8q,surprise_stdev_8q,quarters_since_last_miss,n_history_points,trading_window_days,sector_beat_rate_prior_8q
0x0c34c74198cab30b9502db7d619941879ab26c0e4938d85355a1332b9c7e60ec,GIS,2025-09-24T07:00:00+00:00,Staples,1,0.9965,0.795,0.9965,0.9965,1.0,6.271875,4.747667100121008,8.0,5,1.9998958333333334,
0xfbc0c088a52d0cda3ee32b6cbd102abde570875a76ae1e90d261f89a2974ed7f,BLSH,2025-09-24T20:00:00+00:00,Other,1,0.504,0.6,0.504,0.504,,,,,4,1.4996412037037037,
0xd10fcc3d3f8c1143e26b12ff6c5c317e191f758ec8020f0f6959e5f884c1cd7e,FDS,2025-09-25T07:00:00+00:00,TechServices,0,0.005,0.765,0.005,0.005,0.75,3.291975,4.799706151943054,0.0,7,2.9998263888888888,
0x0f84778f8e5251b4d1b96583923fcc501afd7d7f21a63da633ddf9ff8373a461,FDX,2025-09-25T16:00:00+00:00,Industrials,1,0.9955,0.72,0.9955,0.9955,0.625,-0.9614000000000003,10.747901811184224,2.0,8,3.4999652777777777,
0x3e239208880ea9b54399187b5c71cd7c21b4ae80c1ed1693aa2cedaee3823931,MU,2025-09-30T16:00:00+00:00,Semis,1,0.9895,0.855,0.9895,0.9895,1.0,42.9381625,91.28499033361614,8.0,19,8.999780092592593,
0x5eeb84c257e7d455b0dd6f32109c9b591682b693e1665f313ea839daf60df380,MLKN,2025-09-30T20:00:00+00:00,Other,1,0.995,0.755,0.995,0.995,,,,,17,7.9996527777777775,1.0
0xe45d221e88fdad50b78507ff1ccdd4ca25c441f1940796871fdbdb96cbc0a621,ACN,2025-10-02T11:00:00+00:00,TechServices,1,0.991,0.65,0.991,0.991,0.875,2.6060125000000003,2.370507083448301,5.0,27,12.999976851851851,0.0
0xb89baccda5af9c6cbc15c029df25e26ba5bbcc515563e85f15fa50790cc0ec6f,JBL,2025-10-02T11:00:00+00:00,Other,1,0.985,0.89,0.985,0.985,,,,,22,10.500081018518518,1.0
0x375fab1843b3fcff2ea9625f6342d7d00efbd6fbbe76a971f5a40f2f9f2cc6e1,KMX,2025-10-02T11:00:00+00:00,Staples,0,0.011,0.215,0.0015,0.011,0.5,-1.6372500000000005,25.903518834099962,0.0,109,54.50010416666667,1.0
0x868395f961c26281e2ab9ad2dbcf72232ef9c5617c971ea85c294d7a8f3608df,CNXC,2025-10-02T20:00:00+00:00,Other,0,0.01,0.595,0.0105,0.01,,,,,67,33.00005787037037,1.0
0xfdd616cb8e7dca0de4541be7476a6a6a7b6a007a3856bb07f6d4cc1a1b930367,STZ,2025-10-06T00:00:00+00:00,Other,1,0.705,0.635,0.705,0.705,,,,,20,9.500034722222223,0.75
0x70536feb531c08c7bbe808959246ba5f4eaf07ed045f532fe41d404e93e3809f,PRGS,2025-10-06T20:00:00+00:00,Other,1,0.989,0.885,0.989,0.989,,,,,28,13.500011574074074,0.8
0x1d3dfd3ff61891cb3e0bf490e0c4156966c84ecff10a1cc375a25cc4475ce33d,MKC,2025-10-07T00:00:00+00:00,Other,1,0.74,0.725,0.89,0.74,,,,,22,10.500081018518518,0.8333333333333334
0xe7269fae0438d2781e7355ddab7c8539a1fd99eecbf82b7f8fa73bfaba2f62f7,RGP,2025-10-08T00:00:00+00:00,Other,1,0.845,,0.755,0.845,,,,,10,4.500011574074074,0.8571428571428571
0x30276b59d4611ee42e2c1d91c0985f4a13decbe57eb857c41edaae66292c4c5f,RELL,2025-10-08T00:00:00+00:00,Other,1,0.83,,0.79,0.83,,,,,12,5.500069444444445,0.875
0x5466a34f86708de3b1014fcb0c02ad2fa63456a1e7af1d393d2b16aca3c79832,AZZ,2025-10-08T00:00:00+00:00,Other,0,0.87,,0.9,0.87,,,,,10,4.500046296296296,0.875
0x371ab1ff57e500d605ac27a481e35b53ff12067c7c39492bd97ea06bc7d5316a,BYRN,2025-10-09T00:00:00+00:00,Other,1,0.81,,0.85,0.81,,,,,12,5.4999768518518515,0.75
0xcceacf84e616fdd9bd7fffc339e4deb267c41c7e817c78723e62bd814358eeed,NRIX,2025-10-09T00:00:00+00:00,Other,0,0.805,,0.855,0.805,,,,,16,7.5001388888888885,0.75
0x4adb9043d555e5f676d2b465d4f4acddede52d6352edbab7bf2422aae03c4d4e,NEOG,2025-10-09T00:00:00+00:00,Other,0,0.37,,0.21,0.37,,,,,16,7.5001388888888885,0.75
0x2b7e81eb5a5b5b33f6c96d13192c4512411cf58fe73c4fb3f4dad39bb8e90991,HELE,2025-10-09T00:00:00+00:00,Other,1,0.49,,0.205,0.49,,,,,15,6.999930555555555,0.625
0x2bcb07b13e4086028a4398df1f20000ed83816828337aefbf5f0ffa851e75d10,APLD,2025-10-09T00:00:00+00:00,Other,1,0.83,,0.905,0.83,,,,,15,7.000104166666667,0.625
0xca3f4b688bce03a24747d339ff30aa2cf45fff9addfd43ea11e1f20689ae091b,DAL,2025-10-09T00:00:00+00:00,Industrials,1,0.885,0.7,0.845,0.885,0.625,4.881787500000001,9.750418794293257,1.0,26,12.5,1.0
0x4a84f18a410227e4579a509b346913dde3664ce5f332d77ab37cab7aca1e35bc,PEP,2025-10-09T00:00:00+00:00,Staples,1,0.89,0.785,0.9415,0.89,,,,,26,12.500162037037038,0.5
0x6e467b16b650c174152daff7c695053121d92dc24bcf3729705649fe4eb7d197,LEVI,2025-10-09T00:00:00+00:00,Other,1,0.915,0.87,0.935,0.915,,,,,30,14.500150462962964,0.625
0x5a58ac95347476118d188fc1b3651ec5a603a505abb673b6fefa677cd11686d5,UNTY,2025-10-10T00:00:00+00:00,Other,1,0.795,,0.95,0.795,,,,,24,11.50013888888889,0.625
0xd95763b99884bc43791ecf75766ca99158926336d532749ce51aaddce8668d91,FAST,2025-10-13T00:00:00+00:00,Other,0,0.755,0.795,0.795,0.755,,,,,20,9.500069444444444,0.625
0x0fc38daa09129109a63f738e12d3c2eaa7e9c222d6fa8a570165333a296076f6,JNJ,2025-10-14T00:00:00+00:00,Pharma,1,0.9795,0.905,0.8875,0.9795,1.0,15.9926,34.4163837853427,8.0,37,18.0,
0xd67c63a0b0fec10ad997cb6f083a5657589758d2a2a0769313e13e6d9de19e98,BLK,2025-10-14T00:00:00+00:00,Other,0,0.935,0.895,0.875,0.935,,,,,22,10.500162037037038,0.625
0x3abde55383b9a88c77ad2c6f51ffa96631c40a56134d117901e690d667daf5d4,WFC,2025-10-14T00:00:00+00:00,Banks,1,0.9345,0.89,0.9335,0.9345,,,,,38,18.500104166666667,
0x47380287d3a4337ac7c6104284c17f3edaed87d5f8a3dbbe2eb4c12e055eb644,JPM,2025-10-14T00:00:00+00:00,Banks,1,0.935,0.87,0.915,0.935,0.875,10.6507,13.990245904813213,6.0,37,18.0,1.0
0x90e3d9debdf680213bd15218b2071aba5cbaa3ed5c937dc5fd88330a07561e1b,GS,2025-10-14T00:00:00+00:00,Banks,1,0.91,0.895,0.905,0.91,0.875,21.07855,16.63902784136484,7.0,37,18.000046296296297,1.0
0x84a695aa8e816e99fe1c400b0fceed1c2ec2fc16ac0a674cf8b048e58f11dcff,C,2025-10-14T00:00:00+00:00,Banks,0,0.865,0.81,0.85,0.865,,,,,36,17.49994212962963,1.0
0xb4fc7085019ffdf2c9c0c70581d16340c4e99b85d091dfbec32340c81785eb62,DPZ,2025-10-14T00:00:00+00:00,Consumer,1,0.825,0.815,0.82,0.825,0.75,7.718475,9.494024312278901,0.0,36,17.500185185185185,
0x46396867efc69c36b9ece504df9b8f9716658e30a0890920ed355b1ca681d9c0,CFG,2025-10-15T00:00:00+00:00,Other,1,0.745,0.715,0.845,0.745,,,,,38,18.500081018518518,0.5
0x41010e119c211a44503b83370da7be84bd4e3eee48ee4e836b5958125735d62d,MS,2025-10-15T00:00:00+00:00,Banks,1,0.92,0.89,0.875,0.92,,,,,38,18.50021990740741,0.75
0xc274f712e56f0be1fa161557c773897784f77fa0cffd238e5561917a9f58b863,BAC,2025-10-15T00:00:00+00:00,Banks,1,0.91,0.87,0.92,0.91,,,,,38,18.50011574074074,0.8
0x3df6317f9955a852b02f1fd386c91ea67cf793360acbca25629b226393ddf497,ABT,2025-10-15T00:00:00+00:00,Other,0,0.895,0.85,0.895,0.895,,,,,38,18.49997685185185,0.625
0x3a7bf042a63ad2ed6825ee9b06c8e3f62d65a227522cbf1a54b94a65d21bfb28,BK,2025-10-16T00:00:00+00:00,Other,1,0.885,0.875,0.825,0.885,,,,,27,12.999930555555556,0.625
0x36b9b17c74855c6d49cf333fd6ac6d8cb5d4b72d96d870d59771dab259fa6e3e,KEY,2025-10-16T00:00:00+00:00,Other,1,0.785,0.73,0.745,0.785,,,,,27,13.000081018518518,0.625
0x0f18d1e749bab471b8a4d2201250a067a8e211cf4ecf664b6435ae75c6c50925,SCHW,2025-10-16T00:00:00+00:00,Other,1,0.915,0.895,0.875,0.915,,,,,41,20.000104166666667,0.625
0x34b757c5f3db545a90059fe79b03ba79488b72acf7c2df7ad267a2424baf9c68,USB,2025-10-16T00:00:00+00:00,Banks,1,0.85,0.82,0.75,0.85,,,,,28,13.500034722222223,0.8333333333333334
0x1d3a78376b50e04fdc49fb0318f01bac1ae45fc41217718df5dfc32e985ce839,IBKR,2025-10-16T00:00:00+00:00,Other,1,0.855,0.84,0.83,0.855,,,,,41,20.000046296296297,0.625
0x81e68dff563dfa1221a6d1c0215e2d3549c794cb72a366be1645d7724b338997,GBCI,2025-10-16T00:00:00+00:00,Other,0,0.815,0.745,0.785,0.815,,,,,28,13.500046296296297,0.625
0xff3db55dd6ad4dc3938876a6b18812b121556a314309a9e08c870f99f797818f,TFC,2025-10-17T00:00:00+00:00,Other,1,0.865,0.895,0.7,0.865,,,,,28,13.500011574074074,0.625
0x0cf7d752a5ab03ebb18d46d3924a652dfa6b6d63c03cc2367444fcad1a3fad7d,STT,2025-10-17T00:00:00+00:00,Other,1,0.875,0.875,0.825,0.875,,,,,28,13.500069444444444,0.75
0xfe1169bc73a4d54074e6856e7c4f56d49403940bc03ea31a46b404a2fa58aa31,AXP,2025-10-17T13:00:00+00:00,Other,1,0.91,0.805,0.775,0.91,,,,,18,8.50013888888889,0.75
0x499806221a598eeb2761549f5f50cb2a32198b9e3c3342ad8eb09eb015bf008d,SFBS,2025-10-20T00:00:00+00:00,Other,0,0.745,0.895,0.81,0.745,,,,,35,17.00003472222222,0.875
0xf6e24791df46f2dfb069dd01e3031db44976f8c9ea91960691a3b6649dfcacfe,OMC,2025-10-21T00:00:00+00:00,Other,1,0.745,0.88,0.675,0.745,,,,,50,24.5,0.75
0x7944a0bd55b7c3acf9fc3da78ebe6a53881c576bf7a72074d868181403a00a7b,EFX,2025-10-21T00:00:00+00:00,Other,1,0.705,0.895,0.765,0.705,,,,,30,14.500104166666667,0.75
0x1d5483197944695ffd2d533dca4d516ca811959cb9cec5927718a96754bc1624,PHM,2025-10-21T13:00:00+00:00,Other,0,0.325,0.85,0.325,0.325,,,,,26,12.500104166666667,0.75
0x6bdfdafb55585818a9db78b389288144dd959625eed189778bf0491970c59d7c,LMT,2025-10-21T13:00:00+00:00,Other,1,0.735,0.795,0.69,0.735,,,,,26,12.49988425925926,0.625
0x06fbb392e84a4fd0e669a69569e74de8b203b7452939100bcc8cedd07b16601c,PM,2025-10-21T13:00:00+00:00,Other,1,0.865,0.915,0.83,0.865,,,,,26,12.500069444444444,0.75
0xf087b321286ec43be60d9e2cee908bc39002360896a86122ccb20d86dbdeb69e,NOC,2025-10-21T13:00:00+00:00,Other,1,0.82,0.79,0.77,0.82,,,,,26,12.499907407407408,0.75
0x9849b5eb1d6c6b79589b1890c7ea3764ff4bba56c63e07ac9134c2799a1f4e24,DGX,2025-10-21T13:00:00+00:00,Other,1,0.8785,0.9165,0.919,0.8785,,,,,26,12.500185185185185,0.75
0x22b76c016f0461a63ad874a04a3c30094e1b33d476d1d1cb53d85c9d33a78982,NDAQ,2025-10-21T13:00:00+00:00,Other,1,0.9545,0.925,0.9085,0.9545,,,,,26,12.499976851851851,0.75
0xb1ee462d0f3863d30badc5cdd1c6d22fa941a883463f4610173501bbe94f1dda,MMM,2025-10-21T13:00:00+00:00,Other,1,0.875,0.905,0.855,0.875,,,,,26,12.49988425925926,0.875
0x98fb73073cc1b11e6a0502e8286954a8e0f5ed33c1ec47e1d63f233564c533f2,HAL,2025-10-21T13:00:00+00:00,Energy,0,0.335,0.365,0.445,0.335,0.5,2.5910625,6.38390032949797,1.0,26,12.500023148148149,
0x3ab00b6c2fbfcd78e455c135b1b57e2089bc2c3a9d28ee3905c411d2a5804067,KO,2025-10-21T13:00:00+00:00,Staples,1,0.925,0.915,0.865,0.925,,,,,26,12.499976851851851,0.6666666666666666
0x55ff4c7d4bcfbc76164c59fb3953401630acbf18ac6bdcae10bcb1159c5f010e,GM,2025-10-21T13:00:00+00:00,AutoEV,1,0.92,0.865,0.87,0.92,,,,,26,12.500162037037038,
0x76c6d5063b3d0e1b2392cc3a8a144ea640bc1de59ec8c767b7f6fe4e56fba2d3,EWBC,2025-10-21T21:00:00+00:00,Other,1,0.795,0.835,0.805,0.795,,,,,26,12.500011574074074,0.875
0x4eb7f04b1f6b2ca418fc1b088f04ded59a2f10074af56750b699076f3f3b2c5e,MAT,2025-10-21T21:00:00+00:00,Other,0,0.73,0.775,0.725,0.73,,,,,27,13.00013888888889,0.875
0x51b35684d2937730df80e0e55c13451c85bfecbd58dcb509720b71d24001c6db,CB,2025-10-21T21:00:00+00:00,Other,1,0.885,0.9,0.895,0.885,,,,,27,13.000104166666667,0.875
0xfb7a77eaa70679a6f6449e2940f8874f63dcc15bc37e8cb21f0600a93bf2a31a,NFLX,2025-10-21T21:00:00+00:00,BigTech,0,0.835,0.815,0.825,0.835,,,,,27,12.999976851851851,
0x89a173d1eaccd405324ba8319d351cee132b2e47cf10964a6421fcc21d09320a,TXN,2025-10-21T21:00:00+00:00,Semis,0,0.85,0.895,0.865,0.85,,,,,26,12.50017361111111,1.0
0x0aaf73677aeda3cda88c7337343177267011f1d6d08fbdc83174e5bee6a48edc,TSLA,2025-10-22T00:00:00+00:00,AutoEV,0,0.74,0.735,0.745,0.74,0.125,-10.27655,24.456682365649797,0.0,52,25.500011574074072,1.0
0x7666dbf2728c1ccf5ab7590cd04b6b8ffc8a682425ab27a393e4b3ec1aadb16d,KMI,2025-10-22T00:00:00+00:00,Other,0,0.315,0.42,0.36,0.315,,,,,53,26.00005787037037,0.875
0x39c5d7378b615e74df93c383fb9576bb8b048dc88ac9b16a16c65131236fa461,NTRS,2025-10-22T13:00:00+00:00,Other,1,0.785,,0.68,0.785,,,,,13,6.000034722222222,0.75
0x8f8258ec96b5fae325f47d648f222654768e24bdae4bb3d35b35459cc9188912,CME,2025-10-22T13:00:00+00:00,Other,1,0.775,0.755,0.645,0.775,,,,,28,13.499965277777777,0.75
0xa63b0b2a3b01d8363bf3c141db92e476fd9a8e4eeedef39ab382e571e40e3e7d,T,2025-10-22T13:00:00+00:00,Other,0,0.76,0.795,0.75,0.76,,,,,28,13.500219907407407,0.75
0x4eec1dadeed73cacafeb72c4bebb7563a41c979b31f35f180b5be9c1440fdb78,HLT,2025-10-22T13:00:00+00:00,Other,1,0.875,0.76,0.795,0.875,,,,,28,13.50017361111111,0.625
0x2e532dae75fa1ae58eac865fa50491eafb15b727030d9c075cc4ddebe8232778,MCO,2025-10-22T13:00:00+00:00,Other,1,0.81,0.875,0.73,0.81,,,,,28,13.500092592592592,0.625
0x98db4dbbbb9fb6ab06522d7481c9fec51436df198afe78768a2e3e4787cb6c2e,CASH,2025-10-22T20:00:00+00:00,Other,0,0.0615,0.0995,0.0635,0.0615,,,,,97,48.49981481481481,0.625
0x7f1e04c3f6915844b782d3191ab4e85be11f022fdc946fdd78535a39cec30ea5,LUV,2025-10-22T21:00:00+00:00,Industrials,1,0.705,,0.535,0.705,,,,,13,5.9999768518518515,1.0
0x014d47b7239008d10ff6ffd34702e03999febecd23dd01c6f3dc1ed9cfd8b7e9,WDFC,2025-10-22T21:00:00+00:00,Other,1,0.805,,0.71,0.805,,,,,13,6.0000231481481485,0.625
0x5761d1a44078bef148178af906a2f83075489b81a1342790f7fcee41b3ad3be2,SEIC,2025-10-22T21:00:00+00:00,Other,1,0.795,,0.63,0.795,,,,,13,5.99994212962963,0.625
0xa9014b5e76aadc7108dd6ea4f6d3b213e42ce823d7299f1072b51b9b5ad3e67d,RJF,2025-10-22T21:00:00+00:00,Banks,1,0.745,,0.535,0.745,,,,,13,6.0,0.8571428571428571
0x089b946d1e8f61d3c92e45416f654445bf5a251b73cbb6a37b7b698737d9b599,ORLY,2025-10-22T21:00:00+00:00,Other,1,0.355,,0.445,0.355,,,,,13,5.999988425925926,0.75
0x65e1b00fec4a5aeea88a634a8cbd6c6212031a9563280da17906d0c8effb39e9,LVS,2025-10-22T21:00:00+00:00,Other,1,0.725,0.605,0.655,0.725,,,,,28,13.500104166666667,0.75
0x0869c3b2f29775e02f21395f5841926bb4218e6bd4a8256b2e1106d45835ad06,IBM,2025-10-22T21:00:00+00:00,TechServices,1,0.845,0.81,0.8,0.845,,,,,28,13.500231481481482,0.5
0x2b16c241a1296ca1a6aee7f86407aea2f87ff18c6ddf0a1f978312eb3fb86c98,CHDN,2025-10-22T21:00:00+00:00,Other,0,0.665,0.665,0.58,0.665,,,,,29,13.99994212962963,0.75
0x558f9bfcb8f2382db5379e0bb4ed094041a2a7846bf30ed2b01c9648a4d20532,UNP,2025-10-23T13:00:00+00:00,Other,1,0.68,,0.585,0.68,,,,,14,6.500115740740741,0.75
0x7726ceea39c35282fb8563f330e53017415270e275ae63eab62ab7000dc31b67,TSCO,2025-10-23T13:00:00+00:00,Other,1,0.565,,0.605,0.565,,,,,15,6.999988425925926,0.75
0x5bce534bc33e5389155d619661202c5e97763f3250430edf113b7ee7df67580d,PCG,2025-10-23T13:00:00+00:00,Other,1,0.47,,0.56,0.47,,,,,14,6.500208333333333,0.75
0xfea64802bcf719c00c22dfa52660c4818e053f74c75da97b528bca254882ada6,STBA,2025-10-23T13:00:00+00:00,Other,1,0.795,,0.725,0.795,,,,,14,6.499988425925926,0.875
0x26c0dbef4fec7aa73032355a33133ee97a1a4c3cc3fed61acffe51d9e15de1ad,HAS,2025-10-23T13:00:00+00:00,Other,1,0.805,,0.685,0.805,,,,,14,6.499965277777778,0.875
0xa2221f058b7e12f2a7d8ebc807a0e8f230f62154354b2ad6705c2f98fc537e55,FCN,2025-10-23T13:00:00+00:00,Other,1,0.665,,0.5,0.665,,,,,14,6.500196759259259,0.875
0x4a8f28b826b1b59a1f3c5b754b8abcc08765a5d97709ce3cbad6cf0048c4caea,TMUS,2025-10-23T13:00:00+00:00,Other,1,0.815,,0.8,0.815,,,,,14,6.50005787037037,0.875
0xedfed5786411127b0e0537514fd3b5f82f670b4e0a25555732bc4760cfc02538,HON,2025-10-23T13:00:00+00:00,Other,1,0.815,,0.765,0.815,,,,,14,6.500208333333333,0.875
0x630ceec498588348fda031541ea65bf2f7ce6187ca9d15953ce4271f1cbeeb77,DOW,2025-10-23T13:00:00+00:00,Other,1,0.655,,0.455,0.655,,,,,14,6.5,1.0
0x950e8cabb6e5afbc3f89555e50a80933e22ab12113d527ea1eda52e461c86c04,CBRE,2025-10-23T13:00:00+00:00,Other,0,0.345,,0.425,0.345,,,,,14,6.500243055555556,1.0
0xece7f644bc968acd0f2bbd1fb4113fbd5dacc82731b20b120517e5fe0e1b18ea,AAL,2025-10-23T13:00:00+00:00,Industrials,1,0.705,0.635,0.64,0.705,,,,,30,14.499918981481482,1.0
0x385f1a014c7adc38e3f859a3f6510cabed43569b9fb8d10d1b88b4ae10f591c6,BX,2025-10-23T13:00:00+00:00,Other,0,0.625,,0.62,0.625,,,,,14,6.50005787037037,0.875
0x007d65646597bc96544a2ae6eb308816167dc16e6e803332ed3787bbcc5601fc,AB,2025-10-23T13:00:00+00:00,Other,1,0.74,,0.63,0.74,,,,,14,6.5001388888888885,0.75
0xc52dfc498000d3d51637819470cc23837cec6afe50edd724d011d5be88b722f0,SSNC,2025-10-23T21:00:00+00:00,Other,1,0.845,,0.775,0.845,,,,,14,6.4999768518518515,0.75
0x8ea8c63a6ce57c6cb6e6ca3c1a3ddb6d1282f12d64da66b2b38e7f287ec60be8,SAM,2025-10-23T21:00:00+00:00,Other,1,0.63,0.315,0.415,0.63,,,,,31,15.000034722222223,0.75
0xe05b325a9661cdb2b6fbc751865ef7cc6678ac314433ea31745e36a397561cb2,INTC,2025-10-23T21:00:00+00:00,Semis,1,0.755,,0.79,0.755,,,,,14,6.50005787037037,0.5
0x66cb0f5cbfbb888eec1963fd9d8304f6792e27e078fd25d842d32b205e80f89a,COUR,2025-10-23T21:00:00+00:00,Other,1,0.65,,0.685,0.65,,,,,14,6.5000231481481485,0.75
0x5487f06cd5051d832108803a7cc95615cd2ad9da5d72ba3e1b5d4efd57d31a1d,GD,2025-10-24T13:00:00+00:00,Other,1,0.505,,0.685,0.505,,,,,7,2.9998958333333334,0.75
0xb7f95e710bc6f2e678e39cc02d73c4cc6cdb130cf765667647290a72da81144f,PG,2025-10-24T13:00:00+00:00,Staples,1,0.61,,0.705,0.61,,,,,7,3.0000347222222223,0.75
0xd609798eeb72710841a77d2007d8a8434e43b3a6419a1241eecc468ab0d98778,F,2025-10-24T21:00:00+00:00,AutoEV,1,0.64,0.72,0.615,0.64,0.875,66.24007499999999,127.39739841813042,5.0,16,7.500046296296296,0.5
0x0d4050e35930f5971ac8d439011a1d89fc1c0cca87b77a3af48c4e794abe5819,CFLT,2025-10-27T21:00:00+00:00,Other,1,0.655,,0.795,0.655,,,,,7,3.0000115740740743,0.75
0x47143c6bb8d17b64c7fb3c79222b338d8beb9bf0143d7ac3e99ce57e0c337a54,BBBY,2025-10-27T21:00:00+00:00,Other,1,0.475,,0.56,0.475,,,,,13,6.000011574074074,0.75
0xfa77b327795ce598c432bea566514de8e89de775babc61e7812bf899e4abd1ce,LH,2025-10-28T13:00:00+00:00,Other,1,0.82,,0.83,0.82,,,,,14,6.499988425925926,0.875
0x5d78fe2fca350d6d6eba09f243bc24907e5daebe93e429e5f7e9cb70fd3ddebc,MSCI,2025-10-28T13:00:00+00:00,Other,1,0.795,,0.87,0.795,,,,,14,6.5,1.0
0xcf1e39e8e54392442711030179952dd9029afde35c0868fb510ac28b72da5998,IVZ,2025-10-28T13:00:00+00:00,Other,1,0.695,,0.695,0.695,,,,,14,6.4999768518518515,1.0
0x1faa6b970beef9d80e427b5463c8fe8eef07923c361b414aca5646a677b602dd,SYY,2025-10-28T13:00:00+00:00,Other,1,0.5,,0.575,0.5,,,,,14,6.500011574074074,1.0
0xe014d2989a339f86a41ce3eb0b87a8f0a15d4506740462c8a83e6d06c6e58330,UPS,2025-10-28T13:00:00+00:00,Industrials,1,0.665,,0.71,0.665,,,,,14,6.499988425925926,1.0
0x79b0eb322006bcbdb3586c4cc8bdf62c79da7a37d1e2972e4450872e3fa59900,ARCC,2025-10-28T13:00:00+00:00,Other,0,0.345,0.425,0.36,0.345,,,,,15,6.999988425925926,1.0
0xb12731622cf0421e8bc161cff97bd7d006380aa3a4f87c1444b2d58ad8b91a7d,JBLU,2025-10-28T13:00:00+00:00,Other,1,0.765,,0.835,0.765,,,,,14,6.4999768518518515,0.875
0x95c13a7302b9be37987dd6f6dcb0c6ae7662bffa1294390e53a021ad0ea2a817,UNH,2025-10-28T13:00:00+00:00,Other,1,0.475,,0.77,0.475,,,,,14,6.500011574074074,0.875
0x0cd49ce7923605eef1e0fee776973ce9d0fe20d2393f745dae57858b99a8949a,RCL,2025-10-28T13:00:00+00:00,Other,1,0.815,0.505,0.725,0.815,,,,,15,7.000266203703704,0.875
0xe4180735b2b0f5c83751da4a2a3adae259e29fd9212d771cf564636522a4bbca,PYPL,2025-10-28T13:00:00+00:00,Other,1,0.825,,0.805,0.825,,,,,14,6.499988425925926,0.875
0x62056f9fc743a5213415ad1ec877894341ef46184d45f5f686d35e91a967bdf7,PIPR,2025-10-28T13:00:00+00:00,Other,1,0.73,0.745,0.825,0.73,,,,,20,9.999953703703703,0.875
0x3dc3923fc8d18d6f223de38e7d25e5337c93cd6f968acc7ca9dbf514c0294ecc,SOFI,2025-10-28T13:00:00+00:00,Other,1,0.885,,0.87,0.885,,,,,14,6.4999768518518515,0.875
0x574056340b1f6772e51ba86c91f905b6b0e71adde7157c87cdadebf0c69dafce,BKNG,2025-10-28T21:00:00+00:00,Consumer,1,0.73,0.715,0.755,0.73,,,,,15,7.0000231481481485,1.0
0x5220a0594238fb416ea4257a87f0b8d6302bf74e0e853023c6a14db170f2b047,CSGP,2025-10-28T21:00:00+00:00,Other,0,0.595,,0.445,0.595,,,,,14,6.499988425925926,0.875
0xc9ab0cf9372c095f7cd2cdda91a2e717a32315082f2da913a51346043f36fdcf,EA,2025-10-28T21:00:00+00:00,Other,1,0.765,,0.705,0.765,,,,,14,6.499988425925926,0.75
0xa15dbb6882f583235b417a23ba5b12f41899b1bf78f6a917d11a658e3df96c20,CAT,2025-10-29T13:00:00+00:00,Industrials,1,0.49,,0.455,0.49,,,,,11,5.0000231481481485,1.0
0x50869a61c3d5c4fcfd6a978ee8d2afe25ea74914786458df0a3236370d93351b,CVS,2025-10-29T13:00:00+00:00,Other,1,0.785,,0.85,0.785,,,,,10,4.499953703703704,0.875
0x975eff2e5535e055fb19f8ae513cd0d7a30f676a8d9726b276189e1d4478789f,ETSY,2025-10-29T13:00:00+00:00,Other,1,0.425,,0.315,0.425,,,,,10,4.4999768518518515,0.875
0xe29975752adf840118daf1df6ddf15f0e85bd5b2cc3a79a66ca0189c5d23c9a6,GRMN,2025-10-29T13:00:00+00:00,Other,1,0.87,,0.835,0.87,,,,,10,4.4999768518518515,0.875
0xe3eac36ff2839d6583710cd2020e6bb2ef980fd3a5fad2d4e49447550f62459d,KHC,2025-10-29T13:00:00+00:00,Other,1,0.78,,0.835,0.78,,,,,10,4.5,0.875
0xe5fdc59e7eda9e7ad5b36efd57bfdf5fd8fd2d93626de432e32cf7e205c6e3eb,OTLY,2025-10-29T13:00:00+00:00,Other,0,0.725,,0.645,0.725,,,,,15,7.499953703703704,0.875
0x5ecb5587a643532129b08cfd246a144cd57a92d88e338d6410c17d31fdc5d06a,VIRT,2025-10-29T13:00:00+00:00,Other,1,0.745,,0.76,0.745,,,,,9,4.00005787037037,0.75
0xfdf3a1ae0c405d6c515647b30080dd20936b44cdc9848fbec75e933e30b3bd27,PAG,2025-10-29T13:00:00+00:00,Other,0,0.695,0.845,0.725,0.695,,,,,15,6.999988425925926,0.75
0x706be37cc674211f39a0f05c1c47e7f886d9fbcee4f0bda82684e1acad4a101c,BA,2025-10-29T13:00:00+00:00,Industrials,0,0.375,,0.395,0.375,,,,,11,5.0000231481481485,1.0
0x3bd16cd1702f4c3e4a92209d7e18bc6a57ce86d30bb35e058235d88da3d2dd2b,VZ,2025-10-29T13:00:00+00:00,Other,0,0.77,0.725,0.795,0.77,,,,,41,20.00019675925926,0.75
0xecffad8c6917c58ca287eedd3314906980071a765aa2bd18cb7290ce64249447,EVR,2025-10-29T13:00:00+00:00,Other,1,0.865,0.915,0.885,0.865,,,,,41,20.000081018518518,0.625
0xf009d7b286c70198500f37d96db0c43aa5a5ed264264f35890a57aebdd79c332,OTIS,2025-10-29T13:00:00+00:00,Other,1,0.695,0.72,0.765,0.695,,,,,25,12.000011574074074,0.625
0xeff2ee7e904e396c3a7208539f0f15e4234e87809dea07f87e8cf9ced2662846,SBUX,2025-10-29T21:00:00+00:00,Consumer,0,0.415,0.625,0.33,0.415,,,,,16,7.9999768518518515,1.0
0x3a87743b2f49fe43f1da2eaff89597621b1ba2b3a80ec982da2fae5c9697eb5b,MGM,2025-10-29T21:00:00+00:00,Other,0,0.825,,0.82,0.825,,,,,11,5.499988425925926,0.625
0x75f7bf711106b1a3e5f0eb2eae969f964df69e57ffb06e5822add43f6fd38c03,WAY,2025-10-29T21:00:00+00:00,Other,1,0.755,,0.775,0.755,,,,,10,5.000046296296296,0.5
0x86d09d45cd3e5b98107f21b2e7aa5660a4bff8c7c3b1eedc66eee64e0d6f285a,META,2025-10-29T21:00:00+00:00,BigTech,0,0.825,,0.87,0.825,,,,,11,5.499965277777778,0.0
0xfd68c1b4d0811626043f6ebed62b2a23e8c48ef37746fbe0390e3c03e7e89970,GOOGL,2025-10-29T21:00:00+00:00,BigTech,1,0.755,0.66,0.82,0.755,1.0,14.3741875,14.066064730553006,8.0,16,7.499907407407408,0.0
0x822d87248479fc05e7f3b0b0e85cdec9ef3bfd90bc82c4ad46693cf25ad63118,MSFT,2025-10-29T21:00:00+00:00,BigTech,1,0.78,0.765,0.835,0.78,,,,,15,6.999988425925926,0.3333333333333333
0xf6326bae751b61c32ec2918e44af5dac245c10875c4a034343f9a0e0473b3f6a,CVNA,2025-10-29T21:00:00+00:00,Other,0,0.835,,0.84,0.835,,,,,12,6.000034722222222,0.5
0x3fb4f023c9da4411f88e7891453e16a7820d1e152027e5104dad392b230f69f1,CMG,2025-10-29T21:00:00+00:00,Consumer,0,0.735,,0.715,0.735,,,,,12,5.999988425925926,0.6666666666666666
0xd165dd3fbe08b8c4246141895779cb2003e9cdbea4534ee8a5ef0873852ba5ec,TDOC,2025-10-29T21:00:00+00:00,Other,0,0.505,0.63,0.445,0.505,,,,,17,8.499930555555556,0.5
0xc86f9fe2b22de273f0ea0360c28f972304015778382f171b40fe2c8634e31dc2,EBAY,2025-10-29T21:00:00+00:00,Other,1,0.88,,0.785,0.88,,,,,10,4.49994212962963,0.375
0xcbb260cc4aa68f6ee95491df87b699254004cc749141d9750203e72d5b2f0fbe,ICE,2025-10-30T13:00:00+00:00,Other,1,0.835,,0.82,0.835,,,,,11,5.500127314814815,0.5
0x328b085c81fad69bbe0da269441f019207175ddd63faffcc812aff93c1d34278,RBLX,2025-10-30T13:00:00+00:00,Other,1,0.845,,0.77,0.845,,,,,12,5.999988425925926,0.625
0x1e37c15513238520e046a4e3b11df38b2b406d3d94f9e18ff79b9a0bafe4754c,HGV,2025-10-30T13:00:00+00:00,Other,0,0.33,,0.39,0.33,,,,,11,5.500034722222222,0.625
0xb3d24eb41b68f36e15d45bc5c9fc179baf4ba29aff52111ef5976658045d9863,SPGI,2025-10-30T13:00:00+00:00,Other,1,0.85,,0.84,0.85,,,,,11,5.500069444444445,0.5
0xbbb65adc6fd52f0fecd996f37e62c3b8a54bde4df6815c949f7d8704cd85ed57,SHAK,2025-10-30T13:00:00+00:00,Other,1,0.655,,0.765,0.655,,,,,11,5.500046296296296,0.625
0x8594a2c5350e10f739d4394ae08661245ad3323fa554486e4447598966d61267,TW,2025-10-30T13:00:00+00:00,Other,1,0.64,,0.635,0.64,,,,,11,5.499988425925926,0.625
0x04e95ff40e7494c3460683f3768e412150065fe1884a624005afa377db667c14,FOXA,2025-10-30T13:00:00+00:00,Other,1,0.84,,0.805,0.84,,,,,11,5.5001388888888885,0.75
0x2def86f0dd8833060353d0462072444a0b515d4f5ffc49d84506cfa12f25bdaf,MA,2025-10-30T13:00:00+00:00,Other,1,0.865,,0.91,0.865,,,,,11,5.5,0.875
0x32f368cd07ab67ba19e05585e7755e8020babf658e5a4ed6663d853feec805a4,EL,2025-10-30T13:00:00+00:00,Other,1,0.77,,0.8,0.77,,,,,11,5.499988425925926,0.875
0x4ca5a26a4ca4c4ba1fb0dbae14d630e1e67246d23e451e9a4fde8221f1f84bab,LLY,2025-10-30T13:00:00+00:00,Pharma,1,0.805,,0.81,0.805,0.75,8.81415,20.15586950621155,2.0,11,5.500092592592592,1.0
0xc7c3d58d11a34df058df4a0b8acf762bdad39a5004643d698e9cc3ffa98ad8b7,BUD,2025-10-30T13:00:00+00:00,Other,1,0.845,,0.835,0.845,,,,,12,5.999965277777778,0.875
0xa3a9fe63f86dcfa7345880580f670398a14af9e796d70229ec993b867e749df6,AMP,2025-10-30T13:00:00+00:00,Other,1,0.475,0.475,0.575,0.475,,,,,43,21.500069444444446,0.875
0xd945f174433f4bd99050fc692d710ebc3c9d8e55997b4a38a9039630da3cce43,AAPL,2025-10-30T21:00:00+00:00,BigTech,1,0.84,,0.845,0.84,1.0,3.8283,2.6327796142371764,8.0,11,5.500104166666667,0.5
0x2e71d4add7c90b367bff34c28e1f8d089b5492739e9aa35423d4d6d6c0083bcf,RDDT,2025-10-30T21:00:00+00:00,Other,1,0.825,,0.83,0.825,,,,,11,5.500127314814815,1.0
0x3b9907e435f8c9cae11ba55c60d86cf0f35e35e0d80aaa0a69f318fedcaad18d,AMZN,2025-10-30T21:00:00+00:00,BigTech,1,0.815,0.765,0.865,0.815,,,,,18,9.00005787037037,0.6
0x902a21e79f5e818458f783575c3c02f51971fff136fc6c41a9ddc8132ae3bd96,MSTR,2025-10-30T21:00:00+00:00,Other,0,0.33,,0.28,0.33,,,,,11,5.50005787037037,1.0
0x7eb418e2bb4e51042c2c5fe0d61755d7595e12ac254f84ed9a560ac9ee62f428,ROKU,2025-10-30T21:00:00+00:00,Other,1,0.85,,0.81,0.85,,,,,11,5.500092592592592,0.875
0x8b7ffa2267c76412d7eff4b0382e8ad411ec128ad6d09cebbe10ca02d25d67bc,XOM,2025-10-31T00:00:00+00:00,Energy,1,0.7625,0.75,0.7805,0.7625,0.875,4.196225,5.162028671739159,7.0,69,34.500219907407406,0.0
0xca60b80b2c05edcf782831381dc6988f033eef8e8e0bbd28a4e0d4babf8d688f,CVX,2025-10-31T13:00:00+00:00,Energy,1,0.68,,0.745,0.68,,,,,13,6.500081018518519,0.5
0x65343ce2703761c8448b0d703d3c7c945a7b095f124d074dd87d1f5e4b35fc5f,CL,2025-10-31T13:00:00+00:00,Staples,1,0.82,,0.595,0.82,,,,,13,6.50005787037037,0.8
0xe8b78ad8fa1c3f460f429a01c4c0877d6e0db4c18f972855a1e532391d1b93d4,CBOE,2025-10-31T13:00:00+00:00,Other,1,0.8,,0.84,0.8,,,,,13,6.500069444444445,0.875
0xdc0a5726fc98dc4c2b8ff6b7849d2c0125f77f4c79695d272542fa247fcc75d9,HESM,2025-11-03T14:00:00+00:00,Other,1,0.63,,0.755,0.63,,,,,13,6.499988425925926,0.875
0xc696376ccca8d06fc21345a9c8c12645fad739c5b0f1508b5fc2e32c4937ef89,ARES,2025-11-03T14:00:00+00:00,Other,1,0.505,,0.675,0.505,,,,,13,6.499988425925926,0.875
0x8d3ca023239d93aad864f4b27e12818000b7b878bd5719e23345452108e2ecfd,IART,2025-11-03T14:00:00+00:00,Other,1,0.9995,0.665,0.9995,0.9995,,,,,18,8.999918981481482,0.875
0x1a1a2ee8ad238406bb9de3721db308b79bafd1654da7c504cbdd5ffc22299a79,PLTR,2025-11-03T22:00:00+00:00,Other,1,0.825,,0.865,0.825,,,,,13,6.50005787037037,0.875
0x10138e0154bd8008084ac38e79665aca2bd2d24dfb8b7fea0a30718bbcf30141,WMB,2025-11-03T22:00:00+00:00,Other,0,0.65,,0.69,0.65,,,,,13,6.5,0.875
0x8960b992d2f8a54e0e21c49d4ef13f80d9998433072977da3ce42c136eef3cd7,GRAB,2025-11-03T22:00:00+00:00,Other,0,0.605,,0.63,0.605,,,,,15,7.50005787037037,0.75
0xd4927dc96febd8adaf3a42df07bad00990fe928418c889ff12ea23c622e9af43,HIMS,2025-11-03T22:00:00+00:00,Other,0,0.69,,0.64,0.69,,,,,13,6.5000231481481485,0.75
0xccb5380ae6d7c6407ca1bcb0f3f333b4cd342f74f2106cf543752615b56fc532,CBT,2025-11-03T22:00:00+00:00,Other,1,0.655,,0.915,0.655,,,,,8,3.500115740740741,0.625
0x03af7b38eb9f47d4f014a5101c99841acae80009f18ce65b0c765fefd3e7b61b,GTM,2025-11-03T22:00:00+00:00,Other,1,0.79,0.72,0.845,0.79,,,,,26,13.000127314814815,0.625
0xba17d9b3086864ee6c44bf475a9f2ec97459c0602d469e3fa8ae34db82f413c6,COIN,2025-11-03T22:00:00+00:00,Other,1,0.9995,0.75,0.9995,0.9995,,,,,12,5.999953703703704,0.625
0xf7d9c0dd323675e1e0f6d1151c98e19b4dfb7856408fd2e64b512f5aaf30de69,CLX,2025-11-03T22:00:00+00:00,Other,1,0.785,0.835,0.855,0.785,,,,,19,9.5,0.625
0x4b285f64604f6c3632bff92503ad9cd0f7fb1a1550a0353a4f1963b331896df3,HOG,2025-11-04T13:00:00+00:00,Other,1,0.3,0.305,0.255,0.3,,,,,37,18.500208333333333,0.625
0x9235a428976ad408046e7a07137943ade4bfbd70ceade1a85f2e7ef659273535,WING,2025-11-04T14:00:00+00:00,Other,1,0.88,,0.835,0.88,,,,,10,4.500196759259259,0.625
0x9a14a5f8fac102b6e37face4df35b0447e7b25a4dee4296d18f03a1bef49cdb0,SHOP,2025-11-04T14:00:00+00:00,Other,0,0.915,,0.856,0.915,,,,,10,4.500069444444445,0.75
0x3e53714194a4cf3e831aa82e8ff9c6635d194fa4853a4c0c0aa45dd372df334b,MAR,2025-11-04T14:00:00+00:00,Other,1,0.805,,0.89,0.805,,,,,10,4.500011574074074,0.75
0xa6b53f1a28a91d4c7c90b31e144f376f01854b9825bb078f5a10fb8db0223a14,HTZ,2025-11-04T14:00:00+00:00,Other,1,0.29,,0.46,0.29,,,,,10,4.500092592592592,0.875
0x798fecf33230e3b20823dcb611efc3646bc711f9b17b3cc0b580e6b88dbe44b1,PJT,2025-11-04T14:00:00+00:00,Other,1,0.93,,0.9,0.93,,,,,10,4.500115740740741,0.875
0xf264cacf5ddbd6a541463e574939da8657913e27b78fc6a3e9d5bd33346adcc5,MPC,2025-11-04T14:00:00+00:00,Other,1,0.79,,0.875,0.79,,,,,10,4.500127314814815,0.875
0x3ad41621ac40b27e84b3e8778bc9f73f26171b3321c5dc43e626169b72a670d4,PFE,2025-11-04T14:00:00+00:00,Pharma,0,0.36,,0.31,0.36,,,,,10,4.500034722222222,1.0
0x292e828c4a5582bc99daba5aaee165f70a3c9595df857c669010a6e36487867a,APO,2025-11-04T14:00:00+00:00,Other,1,0.715,,0.82,0.715,,,,,10,4.5001851851851855,0.875
0xa69793f4e18e169b21244bab9451acc7610ac41234d05a6edf2079b5c9f1e7e7,UBER,2025-11-04T14:00:00+00:00,Other,1,0.89,0.7,0.795,0.89,,,,,27,13.500011574074074,0.875
0xde834cbb9a8784005283e577482a6dbbf4285c6d762ce9f8c53513362622b0c1,SSTK,2025-11-04T14:00:00+00:00,Other,0,0.55,0.575,0.685,0.55,,,,,29,14.500023148148149,0.875
0x27b52a955b2c87e8f7fff0b820c9948bcaeb45c8ed28ee19053e65814d321c90,TOST,2025-11-04T22:00:00+00:00,Other,1,0.685,,0.785,0.685,,,,,11,5.000115740740741,0.75
0xfdc4e7426ea66db764b114c47148d1dbd7dbfdfeaafb555c7dcedbd2eb8010b4,HNGE,2025-11-04T22:00:00+00:00,Other,1,0.745,,0.77,0.745,,,,,11,5.000069444444445,0.875
0xaeabd9a1533bb746c93634d2b4a806845f771e80f3c752f7f2a969d340eb3d2a,LYV,2025-11-04T22:00:00+00:00,Other,0,0.325,,0.695,0.325,,,,,11,5.000115740740741,0.875
0x3ab8cf10e11a39987f360a64fc2b5b3661a67c368bbc64ef27831d60e8b1f1bf,PINS,2025-11-04T22:00:00+00:00,Other,0,0.455,,0.41,0.455,,,,,10,4.5000231481481485,0.75
0xd88136132a2e7173cbf336b74eaa92210992900ba490f0203db90e6c7df6dd27,BYND,2025-11-04T22:00:00+00:00,Other,0,0.355,,0.435,0.355,,,,,25,12.000023148148149,0.625
0xb4c0881635c3ec435868b0357a4318402f37f0de66c8f601a9b5964c00f0fdcb,CGBD,2025-11-04T22:00:00+00:00,Other,0,0.22,,0.39,0.22,,,,,11,5.000046296296296,0.5
0xa60f72aa1c1b7a2f2cee9823a510e8dd0a6a1f206355794439a31ca9794c1333,AMD,2025-11-04T22:00:00+00:00,Semis,1,0.9785,,0.917,0.9785,,,,,10,4.5,0.6666666666666666
0x29cf5736f96e42daf6db45baeacc0e05bd054447a50cdbca1b2c58eaacc2432b,RIVN,2025-11-04T22:00:00+00:00,AutoEV,0,0.49,,0.55,0.49,,,,,11,5.000069444444445,0.6666666666666666
0x8f1934443b26222812fe67bbd99134001e1b20402bc19295b3285851b51c4bc4,CRSP,2025-11-04T22:00:00+00:00,Other,1,0.625,,0.655,0.625,,,,,22,10.500069444444444,0.375
0xe71d15da0be8b16f0395e3793d80b05a71d7d1838a2fa37a3beabec99410620b,MCD,2025-11-05T14:00:00+00:00,Consumer,0,0.71,,0.66,0.71,,,,,14,6.500046296296296,0.5
0xfb5f8ed35e7f9078284a32c6dd127f90e251df77cfdca0cb48c7c70ce8a56a9c,IEP,2025-11-05T14:00:00+00:00,Other,1,0.32,0.31,0.27,0.32,,,,,17,8.5,0.375
0xdd4129a0dec786aff9511bcf98627556ddc26873d83296de8c18151805f9f3ff,CRL,2025-11-05T14:00:00+00:00,Other,1,0.855,0.82,0.925,0.855,,,,,17,8.5,0.5
0x7ff0ca5821d8b8407e6855031c49f797a73dc0dd8301039bbf25a9c26bf70411,SONO,2025-11-05T14:00:00+00:00,Other,0,0.53,,0.565,0.53,,,,,12,5.5000231481481485,0.5
0xcb5bc87893fe2469451d7376362ed4099705322095c5d81fcca8f9005896043c,FIS,2025-11-05T14:00:00+00:00,Other,1,0.855,,0.845,0.855,,,,,14,6.500011574074074,0.375
0xf038834aef22cb3c63cb17785202f3a1dfacb9a4fc6df631d36812bb67928fcc,HUM,2025-11-05T14:00:00+00:00,Other,1,0.845,,0.84,0.845,,,,,14,6.5,0.5
0xab8d700fb1a8afc20134af099006b7fa97a2c366e13b2d0a3d2c4d4d9649f209,FTDR,2025-11-05T14:00:00+00:00,Other,1,0.915,0.775,0.885,0.915,,,,,17,8.500023148148149,0.625
0x01955b0dae956491f1cdf6829ae438d39d768f6a55698f0084b37cc2a7f84c1a,SUN,2025-11-05T14:00:00+00:00,Other,0,0.355,0.465,0.405,0.355,,,,,17,8.500069444444444,0.75
0xc7ab38fcf9d0f3877076dd8c0dd38a9791ecac23b1ce63c6bcc151bc0d59092b,NYT,2025-11-05T14:00:00+00:00,Other,1,0.895,0.85,0.955,0.895,,,,,17,8.500046296296297,0.75
0x51a55abced1d700e0df3fd0f6a7f4c3008e6db96574c050d66e996ec7b68ffa4,FIG,2025-11-05T22:00:00+00:00,Other,0,0.665,,0.825,0.665,,,,,13,5.999988425925926,0.75
0x7c38b46940cc6c0fc0059c8feac91ac379dfeda62e99d93c85072d1606c8dc14,BMBL,2025-11-05T22:00:00+00:00,Other,0,0.26,,0.24,0.26,,,,,13,6.0,0.625
0xecfa8e8a51a7961761be09355bacc9aa3210bf80236da3a3e79bc06e9c794462,ALL,2025-11-05T22:00:00+00:00,Other,1,0.9,0.77,0.92,0.9,,,,,26,12.999965277777777,0.5
0xe829e2075915ca2f9b82ac3f915e36be8beba43b8aad7ba43a2f0e63a0fd21c6,AMC,2025-11-05T22:00:00+00:00,Other,1,0.64,,0.82,0.64,,,,,11,4.999965277777778,0.625
0xb7ad64e3807a2715e3a68d9b4d2173e427ef68b77ce29ce1a0c9f46db87e5f5c,LYFT,2025-11-05T22:00:00+00:00,Other,1,0.865,0.825,0.815,0.865,,,,,17,8.500081018518518,0.625
0xfb19ac4840a66e8a3025e4d66fa0cbad7ffedf835c17d5dabdbdaac3a9e31cd1,HUBS,2025-11-05T22:00:00+00:00,Other,1,0.845,,0.85,0.845,,,,,14,6.500081018518519,0.625
0xe6ef2b93e7f5482aed7c0d12b22365f3d28ab348208b6c97d053ec5316055275,CHYM,2025-11-05T22:00:00+00:00,Other,1,0.59,0.55,0.765,0.59,,,,,18,8.99988425925926,0.625
0xee42d7233531b4f1498ac62c557b9ea83e7d4c1c6bfbcee6c08c040d6b154f4f,FSK,2025-11-05T22:00:00+00:00,Other,1,0.245,0.35,0.405,0.245,,,,,18,8.999930555555556,0.75
0x2c2d30157f3dbc5788c2c5f0f540272d97f417ef176a2f1feb4ab10968a9191e,FRGE,2025-11-05T22:00:00+00:00,Other,0,0.665,0.505,0.68,0.665,,,,,37,18.50003472222222,0.75
0xfca66c1e69aa22101e65b0b32d5e22e36215a4350a23a68736f5843689f9eb77,APP,2025-11-05T22:00:00+00:00,Other,1,0.83,,0.81,0.83,,,,,15,6.999918981481481,0.75
0x39760d0c47c6f5709da825cb4cb4c95e9e4db021b4845419cf7feace69f53c54,ARM,2025-11-05T22:00:00+00:00,Semis,1,0.845,,0.77,0.845,,,,,14,6.500011574074074,0.75
0x4e19bb2282fc34f3ad60595f53dbc49bdce2fae8855ed960d2fdd1749b042c60,QCOM,2025-11-05T22:00:00+00:00,Semis,1,0.925,,0.92,0.925,,,,,14,6.50005787037037,0.8
0x8e757ed568f11b6494cea42e5b07392aad15a647d080ba436e6023836950bbbd,HOOD,2025-11-05T22:00:00+00:00,Other,1,0.905,,0.87,0.905,,,,,15,6.999895833333333,0.875
0x098905fd3251ecbcf6f9b3d5925e54ded294f5f2a86fcb37c9580dab20a2a115,AMPL,2025-11-05T22:00:00+00:00,Other,1,0.785,,0.745,0.785,,,,,13,5.999988425925926,0.875
0xfe50610dbcdfe6b09107a8418d5daa66ceb1b42eabd8abf99d95a4acf55fbff8,DASH,2025-11-05T22:00:00+00:00,Other,0,0.745,,0.24,0.745,,,,,15,6.999965277777778,0.875
0x5880d5ea3d38f4fc3dd68cbda0e82bf4fdd87240be6c823df98fadbbce097852,ATO,2025-11-05T22:00:00+00:00,Other,1,0.935,,0.84,0.935,,,,,16,7.500069444444445,0.75
0x59fa6d040b5f47a8cb6ae947db533fd7f896e8ce4a5667d278045253a85a607f,MET,2025-11-05T22:00:00+00:00,Other,1,0.285,,0.275,0.285,,,,,15,6.999918981481481,0.75
0x91e382ae262dc07f6839fa413615d4211cccdb3d03cf32b7d591c59e0593528b,TKO,2025-11-05T22:00:00+00:00,Other,0,0.78,,0.82,0.78,,,,,15,6.999918981481481,0.75
0xcb74afc97c95488d4dd4ff84065358ae0c3428abd8d1f465c276eb91b85e0263,CELH,2025-11-06T14:00:00+00:00,Other,0,0.675,,0.845,0.675,,,,,12,5.4999768518518515,0.625
0xe724500a327bd2b511a0f819931b274d9df550a16fab238e28a01704bed48374,BGC,2025-11-06T14:00:00+00:00,Other,1,0.435,0.605,0.25,0.435,,,,,32,16.00002314814815,0.625
0x540caf896b82e10790059629fb80fcb4bb913476c2dff01d204ff300b0261cb5,MRNA,2025-11-06T14:00:00+00:00,Other,1,0.805,,0.845,0.805,,,,,14,6.500081018518519,0.625
0x615a2a38e8d86cf7cfae2613359f15201f8533506004415d27825de9d99923b3,H,2025-11-06T14:00:00+00:00,Other,0,0.86,,0.835,0.86,,,,,14,6.500219907407407,0.625
0xc96c7c8c9ef06dd9eebbed5369bb1f60db264eb1807e4eab15106f17fabe31b2,UAA,2025-11-06T14:00:00+00:00,Other,1,0.665,,0.64,0.665,,,,,12,5.500092592592592,0.5
0x77471ad1bdea9a9a19b157677d1fe0d8cac45249ae4c674f073ea3ca7a156a61,TRIP,2025-11-06T14:00:00+00:00,Other,1,0.855,,0.845,0.855,,,,,12,5.500092592592592,0.625
0x5d5107f0ff6624f223ab87a64ad83f9b275d0c261fa0edbfb8bb4efab5fab9d9,USFD,2025-11-06T14:00:00+00:00,Other,1,0.73,,0.83,0.73,,,,,14,6.5001851851851855,0.625
0x47632841906c23b84b1b0008ea8c52dcee340b49d2bd947807fd05741dd1737c,PZZA,2025-11-06T14:00:00+00:00,Other,0,0.84,,0.79,0.84,,,,,12,5.500092592592592,0.625
0x76cf72845f1998e557b529b2208683ecbe6a4ba3654ef22efba6b129e514e27e,TFX,2025-11-06T14:00:00+00:00,Other,1,0.83,0.825,0.825,0.83,,,,,25,12.500196759259259,0.625
0x2db309d12abf862f911a49880cd384e44c764aaf14f69eb92577c68a1647e1c8,WBD,2025-11-06T14:00:00+00:00,Other,1,0.64,,0.725,0.64,,,,,14,6.500231481481482,0.75
0x1b794b9ee72a50e51870648a0763ee050f51f6f672664f2087ce645932976862,DDOG,2025-11-06T14:00:00+00:00,Other,1,0.8995,,0.8675,0.8995,,,,,14,6.500231481481482,0.75
0x331539b3f07089195167e3fbfd7255e14d672839d0f85f7c8b8dcd9d1e9a1869,COP,2025-11-06T14:00:00+00:00,Energy,1,0.845,,0.86,0.845,,,,,14,6.50005787037037,0.6666666666666666
0xf1771712af2248cc7578c94e04c6cd05e8bfb49577a66530330f4e2dc1d04bf4,WRBY,2025-11-06T14:00:00+00:00,Other,0,0.34,,0.255,0.34,,,,,14,6.500196759259259,0.75
0xeccac2fb9981c6702515b1d7a58f4482917c16c68d831321f683351b930f3fe5,RL,2025-11-06T14:00:00+00:00,Other,1,0.86,,0.85,0.86,,,,,14,6.500219907407407,0.75
0xc0cf08310a9fa92e82a482249662e5088e01d77aba3dc48cf0cbc211f9293a4c,DD,2025-11-06T14:00:00+00:00,Other,0,0.89,,0.775,0.89,,,,,14,6.5000231481481485,0.75
0x734e47cbb4c21b28054f336b1fa0d576e27ce11d12ba9a97c38845e7505e3874,SG,2025-11-06T22:00:00+00:00,Other,0,0.395,,0.36,0.395,,,,,13,6.0,0.625
0xf2d007aa9165658fcb68829d8dfbe6910a852b879283b26dcfdd57d69264778c,BZFD,2025-11-06T22:00:00+00:00,Other,0,0.375,,0.35,0.375,,,,,13,6.000011574074074,0.5
0x1951ed4b971d16821f4f87fbb689e270177275829bb01c9f243a3d695cf61492,GPRO,2025-11-06T22:00:00+00:00,Other,0,0.6,,0.525,0.6,,,,,13,5.999988425925926,0.5
0x5710d5832bd1bf3b33dbffad8e614cfa8f6831fe1bb183b9c17b8694912027d8,YELP,2025-11-06T22:00:00+00:00,Other,1,0.755,,0.835,0.755,,,,,12,5.500127314814815,0.375
0xb958ade2bff51aba84b467f97fcfacc35323f1393fa1448b8ed7181d535c5822,EB,2025-11-06T22:00:00+00:00,Other,1,0.65,,0.645,0.65,,,,,12,5.5,0.375
0xdd9078190363fd9ecb180a356ca00dda2f03baaede93758062ab7ccc49d3cc82,MRX,2025-11-06T22:00:00+00:00,Other,1,0.745,,0.925,0.745,,,,,12,5.500104166666667,0.375
0x28672a0b6507d61e5530fe2a585dbe5c9eb9cd3a9b9845332ebf4883bfe2a5eb,USAR,2025-11-06T22:00:00+00:00,Other,0,0.72,,0.57,0.72,,,,,13,6.000011574074074,0.5
0x983ed3d4c663ac3447a0ed1bd43bdebaeffe4c375d8e80c05c86348a23773f0f,BIRD,2025-11-06T22:00:00+00:00,Other,1,0.835,,0.825,0.835,,,,,12,5.500127314814815,0.375
0x64cf9a65a2a9805c06e00cb087d5328f311dd71d2648f1166f6d6b372f52399f,DBX,2025-11-06T22:00:00+00:00,Other,1,0.92,,0.915,0.92,,,,,14,6.500115740740741,0.5
0x4965a0c62306941f96d10a2a4ed7449baf17c6ecf4c08c6cfd53d3bdec117163,PTON,2025-11-06T22:00:00+00:00,Other,1,0.505,,0.51,0.505,,,,,14,6.500173611111111,0.625
0x2d808f639bc283667e027a3f6f41a6c5d694841ab380922458d6a26b13c9c467,ICUI,2025-11-06T22:00:00+00:00,Other,1,0.91,,0.93,0.91,,,,,15,7.000011574074074,0.75
0x5b2ed639b98ab9f1b9428062898c2c0ff14ca55277c35d48984db86749e9557d,MNST,2025-11-06T22:00:00+00:00,Other,1,0.49,,0.555,0.49,,,,,15,7.000069444444445,0.875
0x55b8459284b6f70edaa216a6e784ad189b4cbf6fe9a9b9ba4837e03c6d1a1375,ED,2025-11-06T22:00:00+00:00,Other,1,0.845,,0.825,0.845,,,,,15,7.0,0.875
0xff1818064df839307d6244ec98d332c5cfc2dfc4d7b5f847d1ca0d32999ebf2e,SNDK,2025-11-06T22:00:00+00:00,Other,1,0.905,,0.845,0.905,,,,,15,7.000011574074074,0.875
0x639424255d09a79664e90a46da6f072d73294ff27e99d9462c60493b5750a452,DKNG,2025-11-06T22:00:00+00:00,Other,0,0.56,,0.535,0.56,,,,,15,7.000092592592592,0.875
0x0812be9adc5030e38f7b5fbcd227beeea3b07a0fedccc7f69c0cff039d22c5e1,EXPE,2025-11-06T22:00:00+00:00,Other,1,0.87,,0.875,0.87,,,,,15,7.000104166666667,0.875
0x93791240499402bc591d2ee8461a9d3b74decf79a85937bf4c8b6337e7a10158,NWSA,2025-11-06T22:00:00+00:00,Other,1,0.565,,0.49,0.565,,,,,14,6.5001851851851855,0.875
0x42b93f5563b3ee48764fc107107d198788f04b3868f2a5699546510dc9ae57b5,FNF,2025-11-06T22:00:00+00:00,Other,1,0.36,,0.4,0.36,,,,,15,7.0,0.875
0x68aebfc344401afe8c729bdfa3d5ffdc451d941985a79439a8db9fbc8425d996,AKAM,2025-11-06T22:00:00+00:00,Other,1,0.895,,0.905,0.895,,,,,14,6.500231481481482,0.875
0x7c154efaa099309df60521891d8a9de4b3771f0964726da116f55d59dc620806,ABNB,2025-11-06T22:00:00+00:00,Consumer,0,0.825,0.765,0.795,0.825,,,,,25,12.500092592592592,0.4
0xc8d068b71a02b8cfc8945bd8dcb6978ac1edcd1f5c3afd1e7e95a76816b25fc1,OS,2025-11-06T22:00:00+00:00,Other,1,0.79,,0.725,0.79,,,,,14,6.500231481481482,0.875
0x6c1690f2620f8d5c1413c2cdcb741be7ad4b049e55d45aefc6607f497e430191,OPEN,2025-11-06T22:00:00+00:00,Other,0,0.475,,0.41,0.475,,,,,15,7.000092592592592,0.875
0x050863f2237eea3ac0b227d3c3e645fa839820de4da4f8bfba0f9c65e1e1eb22,KKR,2025-11-07T14:00:00+00:00,Other,1,0.89,,0.905,0.89,,,,,14,6.500092592592592,0.75
0x48327fa556569551a94bea4da4141137c04aa7d28db9b062562224598c201757,BEN,2025-11-07T14:00:00+00:00,Other,1,0.46,,0.82,0.46,,,,,14,6.499988425925926,0.75
0x03432900d523f067b167d7c9483cbbae68079b0244bac6676260694e580789c1,MKTX,2025-11-07T14:00:00+00:00,Other,1,0.615,,0.64,0.615,,,,,14,6.5,0.875
0x5302442ea569f4568014be75ac455b6d2d8d6cbe66da8a584778fcdcf6880960,WEN,2025-11-07T14:00:00+00:00,Other,1,0.505,,0.445,0.505,,,,,14,6.50005787037037,0.875
0x6dd1dd046d8c39fd397cdcd45c678d1475d55b318cca24dd5a935df88b4f73dc,TSEM,2025-11-10T14:00:00+00:00,Other,1,0.785,,0.795,0.785,,,,,8,3.5000115740740743,0.875
0xb10607e3aa02df62c6446441347a4a4beea3043d6828f8d431387d9f102f91e7,HHH,2025-11-10T14:00:00+00:00,Other,1,0.705,,0.735,0.705,,,,,8,3.5000115740740743,0.875
0x459bde2fcf6d0a9fc8f1d1c6665c247a8d82a222c4ff3a68b8c0ace0430856a9,TSN,2025-11-10T14:00:00+00:00,Other,1,0.825,,0.875,0.825,,,,,8,3.5000347222222223,0.875
0x3ca5f001ee024206c0ee4febfb5abcf53d415e5c90ab30ab0d6d7275a1733ec4,ETOR,2025-11-10T14:00:00+00:00,Other,0,0.625,,0.66,0.625,,,,,8,3.5000347222222223,0.875
0x95a145d7d09de74ed82196aa31f2ac21059c92e511baa956f7dfe1eea99018e0,PSKY,2025-11-10T22:00:00+00:00,Other,0,0.35,0.325,0.33,0.35,,,,,36,18.00002314814815,0.875
0x93aa1b8080645942ff883858eced3b5537ab7c417c72348c617b95d450d032e0,GETY,2025-11-10T22:00:00+00:00,Other,1,0.585,,0.26,0.585,,,,,8,3.500023148148148,0.75
0xf95575291f352e5a5e57830bf97ba06a469da2f52d5270eaded238cd3cdcd889,CHGG,2025-11-10T22:00:00+00:00,Other,1,0.535,,0.505,0.535,,,,,9,4.000011574074074,0.75
0x608f47dd05ad38c3b79cb669918fe018fa6cb915b8a43e5c7d2ef673cddda17b,BCSF,2025-11-10T22:00:00+00:00,Other,0,0.265,,0.455,0.265,,,,,9,4.000011574074074,0.75
0x6eb843b51d183238ecac8832d04675e8665c677d6ccef15e0682e2f7701bb8d6,REAL,2025-11-10T22:00:00+00:00,Other,1,0.765,,0.805,0.765,,,,,8,3.5000347222222223,0.625
0x06dd9bd00c4d8db2d220963c5e4d68a76bc9d0d5ef750dcfad601f2880bb9c07,TBPH,2025-11-10T22:00:00+00:00,Other,1,0.585,,0.53,0.585,,,,,8,3.5000115740740743,0.625
0xbbe41434acfda39a91f8a3dd50ecd7c01e0c81b41c3a81bb41cea1be36caf628,IHRT,2025-11-10T22:00:00+00:00,Other,0,0.425,,0.365,0.425,,,,,11,5.000011574074074,0.625
0x3553f79810f95fb8b12c84ac37bb4804e6d3710baed016c273c6314780156bce,OXY,2025-11-10T22:00:00+00:00,Energy,1,0.815,,0.785,0.815,,,,,8,3.500023148148148,0.75
0xbbb1b37d07a4457575b3210c4fdfc28ef3c8851fe660ba87b0d986aef284e53f,OKLO,2025-11-11T22:00:00+00:00,Other,0,0.355,,0.355,0.355,,,,,11,4.999953703703704,0.5
0xd8c64a03c894a23f8314a2591d42fa115fe834c27b50c2959a51035d15ab37ff,PXLW,2025-11-11T22:00:00+00:00,Other,1,0.865,,0.885,0.865,,,,,11,5.000011574074074,0.5
0xc81d97e06e367745e63b1b6c0e0a7ef27d73e87c32daaddb4fa703da89f98e6c,CRCL,2025-11-12T14:00:00+00:00,Other,1,0.745,,0.845,0.745,,,,,12,5.500011574074074,0.625
0x40291b53a2dc8ea0aa16e06757f48c994734b8024c621abd30726a032bb2dacc,EWCZ,2025-11-12T14:00:00+00:00,Other,1,0.825,0.77,0.83,0.825,,,,,26,12.500034722222223,0.625
0x11afdbf49a0d97d6dc3175a17523e2f1eb54521552f5528899378e2d54e717ab,CSCO,2025-11-12T22:00:00+00:00,Other,1,0.895,,0.925,0.895,,,,,13,5.999988425925926,0.625
0x5871c3290a5640169ce562e8b2a6bc31748027543b139fe3ee5c7e786113800d,PLBY,2025-11-12T22:00:00+00:00,Other,1,0.33,,0.255,0.33,,,,,13,5.999988425925926,0.75
0xbb911cf616aace6c1d9fd0e9f7a8cf6c5dbfdc81cc2c169f99acfc49dbb3e1f5,FLUT,2025-11-12T22:00:00+00:00,Other,1,0.465,,0.7,0.465,,,,,12,5.500092592592592,0.75
0x7d370250f820f7b00cf54a1a7080f722c03ad649c41559e29520479a448c6f46,RUM,2025-11-12T22:00:00+00:00,Other,0,0.525,,0.0005,0.525,,,,,9,4.000011574074074,0.75
0xe4c5595db8dcb010f2ae062111986b4fcffbd36b83b4502c1ce588a8fe80ebd6,DIS,2025-11-13T14:00:00+00:00,Consumer,1,0.89,,0.87,0.89,,,,,14,6.500092592592592,0.3333333333333333
0x6d79a0e2153940157b29a02c2bbda2fc432e3c1a89cf16229f216c92f9b6d4eb,GAMB,2025-11-13T14:00:00+00:00,Other,1,0.845,,0.87,0.845,,,,,14,6.500046296296296,0.75
0xbebda69dc045036e38e043d68f6cddd76815f2edfc05aed5f63a3071c8e5da14,BTM,2025-11-13T14:00:00+00:00,Other,0,0.415,,0.39,0.415,,,,,14,6.500104166666667,0.875
0x4de7e7e4899e512d0e3ac0b649237bfffec3d038d0cb5535c531e1a27f1dfe84,DEFT,2025-11-13T22:00:00+00:00,Other,0,0.34,,0.325,0.34,,,,,16,7.5000231481481485,0.75
0x1d6fabd17f8925213468fd175cbc85df74a76e7152cc16188e5f2b426a4e1b35,AMAT,2025-11-13T22:00:00+00:00,Other,1,0.89,,0.865,0.89,,,,,14,6.500104166666667,0.625
0xa299cf46721157bc15014476ee7098960decdbe6a1b83be6da47bb902bd0b470,NMAX,2025-11-13T22:00:00+00:00,Other,1,0.4,,0.375,0.4,,,,,15,6.999988425925926,0.625
0x9c7eda4f825a7d4910fe6af23432c44a2f23064a865540fbb9022c7bb0d0ecba,SPCE,2025-11-13T22:00:00+00:00,Other,1,0.795,,0.79,0.795,,,,,14,6.500069444444445,0.625
0x7ba4d51596a6ad7f49265e848dbb2af09259e264c8e0856105878d8913aabff6,QUBT,2025-11-14T22:00:00+00:00,Other,1,0.325,0.295,0.345,0.325,,,,,17,8.000011574074074,0.625
0xf65865cf70adde28879bd3692be67f89db8053fd57f1285192d55da2d8ed13b0,WB,2025-11-18T14:00:00+00:00,Other,0,0.835,0.685,0.875,0.835,,,,,15,6.999849537037037,0.625
0xbba19d6b76282eb50acd3daf141e13d8ee7bda6a246b919904b70ffa52dfa638,ACM,2025-11-18T14:00:00+00:00,Other,1,0.895,0.86,0.92,0.895,,,,,16,7.500011574074074,0.625
0x5f71c338bca0686d2f09a8d61ecdf725171ce8792c56271fe6c79340c5cc7cde,HD,2025-11-18T14:00:00+00:00,Other,0,0.64,0.45,0.62,0.64,,,,,16,7.5,0.625
0x15345a05793a27ab7e3070affbf7a47d1f3bd5642bcd1a726fee298944ec04ed,AS,2025-11-18T14:00:00+00:00,Other,1,0.835,0.835,0.915,0.835,,,,,16,7.500046296296296,0.625
0xffb61e7b29024c8cb1d6be1602c21e09832cb55db405e1c5f5850385abee8743,LZB,2025-11-18T17:00:00+00:00,Other,1,0.535,0.475,0.7,0.535,,,,,15,6.999837962962963,0.75
0x62214a6ea3f07b771f70fd173b587b369793880af3b7cb51b7f50dd3f9a94b7b,DLB,2025-11-18T22:00:00+00:00,Other,1,0.885,0.845,0.935,0.885,,,,,16,7.499837962962963,0.75
0x9094e56a0f9730656d72ea0884d507ff691c898fd10cea1f8e83273b94b4f386,POWL,2025-11-18T22:00:00+00:00,Other,1,0.86,0.69,0.895,0.86,,,,,16,7.4998148148148145,0.75
0x3b65b409d2030996de38861f6d1b45cc7f96b4148125630ad95a3369f8475b71,LOW,2025-11-19T14:00:00+00:00,Other,0,0.85,0.86,0.86,0.85,,,,,17,7.999849537037037,0.75
0xb8c3c01751b3588135c0f2cb12cadb8fc8a3421ddf386b1a8ad194d3ef04be98,BLSH,2025-11-19T14:00:00+00:00,Other,0,0.365,0.33,0.7,0.365,,,,,17,7.9998611111111115,0.625
0xb595bc3b1b4698125fd9c804e6414477890d8f291f33c3d582b401792bb404ed,WSM,2025-11-19T14:00:00+00:00,Other,1,0.825,0.81,0.825,0.825,,,,,18,8.500034722222223,0.625
0x7e5bba81e8fe9f2f1c440808d1714a72633b17ae86b54c338144c7974385ff41,WIX,2025-11-19T14:00:00+00:00,Other,1,0.885,0.845,0.865,0.885,,,,,17,7.999884259259259,0.625
0x7157b77baab9207cdfd67c1eab3fc67d4918a54c5fd94adb304d016e83752173,DY,2025-11-19T14:00:00+00:00,Other,1,0.875,0.835,0.88,0.875,,,,,17,7.999895833333333,0.75
0x7e9aa1645743b31f41138f9a52efdcbf6b42385fa01ea9ec148dbea2109b2ebd,VIK,2025-11-19T14:00:00+00:00,Other,1,0.785,0.735,0.815,0.785,,,,,17,7.999849537037037,0.75
0xcc63ddd626ad05734c531a1241d486cea7c4c051636557d050b7c85fedc9cd29,TGT,2025-11-19T14:00:00+00:00,Staples,1,0.625,0.535,0.575,0.625,,,,,17,7.999872685185185,0.8333333333333334
0x13c8546e1600edd62efa2c0530d99214cbbb3e9eb27c3e72fd09e50e874f17b3,NVDA,2025-11-19T22:00:00+00:00,Semis,1,0.925,0.93,0.89,0.925,,,,,18,8.500092592592592,0.8333333333333334
0x76033c55cd66ae86839ca898b89c083bb4c699c668cd2b10cff1c3368c9764ea,PANW,2025-11-19T22:00:00+00:00,Other,1,0.935,0.91,0.945,0.935,,,,,17,7.999884259259259,0.75
0x3206e3e62ec273d4656e26b9c1816e824cf8b2f4db34a346650389851d37e57d,BBWI,2025-11-20T14:00:00+00:00,Other,0,0.885,0.6,0.855,0.885,,,,,19,8.99974537037037,0.75
0xf924776e2939fc431529ab280882fcfcc8c04ddd0901bf89396507becf94b2d2,AVR,2025-11-20T14:00:00+00:00,Other,0,0.02,0.02,0.02,0.02,,,,,5,1.9998726851851851,0.625
0x37ecaec524dfa449405d15ea13102316601816b616fec6b6d2b8911dc53b56e1,WMT,2025-11-20T14:00:00+00:00,Staples,1,0.875,0.865,0.835,0.875,,,,,19,8.999837962962962,0.8571428571428571
0xe4d179b9cdfbdab157ac61a649750ab43aa969cd8492067fe350ed1b07354960,INTU,2025-11-20T22:00:00+00:00,Other,1,0.93,0.865,0.925,0.93,,,,,19,8.999791666666667,0.625
0x63075823f870341b0ce734a369e449a2c3f8a6f2dce2785ad6cd4c65f8a3b119,GAP,2025-11-20T22:00:00+00:00,Other,1,0.875,0.865,0.835,0.875,,,,,19,8.999768518518518,0.75
0xb21f7da1c064869df42d2253392303b50a652551c88393ff3c10362704fbb68d,BJ,2025-11-21T14:00:00+00:00,Other,1,0.885,0.865,0.92,0.885,,,,,21,9.999791666666667,0.75
0x97264c8249d9d7218da0f022abbfe512d61e338df0279c6ec905aa46bd1f0aec,WWD,2025-11-24T22:00:00+00:00,Other,1,0.88,0.84,0.925,0.88,,,,,30,14.500104166666667,0.75
0x71573c097b3b0be64ff26c940174f4795e1a5467315d8d3645ddb37f2d8830ce,SMTC,2025-11-24T22:00:00+00:00,Other,1,0.88,0.885,0.83,0.88,,,,,28,13.499837962962962,0.75
0x0abd05861bb16fabd78044f6d583055e05722e2bbacdf50bdb5e86cbae2d6cb5,SNEX,2025-11-24T22:00:00+00:00,Other,1,0.895,0.675,0.78,0.895,,,,,37,18.000011574074072,0.75
0xbc5d2d71124d51e24abe89b98f7d668c71906724dd3f557a1dbe401152fa86fc,ZM,2025-11-24T22:00:00+00:00,Other,1,0.935,0.91,0.956,0.935,,,,,28,13.499837962962962,0.75
0x2eb3234983d9b52763e8071a87e046b87ba04bae9e8f9dfe4aaf8629c52f0242,ANF,2025-11-25T14:00:00+00:00,Other,1,0.795,0.825,0.745,0.795,,,,,30,14.499803240740741,0.875
0x3e30a3172bad31b90f0bab0a06d389a9aab01d0aeb9702e0215eddde33478685,KSS,2025-11-25T14:00:00+00:00,Other,1,0.755,0.82,0.725,0.755,,,,,30,14.499699074074075,1.0
0x72d953acfaf2d2e7c211836a3a02aa73506fcb2da1db2296f356db1efd385421,SJM,2025-11-25T14:00:00+00:00,Other,0,0.835,0.905,0.88,0.835,,,,,30,14.49982638888889,1.0
0xb95e125e51efa5ce18ef32627b1ea73975bf4fe6d6faccbcff631ca1c095b710,BBY,2025-11-25T14:00:00+00:00,Other,1,0.845,0.825,0.885,0.845,,,,,30,14.499756944444444,0.875
0x1f0ff9667bb7018d03eb91100ae6aa85ab11e969a87869caa5ab9b6ba20daf94,DKS,2025-11-25T14:00:00+00:00,Other,0,0.875,0.865,0.9125,0.875,,,,,42,20.99988425925926,0.875
0x2bff131205f2e13d24e53fd1258e10bf0e1e41064f5dc25dd23f34f0797490e0,BURL,2025-11-25T14:00:00+00:00,Other,1,0.84,0.84,0.84,0.84,,,,,31,14.999976851851851,0.75
0xd4077aa5398c80f55799aa06b50497bdbafaafd589286f73ab3b561ffe2b593d,ADI,2025-11-25T14:00:00+00:00,Other,1,0.925,0.865,0.93,0.925,,,,,30,14.499756944444444,0.75
0x1e88a10aa1aaeef9a5dc70cd7f1d04c9d385341ad5220885a882f53f919423dc,ADSK,2025-11-25T22:00:00+00:00,Other,1,0.92,0.915,0.91,0.92,,,,,30,14.499768518518518,0.75
0x7a677d53c7b8fb14305f21faf9735b912e47655a15abc9db99f58db929103bbd,WDAY,2025-11-25T22:00:00+00:00,Other,1,0.915,0.895,0.92,0.915,,,,,30,14.499849537037036,0.75
0xd51547cb1230a175172a2cc26db38aa0775589b70461635f13376a015ce56e62,HPQ,2025-11-25T22:00:00+00:00,Other,1,0.445,0.375,0.31,0.445,,,,,30,14.499699074074075,0.75
0x79816eff7de53a019e8128a4236d5cd60ecea8b5c49c55362f5bee8d4720f994,URBN,2025-11-25T22:00:00+00:00,Other,1,0.885,0.805,0.91,0.885,,,,,30,14.49974537037037,0.75
0x53d35fb2ee3bfc83738082e083c4f2303301697463e8d49ae99a4abb75ab5811,PD,2025-11-25T22:00:00+00:00,Other,1,0.925,0.925,0.91,0.925,,,,,31,14.999930555555556,0.875
0xdfd30c1954674ad0fbcafdf4d7dbb33296f59d17a0f76e2e256a8dd5227585a4,DELL,2025-11-25T22:00:00+00:00,Other,1,0.845,0.855,0.905,0.845,,,,,30,14.499837962962962,0.875
0xf1d8c2d70737dbcf021571a25ae67e7d982008eb76d8485f2caa3e9a72e9a996,DE,2025-11-26T14:00:00+00:00,Industrials,1,0.83,0.875,0.745,0.83,,,,,31,15.000034722222223,0.8571428571428571
0xcbf5493648f44bf4a8677b713b7fd3f4aef88a30471ebbad9ef2667eba614bee,FRO,2025-11-28T14:00:00+00:00,Other,0,0.0005,0.135,0.0005,0.0005,,,,,23,10.999930555555556,1.0
0x73c95a75f53d66ab7fc174331c74407c02aadaacce95fa417601cdbf71d11c4e,MDB,2025-12-01T22:00:00+00:00,Other,1,0.915,0.915,0.945,0.915,,,,,19,9.000104166666667,0.875
0x16319c2cb245207804b4481ffe84a3837676b3da0289f411f6811da00a1bc600,UNFI,2025-12-02T14:00:00+00:00,Other,1,0.895,0.875,0.915,0.895,,,,,20,10.000162037037038,0.875
0x8996d8d6944bf8b68056ddda88585ec3ba230318a07663b451a4fb476eed9cfc,CRWD,2025-12-02T22:00:00+00:00,Other,1,0.945,0.905,0.945,0.945,,,,,22,10.500046296296297,0.875
0xf83337525e09673acd4babdccbcae8dcc8e6b5db8d92886491dd21049ff1c169,OKTA,2025-12-02T22:00:00+00:00,Other,1,0.93,0.905,0.945,0.93,,,,,22,10.50005787037037,0.875
0x962a951afed20b431e6de9a3b6449a3bbb37ed0aca0bd4291c16683dfb55ba0b,AEO,2025-12-02T22:00:00+00:00,Other,1,0.73,0.695,0.795,0.73,,,,,22,10.500069444444444,0.875
0xa20cdd3bd8f1f51c4adafadd3882bb0bc143e684942e0b6199208cb0dce8a8d9,ASAN,2025-12-02T22:00:00+00:00,Other,1,0.88,0.875,0.905,0.88,,,,,22,10.500069444444444,0.875
0x4c7e6762545f14147b2a539f168be8e1234bcf9e76ff793b6f603f63b0baecd3,DLTR,2025-12-03T14:00:00+00:00,Other,1,0.855,0.73,0.83,0.855,,,,,22,10.500034722222223,0.875
0x20a31eacfa76cfc6a43d9a4c974bff8e6f9903ad7b881bdb54c0341d666ab006,M,2025-12-03T14:00:00+00:00,Other,1,0.855,0.85,0.915,0.855,,,,,21,10.500231481481482,0.875
0xa1f261fd2b4085cc283c7baa3b2b7e20b8540d66f19b0c866dd985ebd7ca884c,CXM,2025-12-03T14:00:00+00:00,Other,1,0.88,0.895,0.925,0.88,,,,,21,10.500231481481482,1.0
0xf13e6346f6153a1e063861a848b462241335d94014b1e2352f87c01698681173,CRM,2025-12-03T22:00:00+00:00,TechServices,1,0.885,0.885,0.915,0.885,,,,,21,10.500231481481482,0.6666666666666666
0xaf26bfb76e1f2925408f22f15749f815c78e873b773e516dfdef335d54188758,SNOW,2025-12-03T22:00:00+00:00,Other,1,0.925,0.845,0.935,0.925,,,,,22,10.500081018518518,1.0
0x913ae1bf13cafc0332cbb4385bcdda27f4097a546406b937b9ede670c85f5a9f,FIVE,2025-12-03T22:00:00+00:00,Other,1,0.74,0.735,0.86,0.74,,,,,18,8.50011574074074,1.0
0x9c36c341e446ee96ad541ff4ddc9486dc1556948e40f7041be75e61814d20a28,DG,2025-12-04T14:00:00+00:00,Other,1,0.745,0.78,0.77,0.745,,,,,24,11.500092592592592,1.0
0x0ee57e4f64242ab442ce42814cb59258ad6d681e83c3cc9cc232caf262d0167a,BBW,2025-12-04T14:00:00+00:00,Other,1,0.805,0.845,0.825,0.805,,,,,23,11.500185185185185,1.0
0xf024e728c043c2acb9c5e2640e34aa4aa188a74da767a85e202d20468cd67dc0,KR,2025-12-04T14:00:00+00:00,Other,1,0.865,0.845,0.88,0.865,,,,,24,11.50011574074074,1.0
0xc85bf44c5b8ec7ad89186f29f2972f7afc03a5e17c5103f0603e1695a62e5de8,SWBI,2025-12-04T22:00:00+00:00,Other,1,0.415,0.42,0.37,0.415,,,,,24,11.500104166666667,1.0
0x5066929058d9e416ec61d945ec9603c0d3eaf98df01ea0907658d7399225cf94,RBRK,2025-12-04T22:00:00+00:00,Other,1,0.905,0.85,0.915,0.905,,,,,24,11.500034722222223,1.0
0x75c63d40cc5ec31a6bdadde479b14e9f2bae17bc3cd5885ba449f08da84e5c96,IOT,2025-12-04T22:00:00+00:00,Other,1,0.915,0.91,0.94,0.915,,,,,23,11.500219907407407,1.0
0x4704dd8921a4baa8c84f7ba3117584f601d96f6c3d25945f309fb3a266f43f8a,HPE,2025-12-04T22:00:00+00:00,Other,1,0.84,0.825,0.865,0.84,,,,,24,11.500104166666667,1.0
0x0ad6aa4e0be83ac0885c95cad5d55be31cdb8e80e2946202e17b3c8f7c4e9b98,DOCU,2025-12-04T22:00:00+00:00,Other,1,0.94,0.935,0.94,0.94,,,,,24,11.500150462962964,1.0
0xc70a9913e6ee7ca55cf159a1b82489e0ca976d5471551aa9c7742f7566622ca2,VSCO,2025-12-05T14:00:00+00:00,Other,1,0.84,0.8,0.885,0.84,,,,,26,12.5,1.0
0xbbc9ed14f290660be9a45f73f2de8feb2b71a864df7ea2d858c456a194353ca7,ORCL,2025-12-08T22:00:00+00:00,TechServices,1,0.795,0.715,0.88,0.795,,,,,33,15.999976851851851,0.75
0xebc715f2dd39e126674375f7fe28004d70e4ed166a648988bdd3e9a5f8dae054,KFY,2025-12-09T14:00:00+00:00,Other,1,0.895,0.88,0.902,0.895,,,,,34,16.500011574074072,1.0
0xb922ab1a9b47dbd6d6349e43462e03f33f44c38f0039f5e41c82b364903e39cf,ASO,2025-12-09T14:00:00+00:00,Other,1,0.34,0.24,0.345,0.34,,,,,34,16.5,1.0
0x8b62804bdbaba6bb1bf0f9e7ce596084f22ec633e00a8083262f417d690a6713,AZO,2025-12-09T14:00:00+00:00,Other,0,0.625,0.495,0.675,0.625,,,,,30,14.499965277777777,1.0
0x77966830304d64c82eb3404815a62129d5ccae6ef311677f4ba5feb40e7793ac,DBI,2025-12-09T14:00:00+00:00,Other,1,0.78,0.505,0.815,0.78,,,,,29,14.49994212962963,0.875
0x6e90b9f10d7349fd6e50692c92ed9d0c9f27e633341f60981695c432ea61b22f,CPB,2025-12-09T14:00:00+00:00,Other,1,0.94,0.865,0.9535,0.94,,,,,30,14.499976851851851,0.875
0xce35cacfb5cf65a484ea5b5469d50e4466654452d4cc6d273405d8142a18fed0,CBRL,2025-12-09T22:00:00+00:00,Other,0,0.57,0.495,0.485,0.57,,,,,34,16.99997685185185,0.875
0x250f38ab5ba9aad558c722208478066e573a784ab31394c0c3db335b6a6b3c46,PLAY,2025-12-09T22:00:00+00:00,Other,0,0.38,0.365,0.39,0.38,,,,,31,14.999976851851851,0.75
0x4ccc66e9c03261a867dfc47c48a66cbe558e7efc369314a5b0c5e35e31aa2c8f,GME,2025-12-09T22:00:00+00:00,Other,1,0.885,0.735,0.885,0.885,,,,,31,14.99994212962963,0.625
0x59326d68ec624aa2e19132b40dc7a6da2da850b83274d6cb751dd441bb286340,CASY,2025-12-09T22:00:00+00:00,Other,1,0.925,0.815,0.93,0.925,,,,,30,14.999907407407408,0.625
0x289fe9339e7d3e69c36fc9d13940cbb97d25d5f50d0bf6da08fecd7575d6f569,CHWY,2025-12-10T14:00:00+00:00,Other,1,0.86,0.73,0.775,0.86,,,,,31,15.50013888888889,0.625
0x81b113d08d679970a060495e58d1a1ce9f2fdb3933f36b0533d33bdcfef9c6b1,MTN,2025-12-10T22:00:00+00:00,Other,1,0.795,0.495,0.825,0.795,,,,,33,16.0,0.625
0x3f936ab5f413b4dcce95895b5943f7396de43e0877c882e865a2d9cdc6020fda,ADBE,2025-12-10T22:00:00+00:00,TechServices,1,0.954,0.91,0.96,0.954,,,,,33,15.99994212962963,0.8
0x6017141bd35f0186ef40a79fcd49f938fd4b6f983578dc88e1b4d6bcb77964c3,LEN,2025-12-16T22:00:00+00:00,Other,0,0.835,,0.86,0.835,,,,,14,6.500150462962963,0.75
0xdd2db1de97992c0c91941560e0e101537167835f5b0ea67fd6697350b3e76c7a,GIS,2025-12-17T14:00:00+00:00,Staples,1,0.9495,0.918,0.953,0.9495,0.875,2.1770499999999995,11.94846960194365,0.0,45,21.500011574074072,0.875
0xcca692af8cf3f70d1cfd1eb363fdde50010c07ab09477e382a3a237d212184cb,MU,2025-12-17T22:00:00+00:00,Semis,1,0.9675,0.9375,0.9615,0.9675,1.0,44.86056250000001,90.55354786267053,8.0,45,21.5,0.8571428571428571
0xa609275ff11d44a796888759b03dcb6bbc6cedf7adf57f97d17510d2aba252ad,PAYX,2025-12-18T14:00:00+00:00,Other,1,0.885,0.805,0.83,0.885,,,,,48,23.50002314814815,0.625
0x1615eee22bbef1e025233f7b3b755da43f1a3d362df79b6971d893c5b2869716,CTAS,2025-12-18T14:00:00+00:00,Other,1,0.945,0.92,0.93,0.945,,,,,47,22.5,0.625
0x7a8aa5db26766eb1ddcd43d2fc439edbae411760b29e86842ba900e45a98f684,KMX,2025-12-18T14:00:00+00:00,Staples,1,0.62,0.59,0.53,0.62,0.5,-2.2265,25.36483552597966,1.0,47,22.500011574074072,0.875
0x6dc2882e61c4e57574f96c2dd88f3133619ea0327a146492e3957185c4aa9adc,FDS,2025-12-18T14:00:00+00:00,TechServices,1,0.77,0.75,0.805,0.77,0.75,3.6916124999999997,4.640045930941848,1.0,46,22.5,0.8333333333333334
0x85988e902516aa98141dd505a1196499eed6861b14446e36068d3f1acc445b7e,ACN,2025-12-18T14:00:00+00:00,TechServices,1,0.875,0.845,0.905,0.875,0.875,2.7861624999999997,2.5782990067858416,6.0,47,22.500011574074072,0.8571428571428571
0x6fb70a04fdb518b14dd8ebc8e9101b07671dbc499eac1d72627fe877cdce0f81,NKE,2025-12-18T22:00:00+00:00,Consumer,1,0.905,0.91,0.885,0.905,1.0,40.05015,31.134390952587644,8.0,46,22.5,0.42857142857142855
0xb8f209cafe90f216c4817b1ca8768b1d2fb21001883441673f999b2650942a29,KBH,2025-12-18T22:00:00+00:00,Other,0,0.905,0.815,0.745,0.905,,,,,19,8.500011574074074,0.75
0xd3ed1da669c995ea953690cd148dd8e5df5b9428da17176504c6cef246607314,FDX,2025-12-18T22:00:00+00:00,Industrials,1,0.92,0.895,0.915,0.92,0.75,1.8229624999999994,12.322179218667625,3.0,47,22.500011574074072,0.875
0x7d0fb10621c751e1cd7607fd3054f48a46b87ee482431bc5c659848256ec2130,LW,2025-12-19T14:00:00+00:00,Other,1,0.91,0.915,0.815,0.91,,,,,49,23.50003472222222,0.75
0xc89624e9bbebce235ce68fc1bede968d6e72e800cd99788cc700ed292fa64333,CCL,2025-12-19T14:00:00+00:00,Other,1,0.955,0.935,0.95,0.955,,,,,49,23.50002314814815,0.75
0x8568563368bd614e55d979add2245a284e7d3e8ea4f280af29beed8be4c7cb95,CAG,2025-12-19T14:00:00+00:00,Other,1,0.87,0.795,0.74,0.87,,,,,21,9.500034722222223,0.75
0x0dcd63b033ab12c017c52d948353dfcdab4d238fd4b7d7d597ec1c703b4772be,JEF,2026-01-07T22:00:00+00:00,Other,0,0.795,0.875,0.775,0.795,,,,,38,18.500081018518518,0.75
0x815144415dd78f1f7a7cf228465855ec7f37fa57eca96503ffa7f934dda8bdad,WDFC,2026-01-08T22:00:00+00:00,Other,0,0.9505,0.947,0.942,0.9505,,,,,40,19.50023148148148,0.625
0x45d4499655b14d7df52b843c971ae2b6ebbd30bd9a88325e2c063950c0ab8e66,JPM,2026-01-13T14:00:00+00:00,Banks,0,0.9365,0.9655,0.824,0.9365,0.875,11.4478375,11.540567247625408,0.0,28,13.500081018518518,0.875
0x66b01858d6c1fb1823060cd818a25318f2824928353d4df87c96523a3690b2d0,BK,2026-01-13T14:00:00+00:00,Other,1,0.935,0.935,0.915,0.935,,,,,28,13.500069444444444,0.625
0xfffe2ac968bebd674b4dd91cbef3141483ac2b67f49f5d75547839320d4a8136,DAL,2026-01-13T14:00:00+00:00,Industrials,0,0.82,0.935,0.68,0.82,0.5,4.54645,10.038139779859614,0.0,28,13.500069444444444,0.875
0x32f744a45c646d04a65563af38a30c34a147cf1c898035a953a49d0cd0660e37,BAC,2026-01-14T14:00:00+00:00,Banks,1,0.825,0.945,0.865,0.825,,,,,21,10.00005787037037,0.75
0xf426dc7e61039fdb5ea61c0c552d956276051ceb7b44fce8ee5075b5bd748aa6,WFC,2026-01-14T14:00:00+00:00,Banks,0,0.765,0.91,0.795,0.765,,,,,21,10.000023148148149,0.75
0x77f5af7d2bd3570be02290745c16ed4d6953d94436d2c1292c2c1f79418cf106,C,2026-01-14T14:00:00+00:00,Banks,0,0.455,0.795,0.51,0.455,,,,,21,10.00005787037037,0.625
0xbfd6497fca9e900c03e88734d2f91ec11ffe1952928f7c4338582f64ec0c116e,MS,2026-01-15T14:00:00+00:00,Banks,1,0.855,0.925,0.73,0.855,,,,,23,11.00005787037037,0.625
0x9b49db9417c3275700691123dae474dd4183f02ae2bd5e1fd088a883e0d12ac3,GS,2026-01-15T14:00:00+00:00,Banks,1,0.915,0.91,0.925,0.915,1.0,20.1231875,13.33315621539428,8.0,23,11.000011574074074,0.625
0x0a8bebb6884dae47328aa0ecf946dcf3a02e9302716566299087542f7f054be9,BLK,2026-01-15T14:00:00+00:00,Other,1,0.54,0.865,0.73,0.54,,,,,17,8.0,0.625
0xcbd8d6c5acc3c2d5b0f04e6cd63c1922dbca1ff89be9edce99f4c7d53be2ac58,TSM,2026-01-15T14:00:00+00:00,Semis,1,0.955,0.955,0.9395,0.955,,,,,20,9.5,0.875
0xc55b2174a644dbb32f555268a40f3fca76398b486640d4f66e0efe6256a019fd,PNC,2026-01-16T14:00:00+00:00,Banks,1,0.83,0.865,0.8,0.83,,,,,25,12.000023148148149,0.625
0xcf44270ebe7eaa79485c11ae65d1bdc86a98b86cc48f6f933d0e5a4705adeb29,STT,2026-01-16T14:00:00+00:00,Other,0,0.575,0.71,0.33,0.575,,,,,25,12.000046296296297,0.625
0xbd1409e299060aedb0fde8cbdc16f8f03986d612ebc8fc9a705d09cd9905a4ea,MTB,2026-01-16T14:00:00+00:00,Other,1,0.835,0.825,0.735,0.835,,,,,24,11.500023148148149,0.625
0x3558b515ba6483368607cddec743b85f55d47234b18d0ed16ec632ee289d3fac,KEY,2026-01-20T14:00:00+00:00,Other,1,0.785,0.63,0.735,0.785,,,,,29,14.000034722222223,0.625
0x2e111af3005c5a70e34f1b2ac6fca2b11e1cce65ed45cff0f6a1ddb2b5ce12c7,MBWM,2026-01-20T14:00:00+00:00,Other,1,0.765,0.835,0.695,0.765,,,,,29,14.000034722222223,0.625
0xc3e2caf899d38010e4797d6c9f7c1b3b46ee01e5ccfed0322ab20678b3362fb7,MMM,2026-01-20T14:00:00+00:00,Other,1,0.895,0.815,0.88,0.895,,,,,28,13.500046296296297,0.625
0x869b0832cdad10bc72b315f53343d0336ebea3298d20b1f2411ec2780f1f1dbd,USB,2026-01-20T14:00:00+00:00,Banks,1,0.835,0.67,0.825,0.835,,,,,29,14.000034722222223,0.625
0xe11056a5e125a39c3fdfc6b260af389372a7f6e9a41b5730a287707bbe80c5f6,NFLX,2026-01-20T22:00:00+00:00,BigTech,1,0.705,0.695,0.775,0.705,,,,,29,14.000046296296297,0.6666666666666666
0x745ce7e964dd8c5949cceb57482d0d98f8e334a4dfdb2aad5b1238e6c4562ed2,BFC,2026-01-20T22:00:00+00:00,Other,1,0.61,0.61,0.7,0.61,,,,,34,16.500243055555554,0.75
0xcbd25e65cb375e73dd3efac5fb8217207b2fa02c74c1dacc55ad0f37d073773a,WTFC,2026-01-20T22:00:00+00:00,Other,1,0.775,0.72,0.775,0.775,,,,,30,14.500034722222223,0.875
0xa1d692f441135e3098a20c81fb9f4830df37ccfbd1a9f6ff37a84f7559a59bd4,UAL,2026-01-20T22:00:00+00:00,Industrials,1,0.81,0.69,0.79,0.81,,,,,30,14.500034722222223,0.75
0xa9794d2a4b066f143edaa6728bd2946e54e8c2fedb56244ab6a3d52cbac5dec2,IBKR,2026-01-20T22:00:00+00:00,Other,1,0.785,0.645,0.73,0.785,,,,,30,14.500034722222223,0.875
0x849ccba97e929ad084891b4ac7e0398e776b541e28536131d5110e8b819b0553,TFC,2026-01-21T14:00:00+00:00,Other,1,0.705,0.64,0.73,0.705,,,,,29,14.000289351851851,0.875
0xbd97540446a2a4a084e55d240de00d3bd3387c70d3cadc9b5517a482fafe4b8b,UNTY,2026-01-21T14:00:00+00:00,Other,1,0.9925,0.9925,0.9925,0.9925,,,,,13,5.999988425925926,1.0
0xf2944b1ab640c4cedb977b2bf59a528276131b5090941acb84c98db36bb90c95,SCHW,2026-01-21T14:00:00+00:00,Other,1,0.865,0.835,0.895,0.865,,,,,29,14.000127314814815,1.0
0x4791b5f8da5935820a4866148e91282c23be1e32e8d7ee30301f209b0f21ee90,JNJ,2026-01-21T14:00:00+00:00,Pharma,0,0.725,0.765,0.865,0.725,0.875,15.4244875,34.651825843811196,0.0,29,14.000231481481482,0.6666666666666666
0x4a9d4a88a2f6d4c053c74fdab025e42f737d5153fb4207e736ccab6d87cfd3c0,CFG,2026-01-21T14:00:00+00:00,Other,1,0.71,0.77,0.745,0.71,,,,,28,13.50013888888889,1.0
0x5984a37e42d7f7d85371b288e559f2f10b0de9e1590858a41225e6f3265c17dd,HAL,2026-01-21T14:00:00+00:00,Energy,1,0.705,0.655,0.78,0.705,0.5,2.5910625,6.38390032949797,1.0,28,13.500162037037038,0.8
0x83df0d286e0b0840b83c69ecee02188df3bf018dc8e82d80ffb739da1f8b6fb5,ALLY,2026-01-21T14:00:00+00:00,Other,1,0.72,0.7,0.785,0.72,,,,,29,14.000266203703704,1.0
0xcc0691f4d4a3eda0c0d9306e41d52e5c3f09e3fdc752f19791937ad2a3ffe89b,KMI,2026-01-21T22:00:00+00:00,Other,1,0.575,,0.56,0.575,,,,,11,5.000034722222222,1.0
0xb2b5ba1688887a69d18aebeee1385dd996aa1e71514acebf163b986fc0f820f0,AAL,2026-01-22T14:00:00+00:00,Industrials,0,0.75,0.705,0.86,0.75,,,,,35,18.50003472222222,0.75
0xaa961d07661553768261adcaaf680a40d5da6e5bd3b4a6b060415d6999154b6d,PG,2026-01-22T14:00:00+00:00,Staples,1,0.855,0.795,0.92,0.855,,,,,28,13.500196759259259,1.0
0x1f5c8acbf361f92bba1529aa3d314446985a8dc8698ef2940c4322bdef9f68ac,MKC,2026-01-22T14:00:00+00:00,Other,0,0.68,0.615,0.785,0.68,,,,,27,13.000208333333333,1.0
0x1859bedc7a7c34cdd13a7c864177423ed1732841eb486dc59ceb05177ef4cb1a,COF,2026-01-22T22:00:00+00:00,Other,0,0.7,0.585,0.79,0.7,,,,,27,13.000219907407407,0.875
0x48202130ab23b7f637370d66310f633c07d081e2200ea6ee4529ac7ae7e0c60b,UBSI,2026-01-23T14:00:00+00:00,Other,1,0.715,0.625,0.77,0.715,,,,,22,10.500347222222222,0.75
0xbc2c0328e62b2577e2946404db39250331f18036f866c17a80e03fc83bbfcb73,UNP,2026-01-27T14:00:00+00:00,Other,1,0.72,0.595,0.585,0.72,,,,,28,13.500034722222223,0.75
0x734292c6243ba3591eaa677eff5e8643ee411ad241af441c6db4b2b92a581cfc,TXN,2026-01-27T22:00:00+00:00,Semis,0,0.77,0.715,0.85,0.77,,,,,29,14.00005787037037,0.875
0x1696b9be75450b5c8f219d111e48bcfa9515a21898d8cb073e10ea6688e777bb,SBUX,2026-01-28T14:00:00+00:00,Consumer,0,0.46,,0.255,0.46,,,,,11,5.499837962962963,0.5
0xbf5b12b4593f1444d163af6ef1e1321fd1e759fd508416f1b647563513fa1c71,T,2026-01-28T14:00:00+00:00,Other,1,0.82,,0.79,0.82,,,,,12,5.499849537037037,0.75
0xb7f0223ccfd8e47957bffb618ac17fa4a46a1adaffe732a82719dbd11cb44897,IBM,2026-01-28T22:00:00+00:00,TechServices,1,0.845,,0.9,0.845,,,,,14,6.499884259259259,0.875
0x307cb08f3dd72cf84d3f766cf6afe0d08c731805e4c03611f6e184f6e5ab47cc,MSFT,2026-01-28T22:00:00+00:00,BigTech,1,0.935,,0.94,0.935,,,,,12,5.499849537037037,0.7142857142857143
0xded00ece4352bc848e310dc5ef71eefa39df1146f8a6bf45ebf9fb9f51bab68d,META,2026-01-28T22:00:00+00:00,BigTech,1,0.88,,0.91,0.88,,,,,12,5.4998611111111115,0.75
0x6c6a1951fc8f841356ef67415f6e79155f74d0e7d50c1ab2ad7ce149b0279c09,TSLA,2026-01-28T22:00:00+00:00,AutoEV,1,0.3,,0.29,0.3,0.125,-13.586924999999999,25.146412223033213,0.0,13,5.999756944444444,0.5
0xb3a5f4222bf620b27e709fd9e5bbd66730ec80c77e1fe1b90d9a8960efe21480,LMT,2026-01-29T14:00:00+00:00,Other,0,0.3,0.315,0.29,0.3,,,,,26,12.500046296296297,0.75
0xeff9b11ac0059339d8ca504ee47d9a3c15471d5c4ff4a97d92e57e219aff0525,MA,2026-01-29T14:00:00+00:00,Other,1,0.91,,0.905,0.91,,,,,12,6.499895833333333,0.625
0xd63994beb77dc627524e6cb6b51425afec6afcfeb65d27a922f44c865d815d61,V,2026-01-29T22:00:00+00:00,Other,1,0.88,,0.855,0.88,,,,,15,6.999872685185185,0.625
0xbc5cec91ce2a7a912e4ee0224f6e3e65b0ca89a56359c2c483af2a191447299a,AAPL,2026-01-29T22:00:00+00:00,BigTech,1,0.915,,0.935,0.915,1.0,4.2094875,2.765665749062188,8.0,15,6.999884259259259,0.875
0x9979a7f3dbc5f6bf479bf9a6477997011a527dec6070e53e5b28a0c8033ac471,CVX,2026-01-30T14:00:00+00:00,Energy,1,0.575,0.63,0.585,0.575,,,,,16,7.500034722222222,0.8333333333333334
0x65d280af90da1827ab015d1e40fdfa2ab20356b3566f045e035ef49d68a25922,AXP,2026-01-30T14:00:00+00:00,Other,0,0.875,0.5,0.88,0.875,,,,,14,7.500069444444445,0.625
0x4694ec9169fd7df41af2741cc74a9da087cde234be2b89ab9470d66b5283ec58,XOM,2026-01-30T14:00:00+00:00,Energy,1,0.84,0.73,0.73,0.84,0.875,2.9561,3.20266181658766,1.0,16,7.5000231481481485,0.8571428571428571
0xee07a45a0f1b80834466a6d7a94c5d6b8411c1de3ee0b1d46e79a49842619d5f,VZ,2026-01-30T22:00:00+00:00,Other,1,0.79,0.705,0.795,0.79,,,,,16,7.500046296296296,0.625
0x627cbfd192283371f82649502216f6f689de883ac7f80f5ee7782ba914bb9459,DIS,2026-02-02T14:00:00+00:00,Consumer,1,0.795,0.84,0.91,0.795,,,,,26,12.500104166666667,0.375
0xd8416f8ac0bfe6031e7885ec1883a01e992d5d79670e71167a94afafd9d1eb2b,TSN,2026-02-02T14:00:00+00:00,Other,1,0.83,,0.835,0.83,,,,,8,3.5,0.75
0xc98c3127f8bf77e6e54244693e13ea4299b886ba70ef180d7a720f0cbdfc5a2f,APTV,2026-02-02T14:00:00+00:00,Other,0,0.73,,0.88,0.73,,,,,8,3.5,0.75
0x7602953678d63abae3edf1ac13c6648ad5a75a0e1c595e95e9b54c31fe0f3666,PLTR,2026-02-02T22:00:00+00:00,Other,1,0.88,0.875,0.905,0.88,,,,,26,12.50011574074074,0.625
0xce81dca21240b68c9ec667cb9bd6e12f17387d75b85397233afe278646019569,NXPI,2026-02-02T22:00:00+00:00,Other,1,0.75,,0.8,0.75,,,,,9,4.000046296296296,0.625
0x9a1bddaea73f3fcd9e144f874f69a2ec52f81335bb1a6b81d5f3b20e8507df45,MRK,2026-02-03T14:00:00+00:00,Pharma,1,0.755,,0.865,0.755,,,,,10,4.5,0.5
0x71b7effd28a9683d303f2c5c8e7cf45a3afd9a56c73e9f372ec7e613640679db,PEP,2026-02-03T14:00:00+00:00,Staples,1,0.83,0.815,0.895,0.83,,,,,26,13.500185185185185,1.0
0xd3a8a47dc34123bf0ecebfa260ed1dd17cc75900dbb4b0d970fc9ed8d827ce5b,PYPL,2026-02-03T14:00:00+00:00,Other,0,0.8,,0.85,0.8,,,,,10,4.50005787037037,0.75
0x7cc5c58cc79518cf62598914455e86120aabe5b81bd5defda71266f8386afc7f,FOXA,2026-02-03T14:00:00+00:00,Other,1,0.865,0.82,0.875,0.865,,,,,30,14.50005787037037,0.625
0x487a9d40d3a160eae8342a0c0df57b3c854f4052edf8143d448d3a0b8c7e3436,MPC,2026-02-03T14:00:00+00:00,Other,1,0.51,0.485,0.47,0.51,,,,,28,13.50005787037037,0.625
0xc7d61e45df64370ebb33162a9c598dd70c44fcd5fb4be73a3f98eb758d909e1d,PFE,2026-02-03T14:00:00+00:00,Pharma,1,0.845,0.835,0.9305,0.845,,,,,28,13.50005787037037,0.6
0x09692f40eeed2910ae4610d8caadc51f9dbd0dc67d850901eca81ecb556cef40,AMD,2026-02-03T22:00:00+00:00,Semis,1,0.855,,0.915,0.855,,,,,14,6.500173611111111,0.875
0x99b4f6582fbda0de6ce798a40dbeccf8dc02035d8443659527c8c51fabb9d104,CMG,2026-02-03T22:00:00+00:00,Consumer,1,0.695,0.755,0.605,0.695,,,,,25,13.500208333333333,0.375
0xa258b355d8a309dba6747b6a39d201b4eb2281221274e36f4c5ac50c48a7b59b,UBER,2026-02-04T14:00:00+00:00,Other,0,0.665,0.69,0.7,0.665,,,,,27,12.999837962962962,0.75
0xb63c13fdf411dfed81010c3de36554e5f9691798bb57fce7654645851f16ceb8,LLY,2026-02-04T14:00:00+00:00,Pharma,1,0.725,0.71,0.73,0.725,0.75,7.938924999999999,20.141732897199855,3.0,27,12.999849537037036,0.6666666666666666
0x891619c52a01324fbc7e535a971f09e772e1c029424e9535b932a781fcb58e4f,NYT,2026-02-04T14:00:00+00:00,Other,1,0.93,0.905,0.944,0.93,,,,,27,12.999780092592593,0.625
0x3feaa00b195d8d77c9e54e5feb64ae90d68d36dded2da07e30ed5a72e2bbf51f,YUM,2026-02-04T14:00:00+00:00,Other,0,0.69,0.585,0.7,0.69,,,,,28,13.499988425925926,0.625
0x2fcabb691c96ca59f21da5cc3e891bb7de7a885f9391372258a8a87f54b481c9,EFX,2026-02-04T14:00:00+00:00,Other,1,0.855,0.835,0.865,0.855,,,,,23,11.0,0.625
0x1735b95b08192800f7262274dc50b8b5e8de2f35b21997e7c335728d4151384c,CME,2026-02-04T14:00:00+00:00,Other,1,0.895,0.815,0.925,0.895,,,,,28,13.5,0.625
0x942d5e65c51a08375b196f2f7b05a3e40a7b406f0ca2bd34a26e6eae9ea136c9,ALL,2026-02-04T22:00:00+00:00,Other,1,0.855,0.845,0.865,0.855,,,,,23,10.999965277777777,0.625
0x7d5f32e87646808f83fb04c9b218cce6ae9325d87236a1e33b52522dddc4bd37,ARM,2026-02-04T22:00:00+00:00,Semis,1,0.87,0.82,0.86,0.87,,,,,25,12.999756944444444,0.875
0xccdaf2f6e8a7eefb91d6adf1053549b4cd037cce9f7d1376869186e49bf52eff,ORLY,2026-02-04T22:00:00+00:00,Other,0,0.635,0.665,0.655,0.635,,,,,28,13.5,0.75
0xfcf726fe7a0d431c461a8df4367074bf18a43ffa6d018e1b8480adc746a37020,AFL,2026-02-04T22:00:00+00:00,Other,0,0.625,0.625,0.625,0.625,,,,,25,13.499930555555556,0.625
0xf3bd23b770365e2d08c9267cc927da80c186c254ed83a182efed4a27853c1b56,QCOM,2026-02-04T22:00:00+00:00,Semis,1,0.865,0.835,0.91,0.865,,,,,25,12.99974537037037,0.875
0xf1608932598295f9c1bd6c801bc0111dcd41d8723a4af7cdceb50fe903b7d949,MET,2026-02-04T22:00:00+00:00,Other,1,0.515,0.62,0.515,0.515,,,,,24,11.499976851851851,0.5
0x9b4a6afc8ecaa5126acab9337be86aa4a6d4c51b1b34a2ab77ebb4ecf1b832b5,GOOGL,2026-02-04T22:00:00+00:00,BigTech,1,0.972,0.935,0.966,0.972,1.0,14.884137500000001,13.669143294080545,8.0,27,12.999814814814815,1.0
0x561fbcac1b906bfc402452d6b78e1e96b9fd22b1ea300b39bf53bf6a07baba13,COP,2026-02-05T14:00:00+00:00,Energy,0,0.8,0.725,0.685,0.8,,,,,25,12.000011574074074,0.875
0x59f351e056a0cc1ddda8c9b40688344b4b889488f234ae008dab185b435ad395,ICE,2026-02-05T14:00:00+00:00,Other,1,0.86,0.845,0.825,0.86,,,,,25,12.000034722222223,0.625
0x0949804bdd01abdfc0a7a5da37df6309edab0b5a95f5eda4ac8f0e0fcb805fea,RL,2026-02-05T14:00:00+00:00,Other,1,0.89,0.845,0.87,0.89,,,,,21,10.000023148148149,0.625
0x8b38177ed15bfc1dcb2b2413e0ed848966a5fa36fe98e32baae80c63762fa808,TW,2026-02-05T14:00:00+00:00,Other,1,0.71,0.67,0.695,0.71,,,,,21,10.000011574074074,0.75
0x9437055959ce88282f5c8e946b0c99e71c70d1acd2b1416ccc4263b4438f9af7,CI,2026-02-05T14:00:00+00:00,Other,1,0.82,0.835,0.81,0.82,,,,,20,9.500034722222223,0.75
0xe817693c921990583f6f210b0749176dd11ac983f85778dc3fd21b0a2e3e0323,ARES,2026-02-05T14:00:00+00:00,Other,0,0.755,0.705,0.725,0.755,,,,,20,9.49988425925926,0.75
0xf3032e04d2e76e314afb161b520b67abe86414b9145be98371b445f68f3dfbf1,AMZN,2026-02-05T22:00:00+00:00,BigTech,0,0.946,0.935,0.953,0.946,,,,,26,12.5,1.0
0x751adb6b8c11b7d78b364891f6809d379e196639b0bbc94655ce4703390222ad,MCHP,2026-02-05T22:00:00+00:00,Other,1,0.835,0.795,0.83,0.835,,,,,24,12.0,0.625
0x635e83eacc27eaaa4431a5d7232bb0f1e46be2e3362b0f39a0cd39721e622f3d,RBLX,2026-02-05T22:00:00+00:00,Other,1,0.655,0.61,0.675,0.655,,,,,21,10.000034722222223,0.75
0x1f26c2c251f60e68222b69b9f9637a542c2546a0a6873ee5f581c201a03162ce,RDDT,2026-02-05T22:00:00+00:00,Other,1,0.84,0.795,0.935,0.84,,,,,21,10.000034722222223,0.875
0x4d17e3841ff9fa0626f39d9658a57356f914abfe476e5b4faa9a48051925dde1,UAA,2026-02-06T14:00:00+00:00,Other,1,0.665,,0.545,0.665,,,,,8,3.5000578703703704,0.875
0xcd9723a7e5223f6171577209a49cd2b9e1e750ca96345d8501312c1f2c31cb77,CBOE,2026-02-06T14:00:00+00:00,Other,1,0.83,0.8,0.86,0.83,,,,,23,11.000011574074074,0.875
0x0420d4ad423e8f87d86521a92111f5c209e80e65dc8d9f46534c590fc18d85db,TPG,2026-02-09T14:00:00+00:00,Other,0,0.15,0.16,0.15,0.15,,,,,20,9.499976851851851,0.875
0xe6a0c2bc37267591c05f1c7e7a263b7f7de88ad10bda5eb5f368d449b9baaa63,APO,2026-02-09T14:00:00+00:00,Other,1,0.665,0.685,0.73,0.665,,,,,27,13.000023148148149,0.75
0x8fe749360541e75a6e60ecaa0bbd6aa46c76c7a09fc152bfa6d2981d6d243579,CHGG,2026-02-09T22:00:00+00:00,Other,1,0.655,,0.645,0.655,,,,,14,6.500219907407407,0.75
0x3759fb8bb5495080ed309b38a89c6a80b246cee740d733b44968b39c641b4bc6,ON,2026-02-09T22:00:00+00:00,Other,1,0.805,0.825,0.795,0.805,,,,,29,13.999918981481482,0.875
0x1fc34563d8d7b8fa4d4664dfc061416594d8d23db3f034c19e8db08a6bf23c63,GTM,2026-02-09T22:00:00+00:00,Other,1,0.82,,0.835,0.82,,,,,14,6.500254629629629,0.875
0x77295a8a29d8fbe225d1a36dfad9118047d0329abf69987973d229b3f898b23e,ACM,2026-02-09T22:00:00+00:00,Other,1,0.77,,0.8,0.77,,,,,14,6.500254629629629,0.875
0xa195a680b8affd882cbf10ebd4e35d1352a86c1014eae90190625fe58aaed206,CVS,2026-02-10T14:00:00+00:00,Other,1,0.795,0.865,0.805,0.795,,,,,25,13.000208333333333,0.875
0xf19fc084ead0992fa9515c141e4698455f30df248af96d9bd5c91151c7656896,WMB,2026-02-10T14:00:00+00:00,Other,0,0.705,0.775,0.69,0.705,,,,,16,7.500092592592592,0.875
0xe74ad2f7df5acbadaa1c7c3b9db4698381271ed1f627db9c323668e3cacd002f,HOG,2026-02-10T14:00:00+00:00,Other,0,0.605,0.615,0.605,0.605,,,,,39,18.99994212962963,0.75
0xdaca9df5d98e59cd5911c9eb9689741d453a29445de82727a32f332f7356f2bd,BP,2026-02-10T14:00:00+00:00,Other,0,0.55,0.705,0.535,0.55,,,,,24,12.500185185185185,0.75
0x9d1137dbdef87b6dd6697b1cd366b246f21c6948394d83f376698ec85e93d8d9,DDOG,2026-02-10T14:00:00+00:00,Other,1,0.855,0.88,0.88,0.855,,,,,27,13.000046296296297,0.625
0xb127046c0d86a3d2e77bc03bab21686b87829d93457fbed8e9f49f79bdd1ae59,MAR,2026-02-10T14:00:00+00:00,Other,0,0.755,0.805,0.78,0.755,,,,,24,12.500185185185185,0.625
0x3eccf9bde290cbb2b26364277776aea1fdb240b12e4c28427cf8bea0478a2429,KO,2026-02-10T14:00:00+00:00,Staples,1,0.895,0.885,0.89,0.895,,,,,28,13.500150462962964,1.0
0x2b5dc901a31fc6ef23cab93c22dcd7d243b49fb5944938e49f7faaa39787316f,SPGI,2026-02-10T14:00:00+00:00,Other,0,0.89,0.835,0.855,0.89,,,,,28,13.500127314814815,0.5
0x43a6bc8f2695348951f404dc6791f63c6db011c8b1eb9535536839efcaeb3c08,FIS,2026-02-10T14:00:00+00:00,Other,0,0.755,0.785,0.74,0.755,,,,,54,27.000185185185185,0.375
0xb8ef93ca56ef7edb64703fa41961300781f4c58d73b242b770cab672c84576be,DD,2026-02-10T14:00:00+00:00,Other,1,0.83,0.82,0.81,0.83,,,,,16,7.500196759259259,0.25
0x6cab2ea03d40de3168d92d72b6fcef6376cc3745f3ae856f732461a9fe48d94c,LYFT,2026-02-10T22:00:00+00:00,Other,1,0.705,0.65,0.725,0.705,,,,,29,14.000266203703704,0.25
0xafb23268a1782cd0eb4c5d43e400f78a39030c7cf708c060a258f2334b3f9d77,F,2026-02-10T22:00:00+00:00,AutoEV,0,0.775,0.825,0.795,0.775,0.875,54.416475,127.44827665090259,6.0,40,19.500162037037036,0.6
0x820ed3d0a5617b0769cbebcd165ca4ee61dc9480283e7dae8f8f5b3fd30f890f,NET,2026-02-10T22:00:00+00:00,Other,1,0.8,0.855,0.81,0.8,,,,,28,13.500081018518518,0.375
0x0dd0550322357a47468b0ee9402a0bb9b47e50e700cdb6a23e485d02bd725f91,CRSP,2026-02-10T22:00:00+00:00,Other,0,0.6,0.6,0.63,0.6,,,,,32,15.50011574074074,0.5
0x29f439cbd9d1345f3b46c8661e0d8274048e985b87de970cb95d8f1a45c56cb7,HOOD,2026-02-10T22:00:00+00:00,Other,1,0.86,0.83,0.775,0.86,,,,,28,13.50017361111111,0.5
0x67cf3facdef67851f2509bacb343bb685381d37799659e3594ba1ce88a472422,HLT,2026-02-11T14:00:00+00:00,Other,1,0.835,0.76,0.845,0.835,,,,,26,12.500069444444444,0.5
0x27b4633db1360293257a729bacd3be27cfc33075a51feb03240a43b8c0b05ded,TMUS,2026-02-11T14:00:00+00:00,Other,0,0.795,0.695,0.72,0.795,,,,,24,12.500150462962964,0.625
0xfdedadc7ba6dacad2d4ba2fcd4fd585995b1b74bcfc64a1e1d22d68dcf0d789f,KHC,2026-02-11T14:00:00+00:00,Other,1,0.83,0.78,0.815,0.83,,,,,18,8.5,0.625
0x7d1474f2b4dd9b63a7555b80dacf07c7194cd43aaf358a353b0b087fe3f6bfcc,PAG,2026-02-11T14:00:00+00:00,Other,0,0.71,0.675,0.715,0.71,,,,,26,12.500046296296297,0.75
0x9d4bea80fd14e4fa6a4c47b325428c6f9efe00fbba201213742b53231186c683,HUM,2026-02-11T14:00:00+00:00,Other,1,0.755,0.72,0.695,0.755,,,,,18,8.500081018518518,0.625
0x7cb095bd306cbf3920e010ffdc12e5b828d01a9276266f3a916cf1a92f71e30e,TSEM,2026-02-11T14:00:00+00:00,Other,1,0.845,0.7,0.775,0.845,,,,,16,7.499895833333333,0.625
0x79e400ae710d4696ff8a750bd77ab3b5bc69ffe804cfa11c94f8de43eb13d4e3,APP,2026-02-11T22:00:00+00:00,Other,1,0.88,0.815,0.84,0.88,,,,,18,8.500069444444444,0.625
0x48b84dbcb663729bad138d8bf9f16dd26fc7c2d508e3f3097dd67c911f9db9dc,HUBS,2026-02-11T22:00:00+00:00,Other,1,0.845,0.825,0.855,0.845,,,,,18,8.500104166666667,0.75
0x82b9d301e0acf4b0da7a06e568e30d8a583a42c2c285e03ada358f9b72bf0bfa,MCD,2026-02-11T22:00:00+00:00,Consumer,1,0.73,0.705,0.595,0.73,,,,,26,12.500092592592592,0.5
0x30901fe6e3780d57d5482022c8807037e4eae5f1477f8db5da58386cf1ef0826,CSCO,2026-02-11T22:00:00+00:00,Other,1,0.915,0.92,0.905,0.915,,,,,26,12.500046296296297,0.75
0xe7c561000aec1ea32649c6ce22c5c87e0ec736ba0f72bf9cf582ec93de99ba30,MGM,2026-02-11T22:00:00+00:00,Other,1,0.975,0.645,0.975,0.975,,,,,15,7.000034722222222,0.75
0x6421d99701ffeae2f07c4e7bb1f72cab75f647e5cf9112155f38b2fa9277069d,GRAB,2026-02-11T22:00:00+00:00,Other,0,0.42,0.57,0.43,0.42,,,,,27,13.000208333333333,0.875
0x20dbf77e3a6641e9df9f591f4c62816a171424415184ab4a76972708a3a5a3e9,BUD,2026-02-12T14:00:00+00:00,Other,1,0.825,0.795,0.815,0.825,,,,,28,13.50005787037037,0.75
0x8f27c3f2fa810dee0ca6d9258d7f080fafe9a0fe7f2296970825dbbd72fe9102,TRIP,2026-02-12T14:00:00+00:00,Other,0,0.835,0.83,0.715,0.835,,,,,20,9.50005787037037,0.875
0x90ce00c0743967e61fef9e3e5cd164e1f1ed2f181d2f6e19fb067d4a5860046c,H,2026-02-12T14:00:00+00:00,Other,1,0.49,0.515,0.385,0.49,,,,,28,13.500069444444444,0.75
0x93424933a0a7e9f430ebebbc630ee1034a5ed5346cd6b803f6fbe368474cb766,BGC,2026-02-12T14:00:00+00:00,Other,1,0.7,0.755,0.575,0.7,,,,,20,9.500023148148149,0.75
0xf8ddcf99974af0b8bd2fc0a2defb60ed2105e82f183b897379f1431a58b65e28,USFD,2026-02-12T14:00:00+00:00,Other,1,0.765,0.805,0.7,0.765,,,,,18,9.500104166666667,0.75
0x7082edf8efdceff4c004319f03fc573e203e6ecf54a3bf396c68ecf807876c65,ABNB,2026-02-12T22:00:00+00:00,Consumer,0,0.64,0.64,0.505,0.64,,,,,28,13.500081018518518,0.625
0x53cbece70bb113aea1dc4b834e54d9747ffaaf4f16319f273d61b640e5bacf60,YELP,2026-02-12T22:00:00+00:00,Other,1,0.745,0.73,0.735,0.745,,,,,21,10.000034722222223,0.75
0xbdbe413591a2e4c725cd9bb310bc3d9c948e23591b3b03e5eb9efc482e4f1d34,GT,2026-02-12T22:00:00+00:00,Other,0,0.695,0.65,0.0005,0.695,,,,,15,7.000092592592592,0.75
0x6f55065d9f82950cd293272cf776e815ecbeb25d1ccd46e48b25eb80f433b306,ROKU,2026-02-12T22:00:00+00:00,Other,1,0.815,0.685,0.8,0.815,,,,,21,10.00005787037037,0.625
0x6a5dbdcf83804cdc2ecbf14cb4ffcfa9c6b1a28607c373b9e3bb83546176a279,PINS,2026-02-12T22:00:00+00:00,Other,0,0.395,0.255,0.365,0.395,,,,,29,14.000046296296297,0.75
0xda61229c89925553f0e25807dc0d808b7a12f232e1ea1147efd158a40342483c,DKNG,2026-02-12T22:00:00+00:00,Other,0,0.47,0.465,0.555,0.47,,,,,29,14.00005787037037,0.625
0x517bed3de0d0c85cffeee0f2febe5f93e9fa56e277f014212760103ad426d04e,WYNN,2026-02-12T22:00:00+00:00,Other,0,0.565,0.62,0.475,0.565,,,,,28,13.500023148148149,0.625
0x129079c6f09b11e0c6d57162f3d396251baec4a01d38a94ccf04506fda7b604b,RIVN,2026-02-12T22:00:00+00:00,AutoEV,1,0.6,0.645,0.305,0.6,,,,,27,14.000150462962964,0.5
0x5d60d7ebfca4e6088748be637f95c1582d5e07505d44ee5a67059056b9a6d477,COIN,2026-02-12T22:00:00+00:00,Other,0,0.345,0.51,0.23,0.345,,,,,29,14.000081018518518,0.5
0xe2c21678d888f3645f5b7e8aea91e2f1ced13a0dec21f5bb3987af1aba374f08,TOST,2026-02-12T22:00:00+00:00,Other,1,0.705,0.73,0.705,0.705,,,,,28,13.5,0.375
0x614260d38ef6966d3ff127fe96de879506230c26ba4967499242a10ad327eee6,AMAT,2026-02-12T22:00:00+00:00,Other,1,0.875,0.88,0.895,0.875,,,,,29,14.000023148148149,0.375
0x22dd76a42b2bf220c6e175637027215a2362531eecfb71c2e095fec68cfceeb5,EXPE,2026-02-12T22:00:00+00:00,Other,1,0.84,0.875,0.845,0.84,,,,,28,13.500104166666667,0.375
0x0d3620a965a1ebe5213d1aa3d5b000f82c7de79a042251ed250f88b6282aa519,WEN,2026-02-13T14:00:00+00:00,Other,1,0.69,0.7,0.565,0.69,,,,,20,9.5,0.5
0x5aa2773e6fdc50609e285e07cf005e76fa9dc965849838fc16db1b3b974a7a8b,MRNA,2026-02-13T14:00:00+00:00,Other,1,0.775,0.77,0.725,0.775,,,,,20,9.499918981481482,0.5
0xd386542c6e77e555851e1461f08f9db8565cf168fa4907bc90c95e74873932a7,WAY,2026-02-17T14:00:00+00:00,Other,0,0.465,0.81,0.47,0.465,,,,,22,13.000104166666667,0.625
0x8c1f9cd8939474ed6c2c983e31020da1b5bf5fbdfeb56a50de938c230ad53ea9,SUN,2026-02-17T14:00:00+00:00,Other,0,0.15,0.355,0.145,0.15,,,,,28,13.499918981481482,0.625
0x61a2cd8bb0dda8ddbfcf5f03755c634d43af6169150e6fdacb919f02ebe4f527,LH,2026-02-17T14:00:00+00:00,Other,1,0.79,0.8,0.87,0.79,,,,,28,13.500081018518518,0.625
0xb880df1c5c04ef4f33725264754b200d9a813008e8ad6913403ddd047640ddbe,CZR,2026-02-17T22:00:00+00:00,Other,0,0.265,0.255,0.295,0.265,,,,,20,13.00011574074074,0.75
0x7200d6e5d29bb5b6e1b7a4eeac679b928d4f4c8392e8856eb33c475a87ca156c,LZB,2026-02-17T22:00:00+00:00,Other,1,0.71,0.76,0.71,0.71,,,,,19,11.000162037037038,0.625
0xbebb1c8c6996bdd0783db8891f4cb764afe301c7393ae19cad4c81b0d9e25e11,PANW,2026-02-17T22:00:00+00:00,Other,1,0.89,0.895,0.925,0.89,,,,,29,18.000266203703703,0.625
0xa8fd24f97556a99b77e39eae8ee5f8bc291aace29809366bbdf6f2cbc75f23ba,ADI,2026-02-18T14:00:00+00:00,Other,1,0.89,0.87,0.88,0.89,,,,,21,12.50017361111111,0.625
0xf920b784f65e25fec2be40f223a25ce8090b35821f4a5242babcd8b3b102f8ca,MCO,2026-02-18T14:00:00+00:00,Other,1,0.795,0.825,0.795,0.795,,,,,26,12.500092592592592,0.625
0xf631156902398cbab0c521c6db6d7238771dcf7746ccc8fff26e99122111cb34,CRL,2026-02-18T14:00:00+00:00,Other,1,0.865,0.855,0.865,0.865,,,,,22,12.50017361111111,0.625
0x7e16e9f7a0935b824ee25ff3220f94f2dfbdcade8986459ac007d7da2987bc14,WING,2026-02-18T14:00:00+00:00,Other,1,0.69,0.78,0.87,0.69,,,,,15,11.00017361111111,0.75
0xe091e96fd31a4aed29e14f79fd6b88830f87e32909fe8dcf2dcb2e4f4157ded2,GRMN,2026-02-18T14:00:00+00:00,Other,1,0.755,0.79,0.78,0.755,,,,,16,11.00017361111111,0.875
0x3436bb3e67561716e03c36c6242c678f1123a1f32f20a947538608910db56833,EBAY,2026-02-18T22:00:00+00:00,Other,1,0.825,,0.89,0.825,,,,,13,6.00005787037037,0.875
0xfaea2472cd3f8041f30249fefd575127f7d4262d830e21e140ae7585e9aa702a,BKNG,2026-02-18T22:00:00+00:00,Consumer,1,0.835,0.875,0.855,0.835,,,,,25,12.500150462962964,0.625
0xecd87eee7d6f7ce31343c78749a1c47f0898b42af790d901232461297887d847,CVNA,2026-02-18T22:00:00+00:00,Other,1,0.555,0.59,0.51,0.555,,,,,26,12.500069444444444,1.0
0xe923673ba211c54d72ba450877492a9e39582897edb9e8bf48fd1b42db746561,DASH,2026-02-18T22:00:00+00:00,Other,0,0.175,0.225,0.15,0.175,,,,,23,12.50017361111111,1.0
0x4a20448e4cb273e274fb12b15e75f15bc2bf84cede380b0ccc658e2e71c9d271,AMPL,2026-02-18T22:00:00+00:00,Other,0,0.685,0.69,0.695,0.685,,,,,26,12.50005787037037,0.875
0x688da28c436f9f49ee08df3afbe1d0de138de7a828478cf50eb9cc013766bdb3,OXY,2026-02-18T22:00:00+00:00,Energy,1,0.645,0.78,0.5,0.645,,,,,25,12.500150462962964,0.875
0xec0d6ae4c537bce4bc63709f65c2418300806ebbd260b72e250755de63a7dec8,DE,2026-02-19T14:00:00+00:00,Industrials,1,0.635,0.685,0.53,0.635,,,,,28,13.500081018518518,0.625
0xd7ce4020b83d09f10b671bee2016d4f359054f62eac58289d0e74d97c4c8c324,WMT,2026-02-19T14:00:00+00:00,Staples,1,0.89,0.85,0.89,0.89,,,,,28,13.500370370370371,1.0
0x7eab6e959abfd65beccb5277319249f04a3f2ca3e7e433fdae789a8cca9c1075,ETSY,2026-02-19T14:00:00+00:00,Other,1,0.615,0.6,0.705,0.615,,,,,24,11.500081018518518,0.75
0x4515f314ba01684f46b90b347fa62ecfacb93c1694a503c4b5769b4b3746d55f,ICUI,2026-02-19T22:00:00+00:00,Other,1,0.865,,0.875,0.865,,,,,6,7.000115740740741,0.75
0x17dce37ec2ca13843e676a8f70bd4e3c575a42831811f16088b45f5999d8bb4f,TXRH,2026-02-19T22:00:00+00:00,Other,0,0.5,0.515,0.5,0.5,,,,,29,14.00005787037037,0.75
0x08687859dade05f7029aadfbc704d41e299b6286d7b9e9f8e5a43fb47615f0a1,HHH,2026-02-19T22:00:00+00:00,Other,0,0.525,0.685,0.46,0.525,,,,,29,14.000046296296297,0.625
0x51c5662970416887eade44246ebb79720703824e70f2b2808530e1cd5e1a4fe3,OPEN,2026-02-19T22:00:00+00:00,Other,0,0.35,0.305,0.315,0.35,,,,,28,13.500300925925925,0.5
0x37b27c5f3cb1f2f6991ca336e4adcb58e0c6bb2620f5a1474e668f0e4a7a9a3d,AKAM,2026-02-19T22:00:00+00:00,Other,1,0.835,0.855,0.885,0.835,,,,,22,14.000162037037038,0.375
0x7186c546c705b4d2e8755489590d2e0262862d058ca58e8f5b026e9a66875845,ED,2026-02-19T22:00:00+00:00,Other,1,0.775,0.9,0.845,0.775,,,,,27,14.000162037037038,0.375
0x05e41c8fb81af63d4c165bc0c23d93c574694de71216f0ffadc79428cbeab1bb,DBX,2026-02-19T22:00:00+00:00,Other,1,0.88,0.875,0.88,0.88,,,,,29,14.00005787037037,0.5
0xcdb1a38de3470c5ba12171a7015866daa072408190bd6c7598ba47609ba99ae5,FNF,2026-02-19T22:00:00+00:00,Other,0,0.64,0.615,0.645,0.64,,,,,24,12.000092592592592,0.625
0x92ad9cce642cd896dc1743ec4f17817d1ff53614acf0c23b39d044213e9375a5,DPZ,2026-02-23T14:00:00+00:00,Consumer,0,0.425,0.665,0.65,0.425,0.625,4.4262,5.925634234167922,0.0,27,13.500023148148149,0.75
0xc0cdea6ec66d0bee106cceb754a305f6ca7cfe7cd6ea380e6c778a20c688438c,HIMS,2026-02-23T22:00:00+00:00,Other,1,0.14,0.345,0.825,0.14,,,,,28,13.500034722222223,0.5
0x3726731a3d0689f6d73035ab5ceb2c3b3bae35f089a4863bf4739e919667181c,BBBY,2026-02-23T22:00:00+00:00,Other,1,0.855,0.7,0.785,0.855,,,,,25,13.500034722222223,0.5
0x4b75c03ddcd720ab3f5ad0271cc24a7b0e1f5c33e01f463f51eabf0d7faef5e1,HD,2026-02-24T14:00:00+00:00,Other,1,0.66,0.525,0.795,0.66,,,,,28,13.50005787037037,0.625
0x42a0a74464fd979182163c88a2c308f0402ad6eb07bc4f63af49bec4c5ef8a76,AS,2026-02-24T14:00:00+00:00,Other,1,0.815,0.565,0.87,0.815,,,,,25,13.50005787037037,0.75
0xa6ed0d4fa8c95c1fdb3afe2abe0409c468fb64595c81cadb9964345003158938,CSGP,2026-02-24T22:00:00+00:00,Other,1,0.445,0.495,0.515,0.445,,,,,28,13.50005787037037,0.875
0x50ee3dc6eb95a801236fa1efddc2d643d2fc5eda6effa401a4e97593e4e80b3f,AMC,2026-02-24T22:00:00+00:00,Other,1,0.735,,0.72,0.735,,,,,10,5.499872685185185,0.875
0x04ca365d92e7d3051c6ef85fad9e76394bf973409c9fb7406e6dbf458f1f4429,NVTS,2026-02-24T22:00:00+00:00,Other,0,0.435,0.375,0.42,0.435,,,,,25,12.000046296296297,0.875
0x5763116d3bd606ee039eef922107b5a103927c77c14bac3251691cd2a91f6fe8,HPQ,2026-02-24T22:00:00+00:00,Other,1,0.43,0.465,0.375,0.43,,,,,17,11.0,0.75
0x4d0f256bccd786f1d07492c4c90a836982b0dc11c2193e6145f49fc70c086696,WDAY,2026-02-24T22:00:00+00:00,Other,1,0.89,0.84,0.88,0.89,,,,,22,11.500104166666667,0.875
0x348410b5dd28a7743ec0219a713a0e38392e088273a9aded08783ccca6400e56,LOW,2026-02-25T14:00:00+00:00,Other,0,0.645,0.605,0.655,0.645,,,,,27,13.000104166666667,0.875
0xc20b280e0a72dcf4260c7a8f3e12b44516c9996da79129c4790bd37d55ca5364,IEP,2026-02-25T14:00:00+00:00,Other,0,0.34,0.295,0.33,0.34,,,,,22,11.500034722222223,0.75
0xac1d7ea60be2f5dd44155505fa5ac9fab2a488c9070a67b129eeb25153dc2147,TBPH,2026-02-25T22:00:00+00:00,Other,1,0.78,0.385,0.74,0.78,,,,,47,30.500046296296297,0.625
0x98f047e8dbd64ab7ec2b55570ca05ef74379bd99c2518e0f161bafa8385384e3,URBN,2026-02-25T22:00:00+00:00,Other,0,0.735,0.575,0.705,0.735,,,,,19,9.000023148148149,0.625
0x8caccca9583fd8d26add2c4a35a78b5fef0e57eed260eeaf43095d1682c4f999,IONQ,2026-02-25T22:00:00+00:00,Other,1,0.765,0.715,0.8,0.765,,,,,27,13.000011574074074,0.5
0x57089bd657907396fb040c773ec9b14de3bc7f16a9f2cb6184321f3cff7d49a0,BYND,2026-02-25T22:00:00+00:00,Other,0,0.61,0.385,0.59,0.61,,,,,78,39.50018518518519,0.5
0x8d7d46f40cd6aa4830f5fc415a8eca9d9df40b506f2b784cf5eb5de762d5c10a,SPCE,2026-02-25T22:00:00+00:00,Other,1,0.785,0.61,0.765,0.785,,,,,81,40.000335648148145,0.5
0x4116364a30edf0db220553d5f4032b32f05d42b6d64e1bacaa0c065bb4146015,NVDA,2026-02-25T22:00:00+00:00,Semis,1,0.895,0.945,0.955,0.895,,,,,30,14.999976851851851,0.875
0x66db4f67e4c5a361bf2f3bda4c2d20c9734f27a0af570f519904f635cf0fc308,IMAX,2026-02-25T22:00:00+00:00,Other,1,0.705,0.685,0.68,0.705,,,,,30,14.999988425925926,0.5
0x6ae59e1bff0233495383d802a9748cbf401e0e2c8a526f7d74da9c7ffb6bb252,ZM,2026-02-25T22:00:00+00:00,Other,0,0.835,0.86,0.19,0.835,,,,,30,14.500092592592592,0.5
0xc90591bcefff8d3a37002b4dcd1ddac751e2075a4a0874d7692ecc5bd6b59082,SNOW,2026-02-25T22:00:00+00:00,Other,1,0.865,0.855,0.855,0.865,,,,,27,13.500011574074074,0.5
0xf522eae197195f809778a86d9a361f7b18e90b67e0cadc5250885bc9f128aeca,TTD,2026-02-25T22:00:00+00:00,Other,1,0.68,0.635,0.79,0.68,,,,,26,12.500092592592592,0.625
0xa932cf6f7a99d2ab04e0833ae79fdc848f9fd417a81e86d8c1aedb3f9b41ee7f,CRM,2026-02-25T22:00:00+00:00,TechServices,1,0.875,0.83,0.78,0.875,,,,,31,15.000034722222223,1.0
0x0521b0b0d78cbcd8fdc0d85c7ee7124f509e03c971ac62d1f19336cf5d8cf695,PSKY,2026-02-25T22:00:00+00:00,Other,0,0.285,0.275,0.275,0.285,,,,,28,13.500011574074074,0.625
0xfeac04beeb67ec4844d38d5cc2875a81208f26347d7d281472081eff4fccb38e,TKO,2026-02-25T22:00:00+00:00,Other,0,0.245,0.71,0.165,0.245,,,,,27,13.500011574074074,0.625
0x659227aad68ef74aea26975f864d153f908b66a7b50c6eb56f8bb660558bbc32,TFX,2026-02-26T14:00:00+00:00,Other,0,0.77,0.485,0.755,0.77,,,,,16,8.999907407407408,0.5
0x260bf48a49c69fbb8d79de5149c5a3dbbf3efa6460c09ea26bc13f81ff9f5f5e,WRBY,2026-02-26T14:00:00+00:00,Other,0,0.345,0.315,0.375,0.345,,,,,20,13.000011574074074,0.5
0x65c68d4f327e216850570e8679ed63804afa1c0761a6fb79174d039fdb065c00,DNUT,2026-02-26T14:00:00+00:00,Other,1,0.345,0.415,0.345,0.345,,,,,20,9.50005787037037,0.375
0x0fe6d27fdd8c7aaa58419c1b755af3cad99c70916201aeb7178431c58290c9d8,SHAK,2026-02-26T14:00:00+00:00,Other,1,0.71,0.77,0.635,0.71,,,,,28,13.500081018518518,0.375
0x62df85ac1446ceabd54f1e25d48197774de345b05c6b19a521637fe01eb4a15c,FTDR,2026-02-26T14:00:00+00:00,Other,1,0.84,0.815,0.84,0.84,,,,,28,13.500081018518518,0.5
0xf6a874aae0a33379fbd7aa2ac48cfa5ee74c8e7cb17fbb411da41bdd33018d29,PZZA,2026-02-26T14:00:00+00:00,Other,1,0.685,0.665,0.61,0.685,,,,,27,13.500127314814815,0.5
0x8bef426c53d21ea3427ae154156a7c26e4fbbe46171f539f90ec4a2fe0bc2e89,HGV,2026-02-26T14:00:00+00:00,Other,0,0.395,0.23,0.4,0.395,,,,,28,13.500104166666667,0.5
0x4b8368164e02ff0992c9f8835c0fb4d37bbd9f9f25610c11f65e4085cb1dec2d,IART,2026-02-26T14:00:00+00:00,Other,1,0.765,0.59,0.785,0.765,,,,,17,13.000011574074074,0.5
0x23a47535f6040c369a9902a7ebb54dfa43ded65d7cfa75e360a9c888c7f057d2,TDAY,2026-02-26T14:00:00+00:00,Other,0,0.38,0.36,0.5,0.38,,,,,27,13.50013888888889,0.625
0xa1ccccc9c62835250cd3a676fb4c821549366c8acb2c31faab0b4c8aa2272911,MNST,2026-02-26T22:00:00+00:00,Other,0,0.68,0.69,0.725,0.68,,,,,20,9.500104166666667,0.625
0x6db7cea0d4747800f62d5971495fe01307a16b009ed3c87d22c7f06980dd78a5,FLUT,2026-02-26T22:00:00+00:00,Other,1,0.655,,0.66,0.655,,,,,11,5.000092592592592,0.625
0x055dda80d2596defe1bb72d34b291dbf618a7f99be1cda4a2393e9b200704ddc,ADSK,2026-02-26T22:00:00+00:00,Other,1,0.895,0.825,0.875,0.895,,,,,17,13.0,0.625
0x25afa79a84eb8b7a89cb8ac46df47b1cc232d4b7a185e315dded78173a5b209b,EB,2026-02-26T22:00:00+00:00,Other,0,0.3,0.405,0.19,0.3,,,,,49,24.00025462962963,0.625
0xa4ca111ba1793e73ac6c032d4b730d19bc624fb3b8d53541db13c4924b99eff8,REAL,2026-02-26T22:00:00+00:00,Other,1,0.795,0.68,0.82,0.795,,,,,27,13.500208333333333,0.5
0x403061a4ef4ce00912ad4822552fc2e996c6d5721065020b6517f4d377601f8a,INTU,2026-02-26T22:00:00+00:00,Other,1,0.91,0.85,0.91,0.91,,,,,28,13.50013888888889,0.5
0x7efacba192fadccfa3f6c17c7362f3f89c08cb2e70e146d0618b59e49f1e4ab1,RKLB,2026-02-26T22:00:00+00:00,Other,1,0.73,0.7,0.625,0.73,,,,,19,13.0,0.625
0x5e01e65c8b1131afd5c0bc6515e9a2b9ad0d3a28a628dfcc8f16c373b21df907,SG,2026-02-26T22:00:00+00:00,Other,0,0.485,0.375,0.24,0.485,,,,,27,13.500196759259259,0.625
0x655d8a8ce7713d12c776f00b625e07cb747b979661b19a536ceb4af41ed9a6ad,DELL,2026-02-26T22:00:00+00:00,Other,1,0.74,0.845,0.835,0.74,,,,,27,13.500208333333333,0.625
0x054b10920231dbc3b41bf0d490d76e81d5509259a8d0c89f5321fbfe3eac075f,SOUN,2026-02-26T22:00:00+00:00,Other,0,0.665,0.61,0.515,0.665,,,,,28,14.000046296296297,0.75
0x9167aa7e1a5cfe8fbfedee443503039b7fa926cc3549f3a66c1d4d09b5ced893,MDB,2026-03-02T22:00:00+00:00,Other,1,0.89,0.885,0.92,0.89,,,,,23,11.000011574074074,0.625
0xc764f65948c6b8cc60b05968bfa3ecdbd90d8aab871aad731e13cfae8ab630df,ASAN,2026-03-02T22:00:00+00:00,Other,1,0.855,0.84,0.82,0.855,,,,,15,10.000208333333333,0.625
0x73d0bd1bcc5307042d2b6e1a416f0f19914b3aabf1d7f4f7e389b2ad89f56376,AZO,2026-03-03T14:00:00+00:00,Other,1,0.455,0.635,0.425,0.455,,,,,18,10.500219907407407,0.75
0xfb10a9fb7e5ad5379e915fc25cc9092f612871d1a8d7611f80bde3f8a7b78383,MRX,2026-03-03T14:00:00+00:00,Other,1,0.855,0.805,0.845,0.855,,,,,21,10.00017361111111,0.75
0xc699d899015aa42b75decc2a93737017bc0ffba0628d5bec4a4ae991d0f94e35,TGT,2026-03-03T14:00:00+00:00,Staples,1,0.87,0.675,0.835,0.87,,,,,15,10.000196759259259,1.0
0xde0863fe9101671982e00babd27f3864e4c5871f248f757fc2adbf05944560ec,BBY,2026-03-03T14:00:00+00:00,Other,1,0.74,0.675,0.735,0.74,,,,,20,11.500023148148149,0.75
0x23000173fcd3643360e22316e8335a5b15c6a8900428cc21599393e3bdf7e2d4,GTLB,2026-03-03T22:00:00+00:00,Other,1,0.725,0.79,0.87,0.725,,,,,23,11.500034722222223,0.75
0xfb85c8990f64e5012be7434af44659c8bf6b11e08bd2c3aeb507e04365b4d08a,BOX,2026-03-03T22:00:00+00:00,Other,1,0.75,0.77,0.64,0.75,,,,,25,12.000069444444444,0.875
0x0fb677f9155baa4309130a70c05f64353ef96e833020b9ab978a3bcc8ff75f7b,CRWD,2026-03-03T22:00:00+00:00,Other,1,0.89,0.825,0.87,0.89,,,,,18,11.000219907407407,0.875
0x81056f35f2905d4f67d6e7be8ceed701245ca3f5cdb3f0bbd64c463c6cdf4d91,BBWI,2026-03-04T14:00:00+00:00,Other,1,0.6,0.68,0.715,0.6,,,,,23,11.500150462962964,1.0
0xb353f06fdefb69d9a37bac9f450cc8f7caf369df53cb4c475783635f4c86a8a2,ANF,2026-03-04T14:00:00+00:00,Other,1,0.72,0.665,0.745,0.72,,,,,19,11.50017361111111,1.0
0x88390c7c6f012f91bb9a14708ef37b6e740817953447f0398dbb14fcf2eea370,WIX,2026-03-04T14:00:00+00:00,Other,1,0.645,0.745,0.8,0.645,,,,,46,22.500092592592594,1.0
0x1a9c4c83572563ad11afaff9c459444e351bef8723548afe655c3e2a9c78dd4e,CPB,2026-03-04T14:00:00+00:00,Other,0,0.81,0.62,0.755,0.81,,,,,30,14.500196759259259,1.0
0x75817b7d53552b67005b06ef9a9377c602155242b2869324e3bd0eacdc92892d,AVGO,2026-03-04T22:00:00+00:00,Semis,1,0.935,0.865,0.94,0.935,,,,,19,11.50017361111111,0.875
0x20cab10e9552a88c30a2c8eeadaf6e4c6b4f401e8bcbc1d572cf4cbb2218a269,OKTA,2026-03-04T22:00:00+00:00,Other,1,0.865,0.855,0.915,0.865,,,,,21,12.00017361111111,0.875
0x1a2700084a22491fec81ba8c488b8820f20e1174703389bd2689231d9e722c99,AEO,2026-03-04T22:00:00+00:00,Other,0,0.605,0.635,0.59,0.605,,,,,24,11.500104166666667,0.875
0x2b4e8012bf177228dcf4ebc18c6a51c4bc7c3423a00e54f5eb3952e352405ea4,CBRL,2026-03-04T22:00:00+00:00,Other,1,0.695,0.57,0.695,0.695,,,,,11,8.0,0.75
0xbc0b897a00e93e3c1718638d6302e6594b87f2b6890ba4556da537a53adbe2d6,STUB,2026-03-04T22:00:00+00:00,Other,0,0.315,0.575,0.37,0.315,,,,,12,7.4999768518518515,0.75
0x3f1b51fa1ded874e0d1fad6ab6d0f49972c4ded3632a18b3e920f005cb9afa8f,BURL,2026-03-05T14:00:00+00:00,Other,1,0.81,0.825,0.8,0.81,,,,,18,9.000092592592592,0.625
0x9a30b7735bb50b51df4dd8afa6fd746951133eedabece1e8d4d874f1b3ff458d,KR,2026-03-05T14:00:00+00:00,Other,1,0.84,0.785,0.855,0.84,,,,,12,9.000092592592592,0.625
0x4ac66dcadab12b34902acc4d82ac37a5cb06cfca42e30f87aa4e68744730391d,VSCO,2026-03-05T14:00:00+00:00,Other,1,0.84,0.865,0.915,0.84,,,,,26,12.50011574074074,0.625
0xf30336690af57f64f7e87478c386a8006965f85e38bbb4af104b764150338b22,GPRO,2026-03-05T22:00:00+00:00,Other,0,0.275,0.43,0.17,0.275,,,,,26,12.500243055555556,0.625
0x1072b7c568a85ec3fd63c31ac9d9f7392186f57f73cba12889cec0d77e7b7a2b,SWBI,2026-03-05T22:00:00+00:00,Other,1,0.685,0.64,0.775,0.685,,,,,17,11.500185185185185,0.625
0x1a88907b82c96a145fcfae7b0248af8661118672a4a7a9d7e80284c8a1d533e8,IOT,2026-03-05T22:00:00+00:00,Other,1,0.89,0.865,0.9,0.89,,,,,25,12.500335648148148,0.625
0x00202f51b93bb89cbc22c616f6d9a85d22ae03d59ce9d1641bab8866133502e2,MRVL,2026-03-05T22:00:00+00:00,Other,1,0.845,0.785,0.865,0.845,,,,,26,12.500266203703704,0.75
0x0ccb7aa120d5076d1b0ed20c64271c9ba0740e1c69bb49627a921c17939fb42e,GAP,2026-03-05T22:00:00+00:00,Other,0,0.775,0.695,0.79,0.775,,,,,27,13.000127314814815,0.75
0x31451d5ec63c74a64a33eedd3e23a4f357aaaf7942c3a7a94046e40c7f4952ff,COST,2026-03-05T22:00:00+00:00,Staples,1,0.865,0.88,0.935,0.865,,,,,27,13.000081018518518,1.0
0xd86d2dbee5ec6000380bed001d85f159d73c56221e8c73a43248be1fd43c82cf,HPE,2026-03-09T21:00:00+00:00,Other,1,0.865,0.78,0.915,0.865,,,,,28,13.499976851851851,0.75
0xb5a187313d629d6bde08aca6d0e7843e6c762e8e16d20a6b637156b5e8f288e9,CASY,2026-03-09T21:00:00+00:00,Other,1,0.915,0.855,0.935,0.915,,,,,26,13.499965277777777,0.75
0x59582fcacf2fc1a3ed5f3b8270a515502dccb5c78ac15495c0e964b1fdab9112,MTN,2026-03-09T22:00:00+00:00,Other,0,0.375,0.47,0.205,0.375,,,,,26,12.49994212962963,0.75
0x9eea6255ed05b3e87ecfc99ba34b8349ed18cab9264ca84151e438aaf6880f35,KFY,2026-03-10T13:00:00+00:00,Other,1,0.82,0.82,0.9995,0.82,,,,,28,13.499976851851851,0.625
0xb819eecb4a37e3e629a590f3f90f9bd8483d8ced0f23985cff1ae8ba799825c8,KSS,2026-03-10T13:00:00+00:00,Other,1,0.58,0.54,0.835,0.58,,,,,28,14.500104166666667,0.75
0xbcb0f727bfabb7914ec5a1fbf543f4ad1a0baf49950ebb4547d4fbb62d35c1af,UNFI,2026-03-10T13:00:00+00:00,Other,1,0.875,0.825,0.91,0.875,,,,,25,14.500104166666667,0.75
0x25d6fa1f15039d717043a595712090f65c0cefabed3254adc285086a5f953a68,ORCL,2026-03-10T21:00:00+00:00,TechServices,1,0.775,0.785,0.775,0.775,,,,,21,14.500092592592592,1.0
0xa26084830c4946cbda7f23544fbd690589839d8307e33525c72774b6d68c4d5c,GRPN,2026-03-10T21:00:00+00:00,Other,1,0.53,0.56,0.34,0.53,,,,,22,14.500092592592592,0.75
0x1204dc7352df96e2ebd536331c3c0d99c860442344b6cb952652e1f5ab2d1e0a,BIRD,2026-03-10T22:00:00+00:00,Other,0,0.66,0.655,0.59,0.66,,,,,65,32.000277777777775,0.75
0x3c5f263697f146a5a95fca192e4f4dbb17186cece93288ba0ebd7a2eebb15dcf,CXM,2026-03-11T13:00:00+00:00,Other,1,0.875,0.775,0.925,0.875,,,,,28,13.500219907407407,0.75
0x02c5c9f9685ed5daec04c7fbfc3f145d15dcb2183f56b330b74eab29242adc4a,DKS,2026-03-12T13:00:00+00:00,Other,1,0.765,0.84,0.89,0.765,,,,,18,14.000011574074074,0.75
0x62be08129d7959cfac571cde7eee23d563d6fd854f04a9e6766bd80e898b835e,GAMB,2026-03-12T13:00:00+00:00,Other,1,0.695,0.66,0.92,0.695,,,,,30,14.500162037037038,0.75
0xba32ef1ced81ce80a2fe32c674ff54562f99eae779ef62d99af3f73e0d316514,BBW,2026-03-12T13:00:00+00:00,Other,0,0.725,0.71,0.88,0.725,,,,,30,14.500104166666667,0.875
0xb3f6990608a86c7dd8b2a6234af7c3f03354349f4d57b8e517e75727508b48a4,DG,2026-03-12T13:00:00+00:00,Other,1,0.88,0.785,0.9395,0.88,,,,,30,14.500069444444444,0.75
0xc954e999dea5adfd38be130b4d95f9a05a682e15d6d18135baf439721b794660,RBRK,2026-03-12T21:00:00+00:00,Other,1,0.895,0.86,0.9475,0.895,,,,,27,14.000104166666667,0.75
0x29dd5b95164fc53fcc43b734f93b9c2920ddfbf217cd725c68bc15c2d2377b1f,BZFD,2026-03-12T21:00:00+00:00,Other,0,0.165,0.28,0.125,0.165,,,,,22,14.00011574074074,0.75
0xaf42a8d372fdcc9803d424e216d793072b7fc33bc3325e7081cb5a9de81b25fa,PD,2026-03-12T21:00:00+00:00,Other,1,0.885,0.86,0.93,0.885,,,,,30,14.500092592592592,0.625
0x235ce53a39a8b1a938e895785371cec35d2a8efc1f86d947a89fc6768af28e63,PXLW,2026-03-12T21:00:00+00:00,Other,0,0.87,0.86,0.915,0.87,,,,,42,21.000185185185185,0.75
0x1ab1e473d760aede872a7297790cf4b2694833ccdad6494bcada365568aafcf7,ADBE,2026-03-12T21:00:00+00:00,TechServices,1,0.805,0.865,0.9335,0.805,,,,,30,14.500081018518518,1.0
0x5df82da99ee50977056e0d4c1a13608cf9fbe091259037ba49aaf42a0e3fed46,DLTR,2026-03-16T13:00:00+00:00,Other,1,0.94,0.705,0.93,0.94,,,,,25,12.499965277777777,0.625
0xd9b6d1231ce6a119f239951ce51d1b2ace9176e5c0f46b81b08b21e4bb0002cc,PLBY,2026-03-16T21:00:00+00:00,Other,1,0.9625,0.9655,0.9675,0.9625,,,,,30,18.499826388888888,0.625
0x9b1f9979bdf9169c48b3fefd4c2bf5d7db13712821fd4757052ba5c99f16ce6d,GETY,2026-03-16T21:00:00+00:00,Other,0,0.47,0.5,0.445,0.47,,,,,27,16.49980324074074,0.625
0x9d960358504ccc424ed5a26b3cd0b4003eef4f0376fe0e9f64e2708acd83b456,ASO,2026-03-17T13:00:00+00:00,Other,0,0.755,0.758,0.7645,0.755,,,,,24,13.499849537037036,0.625
0xd7c275ba6e0ec876a20db252e1d9f41e164376835e3573e7965c09a257fcb4c0,DOCU,2026-03-17T21:00:00+00:00,Other,1,0.91,0.89,0.935,0.91,,,,,19,14.49994212962963,0.5
0x4c65028ff841efda5a53f66258bdd4c8406e5cb2319639621935bd335cb89cde,LULU,2026-03-17T21:00:00+00:00,Other,1,0.91,0.805,0.85,0.91,,,,,23,13.500023148148149,0.5
0x93dfab1acd865840a4ef6c1b3525a210978cb1ed2bd3f9b2f3ca7132726ab092,WB,2026-03-18T13:00:00+00:00,Other,0,0.795,0.805,0.88,0.795,,,,,21,14.99994212962963,0.625
0xf5f54f9fd01dd6904e50b1aac8727ca80b08e8fddd62d2e258caa34d9f461ec3,GIS,2026-03-18T13:00:00+00:00,Staples,0,0.585,0.91,0.17,0.585,0.75,-0.7926250000000001,12.268648957956676,0.0,28,13.500104166666667,1.0
0xff85fb4a24991a63539ce11dadc9e9ade921a3facc796a31fb88236d523a4d0e,WSM,2026-03-18T13:00:00+00:00,Other,1,0.835,0.76,0.855,0.835,,,,,18,8.500069444444444,0.5
0x9dd4a37d1673e7b6ca87fa964179a7a3f8fff75ade389ac5ca266221dfa02a0c,M,2026-03-18T14:00:00+00:00,Other,1,0.885,0.825,0.948,0.885,,,,,46,22.500127314814815,0.625
0x4a09076d4eca529052cdb86a4537dd95970d5c4c7062669c97b6438fcd99dde3,MU,2026-03-18T21:00:00+00:00,Semis,1,0.9695,0.9765,0.9825,0.9695,1.0,15.2408,10.560840298277135,8.0,28,13.500034722222223,0.875
0x64fa42538ec262554829aabe0d037358b7bfa98d7770d2baf0ec34c275b535a9,FIVE,2026-03-18T21:00:00+00:00,Other,1,0.855,0.725,0.905,0.855,,,,,21,11.499976851851851,0.625
0xf67594a31cf5fa5698cdeca867f66094d995411eb8ff2ef562973179230cecf5,BABA,2026-03-19T13:00:00+00:00,Other,0,0.837,0.556,0.798,0.837,,,,,13,7.500104166666667,0.625
0x75d3c8452ecabc2dc2bd0acb86bb6d8fd6aedfc8a404c270e784406f566f0783,ACN,2026-03-19T13:00:00+00:00,TechServices,1,0.9095,0.884,0.8705,0.9095,0.875,2.665375,2.5282138238854945,7.0,28,13.499930555555556,1.0
0x254db11701f2fc714dc60524076296bfabaae6b3c52da8c26e140a520020ec5f,FDX,2026-03-19T21:00:00+00:00,Industrials,1,0.92,0.885,0.915,0.92,0.75,3.6577875,14.728156762225156,4.0,27,13.500231481481482,0.625
0x54b1721f66ca09f94b360b2747922612d2c5ca5b0d6c90d9fceac9546b744c20,GME,2026-03-24T21:00:00+00:00,Other,1,0.91,0.74,0.87,0.91,,,,,28,13.500023148148149,0.625
0x680a9592b4f88d8590a831158ea912328c7fb68c727d8087c81911b07816b262,PDD,2026-03-25T13:00:00+00:00,Other,0,0.73,0.72,0.72,0.73,,,,,32,15.500081018518518,0.75
0xc126eb6a8b983472ef344d56576477f4daaa48dd0f191f27286481cdfe9d40a1,CHWY,2026-03-25T13:00:00+00:00,Other,0,0.835,0.84,0.885,0.835,,,,,26,14.49994212962963,0.625
0x8f7b4987a14c36d3e2d05454ec2193c6c3724446acb5e29d948b4729931d913d,CTAS,2026-03-25T13:00:00+00:00,Other,1,0.895,0.87,0.935,0.895,,,,,30,14.500127314814815,0.5
0xcca24c7cebddba49fd296b8db66d1e5002b7e67c1f5b9303c2c1adf82828c092,PAYX,2026-03-25T13:00:00+00:00,Other,1,0.795,0.84,0.84,0.795,,,,,28,13.999965277777777,0.625
0xd88fc357afed42eaa0c73b7c98c52c527821991c9fdd2392c716320c98964a55,DBI,2026-03-26T13:00:00+00:00,Other,1,0.64,0.72,0.585,0.64,,,,,34,16.500069444444446,0.625
0xd916f90be39f826532453793016424ca7c8dab119239b5596883eb42d8fa1407,NMAX,2026-03-26T21:00:00+00:00,Other,1,0.63,0.705,0.62,0.63,,,,,21,12.999988425925926,0.625
0x2283b23da5df673df981804e61e0f56d393976671f23608af4f12604008fb773,MKC,2026-03-31T13:00:00+00:00,Other,1,0.67,0.66,0.665,0.67,,,,,21,11.00011574074074,0.625
0x60ae4ea95aad0363b739626b26813c0b76215c14c4e1fff3198b1dd1b9dc5d3d,FDS,2026-03-31T13:00:00+00:00,TechServices,1,0.745,0.725,0.755,0.745,0.75,2.8245625,4.182560148978306,2.0,23,11.000162037037038,1.0
0x77f64d937ba842861dc6a9dbaaafc8c85dfda68fc01f1c76d3160b4caaf6fa67,PLAY,2026-03-31T21:00:00+00:00,Other,0,0.215,0.22,0.21,0.215,,,,,19,9.000150462962964,0.75
0x04e3aa08ff437518658725bf3674b3e5106a554521d705181e750416c6f437e7,NKE,2026-03-31T21:00:00+00:00,Consumer,1,0.745,0.68,0.745,0.745,1.0,42.118812500000004,29.226208781866493,8.0,17,8.50013888888889,0.625
0x11d1a2071e422864eca23cd5284748ac309037fba7d3f4cdf7a1d1e6970b37d0,CAG,2026-04-01T13:00:00+00:00,Other,0,0.63,0.675,0.645,0.63,,,,,22,11.00011574074074,0.625
0x5948c26308fcb2e24d895ffdaabae57ae2fb870550d5dcbe1ebcff7c76a7288a,LW,2026-04-01T13:00:00+00:00,Other,1,0.94,0.92,0.94,0.94,,,,,17,8.500127314814815,0.625
0xc2da51fc29676e529ecb2899593992473ebfd52fb3f16620fcf704ec23519705,MSM,2026-04-01T13:00:00+00:00,Other,0,0.6455,0.9275,0.6455,0.6455,,,,,19,9.000219907407407,0.75
0x649a227fa8b8886bb043d3711e078f7ace9d5c2ff69b979b1f563ceff3512a9a,RH,2026-04-01T21:00:00+00:00,Other,0,0.315,0.32,0.245,0.315,,,,,24,11.500196759259259,0.625
0x3e1b67bac7dae3291574c02e8111f39db5f23c130fcdb4e7a7ecc3a360e997e1,DAL,2026-04-08T13:00:00+00:00,Industrials,1,0.815,0.725,0.815,0.815,0.5,2.9565374999999996,6.830583462620264,1.0,7,12.499907407407408,0.625
0x8328fe4809abededdf34ec74091f94d88d12d882c9b8932fb1b2924be9a7ce40,WDFC,2026-04-09T21:00:00+00:00,Other,1,0.65,0.65,0.56,0.65,,,,,7,12.999803240740741,0.5
0xaa85bcd9519f35a65fc4ff2a543d9bfda90930fc1b33d4d24dd62172f8565e4e,UNTY,2026-04-10T13:00:00+00:00,Other,1,0.755,0.74,0.755,0.755,,,,,6,14.999537037037037,0.5
0xebb4e5764a2ccb47c9cef80f74e4aacf464f663987ad89522ccc13b89d433448,GS,2026-04-13T13:00:00+00:00,Banks,1,0.915,0.88,0.915,0.915,1.0,16.597825,12.452393964759203,8.0,5,6.999618055555556,0.625
0x42805e0a43125b1d66004e1032db2e461218d83619c6090d2c631319f014bc4e,WFC,2026-04-14T13:00:00+00:00,Banks,1,0.7,0.835,0.765,0.7,,,,,4,6.999965277777778,0.75
0xdae2237c82b1ff856f876a7ec445b39f0ec7d7f52fefbf473ed4bd3d29b12105,BLK,2026-04-14T13:00:00+00:00,Other,1,0.87,0.86,0.87,0.87,,,,,3,4.0003472222222225,0.5
0xfefef6b3b9197323deba34011b611fd6ab9357ea0c383d48cd640543df968a19,KMX,2026-04-14T13:00:00+00:00,Staples,0,0.54,0.47,0.54,0.54,0.5,-70.18155,206.46915326953805,0.0,3,4.000324074074074,0.875
0x91a9c860963f2abfb7bbef38737c9afb9bb921f0222947dd83ecb00dc2614976,JPM,2026-04-14T13:00:00+00:00,Banks,1,0.91,0.885,0.895,0.91,0.875,11.485075000000002,11.526503688301522,1.0,25,14.000011574074074,0.75
0x483bc2bec1cf8d3e5137e892fcb3a4d791a93a3c86484aac24369d224b5db059,JNJ,2026-04-14T13:00:00+00:00,Pharma,1,0.89,0.87,0.89,0.89,0.875,15.234750000000002,34.738227726032804,1.0,6,6.999606481481481,0.7142857142857143
0x76618b4e9d671d272dc129cc0c63aab5821765b5fb3d575cbbe23f5017dec7dc,C,2026-04-14T13:00:00+00:00,Banks,1,0.845,,0.845,0.845,,,,,2,0.4998611111111111,0.875
0xa0fbc4d7b747d4c71681818c45a46a700451d8d9fe611ab2ebb4183451eb9989,BAC,2026-04-15T13:00:00+00:00,Banks,1,0.825,0.805,0.825,0.825,,,,,4,6.99994212962963,1.0
0x92cf1f0046f660297ac62942e517f4f66ff6c4bf11d51855c54558bac3b9e887,MS,2026-04-15T13:00:00+00:00,Banks,1,0.91,0.905,0.91,0.91,,,,,3,4.0003472222222225,1.0
0xd0e65ec7ec82c771eaadc1df1ebe8c2a0a8161e351937df73e76a0e42dd796ac,PNC,2026-04-15T13:00:00+00:00,Banks,1,0.74,0.75,0.78,0.74,,,,,25,13.500023148148149,1.0
0x03c4a77a6009ad671096fa1783d336ebcdd91b25cb16cf8cc58af3357994b6b0,MTB,2026-04-15T13:00:00+00:00,Other,1,0.705,0.71,0.705,0.705,,,,,5,6.999618055555556,0.5
0x0d3cb3175e5f2d48527e991be11913dc2e7d5d3e76ea653d597f762e76041da0,CFG,2026-04-16T13:00:00+00:00,Other,1,0.755,0.755,0.755,0.755,,,,,8,11.999918981481482,0.625
0x2b12bcfad7a5f223af5f6d0df507aeddb5e386cab77d830576b5c883071eec1a,TSM,2026-04-16T13:00:00+00:00,Semis,1,0.905,0.885,0.905,0.905,,,,,3,3.499490740740741,0.875
0x552b302f3887af3e0ecd39c0256b7f96653ce20bf5e567e8ed0bb8775415f32d,BK,2026-04-16T13:00:00+00:00,Other,1,0.815,0.77,0.905,0.815,,,,,9,9.500023148148149,0.75
0xcdbba00ef159f3405e1ae4986f8dc5a3b3b168db6f6a99718446552a323d03ec,SCHW,2026-04-16T13:00:00+00:00,Other,1,0.875,0.84,0.915,0.875,,,,,17,9.499965277777777,0.75
0xb90eec24d91ab934ecfc35d21c162508ad66d1c7a9d5a5d59b524147a3fa4e0d,USB,2026-04-16T13:00:00+00:00,Banks,1,0.79,0.79,0.79,0.79,,,,,2,0.4998842592592593,1.0
0x59cd436c3562896caaabc57608c90d8761814235e18b366d0c865f6c7cabc1bb,PEP,2026-04-16T13:00:00+00:00,Staples,1,0.845,0.845,0.845,0.845,,,,,2,0.5000462962962963,0.75
0xd7457afe5329090292c32bc5bde74b9b005426aadc09fc530da5b696b2655bba,NFLX,2026-04-16T21:00:00+00:00,BigTech,1,0.905,0.905,0.905,0.905,,,,,2,0.5000347222222222,0.875
0xa747b79567b9cdd586dd2204cdab4e96a4622064ac353daf2bcabe7bff06262f,TFC,2026-04-17T13:00:00+00:00,Other,1,0.61,0.61,0.61,0.61,,,,,2,0.49994212962962964,0.875
0x941ecb1562777b01b3964735462cd59db9220ac95625e5404b8c75ada7a0aa33,ALLY,2026-04-17T13:00:00+00:00,Other,1,0.76,0.875,0.805,0.76,,,,,19,10.500011574074074,1.0
0x8fe2d3e0b79bf0c35e78323b8014615944ee2e57648101354432f4eff14d8988,STT,2026-04-17T13:00:00+00:00,Other,0,0.815,0.815,0.815,0.815,,,,,2,0.500011574074074,1.0
0xcf5eed900375db73fd3f389260038db1cb87321b5212dac06320ecbfe6cfe3d0,TSCO,2026-04-21T13:00:00+00:00,Other,0,0.335,0.505,0.335,0.335,,,,,3,9.499814814814815,0.875
0x3d375915df4bfec09b4f74ab5fe31aed057a5fc1449df629ea66ead9af47fe2a,HAL,2026-04-21T13:00:00+00:00,Energy,1,0.665,0.665,0.665,0.665,0.5,8.7587625,17.66154169641221,3.0,3,3.499548611111111,0.875
0xeeb759e8db4eca494a8dcf81c9fe95bb35a019deaa004681b395a92ca4d2740d,MBWM,2026-04-21T13:00:00+00:00,Other,1,0.855,0.78,0.895,0.855,,,,,24,13.49994212962963,0.75
0x0b26b708baddeea1afc97fbb1e60e12cdbc3215a09f39982373fe21538f02192,UNH,2026-04-21T13:00:00+00:00,Other,1,0.6,0.505,0.6,0.6,,,,,3,9.499780092592593,0.75
0x1c2f6d6e78e94fc4667e4d79605c670f51565864ac081494511b79cd7a3caa44,COF,2026-04-21T21:00:00+00:00,Other,0,0.71,0.71,0.71,0.71,,,,,9,13.50017361111111,0.75
0x0d0b55e0794550c8e23b51232d585d8d211f75dac39b12ae22f4345b0171f201,IBKR,2026-04-21T21:00:00+00:00,Other,0,0.845,0.845,0.845,0.845,,,,,4,13.499479166666667,0.625
0xf4c8d9da54bf17b02c7d7403df02fd769582578fd32b91b7784901bcb708d389,BFC,2026-04-21T21:00:00+00:00,Other,0,0.475,0.475,0.475,0.475,,,,,2,0.4999189814814815,0.5
0x65946bff5b8ff40ac5177f3421857189e361e23c15192211e08815731287104d,T,2026-04-22T13:00:00+00:00,Other,1,0.82,0.82,0.82,0.82,,,,,4,13.499675925925926,0.375
0xd3a228bcbad8cd4e3439a8a2d88d85cbf6d511febc1760f21af875831922f01d,BA,2026-04-22T13:00:00+00:00,Industrials,1,0.345,0.5,0.275,0.345,,,,,10,13.499837962962962,0.75
0x7843afe735d99ce1125c1cc6d78051fa11a313799b9ae307488896ea5bfb54c7,CME,2026-04-22T13:00:00+00:00,Other,1,0.885,0.885,0.885,0.885,,,,,4,13.499652777777778,0.375
0xb9ad7d30aaa58592992c5779223329770923ff07cee3d6ed72ecf346f28851fe,MCO,2026-04-22T13:00:00+00:00,Other,1,0.835,0.835,0.835,0.835,,,,,4,13.4996875,0.5
0xc78d33680f069737cb1b10c6b6b3e84cc4dc501c4b094ab4d566beeaf3ea8685,TXN,2026-04-22T21:00:00+00:00,Semis,1,0.715,0.5,0.69,0.715,,,,,11,13.999837962962962,0.875
0xec1a6445382594b45968ff196c4a8b8226443b905d717aa7eb4cb57c00292156,IBM,2026-04-22T21:00:00+00:00,TechServices,1,0.905,0.9,0.951,0.905,,,,,26,14.000034722222223,1.0
0xa6e7592ba207b357c885eb110fd170ccc79dc82f80b366f7a903aff76d140d59,TSLA,2026-04-22T21:00:00+00:00,AutoEV,1,0.34,0.46,0.34,0.34,0.25,-9.973474999999999,27.41985674442884,1.0,6,13.499768518518518,0.5714285714285714
0x7549396592e41db88045fbf77e20f9ae3797381a907909cd173c07c86bd20e6a,UBSI,2026-04-23T13:00:00+00:00,Other,1,0.755,,0.79,0.755,,,,,5,5.499953703703704,0.625
0xd7118fc53709b96a1a2c415f5e4f7dfb281cea6fa41ea8f0432028543c6bb195,HON,2026-04-23T13:00:00+00:00,Other,1,0.9,0.865,0.94,0.9,,,,,15,10.499398148148147,0.625
0x7f88043de7a6dfc509456e14ab7f1ad4177ca3c5987c115ff9d7d5c38b7296db,UNP,2026-04-23T13:00:00+00:00,Other,1,0.745,,0.64,0.745,,,,,5,5.499907407407408,0.625
0x86235e04623616ad07de322b3bf921bf52831567c9fa1a3d75092a98b02d11d9,STBA,2026-04-23T13:00:00+00:00,Other,1,0.5,0.5,0.865,0.5,,,,,6,11.499837962962962,0.75
0x8e08c881f8bd30a3e4f8352baa83751e478f7d42884572a636d1031e1e929a70,DOW,2026-04-23T13:00:00+00:00,Other,1,0.495,0.495,0.88,0.495,,,,,5,11.49986111111111,0.875
0xb2d4ebc8eec9904102af85b0ab5d5cfe2a72758fc9fed5dc7b1adb99aa3d7acc,AXP,2026-04-23T13:00:00+00:00,Other,1,0.8,0.79,0.85,0.8,,,,,19,11.999398148148147,1.0
0xcb4f0c28834522c4d5b3e98df6bd8a9e299a93be521afcc0251e375c4837d680,CBRE,2026-04-23T13:00:00+00:00,Other,1,0.885,0.495,0.905,0.885,,,,,7,11.499918981481482,1.0
0x8df67128e0f9188b2f6604dada0a377a05996ef3f3a2bcbf5e0470ec15e47014,BX,2026-04-23T13:00:00+00:00,Other,0,0.285,0.495,0.245,0.285,,,,,7,11.500069444444444,1.0
0x6a2614893c2b31c4aff00fc6e3fdc1508b88c3c8d48e2e8fd3ae8d940697018e,INFY,2026-04-23T13:00:00+00:00,Other,1,0.5,0.5,0.245,0.5,,,,,5,11.500011574074074,0.875
0x95d97e80133a2a45b14c4a3d4c5e002d8fafe7b1ec1d3265bffbbfd91a2267d1,AAL,2026-04-23T13:00:00+00:00,Industrials,1,0.66,,0.635,0.66,,,,,5,2.999398148148148,0.75
0x9517da80b6edfccdc6091d850bd647a75089ff0938c174dddc39e80feb7ac190,INTC,2026-04-23T21:00:00+00:00,Semis,1,0.81,0.74,0.905,0.81,,,,,13,6.999398148148148,1.0
0xde611c9c5362d620de9857cc119781f577a860851f022973b17c456fda6e1ba4,SSNC,2026-04-23T21:00:00+00:00,Other,1,0.495,0.495,0.91,0.495,,,,,5,11.49988425925926,0.875
0x6e54cae7bef130be09698496b15501179ef0025a744eec9df708d04e26b80b94,COUR,2026-04-23T21:00:00+00:00,Other,0,0.66,0.485,0.785,0.66,,,,,7,11.500081018518518,0.875
0x2ec40cdf2cbaa60b41b5991c6ccede05656db85ad6271e341e80eca0cc240bb6,PG,2026-04-24T13:00:00+00:00,Staples,1,0.88,0.88,0.925,0.88,,,,,7,12.49994212962963,0.75
0xda55a106e5faf1d26dea0886840f09ea09322c941086c7111dc053e5ca1d5f45,DPZ,2026-04-27T13:00:00+00:00,Consumer,0,0.555,0.5,0.38,0.555,0.5,3.3104,6.485951880575653,0.0,13,9.50011574074074,0.625
0xfc5d87c36a7dcdb7bcaa2779b57b23f3cc251a77c3e5bdb8ce5a78daa58923cf,VZ,2026-04-27T13:00:00+00:00,Other,1,0.815,,0.79,0.815,,,,,12,5.500127314814815,0.75
0x9932a126b03eb1bd88bbc754dc925710fcd7b436b3705a5543c78c3a609772f9,BBBY,2026-04-27T21:00:00+00:00,Other,0,0.725,0.765,0.72,0.725,,,,,14,8.499525462962962,0.75
0x9ab62b8f6d718f74c019c87e3ffc63365b84dac9ea13628ed2eef16dabc0bf04,HLT,2026-04-28T13:00:00+00:00,Other,1,0.865,,0.885,0.865,,,,,10,4.499768518518518,0.625
0xebb9a98e06abca49f05f4d77f5b9ef8f0adba7b051be789409caa8d6d0cb8ea1,ARCC,2026-04-28T13:00:00+00:00,Other,0,0.335,0.675,0.375,0.335,,,,,16,10.499849537037036,0.625
0xbe2375ce62c3b4721d65df37398c8675c4a7357c4bccad30a356951248ad6cc2,IVZ,2026-04-28T13:00:00+00:00,Other,0,0.835,0.77,0.675,0.835,,,,,15,10.499895833333333,0.5
0x21421d6ad73ce68962a0d7f8299137375a67dcfcf80ce05008a037f54e171e1c,KO,2026-04-28T13:00:00+00:00,Staples,1,0.93,,0.805,0.93,,,,,14,6.4999768518518515,0.75
0xfb4af91980720e221017cc4e1a6dca77e36ceb58a53226f34d97b4837a7694a1,BP,2026-04-28T13:00:00+00:00,Other,1,0.91,0.795,0.915,0.91,,,,,19,9.499502314814816,0.5
0xc5c75221e52dc039417f74250db2b37be454a4250120f3a9a1fe2262dd2fd5ed,JBLU,2026-04-28T13:00:00+00:00,Other,0,0.625,,0.685,0.625,,,,,10,4.499780092592593,0.5
0x0d4ca709025f50de4d461e8f01e7cebcb818b06659421922c2b40e8401eaa9b1,SYY,2026-04-28T13:00:00+00:00,Other,0,0.905,0.56,0.92,0.905,,,,,16,11.999560185185185,0.375
0x3da69acb4d167a2b235efd4e44d8ac0d880268008db90bbb07c1e79c45c77fca,BEN,2026-04-28T13:00:00+00:00,Other,1,0.58,0.5,0.685,0.58,,,,,15,10.499872685185185,0.375
0x4c49671b2aa4b14041822cad52515ff2f71c675b9421964a8ba8936e7c39733f,PJT,2026-04-28T13:00:00+00:00,Other,1,0.795,,0.865,0.795,,,,,10,4.499780092592593,0.375
0xc8c1f2e3d13f55774cf0745aa96341d01e9ec4815ac3224a91710e36f66e7b5c,SPGI,2026-04-28T13:00:00+00:00,Other,1,0.9045,0.5,0.8655,0.9045,,,,,15,10.500092592592592,0.5
0xd75ee7d46d513226c413c74d527cf9e5c79203895dcb9b2d3a390314b9fbef7b,NXPI,2026-04-28T21:00:00+00:00,Other,1,0.87,,0.91,0.87,,,,,14,6.4999768518518515,0.5
0x512838d608fbb1cb1d3814857b888671ace9ae3775760f512a91bc3f72d1b1a9,CZR,2026-04-28T21:00:00+00:00,Other,0,0.235,,0.225,0.235,,,,,14,6.4999768518518515,0.625
0x6bb11750c92f17a71d1f63c752b7b00cc74787d8b3a47305b257fcf300e0096b,SBUX,2026-04-28T21:00:00+00:00,Consumer,1,0.425,,0.36,0.425,,,,,10,4.4998148148148145,0.625
0xc688479740b99dd65bf357b1cfc448619e52bf7362a1becbc1262343779367f9,CSGP,2026-04-28T21:00:00+00:00,Other,1,0.565,,0.555,0.565,,,,,10,4.4998148148148145,0.625
0xa626f84bfafa763610ae8fb800a2386bc10bdb6afe6e61a017caceee9f34d5ec,BKNG,2026-04-28T21:00:00+00:00,Consumer,1,0.91,0.825,0.93,0.91,,,,,16,9.499363425925926,0.625
0x605aa03f16c4ac6bff0395c2d84b4dd575fc0d02640ee2b424aee6a654a53d23,YUM,2026-04-29T13:00:00+00:00,Other,1,0.555,0.55,0.56,0.555,,,,,16,7.499988425925926,0.625
0x71ff324cfe1450fe3e80c7f588fb390c80847b48049e47255d322eb7f22e1395,TW,2026-04-29T13:00:00+00:00,Other,1,0.72,0.765,0.71,0.72,,,,,22,10.999386574074075,0.75
0x2264cc6e300d580b3cc122788dc96a705f4bc6cd1e064f9626ade11160e9a1fe,CAT,2026-04-29T13:00:00+00:00,Industrials,1,0.77,0.78,0.715,0.77,,,,,20,12.49986111111111,0.75
0x4b09f50ce844bdc9e9858bf4d7477a4576cd9d43997261cdf211496673061d2b,WING,2026-04-29T13:00:00+00:00,Other,1,0.85,0.715,0.845,0.85,,,,,18,11.499733796296296,0.875
0xa2dc0ae9b6c47b2f474436990e3f42e550246ecc1a61f71ff17723ebaf8f1073,PAG,2026-04-29T13:00:00+00:00,Other,1,0.455,0.65,0.455,0.455,,,,,16,7.499988425925926,0.875
0x81cc33c1987b14eec3a9a00542ff0960cb53bc011cdb4c08a9159bdc1b198444,HUM,2026-04-29T13:00:00+00:00,Other,1,0.72,0.77,0.76,0.72,,,,,22,10.99957175925926,0.875
0x42abc0d45d1985a2fd9cf9047b9d9da5759005506ede2e63555ec082033aab76,GRMN,2026-04-29T13:00:00+00:00,Other,1,0.755,0.895,0.84,0.755,,,,,17,11.49988425925926,0.875
0x393c6ffb79e74bfd9afdbeb947cf2991522bee6f656d0332027c9814b30b8721,VIRT,2026-04-29T13:00:00+00:00,Other,1,0.945,0.925,0.94,0.945,,,,,21,10.499421296296296,0.875
0x214f240fa0b2e5223559b39460d198391902e0d1af4bca1ef45e33eb46ba3fd9,GD,2026-04-29T13:00:00+00:00,Other,1,0.9045,0.9415,0.9195,0.9045,,,,,18,20.49962962962963,1.0
0x01712033768f53116ecfad4e4234902bac1c72a4285aa6c034b844f986fabf5d,SOFI,2026-04-29T13:00:00+00:00,Other,0,0.93,0.945,0.915,0.93,,,,,16,7.499988425925926,1.0
0x00764c0ab2a057c74fe4beef7473013d531dc002366d090b83638e6b130dd49d,ALL,2026-04-29T21:00:00+00:00,Other,1,0.84,0.9,0.945,0.84,,,,,16,7.499988425925926,0.875
0xb844a61b3fe6a8e3fffa232905a3fa71205d4b308993ec76329f4cf21d5867aa,AMZN,2026-04-29T21:00:00+00:00,BigTech,1,0.9605,0.925,0.947,0.9605,,,,,17,8.0,0.875
0x25d304e7d3eca4898745c358be9f5209091acf2032473a7027911d86f58c3676,GOOGL,2026-04-29T21:00:00+00:00,BigTech,1,0.951,0.9705,0.9575,0.951,1.0,24.485475,33.91116375859347,8.0,16,7.499988425925926,0.875
0xb88b63d351137c0228585d483cc17d6469285052ff4f3c534862fae918314095,F,2026-04-29T21:00:00+00:00,AutoEV,1,0.66,0.605,0.57,0.66,0.875,54.416475,127.44827665090259,6.0,17,11.49994212962963,0.625
0xd3d4080315114bd1edd3e96415f9a9e31fef066116a483331bda6f150d48e850,AFL,2026-04-29T21:00:00+00:00,Other,0,0.45,0.355,0.6,0.45,,,,,16,7.49994212962963,0.875
0x00a7577d0b55fbbfc5b46d4906c24e205f64ce6e32e3dec1f6a3cdad487ba5f2,TDOC,2026-04-29T21:00:00+00:00,Other,0,0.42,0.295,0.545,0.42,,,,,16,7.499988425925926,0.75
0x96e18000641f79382f0bef190cbaa58e96cbef13450f7c3dc3e1edcf756367d9,CMG,2026-04-29T21:00:00+00:00,Consumer,0,0.68,0.635,0.685,0.68,,,,,19,10.999398148148147,0.625
0xf6daf876725740bec404f38bb3418b97ab7f86a2213dcb0ceaf0e97c810259cd,ORLY,2026-04-29T21:00:00+00:00,Other,1,0.285,0.485,0.37,0.285,,,,,22,10.999456018518519,0.625
0x7d32292f9b305098581859a93ef954f34f92efd8d2fd10fee7ce263b9c5474c3,MSFT,2026-04-29T21:00:00+00:00,BigTech,1,0.935,0.9425,0.9385,0.935,,,,,17,11.499976851851851,0.875
0xfd80d6eb29ce8fe36eb015b19627a0627a17a8ba3b0e2ff5cdfaec94209ec709,EBAY,2026-04-29T21:00:00+00:00,Other,1,0.9075,0.8985,0.9005,0.9075,,,,,22,10.999479166666667,0.625
0x9073d232735a32de5f1805b3e1205fafc67fe0551cdbf0a46894585a6af5bd39,META,2026-04-29T21:00:00+00:00,BigTech,1,0.925,0.9225,0.9275,0.925,,,,,16,7.499988425925926,0.875
0xa5f974d87f1a205bd5a18676a9af927a2ce1f3669617ae124b9f808941f9a01a,QCOM,2026-04-29T21:00:00+00:00,Semis,1,0.92,0.94,0.92,0.92,,,,,17,11.499849537037036,1.0
0x00879f5e3f072e07805207c2587893a3a98175602b1fff4fa06858b939a24549,WAY,2026-04-29T21:00:00+00:00,Other,1,0.575,0.55,0.58,0.575,,,,,17,11.499965277777777,0.625
0x6e01a6250cfc1ecb27a3a30418ecc0a8131f91c9f1398853f35a9d475a28cc88,HGV,2026-04-30T13:00:00+00:00,Other,1,0.3,,0.525,0.3,,,,,14,6.499791666666667,0.625
0x02ca6d1cf9af58f50c96571f9eae289e9154629c1f841ffe78effbe0658021fd,LH,2026-04-30T13:00:00+00:00,Other,1,0.88,0.85,0.88,0.88,,,,,19,12.500011574074074,0.625
0x17a882334a6ef7f24bf774aef72693668e6449f982c64f55cad78fe077264282,H,2026-04-30T13:00:00+00:00,Other,1,0.675,0.605,0.7955,0.675,,,,,20,12.499837962962962,0.75
0xc0c1847132d2bf995842c15b2196e64988efc5baaccf337358d11d8ef13d1f06,CI,2026-04-30T13:00:00+00:00,Other,1,0.88,0.875,0.885,0.88,,,,,18,8.499988425925926,0.75
0x72f04aef19f3beb045f1579b76c0b1e795eed4f2c1ef1bcceb046d51254276d0,ICE,2026-04-30T13:00:00+00:00,Other,1,0.9415,0.945,0.91,0.9415,,,,,19,12.499965277777777,0.875
0x26e2d8bf49dcb170bd268d64c8a15d2ee6921500cbde5e06c4e735420b2df215,RCL,2026-04-30T13:00:00+00:00,Other,1,0.875,0.845,0.87,0.875,,,,,20,12.49982638888889,1.0
0x60823da163c9c1dc377c0090b7e21546854f55f52549c29faf0ea432d7dbbb33,LLY,2026-04-30T13:00:00+00:00,Pharma,1,0.895,0.83,0.85,0.895,0.75,9.57055,20.385570977462045,4.0,20,11.499375,0.75
0x49678123f57453770d58e3917e03afa3154996e5b74b3a593709b0668dc26727,MRK,2026-04-30T13:00:00+00:00,Pharma,1,0.815,0.82,0.82,0.815,,,,,20,12.499814814814815,0.75
0x94dccda8ebb84ceb7df14d7a4386e83d308f9388bff00b67120813b7e2785340,RDDT,2026-04-30T21:00:00+00:00,Other,1,0.92,0.915,0.92,0.92,,,,,19,12.500150462962964,1.0
0xe475ef20741f72c60aad02c1f92ce525b57e424189174fdf6b656099d100accc,ROKU,2026-04-30T21:00:00+00:00,Other,1,0.81,,0.9,0.81,,,,,14,6.499791666666667,1.0
0xd2bd35eafb9c9bf68a7edeee8bd59456884fc845baff8f53efc9b3de79ab32e7,RBLX,2026-04-30T21:00:00+00:00,Other,1,0.84,0.835,0.9,0.84,,,,,20,12.499814814814815,1.0
0x7e53cf31b446a4f131d9218cb5b42e2e22860183ec89fc354d6c3b47f0543a05,SNDK,2026-04-30T21:00:00+00:00,Other,1,0.94,0.94,0.974,0.94,,,,,20,12.49982638888889,1.0
0x2469a0e176ac6090f21f1b7f2ac98e766733d0921a32b2c4b321c6571b0ee4cf,AAPL,2026-04-30T21:00:00+00:00,BigTech,1,0.93,0.905,0.92,0.93,1.0,4.4105125,2.6376063956536155,8.0,18,8.5,0.875
0x9d5751efa34a643e5c37fc5b9d8349592d6abb283bcab8bf315eee02e2774ebb,IMAX,2026-04-30T21:00:00+00:00,Other,0,0.885,0.825,0.895,0.885,,,,,22,21.49978009259259,1.0
0xbfebd318c824a96735531c7b927e04fb2e48696b496158db69043b7e40ae194b,CLX,2026-04-30T21:00:00+00:00,Other,1,0.715,0.705,0.715,0.715,,,,,18,8.499976851851851,0.875
0xf9c3693574cb52bd6396f0dfc76016856200ee654bb7a076511c20ccb1d42742,DLB,2026-04-30T21:00:00+00:00,Other,1,0.915,0.9,0.89,0.915,,,,,18,8.5,0.875
0x8ec10f4ee905b6a497ebb8c73b6aabfa6de2009889958184c24ff833efede1cf,CVX,2026-05-01T13:00:00+00:00,Energy,1,0.855,0.5,0.825,0.855,,,,,16,7.499768518518518,0.875
0x55160517bc772d8a1808ae6ae2816cf8a72e78f9985c43021d400bf89f3edaf8,CL,2026-05-01T13:00:00+00:00,Staples,1,0.865,0.545,0.75,0.865,,,,,16,7.499837962962963,0.75
0x4927b766531927dac85f6cfdc3ea09639dca10622826f0e2e8ea7740a0b814fb,XOM,2026-05-01T13:00:00+00:00,Energy,1,0.835,0.5,0.84,0.835,0.875,4.6899875,5.145671173058963,2.0,16,7.4998611111111115,0.875
0xc0a568643af8ef72532e0562c199a335e997df697f9ae64b3474747dea5e9942,MRNA,2026-05-01T13:00:00+00:00,Other,0,0.295,0.5,0.175,0.295,,,,,16,7.499745370370371,0.875
0x6cfdfe8177fedd2a205c0e6831358b8fceae89d8083f0cc5f7339a0ff66c1fdf,ARES,2026-05-01T13:00:00+00:00,Other,0,0.52,0.5,0.59,0.52,,,,,16,7.499837962962963,0.75
0x47bed979a3f9e4b22956f1c8308f1b5b62b94963f7b97502ae1a5c7b9f042566,CBOE,2026-05-01T13:00:00+00:00,Other,1,0.94,0.54,0.885,0.94,,,,,16,7.4998611111111115,0.625
0xb56646001e1d8a623a45dcafd68e8b589d29b834f436da9d37d1152ecb1ef4e8,PIPR,2026-05-01T13:00:00+00:00,Other,1,0.906,0.5,0.8125,0.906,,,,,16,7.499837962962963,0.625
0xe83891ec9a85382c39c6bf52bf6f3edc6322c6118f30001f70f2bb394bbf4d95,EL,2026-05-01T13:00:00+00:00,Other,1,0.89,0.5,0.75,0.89,,,,,16,7.4998611111111115,0.625
0xa65efcfe126832f7e1d399d5b1ae0853555dc726817c803a6fa1e9750944def5,HESM,2026-05-04T13:00:00+00:00,Other,1,0.885,0.485,0.895,0.885,,,,,22,10.499675925925926,0.625
0xed2268c034c08243833293268ef9629cc2237940ec7545efbf0a3e69307c8b1d,SONO,2026-05-04T21:00:00+00:00,Other,0,0.515,0.725,0.565,0.515,,,,,22,10.49982638888889,0.75
0xa2d9964735dff551f7657f8bfaa30697f16c8a43894c4250ebae1b8f3426a6ef,PLTR,2026-05-04T21:00:00+00:00,Other,1,0.935,0.905,0.955,0.935,,,,,22,10.499699074074075,0.625
0x7fdf2ade3ef67874f1e2bc222437c6cd565491671fe0709e6b4f5dfc605e820e,PINS,2026-05-04T21:00:00+00:00,Other,1,0.49,0.49,0.305,0.49,,,,,22,10.499791666666667,0.625
0x0671183e690f3adf4726eaddf6972fd46ed0b77017b68342ce62a7b08d34b65a,WMB,2026-05-04T21:00:00+00:00,Other,1,0.58,0.565,0.295,0.58,,,,,22,10.499699074074075,0.75
0xa2a6a018db066545fd0519e5168c1f5f2d2281d797b76159af42fefe1115bc41,ON,2026-05-04T21:00:00+00:00,Other,1,0.905,0.73,0.915,0.905,,,,,22,10.499791666666667,0.875
0xd851aa5c9c195548b35a660a11cc955a2fbfa50fdcecb88c19d22b2f0adefd17,GRAB,2026-05-04T21:00:00+00:00,Other,0,0.575,0.73,0.575,0.575,,,,,23,10.999953703703703,0.875
0x33147caa22f1203528adc083258848c6c3ce99a7e93d702d34a648651f8f9980,POWL,2026-05-04T21:00:00+00:00,Other,0,0.93,0.75,0.925,0.93,,,,,23,10.999837962962962,0.75
0x4090952496871e17fc6a3602cee1ebf8c9ff3b5afd7d63e2538ef896e750aca7,PSKY,2026-05-04T21:00:00+00:00,Other,1,0.255,0.49,0.065,0.255,,,,,22,10.499675925925926,0.625
0xdbd09aa041b9260b4c1767d16073d16ffcbdc70ce1a68dd48ab318d2efcb1a4e,KKR,2026-05-05T13:00:00+00:00,Other,1,0.8,0.84,0.845,0.8,,,,,24,11.49974537037037,0.625
0x628be65d7b7212cf6755f7e2c7dab956f5869b123dd3d053ea07b8ea728e89b3,HOG,2026-05-05T13:00:00+00:00,Other,0,0.53,0.47,0.515,0.53,,,,,24,11.499722222222223,0.75
0xe9f91cd30b1e6b5f046d0676726acb497db71bff3cf8223fb46707fdfa755af8,DD,2026-05-05T13:00:00+00:00,Other,1,0.87,0.845,0.935,0.87,,,,,24,11.499780092592593,0.625
0x8195f1681e0eade18cf79431f0b5b5f004d3a6b927a66d852c0ca2361e0188a2,SUN,2026-05-05T13:00:00+00:00,Other,1,0.215,0.475,0.345,0.215,,,,,24,11.499733796296296,0.625
0x10c28ae57be265c367877db2e9cdb66ce03cec87e5aed13bf666f2d7c799be89,PYPL,2026-05-05T13:00:00+00:00,Other,1,0.815,0.475,0.835,0.815,,,,,24,11.49982638888889,0.625
0x69e66a9d8bdeefc56ba399fc07e9eac02fcb71847ed13d6cc8ecde789f2d6143,BUD,2026-05-05T13:00:00+00:00,Other,1,0.95,0.9,0.935,0.95,,,,,23,10.999988425925926,0.625
0x42515cedaf24d8c4b804bbf750a5ace8de2094b65760ade9599488be6338f682,APTV,2026-05-05T13:00:00+00:00,Other,1,0.89,0.835,0.925,0.89,,,,,24,11.499733796296296,0.75
0xb936171965af07ed369c19a0d9d10b2a6debfcde8877268fc934c377f4dca6bf,PFE,2026-05-05T13:00:00+00:00,Pharma,1,0.953,0.885,0.951,0.953,,,,,24,11.499756944444444,0.75
0xac11b9769a9b237cf6fe5f3564aab538a48ac7375eb600a74e69db80b0a3eb9e,MPC,2026-05-05T13:00:00+00:00,Other,1,0.87,0.755,0.715,0.87,,,,,24,11.499837962962962,0.875
0xa063152c3d9353f824e6f9d98910cbaca93d3548114e86ea80ec16707a05c51c,IART,2026-05-05T13:00:00+00:00,Other,1,0.895,0.325,0.79,0.895,,,,,24,11.49982638888889,0.875
0x63109584932eee355b061bc177dc438c0fd6ea6cfcc7a2912e082b6080b0930a,CBT,2026-05-05T21:00:00+00:00,Other,1,0.51,0.495,0.855,0.51,,,,,24,11.49982638888889,0.875
0x6e6d8097f7abcdc0b620be34f6b65eb1f6c5fd13f3e7c28b4b1f30d1b5c10a0a,EA,2026-05-05T21:00:00+00:00,Other,1,0.695,0.725,0.695,0.695,,,,,24,11.499733796296296,1.0
0x2a60f1993776edcaf5479689e51c66148f8e47794f4b60f3244deb8384ff8f66,HNGE,2026-05-05T21:00:00+00:00,Other,1,0.83,0.505,0.82,0.83,,,,,24,11.49982638888889,1.0
0x7d2af763731d4806bb7324c1fc145101c67ee807fc5b5138b6cef5731d532000,OXY,2026-05-05T21:00:00+00:00,Energy,1,0.935,0.83,0.935,0.935,,,,,24,11.499837962962962,0.875
0xb5503451f7748ffa38655bf17e3df0dbb72b48e27011480738b5f7f5dae6068c,AMD,2026-05-05T21:00:00+00:00,Semis,1,0.9465,0.62,0.9655,0.9465,,,,,24,11.49974537037037,1.0
0xe93a06dbe65c443e9da13a60b58d2251fcdb62a56d6a84db4bd8d2265f8a31df,NVTS,2026-05-05T21:00:00+00:00,Other,1,0.355,0.495,0.665,0.355,,,,,24,11.499733796296296,1.0
0x289c19974c3b3d5ff8e6bf03549f4c5018c1329e54ca000be463d553dda38b98,MSTR,2026-05-05T21:00:00+00:00,Other,0,0.0635,0.91,0.0655,0.0635,,,,,24,11.499733796296296,1.0
0x657ec542c3230c69d6c26cdac9391571ba19ac4674a1553e1e0ecd80605720ea,CRSP,2026-05-05T21:00:00+00:00,Other,0,0.54,0.275,0.79,0.54,,,,,23,10.999988425925926,0.875
0x080980e11accdadd452700113263658ea60b535f898927dfe54ecd9c968c2b1d,MAR,2026-05-06T13:00:00+00:00,Other,1,0.885,0.51,0.88,0.885,,,,,26,12.49974537037037,0.75
0x77e3fb69899f66c7284b18cbb2a8e5aef084a145886cfdf76fd3a05665ccb5ed,DIS,2026-05-06T13:00:00+00:00,Consumer,1,0.9235,0.84,0.925,0.9235,,,,,26,12.49974537037037,0.5
0xe05e03247fe3c1c3feadf2d77ee9d9bb0828473b114c69644b80242184f8ea99,APO,2026-05-06T13:00:00+00:00,Other,1,0.835,0.51,0.735,0.835,,,,,26,12.499710648148149,0.75
0x09721c774f246df4bf2a41b72efff1e99d8ae7c509dd4cdf6de22bb8b445fba6,NYT,2026-05-06T13:00:00+00:00,Other,1,0.9345,0.85,0.96,0.9345,,,,,26,12.49974537037037,0.75
0x2c6c5deeaa153ee443a4b2b4df406d74d5ecee63a394e9ac3d22200558212ac2,KHC,2026-05-06T13:00:00+00:00,Other,1,0.93,0.555,0.91,0.93,,,,,26,12.499722222222223,0.75
0x0e02c9fb7b1dacb8a129bc2d9fd51b529d74d97f8c69598670caf151cb69b631,CVS,2026-05-06T13:00:00+00:00,Other,1,0.94,0.74,0.96,0.94,,,,,26,12.49974537037037,0.75
0xd88085a5d7eb64d9d18fa2e0e05dc35fbd3d778cf9841d82c2843cf87747d3b4,AMC,2026-05-06T13:00:00+00:00,Other,0,0.93,0.745,0.865,0.93,,,,,24,11.49982638888889,0.75
0xf45ddbb98b2f8751a7475b88c1ede53090f303b556badb6647c73060e56e353f,UBER,2026-05-06T13:00:00+00:00,Other,0,0.105,0.5,0.14,0.105,,,,,26,12.49974537037037,0.625
