condition_id,quarter,y_true,p_pred,model
0x42164a5a57cbb1d68b26b4cd4866a7e6574fdc0ec65d881a6d6cecbac8aa2a3f,2024Q3,0,0.0836861555792191,V1
0xf8c5951cdc0168a64adbe243b468250e70a251ffea4556e7775ce430c880bffa,2024Q3,0,0.23111502859376787,V1
0xf72c6c1e44bcf0108ad3d126e41e5dac1bc27336d88edd13580b6cb0e38f2d93,2024Q3,1,0.8676848008763145,V1
0xdf4d0baef31895effa199e618abe9ae3a8d6288bddcaad4e6ecd6df09594c25e,2024Q3,0,0.06003499030478199,V1
0x238b1d5bd9d37fdfb4b840be41984397d7b39320bbdf08b21ecb50cbe100186e,2024Q3,0,0.05577761037869647,V1
0x458a27ca58fbbbd96f0240b2aa4b5dac0cce9bd5e87409a4021624edb2786ad0,2024Q3,1,0.7239020920483333,V1
0x8cbe7ed53c15557150ff86b7cac54cbb469fed06e2afb82990c1d364b2b0b442,2024Q3,0,0.05538101884093122,V1
0x7bd5fb93fd2e973a5d0e8c940fb1fb3c9a910fc321cf565d6fd3d219df62969c,2024Q3,0,0.05538101884093122,V1
0x6619837b206286f5a61d0c4e7a675df4568bab2995a1c15f6da3064806cf2898,2024Q3,0,0.056578822472522244,V1
0x999bb2d458e5474e2102ee237af3673f9c9545d3a17a0e4364723add23d63c22,2024Q3,0,0.05538101884093122,V1
0x9481768ac6a92513844183022afe2f4093f38245f427cdeb291c0480f9dbbe51,2024Q3,0,0.06234966629267147,V1
0x427d1daa59182e7a2fa46f70e11c2f17d301a97cabfacf2c5c3512d991f31a6b,2024Q3,0,0.06582323151880082,V1
0xde4cff1a88bbe308aef0eb9a8b64925f23e58d8f1279d08b071c865181844ac3,2024Q3,0,0.05538101884093122,V1
0x35c34c1050c238e8d0f1fa908b24e9651ab7d29f9bc453cf321627f9764b03a9,2024Q3,0,0.05538101884093122,V1
0x73531e600541608053a7fb2fc3261821485fb0d26450dea661af6961c65bf440,2024Q3,0,0.05591040037949358,V1
0x78102af35049c87167cf4b257ed731e01852d13d5c95f05f1eaa97daaa0430fc,2024Q3,0,0.05538101884093122,V1
0x7f7582fb2dc722552e873177aad2028a8f77bb7741c79451fc037d2260291f83,2024Q3,0,0.05538101884093122,V1
0x4cb0e4f9b6d2d2a11abde7cf3746cf413e263c22f9e07b65a9f9d09850f04581,2024Q3,0,0.05538101884093122,V1
0xcaddc7b29a7f6346cae62c0833ad548c5a609f214507e5525572d31e238f4451,2024Q3,0,0.057938258876217015,V1
0x2a50cf762e53ddd52a0ad58815444feca5e22f5e24285c112d1e6dc2bb488ea7,2024Q3,1,0.8952086955631535,V1
0x8ce108abb02936b3a5b76a80d0eb7192586189cfd75dd5d254ecf2828260fdb1,2024Q3,0,0.05538101884093122,V1
0x90cf5a30dbfb33d2a6c8f3335f891aa20e5d52c6b0d6365e04e6c11cf05d6a0d,2024Q3,0,0.05538101884093122,V1
0x1500796e23793afd7d001fac0699956955875e1b2dfed19db418c3c0f4f6628e,2024Q3,0,0.056848289075119816,V1
0x9899c4405ed4cb50a2e861feca6aba3864d738223380417f2f4211bc6ba8ba02,2024Q3,0,0.06161752027914905,V1
0x5997cd6096c218411758371421538280a309fb3d465acfda751e3f37944e8ed5,2024Q3,0,0.07843493840570426,V1
0xfc93f92b41376c8caeb67fc389e8901d2959e5a998a94c102209fe34b7eeaa7f,2024Q3,0,0.39020035948740117,V1
0xa3bbcd8fb3be5275e40d789906b5731f7fdd799a977528b3d018984ad05a0276,2024Q3,0,0.09890655253960308,V1
0x325038359610a566c0963c9f0ea2ea33b2ddedf7808898c4ed4166787213f1b5,2024Q3,1,0.7387450625950183,V1
0xc11e05cc1d5aadc7a35ca4d152f0e6773acd2a38503d5129e7d988d67073ee9a,2024Q3,0,0.5394116941610415,V1
0xa88a783b0926a90c5e0a3e6543293570c16f620392f12bfc08dd194c614e7e00,2024Q3,0,0.06582323151880082,V1
0xb9d41ef3258af96296561356a8c8ed53c1e4de935b36eac5e41c4b714e2755b2,2024Q3,0,0.0733155104739992,V1
0xc0008e6082a3557c4b6274e51c8a59c3b84361d6928cc43a7379388baa95ff9a,2024Q3,0,0.06368802883395734,V1
0x911d086ef50a087b694d40ffa105b8a384a3275aa66ff4fa66e55da1ff91f6b3,2024Q3,1,0.897779274012727,V1
0x98373b521fb96a8ac01b352d38b3095c21c8d30eadac1fe3a7e69f6c77eb2c66,2024Q3,0,0.05876857568366423,V1
0x67686aab5b3f641d3646ba30151c5e16cb296c061e69a14bf96f0b2f31ff9e93,2024Q3,0,0.05538101884093122,V1
0x82fcf854517d37de1065b18afe55d03fbcd51bdefc9637f5516ceb05e977196d,2024Q3,0,0.13215633722116166,V1
0x874113a400a67fae988f00d1b78d3157b6bb8a6c1dc9fcb70f140de7166bea6c,2024Q3,0,0.05538101884093122,V1
0xcaa9d35c440bbb0e9b7484370c990e9b7f56f19b8761b4a06178c1e4fd57cfcc,2024Q3,0,0.05577761037869647,V1
0x72ecc5173bf5e4b886e2389435e9a12c2d7b075fa925672b870b6e7dd7ee36f5,2024Q3,0,0.057800947481006164,V1
0x476e1f0459bccd6d5243a8b11510548eab856935e82319cbaf0e19c3ee17a514,2024Q3,0,0.05538101884093122,V1
0xa3e0185c69a933ea5a47b6b188570fa711ad66914c70f9149a1ff7902b1973ef,2024Q3,0,0.27381360761836576,V1
0xa3f413434b7d308752ee86c92737947b02f18ad43883afbbe3b0124fa6e46d14,2024Q3,0,0.06490011504705154,V1
0x8617f0ec3b1bb510d731572ef786a6349727878a446f033e5e16d080f5ffdeb9,2024Q3,0,0.06691562037463104,V1
0xf3a50db56417990d37ac405f01e7312f459ec364de3a4692028f3c4decc3e190,2024Q3,0,0.05538101884093122,V1
0x49d1276beb1d2ef560e9b4dd8df8a447e18bc39bc41da9eacd713d10c0476661,2024Q3,0,0.05538101884093122,V1
0x10f8cf7270b1c0ffa724d3a4da8bed6c19927f886b455e58f97f57b74b3cc79d,2024Q3,0,0.05538101884093122,V1
0xfda85d79dff5b52fee724505bb32f3301c8d58109cbc7ea6ecfb044a741da216,2024Q3,1,0.5456623375319443,V1
0x94c36af6e044a8cad438dba7db63d413a2ffea10c4681c94cd15734039f8b6e3,2024Q3,0,0.05538101884093122,V1
0xce1a96773f2e9c75fb318a636b12543bb3f1f74ed57f53c78922a1952884738f,2024Q3,0,0.05538101884093122,V1
0x624894c23b387e4bf886f1db7947afafd2f8bd963e3cdb69b8366f206878392a,2024Q3,0,0.05564511717197385,V1
0xa326973ab56abd02f43b4ce2a0532e03daff5a4f56085bbd5b0f029efbdd8dc5,2024Q3,0,0.05538101884093122,V1
0xaa2b2ed16e5e09e355cb9c023b08ebe35671531d5007c3d66e75d0fec5f639a2,2024Q3,0,0.057800947481006164,V1
0xdbf039208c7ec82f5fc414680ce98f0ce7e2bf396b12ed43e18519a354a6d7ed,2024Q3,0,0.05538101884093122,V1
0x4e4e752f13a3313eef2577a99f3aff16ac7b4f2543fd9edb0c61d8405993211e,2024Q3,1,0.8956802807847414,V1
0xea4baf07ee2bc2f92f3943bbcdb2d7b50237365586f0e98e68df32b806111fd9,2024Q3,0,0.057800947481006164,V1
0x72857b3b967e7cdf2e85258e88c7077ba22e6a3b0c1c30b6bd6fc7ee7b7b51a3,2024Q3,0,0.6596372979282452,V1
0xa267dab4540df43726f82e371a31c2eadf27f7fd9b7ca37f1dea287936a45d29,2024Q3,0,0.05551292018419698,V1
0x811b419c2edddef15dafdc687acc62643a00bb31012f29224e2efafa429a493d,2024Q3,0,0.05538101884093122,V1
0x6b695afb2a8a7365da46d41863107d09f6756f0e99a7da1da49a558dd0dff586,2024Q3,0,0.056578822472522244,V1
0x55094f77e9dbc107fc354a9b8a5939cd0b4d0cfae24c7f892dd778b565b579c4,2024Q3,1,0.23111502859376787,V1
0x74f97b1c6caf682f5ef9ccd325b3344959bf8fd38fe565e5398ecfebb827b4c0,2024Q3,0,0.059328304774233225,V1
0xb124766234e1f19bc156a0edfb492f8c4cc3fa25303e722ad52780b66a3b70df,2024Q3,1,0.326621141985796,V1
0x3d08c5e0b1017c1c25c3ba4ea169c16bd1c8ca2e965fdc820e506f9cfb2c4932,2024Q3,0,0.060319865067229646,V1
0x2e7ea15c11abc5bdc429ab3784a156741accaaf584057a3fc3a45f7f39bc527b,2024Q3,1,0.8653544491999268,V1
0x9ced49b3bb85caa25de45a49221bd9f0ef0aca2eb80dfa2700dfe0ac37f799d5,2024Q3,0,0.05711896135812448,V1
0x2303e7d877d176ee0641ebbd6b1be54f2c312ef5f53243e370c8e89cdcdc926a,2024Q3,0,0.056444539850221,V1
0x0e01611dacdfeb89e9e02d4e74e5094e25b6334cc0c5842e84905e1b2704be13,2024Q3,0,0.056578822472522244,V1
0xf5875410202b3545491774ab5e712a6e05a0ffe780c52270cc8d70cc95164411,2024Q3,0,0.058352031945885646,V1
0x08fbe3be22b176f9fd7a915ccd5b23470d6671747a05a4500346897f2834113e,2024Q3,0,0.057938258876217015,V1
0x3c1b76f77f93f19371d3df801047c0fba2e6ca4c4bd489dbabea990ea68f8941,2024Q3,1,0.8959153695491496,V1
0x998e4fbf82476fea77c8b150d62671c65b44002d79b5bbd7115aa910c00c3884,2024Q3,0,0.05591040037949358,V1
0x1abb01bf1b40437116748b2f30de85404349a9b92c14d21031990698915e99f9,2024Q3,0,0.16380651538261473,V1
0x8288d2d383414fce6bc4b7609ed5074c86bce99cb0b13ff01a23bad674901998,2024Q3,0,0.05538101884093122,V1
0x217a88ae576acea36b63d791fbdfeb3707d326943015136d83739e3fbbe1dce6,2024Q3,0,0.0675473757146212,V1
0xeb6e3bde4d9b0b0b171a37cc5f439b55197c8bdb16847367e760aaca572a67e5,2024Q3,0,0.05538101884093122,V1
0x2705276ea71dbb3e80c355ae99b38eb9593ecc35f27c00b1de69187b254bbf76,2024Q3,1,0.8804284205341251,V1
0x92791284a7b95ca8909afa02a41769ffef3012693f6567ad5306119abf0efc3b,2024Q3,0,0.05538101884093122,V1
0xe47fa246d7910a7a6bb1f5bb32d0eb26b0637be6d921d63f363557b8ca0c5add,2024Q3,1,0.898929142306785,V1
0xbdfeeb596891d9f498540c0aff203987c837693a805ac9e4d171aae1d2ee715f,2024Q3,1,0.8959153695491496,V1
0xd8084b77d5386b0c907a3e82567c737896ba0102af5de7ab7295aee6023409b6,2024Q3,0,0.354897262121442,V1
0x653483009043f1663360bc35ed8fb542d3f9453916082d20ff025adaa2fe7032,2024Q3,0,0.05538101884093122,V1
0x3faf3dbf90050968deafdc980118910ebe8d2410a573bc265ba81fc4658c793b,2024Q3,0,0.05538101884093122,V1
0xe721d257bb72949a6c61a77847b7880519a6164a8211e815da15eccd750c4626,2024Q3,0,0.05538101884093122,V1
0xd6f4c41fd20b8c6d5b48d528ead981d8fdf3da99d05018443e2d5bc60085e3dd,2024Q3,0,0.05564511717197385,V1
0xd28eff5dc23bc2520042f8722add1afc39cdc9ea00650262e75a5d3bafeed06b,2024Q3,0,0.05538101884093122,V1
0x9e9071636d176562592a98dfede865385ba0cff7864cfa01f0479ca6e9e26e1b,2024Q3,1,0.8949721977950414,V1
0xea236b37f6ba053c48240dafea9b4b745ce43aebd44d8911df35302d1ac951a3,2024Q3,0,0.05538101884093122,V1
0x2d606a51f902a4d934a4b810dd77cb28bb8e40268f42354057b5a47f9799efad,2024Q3,0,0.057254751083491304,V1
0x9b277b355e9fff465381229667e064abb97ee74934af5e1a2278293f41e69708,2024Q3,0,0.05538101884093122,V1
0x3dba4e07efac6d60b8ae1b70b25f87cfb811e2163a4a63a5e4a946fbe47932d8,2024Q3,1,0.6190179424371061,V1
0xbddf0dade2d66c4f9e56a2e6dc66765fb949c603e62d5a9ea8b79b8f76839e50,2024Q3,0,0.05564511717197385,V1
0xbd00b7bbe9cfd644555601eab5e6839d300f157655c7398e52363d65ca31d60e,2024Q3,0,0.05538101884093122,V1
0xb09c298a97522ee35c0e1e7e398ba256b11f5b2710ceb3ba4ecff06d3b15b12a,2024Q3,0,0.05538101884093122,V1
0xeb609d779a3d8102fc22c158b3fa6750bcfaaf574131cb72a0a15db9cea0d90c,2024Q3,0,0.05538101884093122,V1
0xacffe24670465bcb48f8c4547ea5cb1280cd2f75997f8d920e948ec6de4eaed1,2024Q3,0,0.05538101884093122,V1
0x8d8b17b92f0e7bfc44ac151b16899f92cf93497bdcaf2b32c285d23a760bdf26,2024Q3,0,0.05538101884093122,V1
0x5b59f90975e0fc9f5d29d7fd9011fe3abde15b71da5f4eba76aa32e70a1abce8,2024Q3,1,0.8942598760037148,V1
0x158bef7cf4b9990e61297fe952bc6359fef06361d56604ef467a48c2055fa8e0,2024Q3,0,0.05538101884093122,V1
0x8646077009a28c44746ab87f46625d67b61394295c6be28e9ca7778c29ef10ef,2024Q3,0,0.05538101884093122,V1
0x4aa64e62f39f54545369c372da7de8bfc6b2e178b5c0f121a0177a225eca9eeb,2024Q3,0,0.05821380052160656,V1
0xf4cef13ee0ed433972e45b5e8a8571f814a3b220870aa9cfefab972ffb32bdd8,2024Q3,0,0.1350717074944765,V1
0xceab7a42131f7b315aef27a5ba8dc9c850afc0a86ed5010e895192496812c116,2024Q3,0,0.05538101884093122,V1
0x33a1fdbf5a1aac32f5d70869f9ff0763004e0a7b7771140c4ff852a36e33958e,2024Q3,0,0.05551292018419698,V1
0xfa47c2b394332d3e96fc8157621fae32203349623f17bf802e459ad1e7841473,2024Q3,0,0.05538101884093122,V1
0x6a0247276c9245e24ace51b49c3afe5cf151ce96b4c338750a69f1ef406d14d1,2024Q3,0,0.05538101884093122,V1
0x6f333e6318e1fd8abb6740f71f7ae4cf362b4a5176676d845bea4d2d78af5712,2024Q3,0,0.05538101884093122,V1
0xc483b69c792573f9f551de647f7125ac1e32007e32fb6207d8ab4b25f167fd6b,2024Q3,0,0.05538101884093122,V1
0x56546e150010381a0b35589d2a775fc631329c07578f6b582d287323f6f364ca,2024Q3,0,0.05766394158916634,V1
0x416f73f19a2c2252a4310fd01b4d07b81c078ae743711bca2ac966c5c2199b87,2024Q3,0,0.05538101884093122,V1
0x4343a0071bd2ec75b68b58706931a71f7c66d26ca96ca4c81125d234cab9c2ea,2024Q3,0,0.05538101884093122,V1
0x616eec0613cc8d5de5fb019edce3f088c63564b402ec6595d369382a8224b227,2024Q3,0,0.05538101884093122,V1
0x29e03a7268dfee85e3b102511afb05e65061eee4311e96a8c7752ab264f07284,2024Q3,0,0.05538101884093122,V1
0xa1177936cb7d29544345a68374111557d773b6afab82ad592a3b067988ae1f3d,2024Q3,0,0.05538101884093122,V1
0xeeede9bf71456ccab79adb1f9e02a1c48c26ff084f1d895c7d7bc300af54bbe1,2024Q3,0,0.05538101884093122,V1
0x1115c00bd814cc2f621c497bc3d76e18446cfe559b0786c72422dd6e663f4dbf,2024Q3,0,0.05551292018419698,V1
0x57f90c89879a5b5e69fad9c2a261fa6f44f3653001aa3a02446aed92aaff21bf,2024Q3,1,0.28088017533990345,V1
0x37630dcca267923467e502f8218cc99deec4435ea8e9230992630c707f534aad,2024Q3,0,0.05538101884093122,V1
0x6b81ab9a87c537bd7fa76c93fc0271880f73f8782a4f8d23b810446a9bae295d,2024Q3,0,0.05538101884093122,V1
0x2f4dc2d6eb4d8385899d543c44a994949a260f34a3f6df2e9ef5d8697ddfa7d5,2024Q3,0,0.05538101884093122,V1
0x8b30c71fafd16c5271f7aeeacfee58e4e58342e9c4ed76fc633b9a76b1a1c0d8,2024Q3,0,0.05538101884093122,V1
0xd83c13f14529750b296d6d2b327cbcadd34c2c3e673f4242c1be94d462a36617,2024Q3,0,0.060749549857456744,V1
0xd17fb425586581c0ca95c4b5029d3c9866c3ddbd54cda63f814a8a5723c3f3b1,2024Q3,0,0.05538101884093122,V1
0x596659abde2aa38d8fab1231bfcea2ce9a66288f3ae4c7fcef0a8d4c74240287,2024Q3,0,0.05538101884093122,V1
0x8d42a9ba7c39659bf1401fc6e192b47aece6cdf4e615722d2678037bcfaa631b,2024Q3,0,0.05538101884093122,V1
0x2975406109ebf92cedda5862edc43997e1e5464fe5b2c27d4ba9f1cfbd39b8ba,2024Q3,0,0.05807587636084514,V1
0x708b0ccc7ada9c78ff4d1de75d58518440102029e195e28fd131744dbe052d1b,2024Q3,0,0.05538101884093122,V1
0x89e2bbbd8edfbf77f96b92db99f854d7f1384842a52c5bf448800bd6324a0b6d,2024Q3,0,0.05538101884093122,V1
0xb9d3b6eed7846a5f8a570db4ece3fafed6a666b4eebed1b0ba509e76f42b24ce,2024Q3,0,0.05538101884093122,V1
0xf8f125be86218ee3a8e982e4cf41053dc671e74e0d542d220aed66d0ff5f84ea,2024Q3,1,0.8949721977950414,V1
0x678de6f4dc2befa069fb01525e1c936b228866d4aae59653fbd9153c62226534,2024Q3,0,0.05538101884093122,V1
0xe64f063b9e2b02f8ac679ebacfb938088c1ddde2a953a1ebfd4a92b802910371,2024Q3,0,0.5581186250290701,V1
0x4ee4ee07feff48d430938dcfb6ede634403c9474e7158fefce2387aec3e8f872,2024Q3,0,0.05538101884093122,V1
0x1b60fead57018405d3555612030acdf7f46a35955bdc697445708be31188cd71,2024Q3,0,0.061909409785263235,V1
0x67d4918c6c8cd6c1c831e1555582d6e39c0fef1040a44bc3bf3a9900582d14a2,2024Q3,0,0.06691562037463104,V1
0x6083e93af7bd4b4d45d6cf8d7059815fe073fcab1df2d5e0e08f53ce54eadc14,2024Q3,0,0.05591040037949358,V1
0x50f6877cec5baf47454a2c29395050fe48df421e4425bcc71925267452ab4fd1,2024Q3,0,0.05821380052160656,V1
0x2fc417b2e4f3be9d8007d48bcab0e9c3015c4e988f0faf3d081f08ffe0317503,2024Q3,1,0.24018683861252738,V1
0xe707f17bb93a38e0d23ee211419fc70860c1aeebd9cc9141b8efcc0ead78526b,2024Q3,0,0.05538101884093122,V1
0x229c4674926a0d042e5f02f74d6ec4c6afe63847b0fdfb6c63fe18ae338b2628,2024Q3,0,0.060319865067229646,V1
0x05f242284d310c0face95345a008e80a530d41a706ccddf47167a7ebf6b76717,2024Q3,0,0.05564511717197385,V1
0x0590ee8929a1178e5490b8a98915d2e3697b5b67ec7872cf3d102814db65e5ad,2024Q3,0,0.0589080420491686,V1
0x59b8ed567c7e887228ce8a4e262317049841346f9c9f0d39bfdcc1108b652033,2024Q3,0,0.056176873067288795,V1
0xde20ba1b4fa2f2aae4e0c2dae0e8e111986743b094952272730607dc9d4cd8e1,2024Q3,1,0.8998407566138982,V1
0x3538387b73b008cc3948592999d43fc03d9191a8c1bc9963bcc4689dbf7d71fa,2024Q3,1,0.8856303423664216,V1
0xbe52d055406efaa3252c8bdb4fac57f3e3e0179f4abd7feac32425154ef40427,2024Q3,1,0.687316689850057,V1
0x7ab9c0b2396b72fcc4643dc03c835cd2dbbcead944b261e653de7d0851a2493e,2024Q3,1,0.8942598760037148,V1
0xd013360f1511a7cbb64b70aa0089ce9a0b3f4ebc23dc4a6892e6d38aa8132ea8,2024Q3,0,0.05538101884093122,V1
0x6a031c4888fcfb886861d3616cce760ea284dbf46e355b197400c2b12a4c37a6,2024Q3,1,0.8998407566138982,V1
0xdb1c6497f967a07e89f2956f10edfd3289443e46c6453058f0934ae32936d3a4,2024Q3,0,0.05538101884093122,V1
0x5acad359612174a78b4815a95412aff62fa35ef3411e1bd59fa2fdf7b7699601,2024Q3,0,0.05538101884093122,V1
0x590559163a05c7e4d56713d51639e94a0c6ee906aee788098cd5487d8bd1836d,2024Q3,0,0.05538101884093122,V1
0xdc0305fbe2b2851d4820af3461fa70c43641cbe4fb0e74dd79bfbd6dc89f170d,2024Q3,0,0.05538101884093122,V1
0xcd97873041bcc412c9efec2af8db063bac7f8e2038ec500c6e9af3723b6324cb,2024Q3,0,0.05538101884093122,V1
0xf0abd3a7cc2e06aa79553f8c4e92ea18f8bd3d5e075cdc2daf228a16e9ec4156,2024Q3,0,0.05538101884093122,V1
0xbb651bf09b0db35efe77e9323eec6f09fbd14ae8b64e118dfb12ad6aeb581682,2024Q3,0,0.05538101884093122,V1
0x99c0965b13b8374737bf087337afe310fe9fe22d0b2a35d7972cae10ddba2711,2024Q3,0,0.05538101884093122,V1
0x952e08c11823ace3e9a7c00c2f08eea5cf7d6f3412a2a509efe3dbd16115d21b,2024Q3,0,0.05538101884093122,V1
0x57b8a07a436c48ba108848bd3197e1109257dd93b38669b8250bd98f45d71af6,2024Q3,0,0.05538101884093122,V1
0xf637b48cfbd112e298d991930c77340c78eb58ee4824b6a408287dadb6663d8a,2024Q3,0,0.05538101884093122,V1
0xcbd8b18d2be8101ca0f467e0840adcc52381c03fde07884c4b1ec0ae8356e0ed,2024Q3,0,0.05538101884093122,V1
0xd898154718493ff0aab781ee5db2fbbb44a5712800b571629a5846cdd570cf8d,2024Q3,0,0.05538101884093122,V1
0xdd866827787d87ade4ac9a515e1e748a2ad39f374f2c522a16ee8faffef4eb4c,2024Q3,0,0.05538101884093122,V1
0x516926e359f14dd1e7b5d2c54948253a521597169819bd896e80e11223862e04,2024Q3,0,0.0560434877501867,V1
0xa72e30261eb4eb9f5b463f4cc0a20c833e8530be9fb37fdb37f5c735539e5931,2024Q3,0,0.15371842003245145,V1
0xf4e6589ca397e61af654e4c801569d41b4fa9e97a25a846f625b833d9f964bd0,2024Q3,0,0.05538101884093122,V1
0xaafae2f4f25c0a1785d421d152b2a30cb04042d2370e5a04762fe70abb97d6c4,2024Q3,0,0.05538101884093122,V1
0xb0f35ef24df5dedc6f05d78dd5227d2d2a9a8389809cb09dd232ab5e52db1cc8,2024Q3,0,0.05538101884093122,V1
0x31aafb7b283edd5c841086cbf43807f2fe53fd36638bfb09e2edefd3b567cfbe,2024Q3,0,0.05538101884093122,V1
0x4b42c17d638e0054120d84a48212d84cfff94bec59d7249c2283f12119861c22,2024Q3,0,0.05538101884093122,V1
0x6db528a803c762a17e401e751e59c6dd4776e510fb4cc093d2c28f8e1028a945,2024Q3,0,0.05538101884093122,V1
0xcdcbe22d75154a6063c32f42319a56d51b72cbc51952f574f0477af36dbcfe93,2024Q3,0,0.05538101884093122,V1
0x0317ed1eeb46a4f7b517925b61bbf94d8371ba45c58a0c2eb89d447e87aba711,2024Q3,0,0.05538101884093122,V1
0x3addbd9ce42c7e91ccf7575fb4ebb8b7168d534a7e7d91312746dde58e0a9275,2024Q3,0,0.05538101884093122,V1
0x951cc014c30d4d9f18f4738905e44c8613356379da583fb76e08b60855037a03,2024Q3,0,0.05551292018419698,V1
0xd93cb2d70e5e00e804ff2115f59aaed64cffe4af275264e9a629e1e4ad3dab80,2024Q3,0,0.05551292018419698,V1
0x41190eb9336ae73949c04f4900f9865092e69a57cf9c942a6157abf6ae8d16c6,2024Q3,1,0.898929142306785,V1
0x768603866bc5ce73836ccae47d72ee47cdd605d41320d3894ca41412f784d775,2024Q3,0,0.05591040037949358,V1
0x12a0cb60174abc437bf1178367c72d11f069e1a3add20b148fb0ab4279b772b2,2024Q3,0,0.05591040037949358,V1
0x757fe19cced3f2136ef1dc0e0163b9996a68a330a8d2338835e3b81a31fcac91,2024Q3,0,0.056713405354171895,V1
0x3648ab7c146a9a85957e07c1d43a82272be71fde767822fd425e10ba0d6c0757,2024Q3,0,0.420543142551411,V1
0xcc8129a275417b0df7e73e5cb6ad066861b949fbed3575195bf6ef0c44dfd663,2024Q3,0,0.056176873067288795,V1
0x6541d506c7a337b80fb9e4ed7487347a90d8c59071136e7caa11dc42b3755eb5,2024Q3,1,0.8916114790739126,V1
0x4873de62c03e7ee0776aac2c26e32d9466b631af8af0169e2cca03bafccd42c6,2024Q3,1,0.23562073313733758,V1
0xffaff77c56cb9f1e322129b8e1e525ceadd1d0e8dc2a62a4b33f3cb23bff9572,2024Q3,1,0.7137220128871973,V1
0x0a533c938200a10df86423dfbe621a2f36bfd4abc457615cf4992ed721c566bf,2024Q3,0,0.05538101884093122,V1
0x6cc501fa617e3a46ececf6e3990fe1afeeaa6bc897d3c7049c005fd1bdc42c2f,2024Q3,1,0.24949918923186953,V1
0x70357debf15a956d82d8b2022aaf5f868763d1d0716d2c6e5ce35712e49a3b0f,2024Q3,0,0.6010462530391091,V1
0xb20072387cd12bc73f3a6fd30fdd5aa1644c8f72f958803d90fc05c51db0ac49,2024Q3,0,0.0596100388698787,V1
0x57dac01cc866bc75c238fcc14f8a0d2dbc524a4d3378f800d640c15d11d7c545,2024Q3,1,0.8952086955631535,V1
0xbe2b2808fd555bc847b54dd65116539f79d1639d27a17da5626cbd31e2835683,2024Q3,0,0.056176873067288795,V1
0xc61529c5988583ee3a6f753bd15db17b81ba19548a607e00f5238d48eb38a10b,2024Q3,0,0.060893413219943536,V1
0x4727f17403578f6dcde55e284c0c62fa2b773bf14f9ea1478426b26f0e5a439d,2024Q3,0,0.056713405354171895,V1
0x4868359ffa5253cc5b4ced05612845ec5bd7fb4072324b62332033a8f895bcd3,2024Q3,0,0.059328304774233225,V1
0x687b8358ae0cbc82595c58a9f00ab1f12ab447c63a8940eaa3f522f10685dfcd,2024Q3,1,0.8982406060044735,V1
0x0a011ae478add880492d6d8e5aa98213405b7cec1e1cb34b84bf4c1bad055b2c,2024Q3,0,0.05821380052160656,V1
0xab66a7d5745fc4da8a30a67665ee1de894b740644e643a6c6ec39b17212e4df5,2024Q3,0,0.0750450960163008,V1
0x006ee68a0b2273785450167ca50b8d27f2149946ac513fde4e86765e53e35d52,2024Q3,1,0.0842673621539507,V1
0xa66d14ad94746e868fc81a76d3f67cc4583a2ab08a5056e07e4b3080c4ce04a9,2024Q4,0,0.8402871762658578,V1
0x0dbfc0ff56a16c101cb521819a4f84a3e1066f51353dcf9a4715619445646961,2024Q4,0,0.025199618390181817,V1
0x15e0b146150e82b933950410f5b55f6ce0dec34d3f49573fc462e9a09508a6cb,2024Q4,1,0.05899797565019342,V1
0x8dc441a58abb86dfa3f97d1e9d1fb81b3ff4dfdf387e86e9d52fa07a2c7b12c0,2024Q4,1,0.6662662277124164,V1
0xaef532e27cdf2efcb16c3ebbf779a24634afe30d74e005c20aab3ec09cf5e476,2024Q4,0,0.10794629947892698,V1
0x808dafe4b275bc66788b6a5a56cd1ab8cce1e74a19cfbd999fa1267270abde54,2024Q4,0,0.024945833130081484,V1
0x8a795ffd676543bfb778c846ef581db319b824cd0273966d2e0c1773d9f58d77,2024Q4,0,0.03718512051162498,V1
0xafd8bd9f9f4fcf42dcd1a159990126dff2ffe8b3afb9543b4a4e565c94b0d0f0,2024Q4,0,0.025284771089024327,V1
0x208721a1cf3bf7ef63c58140d47054496aaa9dc0feee9f3bb0d95f8bba375230,2024Q4,1,0.3033489319573284,V1
0xb49048083ea92ebf7a9a798f553ccde94ca107acd996dc5dfabc6cc9921055e9,2024Q4,0,0.04847169416582994,V1
0x9233fe6628a1aa25492294ab5774bcd18ad6accc00d883da620b27559f32c11d,2024Q4,0,0.028352543781415863,V1
0xebe18843b0e316b35f4fb6b3b8017d5f0a5b84fc8289bde7c696550c1f3e628e,2024Q4,0,0.16899393436606042,V1
0xadbb278b8c577de6faa2247dfdca7455576119c5452cb0e410823f7ac74d09c7,2024Q4,0,0.025284771089024327,V1
0xa334392ed0a06006c57dbf787ee9eaf69d52535ee8b8d8786ca271592a7f46d9,2024Q4,0,0.025030150276486637,V1
0xa7f3e4ee9cb7cc36843b0bb41117edb5fe02e8353b0bf3805e84d9177d23443d,2024Q4,0,0.02511474507498728,V1
0x1c1efa8eb7818fec6bde890578a2c6efac5a8555dfce507d5410d792e190e7c1,2024Q4,0,0.02511474507498728,V1
0xe80c03604e9055bfa5ed975f54f0e49b2846048a15e65541a066a8cdc984f139,2024Q4,0,0.024945833130081484,V1
0x8a579cd0c850c9d7ad0e4e49aa987a1a14a2c768c40e9f0f7210edf19692b23a,2024Q4,0,0.1376402150263012,V1
0xe12d115758e9e24fc40fda30fadce06aa960bcb5336cbc85071918a5c7fdfa2d,2024Q4,0,0.02797366306399637,V1
0xb2f7ed87460c653102e97db0d70e9fa5a8dd65d8ded48a6cd98ee6991afd8c0b,2024Q4,0,0.4997970412438123,V1
0x111a93cf9000b6d7f004327c60e01374596e3e3718d37054e4b525151916e38e,2024Q4,0,0.025370204040828754,V1
0x9a6aae9fbe7ebfea1527b25b0b83e7fcf22ccc6216deb414c3e830266dfc36ec,2024Q4,0,0.030732575343300563,V1
0xc41d35f42f51f45b2126b878f4c81c517a67c33d6a0fed11a77684d9ebb22dc1,2024Q4,0,0.025030150276486637,V1
0x2093833fcaeb0d0dde38db96c9ccd9ed95abfccae6e9d661ac1598ad51344a70,2024Q4,0,0.025199618390181817,V1
0x360f2bc551b4c3bbe5ff9b3ccbeef7902dc57c35fda25cb5581b6d8cef9e51f3,2024Q4,1,0.14606371329923656,V1
0x457a6133557b924bc6ffc9d7d3831334072ee526b209963629496fd1b82ad500,2024Q4,0,0.025199618390181817,V1
0xdccfe732bdb97b0c9157d27d5f8f5f8b51fab0d4453f0885882b0f73fbe18b32,2024Q4,0,0.04390147411066203,V1
0x942327fd128651b66c74c380f3de60e31cb7effc25dae0771699048b50a19839,2024Q4,1,0.9428067996799842,V1
0x626436e51a9b7486bf356594f29de0c729ae4e88b4c196e58d2eb9cc8d4105f9,2024Q4,0,0.025284771089024327,V1
0x3b692dcdd40f9bfdd313e251c0d5fa4b7cfb60194f321d2e81ef2c846523543d,2024Q4,1,0.9581615738616894,V1
0x8565c04b7cb5c2837d6c3347466a430cbe678a7d6428a48e5750749a26fb815d,2024Q4,0,0.025199618390181817,V1
0xf55d2f81238a7cca0879dc152c4a5a51566c7a27f5fa4e65f7a04ce2ec039492,2024Q4,0,0.028162484739650804,V1
0x37a570f13c5e78f85eef34de2430736e15691dca8f5820946388bc15b9d956e7,2024Q4,1,0.9626324147760903,V1
0xbb977da314aec0e32081a1a74823f9ebecc726c2899fbfaa5c113b2932ad0e8b,2024Q4,0,0.0266859270750399,V1
0x0c7d74eeb5c8e9ee6f642a190e445ae853f54e3e36d9e290de7dafb54f8c3feb,2024Q4,1,0.9617511591553985,V1
0x825979da04e73c1f0df28132de975b19a53b54faf7e672e822aa10c9031c1201,2024Q4,1,0.9604575350226365,V1
0xddbd56dc728feb63f3b3276bbc23be9241c1adaaa4eabdc5733f3a34de33041e,2024Q4,0,0.04537725724381896,V1
0x2e57c29fd4542e9dd9588966f198307890cef3c06225afc395acd9c8ffa31d74,2024Q4,1,0.9626324147760903,V1
0x037f0d4493a455779744fbb8154f729462cef4f3d6f28fe4f95ddfbc6559f5fc,2024Q4,1,0.9577433804474723,V1
0x0644b8969ea752fb1434d720f968832fd51cb4485771ed6fa18029e9972491bc,2024Q4,0,0.06295999800504418,V1
0xb9998922e9b800d3c8dd65636a4f9905bae8d587f8cfd78d06c6209b33bb46cf,2024Q4,0,0.025370204040828754,V1
0x7ba7837a3ae2e0aaa1a5e4a4f2b8ece8855ad0190e12d4cd0d372edd70174dd1,2024Q4,1,0.04390147411066203,V1
0x285e4aabc9c3c3234e3bd8f1e35aecde7dbb7cec879a53b231a2bd78831a3c63,2024Q4,0,0.057105711475741845,V1
0xac5fc54e2b52e942afd4e10a0239df729e4bd9c3c60361f7f7eaae9bbf81fc0a,2024Q4,0,0.025199618390181817,V1
0x7edb08c2696bd1380e7c9db88298afeb36d856a1f59cbf3d02b64f13506523dc,2024Q4,0,0.10794629947892698,V1
0xff5f61bd2d5522549b203694503903a1d65b21436e2736077e88d3faff35bfc7,2024Q4,0,0.12962875751012934,V1
0xe1dc4ae259d47a61f59c76462e1f087e94cd027a3c79827f476469f1cf1c1982,2024Q4,0,0.024945833130081484,V1
0x868de74d879cb10116576295577b377122fdbf45d400c723ee739d17ffa4a68c,2024Q4,0,0.024945833130081484,V1
0xa744830d0000a092e0151db9be472b5d79ab2f0a04aaba32fb92d6be49cbb521,2024Q4,0,0.024945833130081484,V1
0x972520d8ed44dcd71fff95b44e2593750d0e44323a5ccd2ce4bbbc540427bce9,2024Q4,0,0.024945833130081484,V1
0xa78d39676ef44a148c1b847597eb7fb318649b91cb4ff16af97909e4b4ede082,2024Q4,0,0.03620648712081002,V1
0x34a16f264fee640f237dd321ad1aff1a754406a09f6ad8e428c9bee89d302582,2024Q4,0,0.025801603185967553,V1
0x52a9a4b7a35c757a59ad12148cfb59c2eb31b95a52067fc6ee30e31c65469195,2024Q4,0,0.024945833130081484,V1
0xfd87909158fa8139b8a11f3ae2af8f68f42d5fa7a17e892b984e43b76ae51dac,2024Q4,0,0.026151856600499422,V1
0xdcca092aa2cc55f8053437e3f71ee853aa89f28582ac98231b0625a8609df32d,2024Q4,1,0.96187826399573,V1
0x8ec05d89f299aed5c6513939dc5f2067ac6e7b3139d3671a54d784a709cf79ad,2024Q4,1,0.9611095078808619,V1
0x75b11a483569e10a365536325111eaad75ccc9b02cfa7f26dd4695772943f5f8,2024Q4,1,0.9626324147760903,V1
0x6689c157a7c57f0ee8ab7feace215061cbb8828191854fe81f17976ef33b023e,2024Q4,1,0.958022617702062,V1
0xd3075114225f4516ac3443314200c9324cc3c8ff16587ca6a01aa7876c8391a1,2024Q4,0,0.024945833130081484,V1
0xb99eff637eb58e40828b38d07e3fc60d5dbefed78abcd50599e2e86f4a6930ae,2024Q4,0,0.025976155306206082,V1
0x38c7a14f589e49f43e6bfa9ed465441cac588d2d1c7c1415945df80e111fa5da,2024Q4,0,0.024945833130081484,V1
0x7414ed5a8062029b6c25257247ecea29227827578db089960b7e3ba1c203cb60,2024Q4,0,0.025284771089024327,V1
0xa172152ff025922441a9ab090b09193c5890800b1545c08faccb0ba37a67e3bf,2024Q4,0,0.024945833130081484,V1
0x19c01f1f32c93f71fd8a12deac61cab575e239eaf595a38dbafa5d76d5b44f26,2024Q4,0,0.025199618390181817,V1
0x90f5098954615b11f095156ac37913a70f8c7cf2978ab6b61d8d789bab1cf2d9,2024Q4,0,0.024945833130081484,V1
0x78234aafc88ab34b177109a5448cd90d7d1fd4efea1983d19fd67eee78ff0239,2024Q4,1,0.9611095078808619,V1
0xc01816a94cf33dae70a037ed4e1ba632a5a32bbdb1d6b802ede5b375f88ad91d,2024Q4,0,0.025284771089024327,V1
0x848a2388c956a70178e0f87e21cbee5c01b68789398a52fedc4fbf998c8b85d5,2024Q4,0,0.02511474507498728,V1
0xdf6d80630b1a593fd771ad168e2c02dfbda514316ac7a316595aba06980502e2,2024Q4,0,0.024945833130081484,V1
0xa6189bf3578eaf477e1af4cf60253cde50c66a6db9f311d8e6d4424734bd602d,2024Q4,0,0.024945833130081484,V1
0x600cf95bedf92ad19b05f4528595e8b4e25cce738b644646f9a49e4c84081b41,2024Q4,0,0.024945833130081484,V1
0x76dbb81a9fd937efa736aa23e6c0eb33aaf0f2ca4aa6c06da1d5529ed236ebfb,2024Q4,1,0.9616236474323929,V1
0x2d705e1f43d6460d03dd62f0161c21d685332b419e075a7b7e1b6ab95e9543e1,2024Q4,0,0.024945833130081484,V1
0x92b8d97f175b4461fdc7db0f2bff9408e0dc03a23b2d51ab64f9f808c41aa3d5,2024Q4,0,0.024945833130081484,V1
0x55f8995a52478c39481ebb7b9c9cb78c2ca69871c226e9404f55aa0b59a1e920,2024Q4,0,0.039219200215537944,V1
0x29b319d3719e9c4f6631bb95a31a81b6e860803fbfeffaa250b605804fe464cc,2024Q4,1,0.9626324147760903,V1
0xcc78239da94906bbf74b76b71cfdf05b653596c3f81580edfeddad9a79c48488,2024Q4,0,0.02641757886268536,V1
0xfcb031253ecf0d6b9f75e3630dee3033ab6c8ee9cce0a3e47285b0d15d717b32,2024Q4,0,0.05159609586521332,V1
0xba8ded3f29006bb62e05590ebe5e04dc24e129e5c9d01e66e2943def1f780806,2024Q4,0,0.03974416495420961,V1
0x40e783a12a83c36df40550c3f5a2433ba55a9cd312c31d808cc0c2c3ea747b1d,2024Q4,0,0.025801603185967553,V1
0xbe3afc95f538c106696a2b76a1eb6e2191b622b224ae9d888343ade752c634f1,2024Q4,0,0.03253433378351602,V1
0x9c9c47de9c871b6cfbae8956f3586f09ae131c44f73e478bc824c106489dd930,2024Q4,0,0.043467741164639695,V1
0x2a9c818392b7e213bebe13ef773d2ecfe637221dbe04c4b9f47a3ce890f1cf4c,2024Q4,0,0.05899797565019342,V1
0x8651d7d8b6f27328ad61fab52940f3e689c73695d622e193df138b19685da421,2024Q4,0,0.041086202317229946,V1
0x28f66bed374181b08fa7b7eead51d69a4a1af868f8e7ff6944c649822d76aa03,2024Q4,0,0.031147625907191983,V1
0x26c0b0cbc44517dfc8ad8c750ee24e048e5ca733155515c0ac4bce686317bbb1,2024Q4,0,0.027230599308412245,V1
0xf32f38434f2192f5135e007f2bc102a6c7dca299fb9b7e71b76542891161f6a1,2024Q4,0,0.025976155306206082,V1
0xb11c064ef5aebbb887ad14ae1e5555eb5f997dd2182907d8999f27ff5ae04fb8,2024Q4,0,0.025888736043798804,V1
0xd007d71fd17b0913b9d7ff198f617caa96a9e4aab1bed7d6f9abd76bb17dd507,2024Q4,0,0.029818201863684998,V1
0xb0a06b05d49947a302d0c3648add3b6d6660380de6bdb6b79f0007f18daf3adb,2024Q4,0,0.0266859270750399,V1
0x5605bc5d7557217f5ebb00d00f639ac8b9da949016b8cabcd7e9183ea1cac060,2024Q4,0,0.025888736043798804,V1
0x831ebc7fa8c94d42d526bd6ed622afde66cbbaaa2f14a480072d7b5e58f0c7ec,2024Q4,0,0.0266859270750399,V1
0x3c3b3cd604871d9247512a0572c49dfb46c6e5d981f9e35e3018fd91051e1272,2024Q4,0,0.02677596424224726,V1
0x729d6207e0e0093ab731cdb1c476bca1739280ba91cdc702b0ae53068ed65198,2024Q4,0,0.03032288234359514,V1
0xc6485bb7ea46d7bb89beb9c91e7572ecfc72a6273789496f78bc5e989e4d1638,2024Q4,0,0.24562064436235198,V1
0xa650b0fc83f8b6063ed31d2fcee2c30c60405e7215341a5563f1236f5542a14d,2024Q4,0,0.02554191419240257,V1
0x7da35195ac3c7bf167f88ab0c27067a99020e36de67d39968b71d9debcdd925e,2024Q4,0,0.024945833130081484,V1
0x3ac961dca3c4f0fc34bf94c661962012ab5e8bcdcadfc99affa06eddde00b29f,2024Q4,1,0.7579087314240147,V1
0xfdcd333ff42c2908a1c1ba56435e9de40969c32c1e83a1c2bc76352a74c5c0d8,2024Q4,1,0.10465870664379497,V1
0xd987b38ecf3bdf4cb69734004c51238875411e0924dd0e9b30e3b31e623c4f00,2024Q4,1,0.9268586014756464,V1
0x272461ac34da7a85f4c7f6cad291b10b9268061e5813cad8c9cb9897cf0d94a9,2024Q4,0,0.035370556865905796,V1
0xff5c1e73e31ad495136fcafce90710a3a1771a96f07116db60aeaae095c0ec29,2024Q4,0,0.028352543781415863,V1
0x4215c8a5b70a185b1b808fa49411a83c02e22bc35d48bd8d61d141c3365f91eb,2024Q4,0,0.025801603185967553,V1
0x438a3a56964f33c393d34b0e57f709bc1721a679c962e81642e5487930e4dc96,2024Q4,0,0.024945833130081484,V1
0x34b8fa269775d034f3d98b6848e0a7c5212efcaa0c98e6f8fb54c5d6f72b3705,2024Q4,0,0.024945833130081484,V1
0x8b6d62510907ffb835b26f6dc52bb0b1effef6a5c9139c89ccc753b9c58fc482,2024Q4,0,0.026151856600499422,V1
0x23df7c359c5641fceed71bd62edda6a4a4997b66566d137a5e639434c8444b2c,2024Q4,0,0.030939426868404278,V1
0xb26fd99a7b7bae4e13c9bb3becf65353708a805f9c1aea74484d107e6ba512cd,2024Q4,0,0.024945833130081484,V1
0xd01fe5978b6bdd202a82abeabdfd6a32552c15de538a8f17e4ca18af3757f9af,2024Q4,0,0.024945833130081484,V1
0x475e0fd32b211c0cfe6755638efceba2373d01a7224c7750f77f978db104f639,2024Q4,0,0.04767980555424009,V1
0x14a087f7b1b23b9a3c32799255edf18832d548302d6657efdba816a458a18d4f,2024Q4,0,0.030939426868404278,V1
0x70de1b06646805d289744df352ed58b5612fafb3d0322e483243c32cb110f8a7,2024Q4,1,0.9621312577731447,V1
0x768eb43d1b7a745e0df1bb6050ab54aa3975fbbde6e23f4aa04cb527f5ffed2e,2024Q4,0,0.02797366306399637,V1
0x215625b9e962f3f499f832c77dd4caa400bd8435369b5fd65e8673c8b2c4da66,2024Q4,0,0.024945833130081484,V1
0xe32b258020c4663576e22423fb9792932a44fd5986d5081bee13a7c7c684281e,2024Q4,0,0.02844803968967162,V1
0xced9f9d90c94db9f1e1dbd7d9fba82fe4fa7431c0d4e91e28896c8ac2d6acadd,2024Q4,0,0.024945833130081484,V1
0x40bbdd26dc08406eedcb913efee7f7faddf50e16fc21caedb4972d57fd71e0d1,2024Q4,0,0.024945833130081484,V1
0x696baf880832d000a37ea87cc94235b1ac58e7e9fe7a144ccf5d141877629134,2024Q4,0,0.024945833130081484,V1
0xf6106065ec5d5dae7eca350be64e5246ae331b35937ea55b64152f65fbc0b37f,2024Q4,0,0.024945833130081484,V1
0x3120827dc12167d09fd9f08233e2b540054a2ed90aad65c023bc1da9d38b29d9,2024Q4,0,0.024945833130081484,V1
0x198d833c085ed0c858165192e9fd446c5392dbcdedd1132d89c578c0b5c29b2f,2024Q4,0,0.024945833130081484,V1
0x08f5fe8d0d29c08a96f0bc3dfb52f50e0caf470d94d133d95d38fa6c847e0925,2024Q4,0,0.024945833130081484,V1
0xb92f22143e7b48609a82573fa8197dc73683a15acb467b0f51ee63da7e3f520b,2024Q4,0,0.024945833130081484,V1
0x37658cacdccbb4d2d6dd4cae8cfd43b268e695aab51973a70be339f1b90d9a94,2024Q4,0,0.024945833130081484,V1
0x6d617a838210e0710a2a946814d1f26ed6bd3ffb76d0ef49959e0d2f75556944,2024Q4,0,0.024945833130081484,V1
0x55c551896c10a74861f2fd88b4f928694310114704cc74b29b9760d1156cade6,2024Q4,0,0.024945833130081484,V1
0x73ac4c1e5be0a89685328c9f5b833d828ffd62dfa07ceaf8536edbc43aa5f51e,2024Q4,0,0.024945833130081484,V1
0x547171b466f04230c9a6bfd13a71fb24de3442e10ce5cea95232d970f36fd5bf,2024Q4,0,0.02511474507498728,V1
0x63634b4e14297a748923f86dca4fa0c6c659db0f5fadeeb8e419e48e20759c34,2024Q4,0,0.024945833130081484,V1
0x21dacbae08cd922e9fe1e5f3a4b2ea09820d36f2ed368d6b53683b0fc1f16fe1,2024Q4,0,0.024945833130081484,V1
0xb80a8a4ecb9344bfe81bb620638fa2882b5f57663bbe268c4bb2b97ece7717b9,2024Q4,0,0.024945833130081484,V1
0xf3a7a2365b6ec113117184bb2d1b020577355a1028fde0b32671c4cfbbbbd589,2024Q4,0,0.024945833130081484,V1
0xf75076205d589c02ac13263b0d59041563695a7518d65134f8eb8c61dda22262,2024Q4,0,0.024945833130081484,V1
0xf488aacaba74914fe181c68d8b6195e13c4ec8b6c1b215c299d297666297200e,2024Q4,0,0.024945833130081484,V1
0x534da3946b8da84a8687e346e735fcc1d7c7078c057b1a7769cb9991b3e67968,2024Q4,0,0.024945833130081484,V1
0x4eb8e44c37e307a2125f400b675e98861d091f9e50f5be07a25304c930cf85aa,2024Q4,0,0.024945833130081484,V1
0x0c12d7b5322f432a0c4ac8806b476c7483c4d44061ca1188b6f749ec9db34996,2024Q4,0,0.024945833130081484,V1
0x037c9d29c04a2f6a5373ae7db7779cb40a751ca372de1e55999397a8f571c67e,2024Q4,0,0.024945833130081484,V1
0x230144e34a84dfd0ebdc6de7fde37780e28154f6f84dd8880c7f0e58d302d448,2024Q4,0,0.024945833130081484,V1
0x01a9eea306780839c5cf9a15a572a438c23af6c49b57f67e8a379f5e48e0e4f8,2024Q4,0,0.025199618390181817,V1
0x1b43e21dc696e34154ba0d0a9b351264a86d773bf381ffd0eb5d2124ee783b33,2024Q4,0,0.3648122238234607,V1
0xfc1c0fe6de97b694ace35cb972c6249f88bd3736ded927c8951e5abc30fe6d5f,2024Q4,1,0.05009305964729043,V1
0x4aff2043986794ec80ccf4c6cb2f2848d902a570c7fe166fb575dd491758e546,2024Q4,0,0.04705515852315243,V1
0x9fdc4c7b35db7e7299a9f41c2b76644dd9d2923852da5881035f0bbec2d5e1ad,2024Q4,1,0.20018684370244294,V1
0x663547d11940a254fb40518c6ded62ce8a96b8ac317957f6168d618fa526b023,2024Q4,0,0.02562819314263558,V1
0xdf36fcc041cadc34d517a8548330f8bb0312c9acef4f621c89fee89610cf995c,2024Q4,1,0.9464266701229441,V1
0xfd17ee27498ae7f11983620f9e7377a25d94a9046dd75eaa00b8b30b600b0bef,2024Q4,0,0.03478487885565748,V1
0xb467b29463dfba230ccb24eca91c03c53665e9febc746cada108c63830b7573d,2024Q4,0,0.025370204040828754,V1
0x47aa18816785d40fb11c68fa6a66a426a35c9bbe82643cef8eab21bddf78781e,2024Q4,0,0.025976155306206082,V1
0xb1de4b144ba2d4beb2a1983c2c9a14268f5226bc9700b7e442884f00396b7178,2024Q4,1,0.9498296235838805,V1
0xb6d19c0a24290dcde7ddaae53ec13a97b7e808bdbdda98ddf355e643fa9abcae,2024Q4,0,0.031887052603393154,V1
0x03ae1b62fa4eea75c286e9d461afa30d943be864f61dcc1f86f6764c4ec099c6,2024Q4,0,0.02511474507498728,V1
0xcd1b6b71a1964f15e2c14809594cbfa0d576270e8ef94c8c24913121097e09e5,2024Q4,1,0.18512113765098046,V1
0x265366ede72d73e137b2b9095a6cdc9be6149290caa295738a95e3d881ad0865,2024Q4,0,0.7443251839605538,V1
0xf8965140c41f13be11ee4c7d10f2ca021ed4e5e0ea68274e88eff7e2d7f13c74,2024Q4,0,0.025284771089024327,V1
0xc5beee218c5ebc772faa7f53a7196a3d1ba16dfcb74767586c232c2e3c89ed3c,2024Q4,1,0.9557384453716948,V1
0x25e48d2f5c66a03982f233e67f8131159e884dc186e6a55cc2e413d07e74830c,2024Q4,1,0.9045383669127257,V1
0x2f0bae3cdd6c42468ebfd30df5a93adcbe666d891674116b990bae8d11b7f511,2024Q4,0,0.06295999800504418,V1
0x20d95e0fec7d27f3072f4b9b72aeacfc2e54bd70e69ad6e03380feacfb5c6c84,2024Q4,0,0.02511474507498728,V1
0x352ac53453f995e751d2d90c7d781441eba9d1c4c7ebbc8e738fc570a543665b,2024Q4,0,0.21149936114545537,V1
0x98bafdb1a843ad1ee3f10222f43c8b675940922b119c0e0364a219281306098f,2024Q4,1,0.7107425239892362,V1
0x163854cc14ae2580e74e10bd1a5aecba0036c893a645f280c0f820dee470676c,2024Q4,0,0.025284771089024327,V1
0x5d7aae2086ed7e3ea82b65f5d8ed17ac4fa241c92a0a167bee0b356ae498f802,2024Q4,0,0.03146246894608275,V1
0xc1a4830eef6f60d9e0f05ecb5aa81b11d7d361e1a869c0138219840af849a986,2024Q4,1,0.13358369512712334,V1
0x0a006c3843ea6b6959b46a46b7a0cdc52ed8773ba19d769b71d0d8b2650476b5,2024Q4,0,0.0359657285762976,V1
0x46f808f72183b93d6fc32a519b02a6ac87f2478d51615d099af8e1ba4b5f6902,2024Q4,0,0.029918482338665106,V1
0x2bd564bdef719d33ddc1c564c80bf0b6da83632e902150e587964a91c1152ec9,2024Q4,0,0.028736404424196362,V1
0x78dca20ad6401138b24acc0d953b58fd2676128a92afb515f257dd334da9023c,2024Q4,0,0.026151856600499422,V1
0xfe7d8d88ba361a47853735fd80825dbe00a0b7912b8257725d02f7123c4e2411,2024Q4,0,0.02554191419240257,V1
0xc8ca6de72307c6640b479edd36c7fa2a72aface0ad576d923f3404e69c798fb9,2024Q4,1,0.8987075076070097,V1
0x9d455df75bf78e1b541bdbde04322a94940a9c2513c1f6a937fffe834255fa30,2024Q4,0,0.06981846903719556,V1
0x6a425b7b03692e2409f1c9471a9de354c1a9d5989f56c5dae0ef66b15f589de9,2024Q4,1,0.9533360353505544,V1
0x67749947d4e6a3041b36a90504c81545710fe044e0b1ce4de513d43b243357ed,2024Q4,0,0.2960854634838665,V1
0x38bc6b9fbc7f22b58a9b83330709e2fbb15ddbed7f2277831c8c3df0ee20475b,2024Q4,1,0.6889402181710583,V1
0x57dc89d2f5803961a1c72add5969c2887f9591821d05421f2819fa17b664dd59,2024Q4,1,0.5770461260289087,V1
0x7eca3eee73a4d437797aeb9a1815aaf4484403bdb926791f7e5c435a7f05f0e3,2024Q4,0,0.3411077655415948,V1
0x6679ee3522c4fcb5266bbddcf75973bc2735d9c80c517e7c179c035680a01cec,2024Q4,0,0.025199618390181817,V1
0xa4d3d05f19370519b12ead7c0c33b7c3f9c8b4a1d0020040ffd13ca01d6c0adf,2024Q4,0,0.029818201863684998,V1
0x56b4aec4a24e21a2f82a3db32085c851ef03db7337f757d0647f6eefdad072ab,2024Q4,0,0.025199618390181817,V1
0xb8ac153a019048d4a963017c64725c5d93dc8baad3f67870bea8874463458b53,2024Q4,0,0.031887052603393154,V1
0xfae4fdaf7036a338e7ec27b790ed39e7d11b64dc0bd26cdd5e8ccb01ffc433b9,2024Q4,1,0.9512932603937,V1
0x8ee7186b5c39c64efc6ea96a4025afe2aa58fdeabb37a062b3f9517cc3a1657d,2024Q4,0,0.025199618390181817,V1
0x0dfa89589bd8ecc00a593f1bb85dd8dfce41df5ffa16426fb23ba5ceb3daf241,2024Q4,0,0.02562819314263558,V1
0x521a7fb05fa539cddc4b5c573fb3888a143b1262c394cce452189e67b53d0726,2024Q4,0,0.025199618390181817,V1
0x5b6ccf86a766f363d0c3d24f17f40974c706d85c67827d4f3dcaeae4b90070c9,2024Q4,1,0.9540998154709174,V1
0x8525f7e85bf8ef24d29899a79bfa74b2fd6b9b50283f21fc003677dd8fb14705,2024Q4,0,0.02695692567794112,V1
0xf6b7915ba50b1b67039083b3f6f681d59205ee60b132d23deea171eca171968b,2024Q4,0,0.026596184394052542,V1
0x21133a92321c5791d36ec7cac67ac6fab6c8ca3fa070ef973f92f65234025ae4,2024Q4,0,0.0316740726221843,V1
0xcce784dd4beda3cacebafda5c5e3922e7881b495e0a43fe75f4b098bd04d241d,2024Q4,0,0.025370204040828754,V1
0x9df4efa8764eec4d1bd089e8598447d32408951ad502f483eecae2e0a19480bd,2024Q4,0,0.8050421422739553,V1
0x99cae1b83694726803dd03dea2465fee332ba788b8a9d24e42e9ddd5391c6b9b,2024Q4,0,0.08140838486380546,V1
0x2dfc5ff604b12ac8721316b109cd786b0da27a24719238bb23aa7882d8f3b3ab,2024Q4,0,0.026596184394052542,V1
0xd1cce1f51effdf3957144fdc87b5e8aace1d1f7ab21976a046b71744ecad8443,2024Q4,0,0.024945833130081484,V1
0xdbded28bb7b5ef0ae091e60894c4c8aa1556de87d2e8edac6104be50b69cc6a8,2024Q4,0,0.026328714204334868,V1
0x4962f97cb1dc4be4382141a45ff1a38ead37ab3d98191b854c0e6cdd52bfca19,2024Q4,0,0.027414546777665784,V1
0xe1137532bdfac886a1338e341df14cfc4c5d59ca18207352819c798abfa58d41,2024Q4,0,0.027786071189014907,V1
0x7d8633c04403a076b45530d1f0a02506aa93d6569aba91b111b2d9877445c58d,2024Q4,0,0.027230599308412245,V1
0x8009308fb5bea84c1eedc10fec72fb1d9ebc33d31fffd89f65a34247a724f246,2024Q4,0,0.025370204040828754,V1
0xad6d309aaa500d96855996e84da00dfb2379548a693ca684d0877cf94fec05d1,2024Q4,0,0.024945833130081484,V1
0xafde9e890a2db339b6515cd75c2d09574dcaf731b483a1ef6ea0a3abc5ec8abd,2024Q4,0,0.2889237838371765,V1
0x2010ff3939e8e664dd57369aa907bbaa6d03ae18be27fe3ab2f4cdcb95a8b2ab,2024Q4,1,0.16899393436606042,V1
0x136e99098f7d4087b4c5775d9f9a512de67e50bda37e88fa86b05a226c390182,2024Q4,0,0.029420328301155995,V1
0x14018049e265a2d88f284be9588e2e3542e3a3df08ccdb344d28355dd7fdd8ef,2024Q4,0,0.024945833130081484,V1
0xdd22472e552920b8438158ea7238bfadfa4f736aa4cee91a6b86c39ead110917,2024Q4,1,0.5896626324423044,V1
0xc53c00d3ed7df96cb528e049ca2d8a6056b620a82bfffd3ad58d35c5f92c02d6,2024Q4,0,0.1376402150263012,V1
0xab0132a0b89e43d95c2643ac835877c757849e9a64ebac3c9f0c4696db41a288,2024Q4,0,0.024945833130081484,V1
0xea080bb58bfcd23b6b140b6d032d998ea2658c473cc6135f602361767d984ccf,2024Q4,0,0.05009305964729043,V1
0xac2e6d8f4b3022aff8050bae1924250702cf424b970986b2ed850736d8148bf0,2024Q4,0,0.04390147411066203,V1
0x421c3221b9529524a3c8b1640869a24200633a8f2cbb0785783661ba0b0fde53,2024Q4,0,0.0840341753547191,V1
0x83ef4a16f2efdd4b269d1eeeaa2c5b53d62c1691875cefe24ab2409ee48de0df,2024Q4,0,0.12201763328507172,V1
0x96261daed8514e7626debfe92b1c7b33d61f065580a2c991b6d6d3fb366b7372,2024Q4,1,0.05009305964729043,V1
0x170e269fe2091f2092c5c1ddafca0519081a0bafcb0941ae13fbc1addb08d782,2024Q4,0,0.05509014413199565,V1
0x874903f053ee9e1bc4a270a6d40886deaf61e6bfb373ecfbbd03d8e1053f7ceb,2024Q4,0,0.02562819314263558,V1
0x1cf5bd0d52535a933caf43f80f783801c8d9e3535e9f66986b1e5ec64430101d,2024Q4,0,0.025199618390181817,V1
0xa307945df868b9b1e7378bab702f82da547144e5d264e2894a3c163db348ae03,2024Q4,0,0.025370204040828754,V1
0x158fcb0b8844c9cdecb95940a3a1a643799ab8d03f6234d449ff344e4bafad6c,2024Q4,0,0.04690021646800021,V1
0x1a98a4c6a8e9af6340bdb4e076ee0f07eb7363fb752fe028aa9d9b337e189767,2024Q4,0,0.02844803968967162,V1
0x2815a243a0021f3a00ab110f8185d03a491cbf1a9aaf9f1baf1c1f2a16fb737a,2024Q4,0,0.025199618390181817,V1
0x708fb14a697184ca11188ef64ea38ee355349d9d62db5654f0204e32005894dd,2024Q4,1,0.9585758076218097,V1
0x5b19d5d3ee794049f4ff27a66d87a7cf3fc55abf317e331988716a7b41f0c297,2024Q4,0,0.025455918117272908,V1
0xe005005133803bbc7cc16b0295ecb797cc8763f81ab0f2a6c4c90a817e794aa7,2024Q4,0,0.02695692567794112,V1
0x4e2f47832d9b760e5cd51368e899e421d2551524205cce86cf98ee9ec0703a88,2024Q4,1,0.9593925318085589,V1
0xf6d2f149653747b4aea397565f4f562a50e0b5e0860c739f9a1fc79b76244032,2024Q4,0,0.026151856600499422,V1
0x4ea4e8587b99e7fe73a7448c87ef492e284bc6b465e4973235c081a00017465f,2024Q4,1,0.9563203643334978,V1
0x7829bbc06202abf9db6b04e3ac3b9038922392d40b0344a398bb9b3852be29e1,2024Q4,0,0.030019089628066736,V1
0x58d102be7f1046597d9f208b84a0d5f844960151bc771bca1ae138353c4caa50,2024Q4,1,0.626751649228137,V1
0x84ce4228388d675bc145b41f362a00fdea9d72616d1eb13987e11215d772a9a5,2024Q4,0,0.02511474507498728,V1
0x75e90d6830fcc4b274acdbf8869a8b0f464a67d0b86c97d3081a8696a3cd8134,2024Q4,1,0.8951890492281906,V1
0x6281da0c3cee2da5dfbdbaa9489b535f2295bc5d65159c4718d7f95738ddebc8,2024Q4,0,0.025976155306206082,V1
0x47fcd892db3b4bb786d598607fe8e65ebd9c245a203a2e6375f74d6523137826,2024Q4,0,0.026328714204334868,V1
0x7f1f8a4728c54dd23057ddd2f690651375539ae7fea37a00f42c6f1890cd52c4,2024Q4,1,0.9533360353505544,V1
0x27e47fcc55d252f5ffeee42bf8e2d7d6d5a54e4ff7a31e95e5cb057e18b7d0dc,2024Q4,0,0.03022128863189669,V1
0x4508a8705c853ca5727dec327449916f7524acbc4d8abc4685f25aad29c7c4d3,2024Q4,0,0.02571475584676589,V1
0x05904e19533e1babd563de24a3da89d87d00741b98b6dc692025f21ef6c52319,2024Q4,1,0.8850404505780151,V1
0x8cdce5c6fbdbade86234d95f4e665e2499780ac4c67ab64d0e5b5c26e029d381,2024Q4,1,0.9601938220502086,V1
0x61810d94c38e0fa31c51bfe8f38a5daec47cc06cd0e49a14155ed9fecda46ab9,2024Q4,0,0.025284771089024327,V1
0x05d769a6ba5ac64ae196ff0120bb7400b6697a5cf94573f364d35cc28dbfa22d,2024Q4,0,0.19470315005781416,V1
0xea4002c56d118cab706bf6cd34783948f5523a06239f7e59f443ac683f0fa140,2024Q4,0,0.06295999800504418,V1
0xc65fdad4b98c013eb3bdf964f36fa595f82d0fed3916ba2da6d4568355b167a8,2024Q4,1,0.9348683341829784,V1
0xd092a7bd509c547431c12e86c8e7df40194da3790af8b34aeee04dcbf2e2359f,2024Q4,0,0.04390147411066203,V1
0x4302790173d1f5b438ac937d1fd64360f8a134589f3d490626f7c1f67b2b3611,2024Q4,0,0.025370204040828754,V1
0xa923afcb8297e3ade170f2f8c088f3c277557fadef2c67054d72cc59f8504b2b,2024Q4,1,0.5429507741415426,V1
0x357378be4b958929f618b03a935489b0e19ee4e21247f7a89c4ec036fe95d3ed,2024Q4,0,0.024945833130081484,V1
0x34b5567e4f9a1b9561fba0f39c60b4da1f33052c8918dedc954401494d947cee,2024Q4,0,0.49114599710606627,V1
0xa59e2e79dc1a564477c8d77dc32c30b37c0f4c8782c8cc062a7f788295cd91bb,2024Q4,1,0.40576552689104006,V1
0xfc85294228f82de21e18774b133a6db99ddaf4ebe5bf8c4f6c356ae4901d1165,2024Q4,0,0.03364144659294739,V1
0xf54c534528539874c62dc06c41267493e44c21e47a0206fadf77beec68019578,2024Q4,0,0.03199406130668744,V1
0x940dcb3b8d94c9325d574b277fad827b8c73985f79eceb8f3f37fc8c9c7fa413,2024Q4,0,0.08951756609110192,V1
0x0a3ad417872942ecfc92d57db03030badc8972406af588158761e72289b5c381,2024Q4,0,0.11132432335613439,V1
0xa325d584041ea5ec44e9f4d8de4d2e058fa3ca80d89a5ebc0cbccdce87a651de,2024Q4,0,0.03632744734446515,V1
0x54414f64c75284767b43807332d67e7300a5e9dd1549c99443848416ab9ce63f,2024Q4,0,0.04390147411066203,V1
0x642fcb3aa23395cc587a7825a37694867f440cd71976849589041e2361fb5c86,2024Q4,0,0.04390147411066203,V1
0x13137815713e2549030a2cd576f14c4e0442a7794782bc0ecd392b2090edfc1c,2024Q4,0,0.04847169416582994,V1
0xcbf51fc68dba66dd5715fd69c9cf5abea1fd8634c8df380bf79eecf0a89d3e09,2024Q4,0,0.03844420636652797,V1
0x661a6d0e875ac492ff936bbe61b899ef0dd48f44936f33438720d484fdfcbc7e,2024Q4,0,0.041086202317229946,V1
0x208938ca6a4b6474fc1a9346b6415c69bca34854f27e232200dea09eb18d23aa,2024Q4,0,0.025199618390181817,V1
0x0a573d0d2e1f013707b2b6b5429b35db371fdb31f67909ed719abb381b1de6e1,2024Q4,1,0.9564646993325185,V1
0x1652ed7c8396de76eb1c18c202e75def313f836c8184f52ae4236ca26990f115,2024Q4,0,0.029420328301155995,V1
0x20eb5023dbcb09d0dda6fe89885b6951c33c3378cbfabfb6f584d3d0bc048a7a,2024Q4,0,0.024945833130081484,V1
0x7b101c49121dc1f4913b60c29f647802e15af05c10464686594098f3f73f8fce,2024Q4,0,0.041359767296561954,V1
0x02bc0bbff054877a08cdc4f9ccf4e7606804bc05c27f5faccf26c6e1666a5558,2024Q4,0,0.35683087630637245,V1
0xbe4f88565882170b13a66967bdad614a62c63b025e150e347d10553c58575287,2024Q4,1,0.9389581152872368,V1
0x1092f6af37037a3539947b2052eeffff3608e2b68926340cab146369d3d2aac9,2024Q4,0,0.5938429141610858,V1
0xbb01eefb24a38a9aa1921ec168d3049e7374b28a2540937d06b3ff2524d66627,2024Q4,1,0.31071193351829984,V1
0xab9e5e0621918f6d4d8cb0430cef4d16e8d964e8c10cda60fcb48673e1e8476f,2024Q4,0,0.057105711475741845,V1
0x052ff66bad8c4792750d1879c482d562eff17bfd1bb5c6fb278e07e9d44c459e,2024Q4,1,0.9574623681582534,V1
0xa0de93ceb5e777e92f1d0f2ce78fdf0ef14989f09b36d53736a01591a616c0ce,2024Q4,0,0.028930221355602723,V1
0xbb2169f3a18a62a9dd1af9a46f723bb39355c8ee1ea23badba3dc160a97409b2,2024Q4,0,0.02606386186152802,V1
0x536edf11e2966f157280f0def83fec67c215be63fe508a7128793dfc415d141b,2024Q4,1,0.7703810260783543,V1
0x29e7164544fd3c577bd2da5a9079ba388b1e4dcd6c52cb70bac4eb75abf00173,2024Q4,1,0.9131346347641455,V1
0x1ac42f552c368e9356a5442152f2248511719c161c62556532d15ec1df288047,2024Q4,0,0.02554191419240257,V1
0xa6e7131f295407c7f56304d6a368a3b98ec280e162bfb38537da392305b202cb,2024Q4,0,0.024945833130081484,V1
0x155cc0bfdc26383ddd4f6718de3839f5e987a7d1da74b8979363e9a96d0938d9,2024Q4,1,0.9561755727381199,V1
0x10223aa80307fa55f3e1d078f33fa42785d3082a7dfd47b64986efdbb4834231,2024Q4,1,0.9074851627286284,V1
0x05a16ffcfaa6948233c1cc448f87acddf1ea144597b424739dd4a2e07f397b04,2024Q4,0,0.02961861739053328,V1
0x4d848bab2da79b9ff7f2b2b0d9ddb048bb1fb47e9f782887f16e91d27de41279,2024Q4,1,0.8104165510758254,V1
0x7d9a43bd2690f796900680ad88d02134d4ba70761c19f2de9ea59c5b6f55830a,2024Q4,0,0.12962875751012934,V1
0x8f20ff6ed2ba1e234f35e701a50c274ffb64fdd8d621254d017db0445486ab79,2024Q4,0,0.24179347733597664,V1
0xdd2f4921a562fc4d18c0bde327d2a9315352a3ba4137656112b9b1770fd1f2a9,2024Q4,1,0.673916696104811,V1
0xe2a9262148bec59cde1581988431069d083faeee3361779c4b0aa265138f7c44,2024Q4,0,0.15949504004789536,V1
0x7606802127355512c8f8ff9c70ef27a2717a8554374d84452de4c7d28147338d,2024Q4,1,0.7823952475639369,V1
0x362dbc85c50dc05041b8f46f9e34c9d723bda4efaccc448342c23689e2a43993,2024Q4,0,0.31071193351829984,V1
0x8f97d034bbf01cd874af524cefc6d83deaa25373c1ab4545a81589a4d3d2b2a8,2024Q4,0,0.17893810786075748,V1
0x773f3ca26bdf685da92d2a8a701dd98e4e8b46e0b5366cf09aed9eb8fb6fc189,2024Q4,1,0.7579087314240147,V1
0x464970747ef4695bbf1d46757b122caa5b3fad410f8a79bcc773e6524b769835,2024Q4,0,0.02562819314263558,V1
0x4430403d54a2a79a2b3043294f943a4f2717dff024629cf4a3e73f0151fa0df5,2024Q4,0,0.06255288560749243,V1
0x70533a0b0b3dc473e897553ab369ec00aab1742a5c183561de6790db5cd4de6b,2024Q4,0,0.025199618390181817,V1
0xa7b4202e7b52aed7a7427e592d41618f7f8dcd66875842caf197d8e5b9f47d72,2024Q4,0,0.061147265488928425,V1
0x0f32d4d7167f073d9d903b91b48dfe08d2762e8b0a29e14e649bfef89512ce61,2024Q4,0,0.03364144659294739,V1
0xec759fdefb182af4237d9e42a7c715be7a4213afacb484ddc066290a0f84221f,2024Q4,0,0.032752902600176985,V1
0x910cc8289ec1fd98364e7338297d87e581af6feaa5fa12475e4d5c10cb7658b8,2024Q4,0,0.05349106420780313,V1
0x979cbb2e8d07cc08126c046b3a5fefadc73ff770389f46ca89dcd76de1e60ed7,2024Q4,0,0.03844420636652797,V1
0x63b1697d66131bce1b4d406599548bb6007671197a1596b6403335f2592a61f1,2024Q4,0,0.03364144659294739,V1
0xa10585d295fd84294c356b51e66d2e1babe1de48c42c1aec743d6a4a8965b68f,2024Q4,0,0.05349106420780313,V1
0x71636521d7c97d55c349b637390fb4497d4f8ce52529ddb6d9a4ff537069d063,2024Q4,1,0.0840341753547191,V1
0x9a8337f8f916283c359fd01452ed5d5e1e5e64f5287191b4f134f25fdc8e849a,2024Q4,0,0.057105711475741845,V1
0xd5fca9b9146866df0df3211bb9008d884a2648e3b15ca6ec51d4a5b50084d9d6,2024Q4,0,0.05009305964729043,V1
0x2e317c0dceb7b4ab2abe7c43f302b0253321f92a941709f871975799fd5a168b,2024Q4,0,0.028833154870287578,V1
0xd05a884bc246748d4c200eed230b0c44d13866ee65adb146b8bde020f3be5e9c,2024Q4,0,0.05349106420780313,V1
0x96f6fb6567b5938fc3c2e75f9829d7287340b9581a9c4817b8bc0aff82e1c45f,2024Q4,1,0.25470841981028647,V1
0xae43e53d8516dd644c2b294c6fcdc8b345e905352672c7f6cf1ebfee127d9409,2024Q4,1,0.6186208338088371,V1
0x2a1b9dbbe06dc0f6df7897c2154869a56bed24a2dc538b68b336e03b0c9625c6,2024Q4,0,0.05349106420780313,V1
0xe1565440a5643fb6fce8235617264fa18a24c1bafb4601f9c30aeb0134ac79a8,2024Q4,0,0.057105711475741845,V1
0x8263c57e320bac37676b2f3dadfe37c2c9243dde44c440531eb5b5fcc6b9c2bc,2024Q4,1,0.9045383669127257,V1
0xbee3dba85ba4622e2e1c215adcbdc8f012dc59f904c52ac539db7ad26b20b6d3,2024Q4,0,0.13358369512712334,V1
0x2a63e805241caa902acca7426f1fd5e643978676a8bfe39c6b329dcdcd537c96,2024Q4,1,0.12962875751012934,V1
0x3353f0005d273aa63e233aa107e71cf8d95744c6209e8e0c857d6555768190f2,2024Q4,0,0.028162484739650804,V1
0xbb958c943dab682a60d421effb917b6b66760905c23e58efd22699f278185444,2024Q4,0,0.026506735291666136,V1
0x78e20dcb15d578061a6df0c5014d66cc21244bad6848336f3513493c65cf09c1,2024Q4,0,0.06094888910418629,V1
0x007915eaf3a6c3c7f2c28a3f4984e257b69489defc4e2db834a1418ad9b433f6,2024Q4,0,0.04149720255797112,V1
0xcbecefa16a7a3531950c1b5f327a83ad0fdf448bea6f4ec7bc5b913f89ad3b05,2024Q4,0,0.026151856600499422,V1
0x08a131664f87229dbecab1af132999fff2f4da146c7e6c07423827996af5bdb0,2024Q4,0,0.032425578592055686,V1
0xb156f975ef4e42fc1c32bb838098adcb91fd88f4cd6be2004b95ad53540a7bb7,2024Q4,1,0.9584381675623226,V1
0x2b75971d9f62ff8adfd1b246b263cf41f6995eb06514c7b7adc77354d70d3b46,2024Q4,0,0.04390147411066203,V1
0xa7a031b137f7a4bbc90e82625a8421725344c5c602ab52622786c457238ce142,2024Q4,0,0.025199618390181817,V1
0xa457cf5d0184d3c4e68ff04e79357bd4dd5b68bdabd018855ef0ef1c790c7b76,2024Q4,0,0.025199618390181817,V1
0xe90fde5bbf32a779f5ad8cd47f890acd9f86b73e34e0f620698122052189a079,2024Q4,1,0.8951890492281906,V1
0xb17631413f217b33763f011a61990dd420f760af13bba6cdccd68c52b2b72d4e,2024Q4,1,0.8104165510758254,V1
0xac7162f96876ea602d984de6f9800b8a4b8a45897e798a7630d9e004ae5b9a0b,2024Q4,0,0.1376402150263012,V1
0xa059663a859bac52841660e1fc2ed3fc247f04f549e3fb306c531527a76514ea,2024Q4,0,0.024945833130081484,V1
0x2d75f221ec38a3c8a5c43507bc44e68073a69cc26e249afa37bf97d7dd207512,2024Q4,0,0.07163807975388312,V1
0x58798f2c10ec863168c5fe947323744562c404280427c7a47d196a875cf0e0c1,2024Q4,1,0.2057855153573246,V1
0x77ec24a85b85b8ef4e43974fa4299220365f50c3dbfc1be52a9c42e73c4d3bd9,2024Q4,0,0.025284771089024327,V1
0x9216286e80bbcd2c6fbb7a976666a945c87f7072733fcb0d1ffcb5a25655a81b,2024Q4,0,0.025455918117272908,V1
0x3bf616ac5ec8252bb7755bc5f686b5c3d22b6413e2f128a57a9dfddf5f024544,2024Q4,0,0.02624014041625531,V1
0xf4640cd41c414f694cd33e049e0c58092eea15bb7e463af0124695e46442742d,2024Q4,0,0.06503287108123802,V1
0x9f41292bea56c1a5671306d4285d1912af1a23e62bae6e58e6c0dc517cc98d46,2024Q4,1,0.8951890492281906,V1
0x8d2f66a4e6b5dafbfdd266b42a020cf88dcf21acdac6d6236ceec94580b4b502,2024Q4,0,0.025199618390181817,V1
0xa4c6117c3e921e491139cbebedb9c411ac39893c59ff8d16a7c74ea48d223dfd,2024Q4,0,0.06503287108123802,V1
0x6e4832d8bb73fa29bf29848a4687a379a2565a4ced2cb2c87b849fc51da4bcba,2024Q4,1,0.9348683341829784,V1
0x3ceadb2db8926fcc1e9f5b28d765ee20721f2aa9537bdb5d17f0fa2ab7cbd5cc,2024Q4,0,0.04390147411066203,V1
0xaf99acf92a4bb951c070b5de3ae11718f31d5478742fc4fb0101afb71e2ee3d8,2024Q4,1,0.673916696104811,V1
0xcf263497b4bd594b3eaf650de77df2483c3443a929e815a4bb8ce2b8cce50de1,2024Q4,1,0.08951756609110192,V1
0x3fbebb49ab61b4cc904734399d431326d5d5cd22b0bf985ab73a1d691483301e,2024Q4,0,0.04598070523486012,V1
0x1fc1e5595adab4d8160b2fe72cfed61131e3d5e61b5c334160d1729d7380ab16,2024Q4,0,0.02511474507498728,V1
0x61962c3f51c9c2e4f3885da88b70d3378a822830e42df02a19c7b035737515bc,2024Q4,0,0.025284771089024327,V1
0x20e2d5f8c92270e87a3f60672a67c649e781f9c2ab8b30055ce4e2fb48c458dd,2024Q4,0,0.025284771089024327,V1
0x2a3a29b57597777e5d2941c419716b02a7b8c43b5c19c4ac746ae2d9c720cbe1,2024Q4,0,0.030835833175918485,V1
0xe4a9b98237a29e778ac5717e3d29220bb2f0c0370e8e3436d4a277853556355f,2024Q4,0,0.03231717480167595,V1
0x3d31558105899ab4025075b92cfb127fae4be0e9644a6895466aa50e2de37e72,2024Q4,1,0.9409118181348044,V1
0x26ee82bee2493a302d21283cb578f7e2fff2dd15743854f53034d12420863b55,2024Q4,0,0.31817202940263134,V1
0xb96ef5b0b0175ed86de4df291a3ddb6a739f47d191eb3125f7e52352a6b35fd0,2024Q4,0,0.07885757801826244,V1
0x64491574bb603c1bcda36090a23d8401db5116cf7c48b4499e4ec44386d194d9,2024Q4,0,0.027692734073433964,V1
0x8abc1dbf73fec5af7107a682fdbecce4f4294afbd84fd4d857b103dd8a32f2ce,2024Q4,0,0.025199618390181817,V1
0x80cd2c45399e16f58d51f9b10a9b376880f1d4cc47caf14732fabc10698d8ee5,2024Q4,0,0.03718512051162498,V1
0xde869f771487aed89216a080b2279edc9de57735172f46d634643c0403e988f6,2024Q4,0,0.02677596424224726,V1
0x0cd78cbbc9196f363db2f4c6003504168526b7deaf3d1e79231d1c2ac97329ca,2024Q4,1,0.03974416495420961,V1
0xa97d2a617f66ceaf5545e90e4c4f8ddc1bfefc094f1f3739bccfa9c6da226dbd,2024Q4,0,0.2960854634838665,V1
0x964af551780a10a7a7be4cba2e441126830b18b831387f9b8006b3ff2371e744,2024Q4,0,0.024945833130081484,V1
0x75a2069d3e28f00038593fe783c22ffa703a24da723e04cd10228fe37cff83f4,2024Q4,0,0.02554191419240257,V1
0x7e58abd89b04a34b4a066d94c0bcf53cf0c7ccd9f568c6c1a339d996bce6356a,2024Q4,1,0.5770461260289087,V1
0x3376277f95016b046ccc398942605382ebce0673ca2934c0732f61ace19ccd06,2024Q4,0,0.025284771089024327,V1
0x6b01f79ee5ada0a16f0a967c0e857490e99669373c04ba8439b7e9723d58e031,2024Q4,0,0.03156809926434731,V1
0xb89013825a38d14f0a5b7edf6b8e5c5573e6d037e6801c4a8c1143461fc67476,2024Q4,0,0.02704785177382006,V1
0x6231a19e509cec71b551bcf2a94692fbab48d7458d247752070abf1279ea2797,2024Q4,0,0.025455918117272908,V1
0x4ed3add94cc122aade943eb59d747bcfdc5068961ba27f1c2b1c4d1ff21d2dc1,2024Q4,0,0.06094888910418629,V1
0x2958ab412d90fe9b74e75070bd96f39e742a879e9b1119d71c14441bafb038b6,2024Q4,0,0.76420189306905,V1
0xd611b44739cc5d52c4f95592606693644ec03208ccb35b293d6ee427b5cbde74,2024Q4,0,0.032752902600176985,V1
0xdc8391521f8ddad9dac60dc32ffeb7d1f78c707b241ceb4b383066e4d31595a8,2024Q4,0,0.5938429141610858,V1
0xb7f3ededaacf495c69cce22c7bdf33982aa38912c5d6741c6e4f067a62d54188,2024Q4,0,0.024945833130081484,V1
0x624d5fed5c4d89d4375f95c003c6bb9475f549f834ef9f96891a24e069ced66c,2024Q4,1,0.13358369512712334,V1
0xd98db52e63443f7de6a09f565afc2151dd1d987ac9b18bd04cc7b83e313760ed,2024Q4,1,0.39744883272500087,V1
0xbb305c42ba05793143796f32a6730b9d69aacad4b16ff3485c9eff2fbb6b6a52,2024Q4,0,0.025199618390181817,V1
0xdb337d0ed13628638d0b3491e58823aadeeae46d81a105b024f565d187dc74ae,2024Q4,0,0.02511474507498728,V1
0x7e259b91e51dd0633d720f8bc013b90e432c51a933d28c7a4365feb1052a0197,2024Q4,0,0.02511474507498728,V1
0x1671be06cac91668fb1eb1d508401125277c2696a16497caedd19e30fd49150d,2024Q4,0,0.025284771089024327,V1
0x1e7a237f7852453254324f57cd5b74288e116b642ce686250c84c6aba7bc368f,2024Q4,1,0.9608499657501681,V1
0xb3c778bc132209002f9fca88f6fa5628cc49dc4f5a5c8e5fd789c44ee6638ad1,2024Q4,0,0.02554191419240257,V1
0xf0ef01f6dcd75e81e01b3fe0aef153f14b744b2bc1382a8decc9d3a108ed3b56,2024Q4,0,0.025030150276486637,V1
0x7050f3cffaa3edcdc37d11a976a4af2f265e0fb733607bbac5e8078a24baa6f9,2024Q4,0,0.025030150276486637,V1
0x2b2adc09a565888f963cb763040ff017ccce16333bcf0dacea8d5b99b578207e,2024Q4,0,0.024945833130081484,V1
0xf25002593455b527f4234c40093978a0e2b7e3343d1cd07bb497fc83e6152dd5,2024Q4,0,0.024945833130081484,V1
0x9cb4e70a1ea05eac5e9caabee8e8a016d4a7dc73ff3e17287541d66d521a9470,2024Q4,0,0.025284771089024327,V1
0x09dc50e3b81889dcb77a98472be329edf347e84ea66071959f3126c87f479093,2024Q4,0,0.024945833130081484,V1
0xbd8453c929494fd630e082ab8d0a449f34d39bf0e5ec121ba83ac963a84a974f,2024Q4,0,0.024945833130081484,V1
0x426e4a6c280ff563c54bb0111006fb4f80d98473e70986f39274e6b8e33b2df3,2024Q4,0,0.024945833130081484,V1
0x032fdecdd447cd46d01f31a8946265ed30158b643226926b0960ec3e27b09f8e,2024Q4,0,0.025030150276486637,V1
0xf95ad26ecb5c2b198ffd9170920c5c7af3421946defeae0ce2a57b2bfd8dc516,2024Q4,0,0.025030150276486637,V1
0x1856330daa03470c528752c1c10c1f5300e78fa808a93be29317fdcc4a791a9d,2024Q4,0,0.025030150276486637,V1
0xead8e3e869421d90a3e3c3ea6c474aaf1cd3a832a2c6a62ae45d2536fbc0e2d3,2024Q4,0,0.025284771089024327,V1
0x1328e81691c0fc8e60fdbea018fe05846aa6ce07376f6894bda2917c2d038a10,2024Q4,0,0.024945833130081484,V1
0x66b94e1c9c7b7d77465b2114bfd4ba6939de2c4795a843b3d148ae6bb79b5788,2024Q4,0,0.02686629680572151,V1
0x3a5d8047acd8aa377956e65bd40bfafd47ff6d528559b22530fb3822bc1afbbe,2024Q4,0,0.024945833130081484,V1
0xb685671ec5f12410f48006fad1ec60fa1a1e19f3a5ba09a81ab45b026821252d,2024Q4,0,0.024945833130081484,V1
0x71da2bbc04a7eae0d8ef739c17025d85917c0ea7db07646b6400a4f6ccb9f304,2024Q4,0,0.03032288234359514,V1
0xa11a9c66032cbe8c607bf1b21591f65dfee9d5eb65d73cc8ad5009c1f9826fa3,2024Q4,1,0.9524035421439766,V1
0x004e19d419d05dd366793689ce2af457d51bc921d9da4af867de09f0864a4305,2024Q4,0,0.025801603185967553,V1
0xde507497bdd5d63090dfd8e6e29167216c66576bf8d029d87c99bef4e357c696,2024Q4,0,0.02511474507498728,V1
0xc5a29d7da91c765c5b8b45dc5f86147558ad0d16bb18e7ca14a74e3b5e3ebf9a,2024Q4,0,0.027414546777665784,V1
0x378c1a4dd829a4407e59513089bce961cb21e45d5b6e7d99114da332862a1d44,2024Q4,0,0.02562819314263558,V1
0x762ce8ded160554d3c42f11ea89eda0522e7f8e851ae5ea1ba328d66e2235cea,2024Q4,0,0.025455918117272908,V1
0x07faaf60d74c220019196a1d49b3c0ca4578444a0be2b001de6ee4480a74ebf5,2024Q4,0,0.025801603185967553,V1
0x9fce1292bea6748addd9a96632ab7455f64028671816e964a692686573079574,2024Q4,0,0.025801603185967553,V1
0x2efa6f490f03e75f573d2c4a90bf24e71fa6db5878ca09fd3b6698e3d4a293b4,2024Q4,0,0.026151856600499422,V1
0xebd09819ef04d3d8c255e4012c96bb7d4e37315d0b96e8d9ec82c1ad010799d4,2024Q4,0,0.025455918117272908,V1
0xc5db10fafffb5283a093c435ce617a61f0127e3a24a57419e7d25550c6b8df38,2024Q4,0,0.025801603185967553,V1
0x6e7b4cd6d04206dfdc4080a06de9a3eaef66116b7caf2a7ad7f42d71b8dd1bfd,2024Q4,0,0.02562819314263558,V1
0x8fc5b2e674501fe2b32026ab27809cc8e59824f3c4ff88ea0f36bcd50e94959a,2024Q4,0,0.02686629680572151,V1
0x57d84abe570ed54c362a54e5a77489fa051c3e0d0cdfeae36148e244668bf403,2024Q4,1,0.9625077264026476,V1
0x1bf009231937cd876608131b4d168189825e2ad642b08ab472663948fef65cef,2024Q4,0,0.024945833130081484,V1
0x3e65bcc5712f6b581dc8a24de10cf8143b567d5739abedd8043f85f3cc1a8392,2024Q4,1,0.9626324147760903,V1
0x02907c864d97466515cb46f5a738409b12a4569154fa62328f56555891804557,2024Q4,0,0.02641757886268536,V1
0xf29303f912db3223d9fb0945192ae67ab519ad0d6fa85288c6f82fde6d3afdea,2024Q4,0,0.025284771089024327,V1
0x0f99544f8db2651fdafb79636924b4d9ec73c9b61d77a9e56f467c6b0c932c3d,2024Q4,1,0.9614957276371175,V1
0x2c843616fdd03f36785122aafd5e2b70bffe27e1e15fdbfe4d5b44f689b66388,2024Q4,0,0.02571475584676589,V1
0x43419b262b7a6e795bd1432b369153a0dbdad5625678bd3e21664eb50dc3ea19,2024Q4,1,0.9626324147760903,V1
0xdf0a624463f35cf29a159f8c377de5750b15fd7c162ee64c3f69d8c852d05dc9,2024Q4,0,0.025801603185967553,V1
0x54a1d0da9b18ac0dd1b1ae10fad2eb782427733e4ad2f14f190b979bbb5c7d65,2024Q4,1,0.9626324147760903,V1
0x5ded9ba6b490fe08251a99734ad3eb396ba2daeb5c81af6f3fe91926b1d4af3d,2024Q4,0,0.029818201863684998,V1
0xacb222d877953d15539b66743500d421db46c7e3b9bb429007489c25f23f3fad,2024Q4,0,0.02554191419240257,V1
0xb36d9c4fb1fac427ee93c27730c7c2b88c8e6000c7ff693bbcab68458b658f6c,2024Q4,0,0.02511474507498728,V1
0xc4502bfced0566b1366dd23dc250dca62b40660ca7f01a46310e68ee6e52ea6b,2024Q4,1,0.9626324147760903,V1
0x87d67272f0ce1bb0d80ba12a1ab79287b2a235a5f361f5bcbc06ea0ce34e61c5,2024Q4,1,0.9623826382269822,V1
0x68ff092a4ea332946bc7ca59efc2b2a56bb702fd0d85d02ba883d29d7fdc5f2e,2024Q4,1,0.9210243994309888,V1
0x40802562d59f370cc95cd842fde20462fcb627cb275d418fac2e984762f037a2,2024Q4,1,0.9612386590577575,V1
0x702abe9529336493889acfd656d5169f0aebd96f97d3afc4a8c7a3a5cf71ae7e,2024Q4,0,0.0483123242493716,V1
0x3e2ecf07bf051d63ea9b9e851eadf79d7da21265bf967c406c70ec10eaf1b0ec,2024Q4,0,0.025455918117272908,V1
0xea7edb8353693d246fe8f3988d1140f8abe8743d413c52669031ea5be8e1eacd,2024Q4,0,0.027414546777665784,V1
0x394851952cb613c24a24b9eb695b828617545a40b4c0013ddc16222ea68561f8,2024Q4,0,0.02641757886268536,V1
0xc6ec0ec408dbc30a17be606b95d2c81c526fc7490a636eb44970bf77fbe3d6ae,2024Q4,0,0.024945833130081484,V1
0x6a539d6b727716a683def53c8ace5f876a2b01b4fd4b74675a89e4c4ed9788e5,2024Q4,0,0.025370204040828754,V1
0x2151f3bb327741f78fb775e5b5e94c6d0aa3293e35faf1d59cb71fc6826b4d13,2024Q4,0,0.024945833130081484,V1
0xfcfdbdff911d7cc90d6942d8493b378a9b8997f2a9698208d9d1429f683f622b,2024Q4,0,0.024945833130081484,V1
0xb88b4e226ed108c28835808fbd12a1900a73b3151963c862ed64e99505c436e6,2024Q4,0,0.03052706319893585,V1
0x1f1d2d92a31adf9f9f4691d61549e6a98af1e3eb2a6f99e2ebfeaa657ecb03af,2024Q4,0,0.02554191419240257,V1
0xa878d4d9d33570431c88195318461c708a2734a51facfd515fceddce8739cc45,2024Q4,1,0.9464266701229441,V1
0x5c9490cd2121384ebb7a08b0aed1fa9a5239d98096d91b4bd6827c47c94951b2,2024Q4,1,0.9597950894957966,V1
0x8a2ae5fe3795afdd425c93105915391ca4a3778e6940970900524ea0166dfab0,2024Q4,0,0.02554191419240257,V1
0xc0cd9248d65fdc84719c2dd5b386651bfb888cfae1f91c11ec39c3382daac301,2024Q4,0,0.02641757886268536,V1
0x7949174f6cb3b0781fbd1a63a51fb7d2e72ac2d7cff1628f2c62477b64734bff,2024Q4,1,0.9626324147760903,V1
0x9ce4ce441b98560634b67589135dac0034a45edaacf13455c9add1ddbb6b7dec,2024Q4,0,0.02641757886268536,V1
0x2dee7133255484468b06465e9de2ef3efeab7b0ba6e58ce0a965f73a24e134b1,2024Q4,0,0.02677596424224726,V1
0x61075b95e0441d8d7248f6e206d4c6efc511020565ce96f8b92435fbfb0df7e2,2024Q4,0,0.028543847794539553,V1
0x656039df275062de2a439710a4aa0671328511c447630d3f05e4f35d6f1cc049,2025Q1,0,0.022671374381953848,V1
0x4150752d0efc99377d7388908724cb79e8423768414af7e4a4ee857ac28ef8e3,2025Q1,1,0.9779108840686895,V1
0xaf4981a6163fa1e63a06cb549d30da97b3b80e5ea10a408340a977c4691ce0a9,2025Q1,0,0.05628143872766282,V1
0x026bd42df2b17550ad5edceb43f95553b254deb94571905c5338cb3dc5a801ab,2025Q1,0,0.043460430021543824,V1
0x87ea3f7c908e2ada980dd88221c7d02f756a56749f24089afb6e674d024c8e49,2025Q1,1,0.17136306536574644,V1
0xc87eefa985446d46cd4251c089e120d6583f532df43d2f6a277b5c253097be8e,2025Q1,0,0.022844214331417145,V1
0x57858d7b061a48238bf51d254f40279a1244e12ba08cc7c3c30a99f668a7102f,2025Q1,0,0.02310588956118267,V1
0xd1e760f57415093db2e8378b79fe37ec8dc9ad09ee57f6f0cdc2468ae29fea23,2025Q1,1,0.9807389883825831,V1
0x380f7150652303197abdd7cebd9cfd188d4c34bf0d74dc8e0985010d23182a53,2025Q1,0,0.022329518295289404,V1
0xdd8f6ee8450f775642b7982bba551d112057a4585468012a0f0e12e42c5c50ed,2025Q1,0,0.022671374381953848,V1
0x5af55bec4d5a0b1fb4638a819a1532e2338a82bb432499314f70fb564110273c,2025Q1,0,0.02293111623114387,V1
0x0e85e94301db0e38e25f0650ab649c3a4485b5fc9734a8b6abf3d0da0ee6dd55,2025Q1,1,0.1826820451234062,V1
0xc59e9fb081b5c3397ce2d66108d497c787f731768b7f32bbe86b5ff2fdb453ed,2025Q1,0,0.028347595995077874,V1
0xc7b2e5c8d4a18e064af2fc9f59a12e211b7e9a4370215069d0b482e1af81a9b7,2025Q1,1,0.63673220169783,V1
0x84d3f50aed81bd7e414e0e9f86f07b9ca439c4d672d7141562f9ff3dfe740b10,2025Q1,0,0.06055446750505168,V1
0x16b33145d31ee3b79dbebaaf7d8b8a15befb6f4f6e31793ef73a0ecfd06157d8,2025Q1,0,0.023370490531537755,V1
0x208af01cb24712bc18c8ba0a387d34b3c210f431641061c760ff4394213f6d89,2025Q1,1,0.5907138958165173,V1
0x223433f5748810af91f2548aa48407a904e249cc2f8bf9622f802fd5760ab0bb,2025Q1,0,0.027503785269515118,V1
0x21559998482bf5dfbcaf0f5409edd34eebd84c8998df622f9da8ff1e1f248a26,2025Q1,0,0.022844214331417145,V1
0x25b04c45b7cf9ec42e4b2f1ebd92fcb15c4aecab83d76654faf74409d01553a6,2025Q1,1,0.980293595861589,V1
0x9c23652df72861fe7fc5e697e11f0084290c7d457e201d5e7bfcdfab36eb3b69,2025Q1,0,0.1071667499590888,V1
0x9fd9c502d56f98e4646c7ce5fcbb6cf1c5c15f5b6ccc1474bf71d3cc889b47ce,2025Q1,0,0.08681464110484481,V1
0xc3d4155148681756bfe67bb41d8d0882a8a122e7d3762b3591bf6598c9bd198b,2025Q1,1,0.9808852480499543,V1
0xcde81adc8f07ce43f0287684a259ac4a6b3612a73c71c0247c6bc8b2bc97a691,2025Q1,1,0.16060759548065093,V1
0x0ba6d0a2f35fbb9a38aaee50b4a44b21093f4da96a2c3a3b49704b488a6b6b20,2025Q1,1,0.1826820451234062,V1
0xf4078ddd084c8979c81f1ac4674d5e846b87a13b7f568bdd402296181e83b4d9,2025Q1,0,0.029216516921207122,V1
0xcb1745eeb2d414a6865e6dd69b9d648e6596c67ff92c778c1eed6b0b43d27055,2025Q1,1,0.16060759548065093,V1
0xccece58bebd2d498802da6e5dec1251bf9529eca4cfce7d43abd39ecd7ab4cd3,2025Q1,0,0.028778874385776882,V1
0x296c9bdd15f0d09806f025b146dd14fe27f6ef624b83c5302f47a980669633c0,2025Q1,0,0.025403292246588632,V1
0x8cbab07bd6b0401bdbfaf494cb9610212c8dc2443e392a0db865d4e8eb3c51b3,2025Q1,0,0.022244844361640714,V1
0xc5bb8aabf50ca7230c63be0a900fe0ac4018f36ab6dd0aeebd9e59beaf08c415,2025Q1,1,0.9809579689647109,V1
0xa2c684ca2658fc7adf1e7b4fbae6e3e36836cfcc00dbeeb691b802c3fc0f6251,2025Q1,0,0.02310588956118267,V1
0xe20ccccd24a2cb5b16a649b7843502672c8c6ab3b8982614487fe87340e16c30,2025Q1,0,0.023018340927838662,V1
0xcc5a06c3b79f72f1abfd6bb4e360f627180fcb723a42f273ee625c4d6e65d241,2025Q1,0,0.02598695561759525,V1
0xb08d4306dc14f563528a231a177d7888b44e2d09274cac65331c37f53fac6bf2,2025Q1,0,0.023999445703563237,V1
0xf48f79d8e60ab1efa76e53bec8c005611bfdc097cc0e51dc2f612709c04f5acf,2025Q1,0,0.024738478895066758,V1
0x7883a3c40bb01cbd3b9ec9e3b73d75af705e300c9369f27178739cf3f4fa089a,2025Q1,0,0.022329518295289404,V1
0x64123306a517e078fa636231a9cc9339a46bcfe3fadf62c92fdb031881c5d0d8,2025Q1,0,0.022329518295289404,V1
0x4e0f29885709d63bfcff29e80f4a8df1da9e97906ba9e21577b46a70858d8e06,2025Q1,1,0.9790559699843568,V1
0xe00794dfbf7c8cbe606e335f542a22f1f1a1f6e40d4061fb5d3598e88f27fe2b,2025Q1,0,0.043460430021543824,V1
0x04e07c6085d96ecc1ac7568d6cb640f09e4d300a25afc763b67f15d8f2c8597c,2025Q1,0,0.022329518295289404,V1
0xee713b962d078edd60cc379ddeba60fb7762a95f667b3605b5eec187b638acf5,2025Q1,1,0.927100631311506,V1
0xb146887546d8b19d236f10c247baa0c3fef5d6ca242b24b0ed3b66b857cdc71c,2025Q1,0,0.06280313945010238,V1
0x4b87cba72865218e48cbe7c0ebf4f878132a2014e4507693aef2a84304562679,2025Q1,0,0.02310588956118267,V1
0x32f8d40aaacb6b8b94395555d1e82ee75a84ba5e62e15ab2966b78b5e2f332a4,2025Q1,0,0.02216048423515324,V1
0x3948e6d65eec7e90e355e35c8a808852bcebfe4ae90325721298cfb8f4c32ca4,2025Q1,0,0.4491020009605983,V1
0xfd3af5c93893b1cf117c28e4e8b1d91eca4c69649ec4e8dd62445667047ad9b0,2025Q1,0,0.02216048423515324,V1
0x0e923e93a9174928f1de00c93969b45e2215beb9823ac26e0640b5786d2bbe6a,2025Q1,0,0.023818078291133093,V1
0x7cd2a039b83b68941d2c7a07978ab90fa4c436350330b02ab6b96de9b4dadf33,2025Q1,1,0.9814594728230229,V1
0xa04150f69e6b4b0faad54b940a0e4d65744722ea254597c75578ecaa96d1a5ea,2025Q1,0,0.023370490531537755,V1
0xac51c43100e1aaf4968aa61fe72eb320dd308959dc6a7a14a6f3ebe758e7f88d,2025Q1,0,0.023999445703563237,V1
0x46cf194239f2bed4a4e74782ececd7babc45b9dbcaef362614454f420acef630,2025Q1,0,0.02216048423515324,V1
0x31792ceadf2e3fd57044a567a20001feb4c4e0ef2523d43528bcae99f082066e,2025Q1,0,0.02216048423515324,V1
0x95fabd1ca23b5f19bae851b9aa3aeee577caa7b86e5176929b4702875ce5818c,2025Q1,0,0.02216048423515324,V1
0x95004eac4e3693485f79d46c48f3bda9c848643a00767d41c6b43fac22ac376d,2025Q1,0,0.02216048423515324,V1
0x291fdff65865b39477b7fdad7a8cffb89dfc9387ee65e65b403a9f9dcc2d2bc4,2025Q1,0,0.02216048423515324,V1
0xe41df5757b4888e22f0f3ef70757dd4ff5d8099610c1150bbb20e9b59fdd61f3,2025Q1,1,0.9816003640900023,V1
0x8f3a5a7a725e2e60aac0c59e50c9f2c6b5c1b22164696a71320d275234c742ce,2025Q1,0,0.02216048423515324,V1
0x4216ea4eec58946ea322cdf9e7d407e8e6f6793190aca3b2954bebf164b2411d,2025Q1,0,0.02216048423515324,V1
0x0d6e93bb2d55968edbbd7355d00cc1c5749cddae0d526c1f8e6bdb55ace99900,2025Q1,0,0.02216048423515324,V1
0x148b1fdae92ad9556d0e7d675d1c4a4688336615a81c476841854c8390afbaa0,2025Q1,0,0.02216048423515324,V1
0x66a86bed2460bb982e1a9a22d111b08bea41349423ef9e8669570e488cf96de0,2025Q1,0,0.03103250137460289,V1
0x5d4e8d237be6d11bb1c5630e41309a25620ed5c649772d9a26ae895beaa724dc,2025Q1,0,0.02216048423515324,V1
0x12079c9217d2b98163da06d561f17c4938cc81cd7d82d066855b97331b9b9c24,2025Q1,0,0.02216048423515324,V1
0xe05a262633ef0c31792b22f77906c539a0d9437ab7196dc0bc565539b7f6bdcd,2025Q1,0,0.02216048423515324,V1
0x117e99b2f41a10df9e5d1df85e05f96fac445976ab5da2cf2ec968660bb281ae,2025Q1,0,0.02216048423515324,V1
0x3f008ca09147ae7da60bd7ed135f7e9c1a92459ae74253c3f2b897bb31ce5062,2025Q1,0,0.02216048423515324,V1
0x8fbfd38766cc418ffd335752fb2c4214cbd53f7940f3eb859e2272dc7d2a5ade,2025Q1,1,0.9805916317290768,V1
0x2e52a72e036adfba7577a3f04f08b4b49e379a66837760bc567504b8ea88a759,2025Q1,1,0.7512378429287546,V1
0x61688b20d65af6b5d476ba6f10679b64b3373a0e2c59fd0959b38758a8e43a99,2025Q1,0,0.02216048423515324,V1
0x5d3043a139333b19234315dee7abe7543109c7a423ee0c98990e7eb28da2571f,2025Q1,0,0.02216048423515324,V1
0x51f5cc47c2f0b706cd4981e84d1197460d0d662270e27b2f68e91fd515e3a875,2025Q1,0,0.022244844361640714,V1
0xe6d2c502694c4358abdd310107bc744f7a4a9d5e6d877c3dcb3e866832ccf1a2,2025Q1,0,0.02275763409254099,V1
0x0dfc286abc4e61acf80284882330e7f6a20ff8e5f4fff757912349c5f7d298ac,2025Q1,1,0.9816003640900023,V1
0xbb16299bea1f4e02a1b00ddf4478c581ba1c7df9aeab700c60a3daf5343caf64,2025Q1,1,0.9814594728230229,V1
0x2644f05ebe450b8742094a85903ac9c3f402e6ba00c788a8f52c922281b50460,2025Q1,0,0.02241450714748778,V1
0xec062773d9bcb38e22d673402ea20e895c764e0f85d8691c541fa896812c1948,2025Q1,0,0.4176246703088959,V1
0x039b490964fb1224c7bccc8d62cad1e0a9dbd676973bf4f110b7fe8f9f2742e5,2025Q1,0,0.08084803420744241,V1
0x350401bb1fb8db6dd486595f9e47c0ef93a1fe5e3d6c646ad3916c9d2f8572c4,2025Q1,0,0.023908594231773928,V1
0xa150197de5a281de4086049e1974367999ae867e6c67c00459c7a7e648586780,2025Q1,0,0.1071667499590888,V1
0x29c8baf6d19bfc4671350d84c9de7410a0026daf651daf7d2168e1f3c898b383,2025Q1,0,0.022499812033133726,V1
0x8f40d01bba5ef204437e11663ae8c40af0f613e816d1b86978806fe3e0b3a903,2025Q1,0,0.02216048423515324,V1
0x806f7abef2f183ab5557e6996adc91b2c3dae3286d00a4efb38b2a05ebb124ce,2025Q1,1,0.5314573728185122,V1
0x78fcd6edb2892a1b46da7b0919f4d2d05a7b037d0f46ee465415ea8c4d1c1347,2025Q1,1,0.7210733170277558,V1
0x937b00af36c37c4f0a627bfa522c5aa677d661588851b368715af2e58bb1b20f,2025Q1,0,0.02598695561759525,V1
0xbfd324657c4d104733f50a1ac04437cab025bcf63868e82b87a2cddbe1b25903,2025Q1,0,0.02216048423515324,V1
0x1e96d97deb425994b88fc71e7ed335c9f64fe9bd674b0070dcade07b535c955e,2025Q1,0,0.024274025117969517,V1
0x4411688b128d9652bbad80a99ad722b63e47b4cabd0982f42510971744587c06,2025Q1,0,0.025307264220698327,V1
0x1921202aa3f884b9c562a244f1e58417d93c9315e6768d27768eb3b2abc2c95b,2025Q1,1,0.9742917877524608,V1
0x59de7d7484f77cefa3f1ad25c1638222db44b927e85c3e324ea0c45594695600,2025Q1,0,0.02867046155946199,V1
0x40ea3197c420060b496893c32d8329cbe983cfd0e5b8e101ce4668314739bb66,2025Q1,0,0.022329518295289404,V1
0xcb091b62f4d383e6a351630c099d565927c19b3d213ffc323d2e404ec9672530,2025Q1,0,0.039448829972359205,V1
0x3aeb2e9ec69a0d5638e91175027a462b48623aca0c31cde6f696ba1a1043263a,2025Q1,0,0.02483240365977472,V1
0xfac2af4b0dd00903861de0d99be87c71c9f45824e002fef274677c9f3fd4051c,2025Q1,0,0.02216048423515324,V1
0xba3e7e0ef13d5a888b976cf79a341620e5a59b120875ed28f87b6d0f2d6db7ff,2025Q1,0,0.02216048423515324,V1
0xcce535ee3d3b54b4f67165ccfa0a60195ff155afdc51db66c6d5f7d4af0f29a8,2025Q1,0,0.02216048423515324,V1
0x3f56bae1879b7336e2e77fd2955557216cd305cff2481844e799050b364a3ef8,2025Q1,0,0.030799661355803316,V1
0xbcb70e357694345bcd6b1a2c7c999a352843b6044f3d36dd494ac18661c25ef8,2025Q1,0,0.028996894667536886,V1
0x1eaf199539629acaedafc165a72d556757babf5f896bd1fce1c9b2247e9f94fc,2025Q1,0,0.022499812033133726,V1
0xff9fc7e6239b4d92f24d9100f3b1415dfcbb34ec15afcdcc4359692b0517e20e,2025Q1,1,0.5622607919384678,V1
0x2e9e4aa4480a3b1f4671ff8ae6f6f4c254f26056138180c61cc78a9231e9ad7b,2025Q1,0,0.0301112469352829,V1
0x9203212d0b10814e22dc330443cbdf57c5cb9401e2cc1befd8d22aea679a7d87,2025Q1,0,0.02216048423515324,V1
0xf4c062740bed86e48b44177aae609c9c76e44cba5318aba240b94066939b672b,2025Q1,0,0.02216048423515324,V1
0x546ec332d630a9cd6f2d93d132d2f38b860dd54d682213bb84fd45938e56b292,2025Q1,1,0.8107590368505773,V1
0xe1aaecf13ff5e25332f4b5bf9a6109724722d54c1e43462ad3cc962d373b27e4,2025Q1,0,0.02275763409254099,V1
0x8d762b96d3a92f61823a593e64ec6cd2287f4671a25a1a4824961d5ba8bcf5a0,2025Q1,0,0.022499812033133726,V1
0x37e6c1227c1ee562cbd906099dadbd658ddca8cdb9730736857b4d82701c6393,2025Q1,1,0.9721668021953795,V1
0x6edda3512ecf43002ea175e0af667868979a83994111a6103d845b4df5f88ba6,2025Q1,0,0.02216048423515324,V1
0x51110ae62047b920af6e69c02d916564e6930a5a3b20753d3d1532087ad7b958,2025Q1,0,0.02216048423515324,V1
0xd9ce9f9f9b9c193c06b8fbab9284a3b5de28570ba21333df27138c60af1ce24a,2025Q1,0,0.02216048423515324,V1
0xb7faecd2db357e4634fe87ef9bb48b4e1305cd618276d730b73190662fe6bafd,2025Q1,1,0.9721668021953795,V1
0x027fb2d0015f7fbae58491502e906948373c88cd49dc90f0d36c1e692644e42e,2025Q1,0,0.023908594231773928,V1
0x87c91c07f3f83b6a52d816d8e95d3be0c1040857e9d2949d67302a0288f181ef,2025Q1,0,0.025693510347872574,V1
0xf1add3bfd3810102a76d4bf68ca09ab7a2c82dc299caef3f88ce4818d5668b8e,2025Q1,0,0.022244844361640714,V1
0x557da4819e732f2d2d4a7fb469bca4bd8be40b2a9782b5e2c8ae2a4c17a0bf72,2025Q1,0,0.02216048423515324,V1
0xaf1a2b4ccf8b92efc3710b5d3bb263aa28c9ecf4858abb6c73047c1c0d7b9416,2025Q1,0,0.052679647551884916,V1
0x452ed4a3bc0e84654e05e485bdb28058237f1185d3f6103e9fb548789eb2ce46,2025Q1,0,0.02216048423515324,V1
0xd68f141aff610df79e579ad93c223cd1771d69ab0a42d33ce5013bbbe7a43934,2025Q1,0,0.02588877986990519,V1
0x5f060d4e55f2bff3b50212beb080beaf6623e440b096aa60301d49b61cf82cfb,2025Q1,0,0.0931769470262961,V1
0x8958c6464359ba927b09a2f03663a6f450e2f1eeae66edadc697a541d73bd458,2025Q1,0,0.022329518295289404,V1
0x20a59e7c724fe4fd79b0797d17b03175ffcf79866c1e712e50a920fa90cdda76,2025Q1,0,0.023638048303981408,V1
0x699480773de935bcc4c9b5e30867cce59eb1af43f9a94112e040ffa50df7ce44,2025Q1,0,0.022244844361640714,V1
0x3c870b5c93e1aa670cc421019a8317af0dff7ed2bc13576b3186a4b52f589b18,2025Q1,0,0.05628143872766282,V1
0x6c6bc563118e43e33b42b512d6150b8130eadf9f6aa3ef3a216fa28d86e63d40,2025Q1,0,0.02258543407064238,V1
0x2fe4ed68e57b25915aef3571ddd6bb4c2985fded0e2d0e2210483dfa6a756d2c,2025Q1,1,0.9816003640900023,V1
0x7c25cfe207398e1099aafe12fa163d2b53d4a89de4a61f7962c78258e7260697,2025Q1,0,0.02293111623114387,V1
0xd008cd1470934fb24806d2c48bb07ef76814932ab14ca97092503b885a31057f,2025Q1,0,0.04411119584570554,V1
0xfb178547e84095b4a312392a4d703268f372935daec86e5795305db424c3ab00,2025Q1,0,0.04857294233219323,V1
0xd69aabaec949a0fbd1aa98f6bdc557d90469c0bed5fe516b7c48021481f00277,2025Q1,0,0.02418215996178812,V1
0x939643150756c693fa321aa8dc30bafd44ca71d608ee11ef66941688e63fb6f5,2025Q1,0,0.041873382004736004,V1
0x92ebb98c37641b8f37ba7d8f86eca57b026ea5f050b9216be12ddacfd7e34537,2025Q1,0,0.14074120109077906,V1
0x6104608801f44f9a32275c9a9bbe044414a64956000a1177362be5ef27e5ac44,2025Q1,1,0.956353241640407,V1
0x92c8f35025c635906c6801d49329290ff78d88b590cb20ac375d3ccd9be2a6f5,2025Q1,0,0.5237095224962294,V1
0xf5a756ef898f9fa858d8710a63f4aa16b4d3c4d2fff27afae1d1ed329620eed7,2025Q1,0,0.05628143872766282,V1
0x8352897596d350e6946fe1ee342e692c7d02ab81632761edcc90f82ff21cf1ae,2025Q1,0,0.02216048423515324,V1
0x6d278d07154de8765c96a5e0c12cea5bfb31ebf52f843ad9d406bf59ead66fad,2025Q1,0,0.02328196321440734,V1
0xed85b5d16739e076cd5cc3a705467df14abc2f23d1b16ae26cd660e8e0b38c54,2025Q1,1,0.0752577058591307,V1
0xef5604329fee713a68f4faa9d3014614c7486525864a11f2ebb054179a0c362e,2025Q1,1,0.9796065247922696,V1
0xeed6da09683149b433aeb802bd8d3f78a6b6d8799fa75bd0d73c3f87c6b2b592,2025Q1,0,0.024366230544806026,V1
0x5dbbf4cbb4cbca7c5967bfe92c0bd1667ac508fecb1e548c01def1a8cb43ea53,2025Q1,0,0.022329518295289404,V1
0xf7050a33a8444389ef1800e4476b43a987ff72668be0b616a4b457f5ba944a00,2025Q1,0,0.022329518295289404,V1
0x31b00298fd4222286461c326fd60bc47caee6ee112e19975442469071ce69d52,2025Q1,0,0.45584065073768937,V1
0xe8cb25509e310da6a5bae13acef73bccdd9521b14f1c2d821a49f8466336e10e,2025Q1,0,0.02328196321440734,V1
0x6ef8ef55a05e303a09b6fa1f2c00d18d4c98eb3d829b44db82a03be665ab901c,2025Q1,0,0.03447649213879435,V1
0xe79e3ce45e89e56469dfbafe4db72bed3ddf4f194a2abba096ef250c10a61908,2025Q1,0,0.023370490531537755,V1
0xb0001fc97aa9b65190d6fec2ac6accb0dedcf823b5848b321560ca14c159893b,2025Q1,1,0.9796065247922696,V1
0x284ef81c8d207d194755b15c324035eb1a7ac7d1a23a38dd30d3fb97afa36204,2025Q1,0,0.02579096519796398,V1
0x44ed371c6f18a042223cb9f88e0a1363383657cd3a5d02a8b45c457fa1790ebf,2025Q1,1,0.9810304185675971,V1
0xcba58d7e057d3a6051d062d6b62388f9207b6f3bc9212835f137128720964c76,2025Q1,1,0.24792719225423174,V1
0x14e7a202f66c21bb2888a76897513043df18288769773b85997dfea14fd0ddc2,2025Q1,0,0.02328196321440734,V1
0x5b2691a691ece9066c2b855815e6c8784011833b17d85c65976dc7494b18e002,2025Q1,0,0.02319376327442839,V1
0x874c85079a0d8aa6bae24fd29337f09f1c7178396f82b73c56a4240e8c199b30,2025Q1,0,0.02658366339278155,V1
0x400d3f9e359ef6fa1e51a63ae8d45a1b3797b90cd2cbdb1c0aa7a3f75bd652a1,2025Q1,1,0.9816003640900023,V1
0x1663edea3eba0d1ae8f064276dd426cb0497a19bb5188dae48a2f8fa8ea34da8,2025Q1,1,0.9776576605502816,V1
0xd1f77a3400817730aca6f1c9508b98f2a5e591e8945b5419b617b9586a17461f,2025Q1,0,0.022671374381953848,V1
0x332efa96c8baa05ea4dc8b1046114978fb29298e81d2fe238ed4db666cdf35bf,2025Q1,0,0.023018340927838662,V1
0x861c998374c15081dfb030cc5c740bf830e5223dde065ade50acf1e0e1c9ad5a,2025Q1,1,0.9796840097723873,V1
0x0a86c5aafaf6d09f50c4abd262cd688e948c9f267ca8df7882b3c68997055c1b,2025Q1,0,0.02409063388588744,V1
0xb0acc3ef6710e933b96b877c4f74dcf16affb0ce71ce46c68a2de783c211fd3c,2025Q1,1,0.9806654476708708,V1
0xb642dea896e5fa052a9259ad7ba4b759caebb7b1b452d90a5b4c82f8065db1a2,2025Q1,1,0.9816003640900023,V1
0x47d0458159ae16b8c7b66181d7b238da2e127178703e509bef70d96bb1916beb,2025Q1,1,0.939190575769658,V1
0x6924e1f680ceef1cf6cc14a4704a3b455b0816f04e1e09523fac4c2769aaa56a,2025Q1,0,0.02293111623114387,V1
0x8bf941a9c55903fb2ebf4718c2c3dc289497923eabdaa3ff0678b97e48371cc3,2025Q1,1,0.9769684517270203,V1
0x6a9b909a643c41c74da1f117e70f4dfbf469246e03915b046fd75620c318858d,2025Q1,1,0.7922225595153356,V1
0xccf5ec6e7d759a1fa96e10cab0f754fbd18ce96e91d67e7200fc2947c45b9f90,2025Q1,0,0.02310588956118267,V1
0xa638577415195ac2ca0e8ab8befd45e3991612be6d2cf64e661abc6350c7900a,2025Q1,0,0.02824076059511116,V1
0x36428bd51c8240d8063bbfbf1777f1b9e8e31f23b852f3fe14d2569f84d17401,2025Q1,0,0.02319376327442839,V1
0xfc321fab4982c1d38d3b45dd7415bb2856d92f615437cfa613124bf514a23446,2025Q1,0,0.022499812033133726,V1
0x2a0dfcba4bf202737819f15d1a938c875c0b45019a822c4ea146233a8a124b27,2025Q1,0,0.02372789670590186,V1
0xf82f80421d0a6535c8480f042a0899f52ac09c67502c2504e6352cb2320c2215,2025Q1,0,0.02345934637983223,V1
0x354ebe41d75446cd43eb2dbebacd344cfb9a8abe9b26ce39c5074e0841e5a885,2025Q2,1,0.9661179720139376,V1
0xfd52e19b299a869bf5bb36a9cbc29fefbdf2160e3acf56480d1c059ce42c1abf,2025Q2,1,0.9139952447864522,V1
0xf459f2a4cf56425af7346fbeed3f9c78e35463539fe38afa70ff3d00c127c7ab,2025Q2,1,0.5356198780247228,V1
0x530ec9ba2fab8e6130677e101be8bbdfcb59b255732f9cd3730860717509d47d,2025Q2,0,0.05857482084437741,V1
0xb0675395c1b27d1298af7470c687e94622eb5bd3293abebd26bf1871cd671da1,2025Q2,0,0.2078809090413972,V1
0x43adc3e5c6f2a8500b30f59b2fca38779659a05fac792c9cb5b5fd3c02fb2cc2,2025Q2,1,0.9875608746033819,V1
0xb030d9cb4bfc8073cbc3db356cdf3f00b02c07477774476bcef6fa6d08e42298,2025Q2,1,0.5862154098011627,V1
0x9eee062f20c9ca00dc8e373aebe808cd8a0f23f9ef42319176eb330a14d3ebdb,2025Q2,0,0.02340393133625153,V1
0xdc88a7ceed2b87a68d111ba935330c016f61ab486c99de314ae9e078a3e0ba6f,2025Q2,0,0.04120147664455873,V1
0x6d6fae94d9bdf7429ec35ae34547f1d4fe348ec5c5a2b65c045309ac8e755f90,2025Q2,1,0.037921877053711035,V1
0xc8bc0657df535fee2568c70b982f6abe49dd108d011085da65dc292d8f4f7a1a,2025Q2,1,0.8175471274393902,V1
0x961ee2529ff3c3b27a9b7dc424c1d7046f52bdd5b4ae38bd74ae65f0838fabaa,2025Q2,1,0.3739602526068371,V1
0x73f531e7088e7da29626e152d60566aa71a4a078b6ae6b7215577a963edc376c,2025Q2,0,0.7481134074015634,V1
0xba48743eac0c82434df044e1071eb647e3dbfebae50d7a010734d1fa67636eb0,2025Q2,0,0.028823315642507386,V1
0xf882b0d63becc41ea3a990d42e137728f4cdb147cc373321075c5dfa8cdaffa1,2025Q2,0,0.038072198876406955,V1
0x4d9aa1fd40e69a3edf1ad6f1bf75a9c42b8faf145d40e0350ca270632b3fc4dd,2025Q2,0,0.022391986765832372,V1
0x49a8f60d8e648d30c243b0634ee613cecb9bbd0fbbdb5a67396b75e6d33bc1da,2025Q2,1,0.7557834802702684,V1
0xda105d4c47a904f91e415759ff9cd233adc390e9bc62c22263fb256175393b08,2025Q2,0,0.26722384993458176,V1
0x1c08575bf76817784ff133142eacc37506f1bdeeeb4d3901bed1189b8091ff03,2025Q2,0,0.021509219114145665,V1
0xa5ac4cdcfff44ddfb0d332d33575f766414465786fb7d4350782db40d5e9da11,2025Q2,0,0.02230214029416542,V1
0x1b4d436df7454c8f9b2809693a6106f7ea978f61988936168bbbca7277462e5c,2025Q2,0,0.04285704304239204,V1
0x948ab7d22a31ab218c935e3999199b8ed6698bad52bc5e717629c591bd6f4190,2025Q2,0,0.022938538399849003,V1
0xbca6d54d68335e9e27f1e14df168fdced87988d91eb5d411f61b869243c80099,2025Q2,0,0.02116572196811049,V1
0x87822b3d4ccba1835d698354b01c050b55f20c5f34b14908bff4ea5a6d58af4c,2025Q2,1,0.9473404680008104,V1
0xd549d146f1f94a4cce0bbbb588fcad1d1cd50262c43ce72b0f87e984b731cf17,2025Q2,0,0.020995991735822023,V1
0xa690bcb4a1214dec6c41d3992c8909fb4faa68f481e91b83510a5926c8dcb818,2025Q2,1,0.9841990665108552,V1
0x244c75b2c6095b2e67699c10d0c6548d757d58a1ffea32ad6882c9a389803bd4,2025Q2,0,0.08517118785896408,V1
0x86eb929137a18f0b13d067e871a5a042dab54a6aa86ac03e06d9383dbc732db1,2025Q2,0,0.020995991735822023,V1
0xd971052d84f7be119faf36cdc90ec8fc661147934731b44ce9e93f1a203118f7,2025Q2,0,0.1701603875172042,V1
0xfd6714df13e06c8e551cd2e907b8d7ee3982ade9a55476536b557e88ce3d8c78,2025Q2,0,0.7917193023425555,V1
0x79468f3bf680347cf7970d985f2e0029789ae5c416edfc201d222074c12633c6,2025Q2,0,0.020995991735822023,V1
0xdefb6100803cdb70643e696c376e2fe61e5b9494a84b18415c8535ad797ea6f5,2025Q2,0,0.022391986765832372,V1
0x29bc928cd22b42007ebd1389e7142194f34ba668d1cb9f52c7e85f4bd53a09bd,2025Q2,0,0.020995991735822023,V1
0x22e2ddb28c30d26cf17bd8f30661532215bf56c10d1eb43132171fc18e122840,2025Q2,0,0.02975866466713602,V1
0x0fb72541d8cff1da2819106b612dc14f9f233880aaa3bc7023b8990feb2782f8,2025Q2,0,0.020995991735822023,V1
0xae9d1dea0767a9a34591061d11b7e7323a1317018bc292bbf348b3f68e5c6f40,2025Q2,0,0.021080689709282105,V1
0xaf3d0dc7ae911f132057aceb5d90db5213503c47a6b07dc58e6a964ddc0b1ba5,2025Q2,0,0.02133679438473952,V1
0x935db621991284ca0b34b8b1243b8347bd55a62de82cf74859780b93ac4f1fda,2025Q2,0,0.020995991735822023,V1
0xa90d2e947583a50964efe154c9e5464eeb71f49effc0d401a85649b2fcec6dd7,2025Q2,1,0.09962909779692675,V1
0x14769e436a150dd79a62122626a45c5b6b872ac904b9eec55f5e970aeaab4784,2025Q2,0,0.030723406591599146,V1
0x4c48d72bee2347ee0a0802850be8a7f36d318b405fb4bacbba455eb8a68dc6a3,2025Q2,1,0.8885043600268572,V1
0x34eec16d7b1ec5685cc0b2b40c6cdddcbb8b3b78c445f7989f00cb43af628f46,2025Q2,0,0.02133679438473952,V1
0x696ba4726b7a261960878b703c525857ba5a08ee7e1404aa83bd8faa1e1d8687,2025Q2,0,0.7848565813619149,V1
0x756f3978771032e5bff72303ed01315499e9fdb05c0a291a2a8dfb435b109fd0,2025Q2,0,0.021770414119464513,V1
0x7b94d6cef097f44d4f2327f2777b0c3f79048d25dad50bd9e752c7ea3fb80acc,2025Q2,0,0.020995991735822023,V1
0xae6dab898b0531faf72bf9f09517538249131850cfe48b309f7f91124411c380,2025Q2,1,0.9583757061662376,V1
0x51f7452fddea310ba15955cfa8fa21419335b16f8310074e43f48c4856d7e0b8,2025Q2,0,0.06576024390125002,V1
0x97beeef10db06b0ae2bdae3f015cea2d369db396f0199a4eea2388f6b3810d90,2025Q2,0,0.021251089771958033,V1
0x18580781057f83f3ef2850303feea560dd7aaa4c75bc1e64efc42f6fc150c02b,2025Q2,0,0.020995991735822023,V1
0x9e40f50dc9a31cab9c596c20fd9b86e6668be54531e83dc43ccc67f1bafa4135,2025Q2,0,0.02116572196811049,V1
0x4aceffe406a622f3cf6c7a9535a98db480687c7cb71242e88453171426d8acd2,2025Q2,0,0.020995991735822023,V1
0xf86d87db5976adacb2ddf74ded65011369606d8bff3b2360350566bd88df2da8,2025Q2,0,0.020995991735822023,V1
0x489028f20a1a71e9e882b0e72ba2675456f6afa5f2df0839fbdc23ff2e4b8709,2025Q2,0,0.020995991735822023,V1
0x19f9be5aafa49f68294e14e03dfb0c4b35e4e5304f41c30140942e2ddf3711ea,2025Q2,0,0.06088415697372718,V1
0x09c314ec8306ecadfd263d7fdef1425a44791547474a92be675c70ae451277ad,2025Q2,0,0.031092937628270874,V1
0xb3ea135352ea36f6c3098e729862d795d0f847df542dae31cee355d64d943aab,2025Q2,1,0.9872022365012956,V1
0x84f234a88cc4f71f0d83fa8d4530dd30e9da4eb58af796d0f0e5d60d19ef2fbc,2025Q2,1,0.9757749246245672,V1
0xf48a04341295bc38e7276cfaec5984f0d594643db6074b029a6c0c51df84f511,2025Q2,0,0.14817496159718427,V1
0x805d5d29303a29387e9b541f5c7405bcea69f8ef56137ce174356cb0e548d3ee,2025Q2,0,0.02203470949375781,V1
0x7c753b012d53e4a70167ad6a41e0b909f269874c0297c6d383b1f1f3be505b51,2025Q2,0,0.021595941780013575,V1
0x1e861194be6abea5f19d02221ea5b16ae72f25cd2279e3430439780264a3d255,2025Q2,1,0.9875608746033819,V1
0x2d930f65e1aff6d34f7b4d1b0073ee0ecc35a88b6277fa51f6bde34b41c45626,2025Q2,0,0.021509219114145665,V1
0x1bf98b2e116dfe87345973a026dbc13ee6183bb3c0328851c55c21089e893a93,2025Q2,0,0.0216830063533228,V1
0x11e7688550f7192a8fdc2678fe9711c06ff5117e11fe21be41a1a0827060ebdc,2025Q2,1,0.987150176156743,V1
0x570a19274f74c16a628f2693d3a56c4ecceda4c3ffe9392f6f4e21dee40aec0e,2025Q2,1,0.987254088649623,V1
0xc7ec0c2fc4ada9e3e0703b20ff9f610abae734e65d90f32378e26c4c9f826713,2025Q2,0,0.022212646134796284,V1
0x0cb707da67522398deb25aa811bdb46092b4e446187fa0896e51e037ab8040e2,2025Q2,0,0.02133679438473952,V1
0xd6c186dd4a5167684c27462d0bb541bd22ca4861298c00ade1991c6240364762,2025Q2,0,0.038072198876406955,V1
0x598b7a49768d859d9c279feb4b64f12f00cc05b327b29e655ef98b798a279bb7,2025Q2,0,0.02142283707464407,V1
0x3352055fa84dfd0bc3f9bcec85a5f464fd1096fbb9a469d36b5afcdf54eb0423,2025Q2,0,0.021595941780013575,V1
0x3724888af3107c46ac749a7d1eff85d685fc5518db4983f354d21a15b4998559,2025Q2,0,0.02142283707464407,V1
0xaef15ab5e103c6f2b6ef202759fc18ae3cfdf5f25fa0f24d51e4a5293a5a2f3d,2025Q2,0,0.02133679438473952,V1
0xe70c1185b4684b0370ffae9c8a89ef8bf68d535fc77af993fdaf4717bbca3306,2025Q2,0,0.02142283707464407,V1
0xe6e0208a9e5014ff507d16a359db466bd98c0414be72982835001eee2fd8f5ae,2025Q2,1,0.9870454276217006,V1
0x79e6ec2dff92558eb36b5e2e2221bf4be45364f3726897163d80702abb51d315,2025Q2,0,0.022754922247581546,V1
0x4cfe8afc969fc85f4aa92ef01e8c82b84f773ea1cdf198d694ef9da1155393eb,2025Q2,0,0.024070995318580986,V1
0xbb96f092cb5d54138c6af2ae824bb276c3e20969fb2acfced30ac7f88f60862e,2025Q2,0,0.021595941780013575,V1
0xe85229be9b279bffc835c3b4300c34761688ed7bf63d239409f2bb63bc5b4386,2025Q2,1,0.985720802778609,V1
0x1b07e957981a04e688191208a4fc8b8349a93d6de03eba460fda38e647dafa5b,2025Q2,1,0.4131962098727566,V1
0x38dfaef00556eb168b46e2c9e79d49ce4725df55d8fefb3c3dab07811db8d0f1,2025Q2,0,0.024756590132552533,V1
0x29d65debd486144386e3d06ac15528434ee11fb844579fb2204906e655bfed51,2025Q2,0,0.023592658100733018,V1
0x5a280ba3fbf1cfaee1ca4a955d67c5ab9ed3ba10c5b0bfc7e733474cf3708f22,2025Q2,0,0.023498109806984246,V1
0xe0097a5f3d9739ca64e2ba58c70261482a3e7ed33afdbb381b230cbd5e494ba7,2025Q2,0,0.022938538399849003,V1
0x6ee44a32b167a5d5d05a4b6522d7304a27b8682e3314528afbd99a9cf22a3ef6,2025Q2,0,0.02515686550650747,V1
0x22ef905d2c1f47b416c783a43cf06eea3cd73732ca0ed4d021aab8423924bdb3,2025Q2,1,0.9875608746033819,V1
0xbe5219d1c82daaa110a20c0b50dae77f681f05eb43094e05ea24fe833c5ec47f,2025Q2,1,0.9875608746033819,V1
0xbfd4016fd63a2aad121829ab5a63ba4caa35e649b107145caf88d7fe6719ff6e,2025Q2,1,0.9288424889544394,V1
0xe0264a076a3acd50925e115032eb993b51cb8b5026eb7cf79245c63f8408b3e6,2025Q2,0,0.023782869675497562,V1
0x94631ed57d3803fe789adbbba4c0d66ef2a8ed4f800c1a6897a37ad076cf309d,2025Q2,1,0.06576024390125002,V1
0x10cc0eae4fec710f15a4aee89c6ff57e4091c69b2c2561090f073286468eb682,2025Q2,1,0.9823762002711994,V1
0x6b24a578e8644f45e49130da20267e466163dc35fee34dd23357a68530d34381,2025Q2,1,0.9875608746033819,V1
0xef8cf8b45ef7e3a607a72b6e1d56bede869fdd81795b63db847de1090bf11c41,2025Q2,1,0.9872022365012956,V1
0xc3ad8026d7dbbad93b96ffd93b37bf6d7b2005c9ec1df5aae9090f96d5ecc7bc,2025Q2,1,0.6538963381331303,V1
0xaeadfdcaf812f6b7c533d0424338e1a88b5da35a2e54b43ec030c54286a6180b,2025Q2,1,0.024955945855571735,V1
0x32f3bab4bede9ecd2b35df328ce53067bdaa8835d74f437b42765fe6c12e712f,2025Q2,0,0.02142283707464407,V1
0x7e19a9159dc7710a8aecf24fbd2cedf01bd77baaf14aeedbbe9091b75dcdf319,2025Q2,0,0.02185816636815649,V1
0xfa2fe71de6a4121dad1e599542e29f18f2da8c3107c8d13ca8c2c998e864a930,2025Q2,0,0.02230214029416542,V1
0xec449f17ee1b738bb72421ab991c56204cdf1369e4eba267607e72885d98d93c,2025Q2,0,0.023123601145881353,V1
0xafa89f15f4478fe8de25d1b3cf6bfb730f1cbe71c49be0162d5ae49bfb6fc12d,2025Q2,0,0.026821931944886395,V1
0xe6b7a3fb75356f6feeceaa903e3972adb7a09da37d3571d5a4509604495d3ff1,2025Q2,0,0.11538724997761243,V1
0x08121291cd61eaea56d62dda92b80a1a5aa80d99fdf210343713902561a8939b,2025Q2,1,0.300638934575007,V1
0xacca589559453d60180cac1b03aa72fcb8c515d39ae2d9a66afc70041f4a2d35,2025Q2,1,0.9711086925851352,V1
0xe1ee05f7e72b70b22a997fe95d0392e32729e48d5d1169965560213944b04680,2025Q2,0,0.04821309717042919,V1
0x9cf011dcb1d04832b524118515fe1076764182ff54fd2a1bc36561f1ec2f8cf2,2025Q2,0,0.05505008534518745,V1
0x459e26ea0ef5fae66cc7174b373906acd4579b47930d63907c9b26446000aff2,2025Q2,0,0.6157893796474556,V1
0x39b754a2dd0e0b8433d5de711fb46abf6f3f893d9b72ffd57864052213322e7d,2025Q2,0,0.7323008046486202,V1
0xbf1e237a1e8cbf9c0b454dc984f5dc789f57f85b077a6a7383489b00b75dc4af,2025Q2,0,0.020995991735822023,V1
0x10bb455936cf8f22777bdb8d3a1b97760cae2215d60c15001c5d252c0f26478e,2025Q2,0,0.02116572196811049,V1
0xc5821602b440e61665dce5dcdc0fd20153864ba185d26a13e9be80fe98bb9e97,2025Q2,0,0.02397457714246689,V1
0xffffb2874475ae9c1e3a0e3c3c4b4e329eb3105427aa484f357bf41c5fd77c4f,2025Q2,1,0.9855461079014265,V1
0x2820f9e0e7fac7f3cc909bccdd212c6f3de818a6b0e4ca401c24beba941a2249,2025Q2,0,0.02203470949375781,V1
0xb13e67e43f3ea7015f472f56660e58fb41e761c0dee63862b379feefafb6efbe,2025Q2,1,0.03248503166283802,V1
0xdae8f9c16001a92cd862bb0d6b0e47c146daee673fb28f599b7f4b5166f95ffa,2025Q2,1,0.8352344552605688,V1
0xce5722bcbbd319dc03d4feb1e7ba563d1aaa2c9d7c286c44bdc93a96670e07ab,2025Q2,1,0.9875608746033819,V1
0x50c4f5ba1ac8019947315a3cd7c667138381fea52fae9697b31a74e163ca6fc6,2025Q2,0,0.020995991735822023,V1
0xae8d0502816e3a509685ca7a3557119c212b4a930e8731e4e8f5e8017ecfb479,2025Q2,0,0.02230214029416542,V1
0x7ecf34a2399b462472b0c9ffb9d714b855fd0ce177357ee5a2159a83798f968a,2025Q2,0,0.02142283707464407,V1
0x98c165981b96b00c57216106c194d72a89de0b8099ee5306649443352d89cb4d,2025Q2,0,0.04457604093792424,V1
0x5ce0d897bd66142c43a38204a67ad85bc3e0643382258411a5aa58ca3e825082,2025Q2,1,0.0826425110498078,V1
0x95874e7c989d91e5268ed7e880acb9269f13803ea0b5629f4a6acd1a4b5d6fbb,2025Q2,0,0.020995991735822023,V1
0xd009ac14bccdd12925a2d9f8d910411556e4ed153337abb18a97b97fabcf7db0,2025Q2,0,0.9456748752081384,V1
0x9067b99e22ed2b8ed4bad7d72ce8eed3706861ae2c3a79f769e13de7c2967e6c,2025Q2,0,0.020995991735822023,V1
0xdf22571f38286a13ef30bb31197c737a77610f071f093ff643c951d644d76ba3,2025Q2,0,0.023123601145881353,V1
0x0d7365208720dac4019e847e5dc11e795ec5392997d570ae26b89383c806561a,2025Q2,0,0.020995991735822023,V1
0x74fa0572e3de0d389d671daf4a085b9b8af9e45688e988c8e4d3ab4254023f16,2025Q2,0,0.1112555214189824,V1
0xc3982448dd10ee60f59b898b88f4a2b14fe7266025de357843fe383a22fc7ca8,2025Q2,0,0.05213071690324811,V1
0x43e3f41dcc39116738cab3b8cef2002ce7eb514ced96d66aec12848437fb7afe,2025Q2,0,0.020995991735822023,V1
0xcf703c240cb264953898e97eab0ee287df5b750f1df8e4cfde7a9af940797f19,2025Q2,0,0.020995991735822023,V1
0x55896d4ff9042f3b45245aabd96ee21b3f89bd62f4421c9169c99a934cf94e4a,2025Q2,0,0.02133679438473952,V1
0x475d06b509d75bcaf237c2ccfd8f57df8e490ccf6d9bef628b357c4e07bc94be,2025Q2,0,0.028479965574271914,V1
0x1927e2109d38b64952586466cc391734a3dd19054cc0607d3f5ce2dee8472428,2025Q2,0,0.020995991735822023,V1
0x5083c3f6dd5d61450545f295d957c18c8354f1a0d9e0558de2e2dfb5fe715c44,2025Q2,0,0.020995991735822023,V1
0x3aeaddfa5c56f561a169d75df4670345bd9f4547c8ebcae6a32adc95831788e4,2025Q2,1,0.04974543661823698,V1
0x818a1ec3439b780cdbefe9e1f962a187cb8747e7e6b146f3634fee12f80ad652,2025Q2,0,0.03274453212203431,V1
0x6d8ce69c050958e23157fb33c80355e38216775ff46156c1ba1178060566f565,2025Q2,0,0.07661727443051466,V1
0x69c3f09b54e6cbf561205de7177a4cf99634bcf96e880601b124d8ebfdca9e2a,2025Q2,0,0.1820912575289551,V1
0xdc287d9906c0cc5284b0c0285e9bced6553556b777be47332f842ad7ef066b8e,2025Q2,0,0.021080689709282105,V1
0x6c7069db21fd716065c3787d26c5ef371704e079e598a64fa3f938f393a92628,2025Q2,0,0.020995991735822023,V1
0xcf8a3c45dd5d9dcc57318aba8ef1026a0655bdd823d5440f5fed377b0dfef014,2025Q2,0,0.020995991735822023,V1
0x5185a5aa2a0012cc7a1289d2728470ce04b3c4a1f2375515e13ffca303e2f9bf,2025Q2,0,0.6060145448297334,V1
0xa26b38fe0728080e4d97f6c392118fc674d5ff6e98dc49986852ef316fdd05fb,2025Q2,1,0.9868333961986838,V1
0x9eb11ec0a68daa7704d91cb9cf6505afed4a920a84d99eb9f35e834682b12df2,2025Q2,1,0.9875608746033819,V1
0xdfa4be9c6786791072da61477fe3938ee78c8edc2b2e6154239996ab1bc96ae9,2025Q2,1,0.9804263148087948,V1
0x9fce789a05c3abd19e9ac2baa6982b0e47ea8eede91d9c6c89229efab8701d7b,2025Q2,0,0.029522104980581262,V1
0x65db0b1ae01a5430da10926a40fedfb049ec1ddb273c3385a2c49b14b3f1e170,2025Q2,0,0.02230214029416542,V1
0xe884b2766a826f02ade24fff30b687ffca77bbd263a55fa6ef61cf1ee6ecc3fe,2025Q2,0,0.024558786812743164,V1
0x667bc9ef2f465cb914b4c95d2ae747ba5a97e1611224450bb756ebedfb3e95f6,2025Q2,0,0.024070995318580986,V1
0x3ce5ee714234737803479a56eb108db5773073f9171c09f089c8d299c5e5d6c7,2025Q2,0,0.02142283707464407,V1
0x6f7606ebbc0ab5c171b32b55b963c161d37d9d803f7b28c6b2b026f16425d52d,2025Q2,1,0.9875608746033819,V1
0x96a255ddecf7b728a5d53ffddf0485017aa317645daca3937656a8bd91db2a9a,2025Q2,0,0.026185331305285747,V1
0x5a2acac6842c13863765030ad7e1f8424ebd58aee11fc387be01f131cd78a1c2,2025Q2,0,0.032875032303383324,V1
0x0635f8fd0777c284fdde905245bccc8822cf4e68dd3ec88f6f62d83e500308b9,2025Q2,0,0.022482186870092034,V1
0xa757b564604c0abb02fcaf167d93130fe635c223021bfe9d6b95433ab8347d55,2025Q2,1,0.9674386284873037,V1
0x1e68b29be798c37448e00f83180358d0edb02393f8d6a68d50d1175798865287,2025Q2,0,0.14817496159718427,V1
0x27ddacbfe7dee8504ef1118f268a5b380a5ae41dc8512e759bfefff2c50a82b8,2025Q2,0,0.023498109806984246,V1
0x6507f3d3c7fbb7ee64028b1a466e76588c30a3149226227b8f21666094fe34c7,2025Q2,1,0.1430590531741703,V1
0xd3505ebab4f2d6496a0c1451a21584d95a0fae3d06c948ed42c373c59fd63e5a,2025Q2,0,0.5356198780247228,V1
0x2a842ad6c44e8c4a0b7f303a0b3eb8422536d38b62de355ef2b0dacf0b88f43e,2025Q2,0,0.35491298871537386,V1
0x3c721bf2f5848dbdc7cadc5f80f13ceb1f48dccbb6c1569142a2da13b3d659e0,2025Q2,0,0.033802700053537346,V1
0x14471b8ba9899211f6a66fcab32fc5d05333a739d4a9da01b4280849d795cc24,2025Q2,0,0.029997061308420267,V1
0x83803364b3bfa1e8d63c994be75dbed0e814506e10c9a2846e8c65c141e5b7cc,2025Q2,0,0.02257274193164886,V1
0xcfcb2a622f84f4b76719e8b9e4fb2127a73b352df07bc243760acba10fc3227c,2025Q2,1,0.5151136638433631,V1
0x7569b01499fe4952edd03e290b703dd3916b148c3331e3f5cc88fa81498e6afb,2025Q2,0,0.033802700053537346,V1
0xd3c462e6120f6819aa74014787cfb6a213dca39e1dd550e160f8bacbf4a017bc,2025Q2,0,0.13809114301500547,V1
0x4323d8fe52e4f1d04ec5d088b7cff3f1613722df7f140615d689c9dd4e794368,2025Q2,0,0.023498109806984246,V1
0x8b848d8e81fbe39495fdbde09b2e9745c2c68e76e63eb6a49bd36ad4489d1e61,2025Q2,0,0.020995991735822023,V1
0x9b4af0d905b10f5ec2c2966a74b4dcc58b8a42620dd3a7375785de0d48166933,2025Q2,0,0.020995991735822023,V1
0xf9425f69ce7fbde7ee54887ea24b164d2d4c06b594c4d4f94b1921cd79321b19,2025Q2,0,0.02905444358809571,V1
0xf055fe9818647e69e6901cfa4b58d5a91e99789a8a213528bf9fb5e70831bf6f,2025Q2,0,0.020995991735822023,V1
0xf8598ade2dbdb1f1fab97ad9c8fd9db737b0163536692164fa3e0326bd60e795,2025Q2,0,0.020995991735822023,V1
0xd6f28c879d79f518b1ac0aea7a3e9e012fb8c1431687791b6a1eb6569e9da853,2025Q2,0,0.02185816636815649,V1
0x3d711bcfe9890cdd10c72971ff84fa238a74eddfb1979d001a40601528ba3fc1,2025Q2,0,0.020995991735822023,V1
0xa4f51ae09144ebedb1e4329a28597dcb25217be1050fb76b86335837943bf519,2025Q2,1,0.9820891329462104,V1
0x95534417f10863c4b7e4bd71c070fdc6c0b0c25b6fd10f87a3142f66dc00e835,2025Q2,0,0.020995991735822023,V1
0xaf2e5834f658947068bed3da5f0ddde58d8bbf6af3bd898f4b34745689de4bee,2025Q2,0,0.020995991735822023,V1
0x1c3d6106393e34528308f42d5caee3d9d38e35286272bcf235822f4940e7be5c,2025Q2,0,0.028708421657103828,V1
0x274505b9c15c786063eb456f7a74cf4b65fff7784741f3104126833b909ebe3b,2025Q2,0,0.020995991735822023,V1
0x1c1a44bf2c5003c3011ddd2c8cf3e87ea3bc3ed32a47e66181977766e0a33b5e,2025Q2,0,0.020995991735822023,V1
0xab53ef40981b322cd90b06272dacbd778a427d77655898f1d9a741cf5b5e3d50,2025Q2,0,0.020995991735822023,V1
0x0cf398a65f9ba9de261de2e92fe3007e56b98eef52b7486c522c4daacc882f42,2025Q2,0,0.020995991735822023,V1
0x8c2827821f8d04a08addced7df2e2b69e21e54cadd83af51c8b9404c572f0a91,2025Q2,1,0.9824472581972079,V1
0x3ad0371eb2adc9174872a91c34ebdb45a2449fb1e3306b36ebda7544cef3fca6,2025Q2,0,0.020995991735822023,V1
0x631da48bd19e6259301be57529cc0442b8f872b64fe1e75620f7f10b27dd82b7,2025Q2,0,0.020995991735822023,V1
0x22b9b1f528f0e617ce84581d78d13536eaad4782c9056ac2521d7204213b5654,2025Q2,0,0.020995991735822023,V1
0x6ac410efb3f814c425e889eb52aab64f1d8b792fcf3348646b75f45c7800c014,2025Q2,1,0.9818708245714922,V1
0x77eb9557038e4c4c00315a2be92522cc8ba1e735cd1d9cfc74b53ae28bcf0dc5,2025Q2,0,0.04821309717042919,V1
0x21149909e80c13a5c21889b6d648671d4ebe40a87bca022fd7b7f37fba646af2,2025Q2,1,0.9603003915220432,V1
0xfcc351fd85fa292139857b3c63b3e5b274b2548477cd915e1baad2e921d4f574,2025Q2,0,0.020995991735822023,V1
0x27608fbd4e53ace4de7346888689002fda34b01654a31590016eb9039b588ebb,2025Q2,0,0.021251089771958033,V1
0x754e9fbe2731ad1b775887a7e83d67b92b0700546740cefb204a2499f076eafd,2025Q2,0,0.020995991735822023,V1
0x78fbe059685718732f1f584e2290f0e80aa7c5c3ddd324083e3bde9429caab2b,2025Q2,0,0.038072198876406955,V1
0x82962688c00787fce7588ef672b7c3b875db8ac1ce263f2f3cd64211bd2379c3,2025Q2,0,0.7557834802702684,V1
0x6f648aa9489693e792f3087938cb8979080484b0e98d4e0b041cfe4f64a76d61,2025Q2,0,0.02703745801980741,V1
0xca02f54adad0a5a3ab3a6a41dbd9a869d300043fd98038c886cad563cb6e6847,2025Q2,0,0.02133679438473952,V1
0x3e0587bec9d48499678739a44da2e8087011a05246fcae1562edea215ec857fa,2025Q2,0,0.021595941780013575,V1
0x264760b057978e8bf0aa5f31fd94ca6b6173e84a89075021f9a67995b4dd7eb3,2025Q2,0,0.02133679438473952,V1
0x2eaa8bce4ea7a229c9e8a3050914b044537d19953fa364b176f95e1abc27f5bf,2025Q2,0,0.8664505894788705,V1
0x33a04f72ab65a44bb924389e3a133e928ce5052b2511e00d2775cb30420002a1,2025Q2,0,0.7632938941353768,V1
0xbe3331b6df14def2a1c0e366e6f3ffc08fc6744a70190292a243a49695a41caf,2025Q2,0,0.020995991735822023,V1
0x5858502a7f850fecf999b93f2595e5eefa758634cf0506f4047de5ff83ace7af,2025Q2,1,0.1820912575289551,V1
0x20fe4b037a1dc0578b0d125b0b427a06d8666068e8b901b1c181e82bc844c45d,2025Q2,1,0.9806616751265429,V1
0xe351d100b5d0d183d740a185e7eb33b704fe76a644fb42c436f17d0f5c6ea4c1,2025Q2,0,0.020995991735822023,V1
0x12c8bd9663adc1ea11f46ca0b5873173db70c6afb3694115c0005f21e757acdd,2025Q2,0,0.020995991735822023,V1
0x24d7e5b6f30706c8beb02cd4e5220b0e53ee1ee7c2b641530146a0706ee15e8d,2025Q2,0,0.022391986765832372,V1
0xc7296b8d619bd27c229250207dfd025b47264a2754067fb0ee318e12016e7ee5,2025Q2,1,0.19466243194225036,V1
0xf5088153c033a7a79f7684478a268e644078898952664a86f86c45a35e5e2cc3,2025Q2,0,0.2078809090413972,V1
0xa1e32ad272213be058b49b5b25ea7eb859cf8b4dd2552b9b720bbe3b2ab688a6,2025Q2,0,0.26722384993458176,V1
0x230a2c0b88aa0cdb810506b818aec1e092c81ae07e3148c2aff24df2aaa0d2e3,2025Q2,0,0.04336598405928415,V1
0x445fda2243837cbe5b0fcde3985be1b2b0c88d9ef4c0ef599fed9056e502ca88,2025Q2,0,0.024070995318580986,V1
0xc3ede0572bba2901df68aac861e1be5a2de742060237d8cf85085e596d210eff,2025Q2,0,0.04821309717042919,V1
0x6a2332a3ab40273411dbe6302dd4e974285faf340c76eff4ce4a2e4851995ad4,2025Q2,0,0.022754922247581546,V1
0x3a92a26ce837b361bd044acc2c0b81346ad66e9a891fc5ad27b9a35e6701c6e7,2025Q2,0,0.020995991735822023,V1
0x834a4109dbd18f97695e4858b3a18d21fff19bc2dc7c055f18b96843ac1de17b,2025Q2,0,0.02185816636815649,V1
0x872c8e9a4e4808a2ab714c267bd8a93f63cb739c853d7e4de2b42009e73f9b3f,2025Q2,0,0.02515686550650747,V1
0xffdd774123c13df21ce755bfd4f65bde47a74f1377ea73c8b130d84c59831173,2025Q2,1,0.9845782362579711,V1
0xd347dec81fb3e6a4b990f0dc291a8083c85bf4ef16e43efbd41b6f249584ba0d,2025Q2,0,0.0709973235419142,V1
0x466fa40a6f366eb2e9e7289520ece51c00ba09b093a1170ec9245a3a5bf6b4dd,2025Q2,0,0.05213071690324811,V1
0xed3aa63a2efd82fe52937c45e1e1cb8b4da834831576e4e435d1e5333e011f85,2025Q2,0,0.038072198876406955,V1
0xc952d0cfab6d4cf566294602c0e81982def8850f1a6f713c634c9b686872990a,2025Q2,1,0.0826425110498078,V1
0xd6c22daa78afa38f19e23ca808052938cfa9388db1b628145587a80c47e6c733,2025Q2,1,0.029997061308420267,V1
0xcd6b8c35e1e11e19967784b0aa6811fc20a81639201203122de2c063fa9bb646,2025Q2,0,0.04120147664455873,V1
0x47d6505bbaed024fe49620e96dc13d6620a69d5db47b1df58a5ed5a1422103e0,2025Q2,0,0.15344106081433406,V1
0x87bc8e4ff0e0f978cc75c018774b7bd943eb152147be767140e7d5e1068ac1c3,2025Q2,0,0.020995991735822023,V1
0x26ed2c7b22d8bbf6789e76bdcd88c22b605df53e88c7b57fb3dc48b7ab259a8f,2025Q2,0,0.9073058783540389,V1
0x6b56f2d88fd3f6300722421389708fa07783db54abe1c1d77ee421f658cbe93d,2025Q2,0,0.020995991735822023,V1
0x629b886410c79226d96e2a5a81dee78652b775243ac0f5b2bcf34fd696543fd2,2025Q2,0,0.020995991735822023,V1
0x59076376e762b077dee421d5e54824294ebd31942a9780a9b96390728a6a018b,2025Q2,0,0.022938538399849003,V1
0xddc778f4e1f001b17cd86762ae466eecf2299bc3d12271a2bf825a9bd9b7dd68,2025Q2,0,0.020995991735822023,V1
0x6220c4164a293367cd40eba018dd6e67c78e4d48e74158845cc9361230bcb34d,2025Q2,1,0.1318503043255633,V1
0x750276bd94568087d1f856131d47b1ef7449c9a1c6afe218d86c8890a8846fb0,2025Q2,0,0.020995991735822023,V1
0xb9e2e79ff6dbf71efd817c9314536beef077c762927467cc759fbc98b4aaf1e9,2025Q2,0,0.020995991735822023,V1
0xb24c5742d0afafc0fb0820a5409b2d8ba61ea5547ac6f3612ae6210ad13bf7bf,2025Q2,0,0.020995991735822023,V1
0xffea59c51b27dd000038fb9e8f659bfb3ea3cb8a4283a9e774bdef9844a27141,2025Q2,0,0.020995991735822023,V1
0xd2055601def8961bea2e6fc911538c64ee181e7ae944f67c78f395e39df43580,2025Q2,1,0.976821531340961,V1
0x38b9b48812697c27c1f563c61c929d7a15a356faf55c48a4686500c37ed86ff4,2025Q2,0,0.48428037536634816,V1
0x8253af27755ce4e4e8982497490a56a38cf7d56eff3d85413b1abb7830b0c9a1,2025Q2,0,0.1701603875172042,V1
0xddeada500febd733cdce995bce68c1baf8e8669b2c22be6643fcdc6ca451b472,2025Q2,0,0.02133679438473952,V1
0x3781472356e548fd9d7760119b34f93089b732774619046ac1fb98fd58c44757,2025Q2,1,0.9232109061657462,V1
0x0f4d9792bdf45a5fa5f717cbe55d78107878854816374b2dd741f46062aba2b0,2025Q2,0,0.02284655017350691,V1
0x4685c41276496f4f49094cc27abed3f22356851bd53f769c3750fb624adb70cd,2025Q2,1,0.9873571715969414,V1
0xb11173b63944f4f273bf31da413d07384284bcf7a3053be15a560a9b80d171df,2025Q2,0,0.02133679438473952,V1
0xb0ede82fa0c5604bf0dccd32d8ba909f5cebe1c594357754cb18a74d365f6e5b,2025Q2,1,0.9696914686056561,V1
0xfe4ddfdf4e6b6188967331f5932c8ec6dcbc815572ef9f3566b5d903a708b61f,2025Q2,1,0.9288424889544394,V1
0x447e4b169e62d6a0c3131c52df11a471b760f25e395e701a0c165f7b9d0cbad9,2025Q2,0,0.04120147664455873,V1
0x908e5007c3a04bfa1c75a3a9811451005636c627813642ea6dcadf444318e652,2025Q2,0,0.023498109806984246,V1
0x7b2a1f078cd5c664b5c297e3974065134aa1eda70a7b97abdc60c83932bb516a,2025Q2,0,0.024460463722975657,V1
0x7dfbb35a03a30efe1d4d179da323f81211dbb82a5f7261de4924379ac24de63c,2025Q2,0,0.022212646134796284,V1
0x7d332ec9356559facaaa1b694b8268a05e7ca41fcef827665e6b154097ec5466,2025Q2,1,0.9875608746033819,V1
0xb361aeecf5e34bfa760c3f715970e8b244f50d747e1843edd8698848a7fc4d9d,2025Q2,0,0.023592658100733018,V1
0xb3281ef2917217f999f2da14bad0913033306b3845b1804a4d4d5426cf59eb40,2025Q2,0,0.02230214029416542,V1
0x58c601a4782130e23c508cc8eecbd6f9c0e047571c2ac5c81f5a4bbe752b2e5e,2025Q2,0,0.04457604093792424,V1
0x1ddc0e7de1634d1204dda3bef66ffe18b0d52d8605c0a363755480de0dc81d41,2025Q2,1,0.6988507082600951,V1
0x14618aaf6f238e45400b1bb50857617f4b8d5a3a04e8dfa8b17de3db3b26bb27,2025Q2,1,0.9868333961986838,V1
0x48950c8fe2fb39bb1b310c4b37878187298ca9b6ea6a43f2aa126715ace2f989,2025Q2,0,0.021595941780013575,V1
0x3b40221adf21a481d1eb3c84bd52e828384fe2558a9889afa86068874f84f7b8,2025Q2,1,0.9822332359004403,V1
0xdb485c9e39cbb2e3a04d356343b906f81c717e0e6c0f53250afd93bc54b8182e,2025Q2,0,0.0216830063533228,V1
0x1b34e58c8dbc90b18f8fdee979a46bfa153a2bea35ac7678950d9ae88f266300,2025Q2,0,0.02650177224744201,V1
0xb34dea60466c534a9cec1653ef49fb94d0daa9a90cee58bbe3b31dca715b110e,2025Q2,1,0.3455547907134651,V1
0x0af4fc7fc85ce04980cf9193bd36111400d096cdf257e5fe7e0e3968137ada9e,2025Q2,1,0.9171733695617253,V1
0x30f5e92c0cd8f6eb8044b65665cb3ff19783ad6c8730d47566e05601e23dcd0f,2025Q2,0,0.02185816636815649,V1
0xb6b7ec6f7bfc0553df2d2f8552d219b9861c435e68c3c53fbb0453045f21b2c7,2025Q2,1,0.987254088649623,V1
0x5412ae25e97078f814157de948459d59c6221b4c4c495fdd57b536543ad36729,2025Q2,0,0.022123502971829332,V1
0x68e11d8da6fbbfd7853effb7f5e3928de5fcdc255f520602bdfd5961347ff277,2025Q2,0,0.021509219114145665,V1
0xfeaf0ffc3e3e658687bcdcab297333ac981025bf9a4277facae81123af4708e8,2025Q2,1,0.987150176156743,V1
0xdd95d7e22fd8c9ef5d61285b4ed31aa84e8fdf35192db24d8e7d8938ed4747dd,2025Q2,0,0.020995991735822023,V1
0x21c4ed93cba2c4e9ece886879875fa1f9e87ea5f27f706589a1e304d22f10747,2025Q2,0,0.02257274193164886,V1
0xd5a64f75a5d7107e53e7c3eaf52865624a0c79ad8c41379faef4285494991326,2025Q2,1,0.6445313495090992,V1
0x663bdcf8373cfa2af610ee93ff43f4451c0d0d07322129a6432b8127884687fd,2025Q2,1,0.9875608746033819,V1
0x8bb7b5188093a0de20913d4fae9d4bf3b513a69a329abf24c7f212950a8cc361,2025Q2,1,0.9412912486301394,V1
0x984d1ee788ff724a30af27cd77ef74455b49bf6382460aceabbec94f01961a35,2025Q2,0,0.02368757759591696,V1
0x34d650cd671bfe703a0bbb2b2aab0387afb6292a6cdf4a08836245246b4f7b54,2025Q2,0,0.021595941780013575,V1
0xc48215384852516beb6b234237ad5ed9cec0f7ba1836fb2f06791b3d05294073,2025Q2,0,0.021770414119464513,V1
0x9170008ce066642f6dfe51292fe526bd842bd9ffa121ec9b053de8dfc1444123,2025Q2,0,0.021595941780013575,V1
0x0e07d28fc57cf979bb6b09fa7ca9e7530c86fa5ac16bf0171a53d58cfd420e6b,2025Q2,0,0.021509219114145665,V1
0x64a87c7559aef832f6630af3e501919fb47a5d0107dbb1eb2236f71f910e5bdf,2025Q2,1,0.9776448967440102,V1
0xe8e3ca717d93be1f6fccea2cc168aeea15f2568466f37121d780efe32eae33e1,2025Q2,1,0.9870454276217006,V1
0x2fc8f8cc40668ba16c45d37f45d0bd8a3601c4d84d9c0d50f83bf3ded5f580bf,2025Q2,0,0.021509219114145665,V1
0x8cbd1eec9f4fec06441183d51ece9d314f9d90439b8faa1e9c3a56c3cd70a68a,2025Q2,0,0.020995991735822023,V1
0x2b66945981d5d95d7bd7e0ef4cd4e45ba62027d46707c56a6b345a6fec59e41f,2025Q2,0,0.14817496159718427,V1
0xf32e257000f1a5c494fb3e0ad7bc171bd23d95c734668a5fb9e8a03e1570820d,2025Q2,0,0.020995991735822023,V1
0x6e4a56d8073645a86354e47f82a70f8ccc1881cbdcb54e0a32fbebb954f2ce9b,2025Q2,0,0.020995991735822023,V1
0xb1364e10734364bcd65c76eacaf295c75c43c72463e186eb32f8aed906b179c7,2025Q2,0,0.020995991735822023,V1
0xfc94387205683d0609fb428a69b16c161c45679e29607af84ac897433812a2b4,2025Q2,0,0.020995991735822023,V1
0x97004cec761044f6eb772191377b3a352d3ec05ec0249a1bf5ca442ba1fac097,2025Q2,1,0.9184144445377569,V1
0x431a30c767aa1af96f29632f250e89dc533fccacb5be1ef77597304149e9b810,2025Q2,0,0.020995991735822023,V1
0x54905ea776fdd41043fcf0ef8828e8062afbc4cec663822302fd0ccdb307d8b5,2025Q2,0,0.02397457714246689,V1
0xd1610c1b40d51e192add0abdd693887b1ad4aad98c98198dd706f6bebaf2cde0,2025Q2,0,0.02116572196811049,V1
0x81dc62c84e8f1d9f2cfd4ca576bf0d5ef27d39e0bcf7b12f115a9064ed0c15de,2025Q2,0,0.02142283707464407,V1
0x46b3489f63d0ebd2989f4a2d63ace13ee99ef1cf8e73a4b3d91d736da51865fa,2025Q2,0,0.020995991735822023,V1
0x1b2b69401b202d313f8909800ca7e5b1c631de6782d0b74e7cc827e1873abfb0,2025Q2,0,0.02725466744014078,V1
0xe8545ea6fed1e7cfa2547777ff038fe800002e04d046a03241ac2950558fdf09,2025Q2,0,0.02203470949375781,V1
0xcda43b8984c7569551729a71eb35d204988dbd1f3a09641db33c2ef529968f72,2025Q2,1,0.9863437270249632,V1
0xa617522831505d1072fec355a8397c857e5570d6eb9156e11226eff9acd3c259,2025Q2,0,0.021251089771958033,V1
0xdea03876fddd85fb11aa43273da7bb7a0bd71101b55eed734e35d60174fd1bf2,2025Q2,0,0.021251089771958033,V1
0x32299bca681bfa08b6f82a37fa140b0023e46fc2795044db1401d270277d9230,2025Q2,0,0.020995991735822023,V1
0x12d7301c569d569d9a465d6edb5613d1f984019d8abb1d194312668687044500,2025Q2,0,0.021251089771958033,V1
0x4b1470a1d83fe0e9e5e7edfd68ca0517fdd1386e412d2203d27a5c2832ed60c1,2025Q2,1,0.9873057334123047,V1
0xa1997b3a88f85dfa1e838748cb5a00e082871276d8c057a7fa63cef88121a8f8,2025Q2,0,0.021946264393453537,V1
0x6fd4cff7d7e09e613ae8db200557ec8487dfb2200412e230619400b23d52b5bc,2025Q2,0,0.024657495139623425,V1
0x4e67f9c7e72b7f10427b8f152bdce42ab9b9bf9209bc5662dbacf384bbd2a4c6,2025Q2,0,0.021251089771958033,V1
0x2e902560e7751b52d4476446d503f88b232677703759288949596016dd3fa4e7,2025Q2,0,0.02116572196811049,V1
0xfca1a2c7262a3718b3079428b50dd4114add3f48d1e44f9692b34e1f4ebe32a6,2025Q2,0,0.021080689709282105,V1
0xcf4302e78728091bb050f1ba68cfd6838fe307386ad81dc7ada85f121a02b2fd,2025Q2,0,0.0826425110498078,V1
0x2b52c752e7565b54fdd0c60d6c6db006dd4422611a9799d381285fa1771395f3,2025Q2,0,0.02116572196811049,V1
0x4364972f0b5f33379092da7564811c02acd0069d45c7c3046cfb17f9f01cd236,2025Q2,0,0.021080689709282105,V1
0x30e19926d2527737d65fc2f63de20f2c1e37d63c00f801ac5ce527f043c47cca,2025Q2,0,0.020995991735822023,V1
0xabcc3eed397a203fbc9e4b99fdf37c42f7015fe3fe1cff090d58574d47496685,2025Q2,0,0.020995991735822023,V1
0xb8652114aba10ac01aa093e4135a070072a80908f0a0a7f0d6587fbfe55ad6c1,2025Q2,0,0.02387853572698874,V1
0x1dd8d6afc998fe922a00c46a2705c325f4bc09f9af750bedf1946513dd60c099,2025Q2,0,0.021251089771958033,V1
0x45dfeb8088ef684004f6da7ab453cb1e7cacb14330b06a4eb7ba556e47201c43,2025Q2,0,0.0216830063533228,V1
0x67c75f4852ca79f08a7766c60bd9edb7df7f353320c1e168514e53b8f6427a81,2025Q2,0,0.020995991735822023,V1
0x63a86e84ee38137a74b13cebd849a0ff0a4aa52a1e046d1470a4c7a5ecf67ef8,2025Q2,0,0.020995991735822023,V1
0x7de9348782747fc1f6a9e4d0ace397e72b5e64b0c62fc0f2150d12cfe90e70ad,2025Q2,0,0.020995991735822023,V1
0xf8b56301ef6e79875a783a89dbc4c1fe29be4152858a2f2c2d96fa52e8be5dc1,2025Q2,0,0.02397457714246689,V1
0x896e2fbb7fc0edce895caa8098501a320e0e11d23de4d81ec609d5e1533ce123,2025Q2,0,0.021509219114145665,V1
0x0e0c14b89cb08fd028364656cc41b4771323ee7e0fda9c041271be62b3faf468,2025Q2,0,0.020995991735822023,V1
0x2fe0ab8fc16c515a26369e5a6b8d93edf8651a20d297f5f5c5c1468d752c8c7c,2025Q2,0,0.021595941780013575,V1
0xcdd330cae61b17c8e88dc1376d7de966f39387427bdac9d6d100f2a1d92947e3,2025Q2,0,0.029997061308420267,V1
0xd25ff3223a2233f6cd96a349455ca3237931c64358792f90c5f02d8cc39be38d,2025Q2,1,0.9753830260909017,V1
0x455c0c8708d00d5c6eb84db8a6dc8771cf46d9830f8ee9a7b308333823388c05,2025Q2,1,0.9781778574739434,V1
0x6a67b9d828d53862160e470329ffea5246f338ecfffdf2cab45211ec578b0347,2025Q2,1,0.9869398364999478,V1
0x9f66d14b441a5af47cf31c9f063114d67c92968174c89de7badb722e0262f6a0,2025Q2,0,0.02133679438473952,V1
0x00b2f3ec7c5092fab8fb54ae2451f888266d3c365742d865e07dcfc4a8c1eac0,2025Q2,0,0.02116572196811049,V1
0x896d1877ca71ffa3d43c046fdacd4470f1a8c0cf91e14ed66d9d0e0b3099dfe5,2025Q2,0,0.02397457714246689,V1
0x4c654e6c9ef8bd3b2cd589b62cd5ad44c5dfb9423c71b51bc6af1cf02baeb4db,2025Q2,0,0.023216678372808858,V1
0xa85c14232ef55745b1bcdcfe10fd55f628fcd8def33d4d112809b14d92cb8f5c,2025Q2,0,0.06279264733588874,V1
0x9fcfb9bf9287879a8f4b67ca9af614c819b73c299d63a0aa8d56d013e763005c,2025Q2,0,0.022123502971829332,V1
0x06dcf640b5f29035442dfa0472b72a641df54b1e99e186368f3c6b16ecab3913,2025Q2,1,0.8294967517582851,V1
0x6614828eb735b658bb9c448b6d217f639f3ee17a3d0776cd41b1b86398491b3c,2025Q2,0,0.021595941780013575,V1
0x0535280a26955abf733d04ec594789bb6deff15b54c96dc62e16f808a6cffde3,2025Q2,0,0.02340393133625153,V1
0x72c6794d9be77f33287ba88554e4d153c08427c46216faea58de5eccd266a1da,2025Q2,0,0.02142283707464407,V1
0xe08edfc509b6e3e0b3a78a118b3c48ed23b96174af41a16b4d3b0d3a104a6be3,2025Q2,0,0.02185816636815649,V1
0x9b7176293bf3eeee0796786688a02d56a67a28dc6d9da9c0e904b891d82f895a,2025Q2,1,0.1112555214189824,V1
0x052d57cb01437fefba9bef4c0fd06c4cd97acd628d193697bbd11f6c8bd62d68,2025Q2,0,0.033402074460357895,V1
0x2a86b3971f01557db0954e47e83c29013333e3422e3e9b4716c136823f24f7ce,2025Q2,1,0.9810477913988531,V1
0x330f413895b25d8669861208d3403725516f6e3d66164bea64a8be41a4ccb0b4,2025Q2,0,0.2078809090413972,V1
0xaa6f9221b4c9dccf452f901c61539edf399755dc8fd4e411c4f51554d7a7a7e9,2025Q2,0,0.020995991735822023,V1
0xa6b3d50d6d1b60296fcf781134fb363ce9c6fe39f47fb03131b7d8af259fce66,2025Q2,0,0.020995991735822023,V1
0x32647079f2d533253ba9c24d421f828d83bd0b61d5a791091cdafe71fe7abd2c,2025Q2,0,0.020995991735822023,V1
0xdc6217bfb7b370163f7c427d693d5610bb00c1e767edaaa18d428a7aaf950837,2025Q2,0,0.021080689709282105,V1
0xe8b8c64c93d1fcc39e060a3cf7e32d7fbaae75597979074f83b8d75107064996,2025Q2,0,0.020995991735822023,V1
0x6eb92562df425ef6ddffa03fbf2d766b6816c9b5cc3175e799d439bbdb3d8c45,2025Q2,0,0.02116572196811049,V1
0x3b1121fddcadbd2b8bb2c96bf815a5303b72b8f90fa3145140ab607cec232fae,2025Q2,1,0.9875102547141317,V1
0x2158d1f83118f06d7399d5000e9c44f317eb8a0801a6f588d261bf2cf2310445,2025Q2,1,0.9874594314476551,V1
0x3b2f19935f2a969634a7aca52b69cf653d957ec6243bdfcb97dd830003e90624,2025Q2,1,0.9869398364999478,V1
0xc0c0d4b16191cefab5c6dcda1797fc32cbaf7d495afb973bdb071d6dbea46581,2025Q3,0,0.024413469715217323,V1
0x3a49d807153c04f04559ca17dc25e8cca25504d88a57a5fda538284e882c02fb,2025Q3,0,0.25485759864784124,V1
0xcfaa7bc4cee131fb6e724b54230616a1aad023dc6044da6b84f06b35ada28586,2025Q3,0,0.32797630235962805,V1
0xf16bb5a97c8d13e41b51dec9024d55f69a39736d4a0f8539bacc993470cb02f8,2025Q3,0,0.1813255363833377,V1
0x9fb093c5361acd17289f7b9962d6e14bca8a0ce05618498f95ffbacacd64e77b,2025Q3,1,0.8046723247845547,V1
0x8c601a3d990460a92b604488eb97a9d19d9218c39609ad438cbe788a1db653d4,2025Q3,1,0.9170791320184134,V1
0x2b0a07e75ef14cf292e6d93fdd07f333057acbe249f8a7af57bb1ee3c5a52b1a,2025Q3,0,0.5671415498117086,V1
0xf2fac7fa4a31542b564faa725649dc596b59beae296fecc436d1e40202baa5b9,2025Q3,0,0.032186592382628755,V1
0x07a49f044960fb16a4bb3ef0fb97ea3427092f4f860f6fbff74b829af7d64aa2,2025Q3,0,0.06580735739137286,V1
0x7035aa7555c84710f78a64c3f91c232d03a7153af0fdcf2a01f7838033204afb,2025Q3,1,0.9779851652179196,V1
0x3f6d0c5fb6274a88afa19b9e6f4e5cecd719324ade47c97aff7883002880d64e,2025Q3,1,0.03608995931605941,V1
0x69f218208ee7bee0897b5f683790ab945b7db5311886fd39641d476dffdd8944,2025Q3,1,0.12543765301952425,V1
0x93f4c7d110f2ac9752f56bc448d81f393c439ee96e4342898c9c5e535bb08e4a,2025Q3,0,0.02376347284140349,V1
0xff65ddeb5485e8d132a033c29b3022a68527396540df7265e285eec184041d66,2025Q3,0,0.02376347284140349,V1
0x812d8819cda5c57e824719de0381d8e207a45b5b71da31a6425f6c2f181a3fc4,2025Q3,0,0.03169800922517993,V1
0x362c61cfb577a719526b03e7596a3ef3d6d9aadf5292e2e2391c2cdf62892730,2025Q3,0,0.02376347284140349,V1
0x4a68d828f7263f34391484404380c34efa9566f12a08a88553ddbe8e285c3ae9,2025Q3,1,0.9780700533854599,V1
0x0d09f8cb4ac601074c02828328a893fdab030ece3ca682faaef89d82c43daec2,2025Q3,0,0.025470059318415467,V1
0x5bb02509cac2580d4b13ab17cef450011997faf52882059ca9a9611e374c210a,2025Q3,1,0.9834729692361651,V1
0x65e2de7aa9d97d3c1fa818321dcba2ead3a44c42a94f29df4b008d1cddb6fa46,2025Q3,1,0.9674175816217758,V1
0x4cedbddfde0872b20aac8b421b98d3808cd97d15bbff5d10602615c8476c68e6,2025Q3,0,0.04704472759794804,V1
0x779c11cdb2946b7330be75b864228bc0c67bed919f7e96590cd80594d1cb1166,2025Q3,0,0.02394744370543154,V1
0x43a0e99dec7bb0c6ae5a9166cf6df932a36ca721eb62f673eda5ea87232bc8f2,2025Q3,0,0.028582947737554636,V1
0x1ea32b75e1572c8c471d4600b05bfa322c5e1a5ab97a95fb2b047ea798dab2ee,2025Q3,1,0.9785727022360182,V1
0x9f9b80acee3dff860af4b12f2399b07a8eca79376143e2c3565bcf833a96b4a0,2025Q3,1,0.3728891408426329,V1
0x94db11d2f3d7508ae36589e92cb30b3c9d1032aa4a3b23f33d4940913ed5e035,2025Q3,0,0.02394744370543154,V1
0x2824d2633fafe8985a611c408b99505c18c7d9be4f05bd044e0a8085f9f2dcb1,2025Q3,0,0.02376347284140349,V1
0xe5ee25ddde1a96b51f26dc44e782147d56a4f401a8df9e1705e69c9c2ed45652,2025Q3,0,0.02376347284140349,V1
0x94b6840fd4789ed22141fe13b44d65b7a172717ee5574bab326657f2e6035d80,2025Q3,0,0.04530514408698369,V1
0x30be2fc500027e98ff6995bf1f197484e925674f5ebb69bea4a8ee37db504bd7,2025Q3,0,0.027718449375567382,V1
0x8546a59f7bf128e652ce9448597ad83d301f795c92f523c7352717f4760665e3,2025Q3,0,0.02422600757140172,V1
0x5d892486e700e4b7afb9b1726ce4697b0c3002bc086dca4bf1131c932788e920,2025Q3,0,0.024792646155070566,V1
0xe5db676ab771065e550c464def341222103ffd2c29d0a16a675eb420f9bfab34,2025Q3,1,0.9847685927219584,V1
0x3a369bc286924ad5ec7b8a6c906ebd7e79739d8b97fc1bc0ca0f629d71963a94,2025Q3,1,0.9847685927219584,V1
0xd76cd9ad15dbfab721504055b11298c6698aad9e0c4d0cf6f795048d95fe607a,2025Q3,1,0.9844089734793543,V1
0x23cfb7f4d4cefbac8e464cb53717654d84f82f5ab7ad4497662c122d94bb658f,2025Q3,0,0.02422600757140172,V1
0xb8498bb4d013be50bd4af336c0cadf62ab0f2885cc968b742304d6edccfc7190,2025Q3,1,0.9847685927219584,V1
0xffc6af90d3fa254e5f511ab9e640bfcd656b4c728f82ca42a7b9db967760e94c,2025Q3,0,0.024507730414270526,V1
0x1b8547d064f8b849259c7f4e923775916b831b114066279a4f9e41bafd9d1fc4,2025Q3,0,0.024792646155070566,V1
0xf18e0785116e491c40b5a607fa69a451ae552a3f04f50a6bc51a7768fa581e96,2025Q3,0,0.05652380319110617,V1
0x0e5219af7f980cbd6fd8d4fd4233bfead6f2c0cc8aedfa95b0fdf9268ec4acd2,2025Q3,1,0.1813255363833377,V1
0x128f8900f9fcf26d6686566105a0bbb581813a0d3f16f1fa0a0324e56ed9c6fc,2025Q3,0,0.024039949410780016,V1
0xa3d646330c69637855b99af191c40ba980928eaa1cd97c1f6aa52de6de21bf76,2025Q3,1,0.9841645981730595,V1
0x448c358927e1010415b570d2f28fa15c2d5cda9b78b605a16c21fa116bebac5f,2025Q3,0,0.04704472759794804,V1
0x2cfdff339c1ccfb9b66f69916502bb0a5e2da61e845d1750a7fbb763f38bbf06,2025Q3,1,0.9784064174053075,V1
0x78554a269994cb47618a3f7583768a008a5c5e1396323b92e9bad4be17dcf7c7,2025Q3,0,0.2701490762038848,V1
0x51179a929cf3bb4e4f09bb9d1387e90f7c7f91d101ea977d82d75ce15fb33cf7,2025Q3,0,0.025470059318415467,V1
0x11a367fea8169759c13b9dbf4547e6fb8aaecfd22f87674870f5940e86c90bdb,2025Q3,1,0.9652331045680681,V1
0x9b40eed84fbe8c057c2b520b181f5dee55b430cc3c46968d4bb2f5ef7c518a85,2025Q3,0,0.026879374487785435,V1
0xd6ba332e88335deb8d04b7faae06e1ad265f1e8ad464a2a906e7748dc8c7790a,2025Q3,0,0.02376347284140349,V1
0xed4615db4766881d064c19a6ca9ea6f3f3bc4d55c41fac513d1ca7a2f4dc96e4,2025Q3,0,0.03344010589587313,V1
0xa1f352ecc07504abee723e29badf7f4b629d02c95c82337c35ffd7f402afa6dd,2025Q3,0,0.025865211041333623,V1
0x6d20fbec2da69596c8c350ba463fb1132ec47a34c89d71d0294ca75b6c419339,2025Q3,1,0.04200816637916438,V1
0x4a8576498f2368190c72ee0536f34c30c6aaaf868ac6b72ab685fdbb5a4b0840,2025Q3,0,0.024413469715217323,V1
0x0c7d28659310de1bcffb52f14911f439094905e8a72dd1f341617bd0e20bc5e8,2025Q3,1,0.6718514658780452,V1
0x05a504fd23b9f673aa2a96d51f12520d9acbe842a706d103483f1504c06d38fa,2025Q3,0,0.025372193615330392,V1
0xc4c1335387edfaf4729f49cab9f9541e6de3299fecf11224de7fd4fba6e3d39c,2025Q3,0,0.04530514408698369,V1
0x48e51508835de42a12c7177cfcd45881590bdc9fa00baa1ca4173c441bb471ff,2025Q3,0,0.2191921288874833,V1
0x5fb3af0ad49773f85b9d9eaee0e169bda9fd90c13da2107ca01743a7bcf39663,2025Q3,0,0.05109777866945533,V1
0xb2fc36d5f9bd808e7e1c65b21da9f69cb112541d3b403034f66b0004e38172ea,2025Q3,0,0.027400855189238803,V1
0x461e3a6415a701a260c9f61ba726074e44c65c20d3e1f2ca916aaa10747ab319,2025Q3,0,0.030507737611217625,V1
0xdd38f1c91c1a1b90d4268afa7178d570c7efe3597ef3271594ab689d7423e597,2025Q3,0,0.024039949410780016,V1
0x9b384b7a56c41e7181d207e3a46e54dd1d1805200e976abfb8f621fd3dfd37c5,2025Q3,0,0.02606501860597387,V1
0x7c94bd32c0be45c73e7f42908d7b32b07203fbcfd52409297c60f0c7e1c28a69,2025Q3,0,0.024602345877128774,V1
0x78700265e4aaa5e73a4557cdbdad4ed768a1504f1c91bbce0c7ccffb4af175bf,2025Q3,0,0.024507730414270526,V1
0x46dc560a09f07d8b6989bec851262e4df92ea0dd909631cf987afc88c8b8d729,2025Q3,1,0.6949207798701708,V1
0x89f0c865380f678336c390ddc4fe63bd14b77852d8b84845b315715c73a41bd6,2025Q3,1,0.9846496363552316,V1
0x0c5ae6834bad46eb993926dd5055818a0a695f93940860247556af7ddc18377e,2025Q3,0,0.027191093346602985,V1
0xd513780a1859f1a5bd88054b3c98b7454557b4292bc07c52a008aa07dd87ab30,2025Q3,1,0.7717548242779219,V1
0x9101b7b2ad1dceabc9eeb8f4b152f6a796d5706404856f757196dfe56a0237d7,2025Q3,1,0.9848866413955454,V1
0x9ba0e12a339b01159f86cd697890e24ab2a25749cdaa8beb6a1a744fb4a93610,2025Q3,1,0.2780079649822637,V1
0x67f5f2ce94e999560348ba7cea12b82e032f503f572084756bd6cad0b1f5bb3e,2025Q3,0,0.026571131568621564,V1
0x27619d612e16ba61fd0c60000d6e1e17947f539bbd5fff7d08a1e0ecb3776462,2025Q3,1,0.9823452760425063,V1
0x640938ae857aa2dfaa5aeb2af07ec853ab0eec5395a5d4ab1c31842f1d3ab271,2025Q3,1,0.833864429532684,V1
0xbbeea892dd7c00356a01ad562146236f8e4a48ab4852d119676a41832a9edb9d,2025Q3,0,0.023855285261222946,V1
0x6913acb3b4cd22d006de94416187e2fb3ae2cd56871aefd4cfd1c328548f7f5e,2025Q3,0,0.02469731736800569,V1
0x5f1b7eb4573875d73fa68974c4477550427745bc8aa0270ee71022a7723121e4,2025Q3,0,0.02469731736800569,V1
0x0de7d3a8cb29764fc91c5941a00e1cf010b9ee0f2f4b0cd82a9e0737ffed0c96,2025Q3,0,0.02394744370543154,V1
0xbf203db4288fb9d2644db867ba399900279f18026fbfd302fe858e539fad36d2,2025Q3,0,0.029586796598737152,V1
0x5baecd1f5286bb3150e6186b8cd6ca0468cbed8093cd6b8f4a1a8752d35139d4,2025Q3,0,0.02413280361791789,V1
0x27fa3741337f72bb571945794b5e0a2326d8830d324a3608a0cb994005f9f0ad,2025Q3,1,0.9843482298422924,V1
0x9339212e711a0ed6185067689c98e1e42159cf46d671c9f0da14b62f9b69fefc,2025Q3,0,0.024413469715217323,V1
0x187098977ed6bcfa0ed23dd28b5f1e29ae83556bf16a7ad2c09c57e263a959e7,2025Q3,0,0.0243195625197032,V1
0x0d26a40ed024d82761b2b07d2cf23f0045328f94f35bb3f95e73e544232a8975,2025Q3,0,0.03608995931605941,V1
0x129ef0a1c46d47760646aaabbc6b9c229355476b8c392e85c614540a2532000b,2025Q3,0,0.02413280361791789,V1
0x4bf553d0029cca7d97bf42b2a28351c271bff3c898f57421a3a5e16c6515734f,2025Q3,1,0.06111388730294642,V1
0x57a7c6a961ddbff6b58aedf1f479e4008a06263a076805b40005cb36af4bb457,2025Q3,1,0.958748642145298,V1
0x3c56b8d7b69bee2c0d9ec5d8a93f632a6f27d147844c8dfa726704e1fbd08d79,2025Q3,1,0.3193296289921255,V1
0xd42095c555fc67294ee945b214b84f49f86b11e3274c325adcf0d49e09114e38,2025Q3,0,0.02376347284140349,V1
0x669b35203fbaaf260e1e5198b8ca2ebd7887d7ffa6985dab99abb0bf94ef674e,2025Q3,0,0.04362694070716251,V1
0x465f89319b903b7f8fa9080d6e31264a5a439651c9dde08a3b2913f058f4f00f,2025Q3,0,0.7786382892190576,V1
0x4970172d9dc6f25bcce9891906dd3aea3050a0e4e40ee74daf911a8e4a3126ba,2025Q3,0,0.02413280361791789,V1
0xa05e5a87b0576f0cd1929145fce0bc6a4ed33d90a08e0319950075c6c0f0a0a8,2025Q3,0,0.04530514408698369,V1
0xc60076b8a299000e668c354b5ef7f180253be03d6584bcd3657ed685cdd440be,2025Q3,0,0.04153383676496176,V1
0xa3630220bf7bacfbbee372ef8e0c9c23df3912158e05623f585d1f8ceac00c92,2025Q3,0,0.02376347284140349,V1
0x3ee86a850a9f5b495d65ad5e409e5903a1f14ccc78c4e8bfa82fdb4c497b543d,2025Q3,1,0.9731001811191332,V1
0xda1e13b408a29f7e630ce1e20c31331e7c4a1a60961bee8bd96aae210e97e2b6,2025Q3,0,0.04884768835983626,V1
0xd65c4072e48a82a9cd49e8e6be332792fb13e8e076134d860d110427fc01d374,2025Q3,1,0.9467143929627382,V1
0x5cee2245fc76fe3da2e33c1cc95746852ea193d587d2b8e43443e8f1b8fb3be0,2025Q3,0,0.02422600757140172,V1
0x46e434dcf99d7e1354abb5f2e3cbff811f3600928dc09e9d38a7128fdc577b62,2025Q3,1,0.6241522634499524,V1
0x14bf5aaa9c555faded1a58acff5ecad22c41eb20757145f14355766756c6ed62,2025Q3,1,0.6424960543786417,V1
0xeef3c14eb999ee70b3c7ba528d34a9b7da2a60bc55256374a7dc0bc0c6d955ba,2025Q3,1,0.9848866413955454,V1
0xdcf2b4dd27cbf8374209e46a0d7726359e29c237c77eeb2d03845ea7702510b6,2025Q3,0,0.025865211041333623,V1
0x6373a53f15b4db85d6ba64e24e75a39211aa12781b9034ef94ee0bcb630212af,2025Q3,0,0.02422600757140172,V1
0x410dae9e439d5943703e08bab74b2147f526d13e432fcbf3583dd351c3f3936a,2025Q3,0,0.02413280361791789,V1
0x07ff647adb4fccea99d476fefd88d31a09bd275748bd093305ae661e03ef2366,2025Q3,0,0.02376347284140349,V1
0x8d93791d7c262550cdaf6edde9016add94aef0b8a4a06bea8c6bd53b233ce0d5,2025Q3,0,0.02376347284140349,V1
0xbac49f234f6b0541c7ba0cd2c142ed93838f301c97f86619c81b19921e72d934,2025Q3,0,0.06342015632349289,V1
0x02dc46f4354c1cc447577db82ba62cca1bda737bd67b73fe966ce1bfe580868f,2025Q3,0,0.027825106691304825,V1
0x6c3d5fba5442f3e725eb89b7cffcc341ca3105cddaac09c1e4bc8e7010f0fe40,2025Q3,0,0.04122046804792148,V1
0x9f41a3e4a2ef548cf207c22a48dbaf73e28dda5ec014c145217f428aaf3769e3,2025Q3,1,0.9686399875613654,V1
0xe8d095422da9f6c3ceed727a4b6251177f618b002d2a698bfccb48716c7aa469,2025Q3,0,0.02394744370543154,V1
0xbe74c0cbc7b1cd812b5b68439b3cfdbce3e4148037e9dd4cf2ff078618e9e381,2025Q3,0,0.8226291361533125,V1
0xa372387ff2de628dd2097d889a34b5cf08a6fcdd8e59b254400e0b47506c557e,2025Q3,0,0.023855285261222946,V1
0xcd70715798fc5a4ffe5650f41fc94d6ae981cc809da3561cdbea3dac869ff561,2025Q3,0,0.02376347284140349,V1
0xc7e96db9aa56c83c19e7eb3d608ef821bf9ad7699c48c8864011e5caed4ebd3e,2025Q3,1,0.7717548242779219,V1
0x40b9b62e09bf8429a058dd94edbeb3849691b41f2545fdd93af0473234a752be,2025Q3,0,0.05673483236071015,V1
0xa74304523e0d5b3ea3ce9d44a7ec5e67cc2ccf15735d46a186497d23a5d9edde,2025Q3,0,0.027825106691304825,V1
0x6ba01b84505b019e8c3ace62e85916535bdd950c0f7d78a6c1c6077fcb9b625c,2025Q3,0,0.025470059318415467,V1
0xb4cf7ea4502155f89905021917d22b26b01867582abdc6104995517465c57d91,2025Q3,0,0.0280396185649684,V1
0x31f8d949361c237709f81890ed313b25809d8333e78e155f34035fe99b9b5d1c,2025Q3,0,0.024984380710268202,V1
0xa56afcf5b2db4531f9f339edc04acc9c29a777127b79164cf8850556d164f5ea,2025Q3,1,0.9620519138302365,V1
0xd189af84a1c6c02b579796a1eb08af597232d33455c42d9c0f5c98eccb4292cb,2025Q3,0,0.09810773589331209,V1
0xb21c15db48e4c5197b7fdc9bf946a277e2ba8aa2cd0f09631a4b440c689ae7a2,2025Q3,0,0.15382603568299513,V1
0x33e9820998c7f9d3258999bc1f1ab4341de836d826a8583a1457c2a8f834c2b0,2025Q3,1,0.9848866413955454,V1
0x656c4e16da2fee857f9b9c49a2a04821134a767fd69657490b16a923ecd64007,2025Q3,0,0.024413469715217323,V1
0x1859f2db5700c12c754b8d4c1f7fb0b663df1c90cf1c0b2a931744ed9d9ff002,2025Q3,0,0.11702402133927167,V1
0xc74c985af2daadd3900b337e128555d997342db0d724528e9b0eb5d9bf2691a2,2025Q3,1,0.23301285131331348,V1
0x715eb6357edc59dc38d9f7da929e63be58fa4d3b7bd1415d7950a60bd4317827,2025Q3,0,0.02836440052718014,V1
0x20fb0feea43045ccb4b74ffc4198626e4d8be04e689e4963099ae1ff8f929c5b,2025Q3,0,0.026266328056189,V1
0x2953a5f45c2908c95bd190a782401cb61aa49c58f11efddabc79f3cae3a9c25b,2025Q3,0,0.024413469715217323,V1
0x6d250918ac8353e8aedd848e1c0934c0feb8ad1be05676f19414def48d4a914a,2025Q3,0,0.20661781031808088,V1
0xab03a5adc30a70d64279a1e894b94665583fcec6ef6d6fcfd2d4687968847ef5,2025Q3,0,0.09810773589331209,V1
0x94c99f6465739a323859e4bdcb5091ce6e064b67a956b5c603974e574807efe6,2025Q3,0,0.026469150035989222,V1
0xf0ef70a1bcaa6f14e19ee87c5dcb8949044875c31fdd42ee078d7b72296c2ffa,2025Q3,0,0.02517755976749548,V1
0x14a5086aa913c7146d1b532b67482eb0b652f13de41ad939259bd2084f1afe5c,2025Q3,0,0.024602345877128774,V1
0xc922c0b8fcc0898ab6ac49ad47f5e14977b4d68a45f4c54f04d8303bb0ed9df8,2025Q3,0,0.02869283337337077,V1
0x26140fbd80ec4d942e1c59f86472ea542f9ff3eb9c4015dffa381112f54ebed5,2025Q3,0,0.02606501860597387,V1
0xfae907b4c7d9b39fcd27683e3f9e4bdbbafc24f36765b6240a93b8c94ed206fa,2025Q3,0,0.030391118868862282,V1
0xa491ceedf3da3e6e6b4913c8eff3362caf6dbfda9bbf299e5a628b223803c2e6,2025Q3,0,0.0243195625197032,V1
0x3c0585e53f8a8ac29b1e81fbc89485dcdf451f0409648fa36417cc9f0487317b,2025Q3,1,0.686482242375913,V1
0x2188d6a45be5d481c8910e16fefd9ee648dbeade00e5a26642fec71ea828ab4c,2025Q3,0,0.02517755976749548,V1
0x387d5a499328023ded8132ce272b4faf87eccfa6521737a85bfe09a01183c2ef,2025Q3,0,0.024507730414270526,V1
0x6400143020a976de8117a58995c44e4c440a0307143c4f391448975ac56a2130,2025Q3,0,0.02394744370543154,V1
0xe59adbed2626288ba876a53a22fdf96aa0764c024a4c61b4785c232ff04bb5a6,2025Q3,1,0.9831488541003774,V1
0x8b1cafab17aaa138174c8096872df64552a204885f61cc5c626f6fac9e4e0025,2025Q3,0,0.02394744370543154,V1
0xb38ff89ca80358305983b93c73fea18d3269d7776f3bb77bfd75b0ce838cae70,2025Q3,0,0.02394744370543154,V1
0xb292b340398d387138e2e902630ac9e89ca85f214ce6d5ad6baddd71679309aa,2025Q3,0,0.02394744370543154,V1
0x0041d01c1584d78d7eec83726e4a9895000ac039a9d31efab618124fa5085bf9,2025Q3,0,0.02394744370543154,V1
0x842e835f4d2061b9a6fd0ac84665b7b69e9ad06e6316b172f17f42d2ceeee9eb,2025Q3,0,0.02394744370543154,V1
0x01ef26bf9a5179ae2528a41ade585df98b12ceda486a6d7ef0a86697d3082a81,2025Q3,0,0.02394744370543154,V1
0x760edb46478e9c9c9f77874229bdcfb4ced817a5284d5c2eecfeceb8f00f3972,2025Q3,0,0.02394744370543154,V1
0x41eda073eeca4071d3a643a527bf8549851ff16c7e4b924a007671cb11920f98,2025Q3,0,0.024602345877128774,V1
0xeb005a466ab396190a47e815c0855820d554716e0873cff67a30a690f4174ba1,2025Q4,0,0.03418057342340331,V1
0x09b3e4c716df2579afa0ede1bf00edd84f8cbe1e335785f90336e7a909c52f8e,2025Q4,1,0.8752286894551252,V1
0x90394c2848abe272fc43ab6d3842efc6ebcf41aee50ec9fdca1980a6452ff19a,2025Q4,1,0.9633969229271806,V1
0xcf629b392cb6ebbb90575ddcb2a4510ed4cba795e061bdb730df6aaeb4554ba7,2025Q4,1,0.281490118221419,V1
0xff48e9b2a1348205a430c941ff6a51aba1ec18ea34d0add5f82ba9f9ffd74590,2025Q4,1,0.2283632281028926,V1
0x04cfc9a207e0d14f1eb70b6334e7436f4492cd7e75d2f857a83984a237c008ca,2025Q4,0,0.03837908855342867,V1
0xb45dfe8c5df7e41f4d9b03c5ccb3ab6598a9feb1914be0c83daf16cd98a74ba8,2025Q4,0,0.2502340139010626,V1
0x680b5b8add0677e5865f4b6d6d1d90e2d9e818d7290947d3fffbf7991cbde08e,2025Q4,0,0.22137919821764343,V1
0x4d6c87358a0a8522c775c20288ab7df7c8ceb4ffd1abf01881ba343cdf45964f,2025Q4,0,0.3878794482218301,V1
0xce295bc26fb49a30737aba33d7333b719b28408a5a053bcf6b6c85d03cd5c3b4,2025Q4,1,0.12143419637974727,V1
0xbe79f22965635de887b6d690911d04ec6a9d86ada78f2323f1ed56b316ece79a,2025Q4,0,0.025835569304532503,V1
0xc4fc208787a6b40594f5236c754be025d52652c0c8a817ce4e2bb99ab980312c,2025Q4,0,0.03988560542929616,V1
0xb71ee44874e6128bf90be5d2f1c07a58bbebdf2518535143069992ac22e277d1,2025Q4,0,0.02417538350637096,V1
0xbe7305335831f9631ddc00515dcddf11c3fecf02b0bfe48c45d0acfc15beddab,2025Q4,1,0.13959764679267497,V1
0x0228c334b70792abe9e3c0f8dddf34b8a371837d830c2278c518338c6d4cde13,2025Q4,0,0.28966502326129223,V1
0x200369a7fc4dad910665c5a77e1c0c0d16237f79c637928bf0c5112cac2db708,2025Q4,0,0.03326659999316033,V1
0x14a3dfeba8b22a32feb0f10763db68bc4d2abeb5bff90e9ae20de53793b35a1d,2025Q4,1,0.025040915234518714,V1
0x60918e364dd0c217c3c1608993c2dfea7f1cbe66791670add299e4e104192993,2025Q4,1,0.1710488459639069,V1
0x9c02440c284eaa4798096be5cbde0c845d9962ff22664e50e2d7922a5d26a1c7,2025Q4,0,0.02417538350637096,V1
0x150c3533d57741847fbdc0ec3099ec4338ed7bc8f70050fd9d4c6ac665feea74,2025Q4,0,0.02417538350637096,V1
0x35aa60f14428ee91906728783c25864e69aa1da630d0a86408cf628f776fad0c,2025Q4,0,0.02417538350637096,V1
0x2df0f9131944410c596a5ec62c3c19d2dde36d97002e9a236ea5323ffe1a9be4,2025Q4,0,0.024365166877226282,V1
0xa9b4d63db8031fbc369d863e1e9dea77296ab49ddade6793f1938fe0c76e7d10,2025Q4,1,0.981358635231853,V1
0x21c3ebd6f0d85a9a78c851ef4485d967d91e890093f5474eb675324c7595a124,2025Q4,1,0.9855143749461618,V1
0xec0a4d2952cb62ca55e16a4ad879aae5c988309f71a8f16fc3c65fe0a8df52d4,2025Q4,0,0.024270094301983007,V1
0x27fa002bf1e91268fa0b4232b3d35892f15f7b6c26af17749a10ec3a8c218b53,2025Q4,1,0.5111601766898364,V1
0xc15a24d1576b84a0ae8896d2e2f89d33cf2ab84e20c358269945725204ba2442,2025Q4,0,0.642355294687501,V1
0xaf2193cd6b091db90642fb9b9fd7f3c4a1c280373357081ec68c9841e864b207,2025Q4,0,0.02417538350637096,V1
0xb98af52160e844fa40409c12c1e205be748d71446cd653b7b7b04ec05d6da4e3,2025Q4,0,0.05839636750304897,V1
0x1586c09368022ef06b57487108ff99c83745309a79a7952ba11b916b606c6700,2025Q4,1,0.8752286894551252,V1
0xb48372708bdfadbd7e045a1838847f5b2e80ff2c9aac5fcfb314c14168c5ffb0,2025Q4,0,0.1887733797757933,V1
0x2a6698afa34ebc176e1a7b31f5fff0ea300ad5032ff0f4b19c96779f910c7f98,2025Q4,0,0.024365166877226282,V1
0x488bd2aef34f16238e1329c5091832c91dee945ab87eec1bf37af9f119679913,2025Q4,1,0.9556373279388409,V1
0xb09761f564bc398ee978545973b85b952a5aca000557a49a3224895893aaf8b9,2025Q4,0,0.05414252528338523,V1
0xc6857fdc8b11b381c177706e3c2fac86fc71331a46186c3845a5bbb421435360,2025Q4,0,0.02417538350637096,V1
0xf8226ef2f458366945d8dc932cd4f55aa054de8897daffb23792105b745b2519,2025Q4,0,0.02417538350637096,V1
0x17b0a61b4bc527cce4fa8206014cecdbd40a0c15409270316da643c839948f04,2025Q4,0,0.02417538350637096,V1
0x6445e74d491dfb501ca19e7b9dbb061c07ccabffe074328b10f890f14414e6ca,2025Q4,1,0.3415065394974472,V1
0xaf7e245e4ce6fba15bb5d3161a3429c80ca9370bc91743f19c08e631c45f2b79,2025Q4,1,0.09454063653066869,V1
0x62995cb8a7c8c0d216a8882109bd1e05574b5df87d313f06cb3e1cd5593e6d13,2025Q4,0,0.02417538350637096,V1
0x937d7afc09f1d2a16a4daa1928798725ba97c809bccac841d0907117dbccceca,2025Q4,0,0.024365166877226282,V1
0x0cc0fe6b5a5a9ab2a7381caf7054510d8cc8035e73d2050866a2b2f0959643b4,2025Q4,0,0.02417538350637096,V1
0xe2fde77ec7e873ab1d0825880f6dea70d97f1510ec6184b886e55511e3f127a6,2025Q4,0,0.02417538350637096,V1
0xb54dfd7b69391e65fcdeb291e09606e2f3c44ef3a3e7b6dbd1d411a4ed4c2b54,2025Q4,0,0.1599831691933004,V1
0xb51f2db5996c86c3fdbac6d67d0fdead997d959ce0d86bad5203d16ee746da17,2025Q4,1,0.9128315481502925,V1
0x1321095e16f2904ccae2520e22e635b69bd4f25fc54afd3d0d838a3bf54550ad,2025Q4,0,0.02417538350637096,V1
0xd562bb4ace325b68081b92e594621294e0012ac39d3af48f2b1fd43cab925f69,2025Q4,0,0.9729562723517062,V1
0xb2976a6b0d3393b44546adaf56c9c1dd77f11cf5c859f4754f527d0907f049bc,2025Q4,0,0.02417538350637096,V1
0x1e3d9b0dd4ec88715195d7dcc4e5a700558c932acff03e10c1addaaf7f50d8c2,2025Q4,0,0.02417538350637096,V1
0x564dc4a385305c482015061537989c4af69f1556f40b958a7bd6e4cf84ad1e2c,2025Q4,0,0.02417538350637096,V1
0xd4ae3ea41585388982a6d4cb9b60f4314d92f24ffc88067c9442b72dcc2f2575,2025Q4,1,0.048122298849382676,V1
0x1a7d40a55ae60c5dd65ed758dcb503074916132eba2f93a701d25ab999a7a370,2025Q4,1,0.7122150688551669,V1
0xe84fe1887a4b01ad9bd837a4a35d7ea540110af706f5c4010192ab9ddde144ec,2025Q4,0,0.03823147662035847,V1
0x61ca1f1af4ba9c66bd3ead0ea599f61996f34f0d9400648d63709859fb92f53c,2025Q4,0,0.1599831691933004,V1
0xd8347fdfd47e2298171cf432bcfb491a711a16e0ff8da245a89f34871836941d,2025Q4,1,0.09454063653066869,V1
0x6ef34d5c7937cb8a1eb22234ddce8fe3eb1595e1f35c7d4f2101c58f3506e580,2025Q4,0,0.02603803782918488,V1
0x53f82bd52566e30ae3f8131cb92095dd92ecdf2b0204af0edc226ee194e923fe,2025Q4,1,0.9848116569775744,V1
0x6a8c775d3a7ab901a5c4595dbc33478d654dc3b293be2b80fd64500cabbfcc37,2025Q4,0,0.025336080608078584,V1
0xd6e0317cee513cc3afdc1954ac576b241ad2287536e88b17fd3a77b4c3d0976e,2025Q4,0,0.024365166877226282,V1
0xd63074a69db9fbe28c8a9f3bfe64d8c16eb39e302be281ad9e3a91081b7429f5,2025Q4,1,0.9806873122866522,V1
0x46172824696c98fa617d0e7e1f1e0a86625814fc4f6aa414892bffac2a2d2f29,2025Q4,1,0.9865620192912667,V1
0x8906ef02619ac44492cfdb44781bcc2848c32895d2c3c39ceef00a960fc4d87b,2025Q4,0,0.02593661126236109,V1
0x876e3f74017fff10b2677f8c0b9c7ddcf8f74f147eeee59fff71e7a1928edf19,2025Q4,0,0.025138929529978482,V1
0xf93c2cb39ae91f4d46ce09b9db68e2e446bf75c896e071ff90e83d16ed9bf182,2025Q4,0,0.027714310068026996,V1
0xf3714b6a1b25b3bcbf2bee6fa820b018bec57bd006fdb8459a5e6f5bd97749a9,2025Q4,0,0.04544264144254303,V1
0x0e65ac45d12af61673ed92b0e65866d7b7fa58ce395c71cfc86d91e10af26ad4,2025Q4,0,0.04830618122715083,V1
0x97c739bed00d60ed192e70500491d1a485c7c808d65cb131dd95a5d0b9d1f31c,2025Q4,0,0.028040081313504404,V1
0xbd6c9dcbbf279ec16536724b73336b1b9f27e78f0034e872261c590a01110bf0,2025Q4,0,0.025040915234518714,V1
0x7058f8abef2ca5e080b6febb7ec45da60319582619e89183b700aca3d8fb21da,2025Q4,1,0.9219341249660463,V1
0x7f99d8d0221a775ca04249b00d86c02da178a897c7847c1c50972895758fcb8c,2025Q4,0,0.03418057342340331,V1
0x27bc9a0246320133b3e57d9c698d1b94fb9c4f1924886b954960e8ac0b5514ce,2025Q4,0,0.044752417931822455,V1
0x78d6c8f900ef99c64ee123db009cf864179d4b659c5c898030c756c5e528d8aa,2025Q4,0,0.027179512382689855,V1
0x63c6bddf7681c31a5a6be4a54bc7c682f7d171be45eae0178ff09d60fee21ef2,2025Q4,0,0.024846002416764712,V1
0x3d16ed6f91ad7d3ffb1633e792a6b5595cbd30cf8a9f63883ade9e6e97c8bdc8,2025Q4,0,0.03988560542929616,V1
0x0ed1d3981a2067c9a53364b00d4342e703026926615de49aec9bead2cb2f8393,2025Q4,1,0.981285189012551,V1
0x686d955f00b0a27a807d3fe4bebca3ef6f81bf25699a967d4156393eeb6c0ee8,2025Q4,0,0.041448709550828695,V1
0x92137f9e112c001cbef3e32da9aca4b42cd3d161f51c2963779ae694d45a48da,2025Q4,1,0.05414252528338523,V1
0x24392325f435e81d2d5f79a9e5ddd94dbbd59d7f2b43ba4c2fea1786065d055b,2025Q4,0,0.03175442645249861,V1
0x377567785c949645ef3ec315c927c7bca8fdf396b8d22479e28c45ab847f40c8,2025Q4,0,0.024749101221541336,V1
0xacac1a4b66459802a709b2f2eeed96fed8f8982a6fa6a782c3bc29556cc5b5a0,2025Q4,1,0.9857976300530048,V1
0x343bd70dc933edcae475b2053c6a3cf10ea6383ef2ef87d0ab70e31a045f8645,2025Q4,0,0.02749917508021286,V1
0x62ba158e174d930828d8fee32968f1c7c0e972bff94661e69c65c135f611f5b7,2025Q4,1,0.09802696609782129,V1
0x0873d893d590c648cb6935d27fe1f3c05d977814a8b91ec12e96d25ab4e97eae,2025Q4,0,0.026863462942546275,V1
0x08edb367286b5c3c9ea0bea943ab0749edd854f6e4b3628278cf079766677111,2025Q4,0,0.02417538350637096,V1
0x01e168ac93d7e3ab3cf472cb53daa1cd9102541c037ca94de45ee416df8e8eda,2025Q4,0,0.02417538350637096,V1
0xaa0bec393d2ed411398d4bd5cbeaf36d5dc2bf9d9b248ee7949f32bc6abee3a6,2025Q4,0,0.02417538350637096,V1
0xfb9dd816b88371cce8f1367e3eaca65957233d5199d96058d22e89532c3d6356,2025Q4,0,0.024749101221541336,V1
0x70322178742efe1415667480d0250b7e10125aa8afab7f969ff0dc16725cec48,2025Q4,0,0.025435220089037664,V1
0x91446872e083875e2315abb17c03854c178d65cef9e49e17b8c31352dbe2719a,2025Q4,1,0.28966502326129223,V1
0x83e670fd628dc76016696a01fd235ccca81b5796d0fb073a8d2672a56504419e,2025Q4,0,0.025534737337231057,V1
0x4312fc012e315252ece189e1b0f77dfdedf6b27e06bd2fbffb9ee8c9ff023601,2025Q4,0,0.02613985038623248,V1
0xa1324f2f9d9bb179df84ba70d1d2785dc58f3bfcfe632038579c97e3eb07271d,2025Q4,0,0.047756526082838195,V1
0x91dbde104fee004a34f638f9a49d7fb8d4e8bc75e213aab92cd853cbbc4c9c90,2025Q4,1,0.751479688880548,V1
0xe5764e7d18ccccc39b1f342f7a7b5c8866538ad801af9eae13d39d5322199985,2025Q4,0,0.024749101221541336,V1
0x43bdd849294c7864a44abde82242ce8bd443323208c056d7289d9a86feeb0a25,2025Q4,1,0.7039326814253893,V1
0x6a275bccfc2f3f09731fcde02291d06673d7540cbb120ddd0a56ae7a39ef0e38,2025Q4,1,0.9827695449941317,V1
0xdfd3d267e9893993f70809ad9d0d21e0a56c1651910f128c3a88d6377d766c9e,2025Q4,1,0.24279156781511096,V1
0x027eeeaba097b5f3b166eace64668b2e6b327acc7c6b314ae5f03b33b51425e7,2025Q4,1,0.9619573628872073,V1
0xccf29510341e7437f067af2cb107f69d617975a734646b4a6c86089242c8daa0,2025Q4,0,0.8465219970677131,V1
0xda8ebb9d7998b0e37f912b78d8f71a9e36b8a8b5b2afff4bb1f8106e29ae0604,2025Q4,0,0.07043819648821993,V1
0x6b9f192e5ddc110431a737aed515ed9ca5e13bc71dd5bab74f32a7dc68afd683,2025Q4,0,0.03114416467262525,V1
0xde935dcd837ab0430074a8546a629aa30a5c2db2e194d069d6ac655bae637ae4,2025Q4,0,0.04019363846725281,V1
0x7e433b52ffb0befc343a528faa81e633ff0e65eed370ea8608630e8864a212e4,2025Q4,0,0.13024695158557975,V1
0x34e00873d02218d0b1a288fc579426bf8d85f6dd1d34c09d2c135c28d46932ec,2025Q4,0,0.5658739801126765,V1
0xc0bb48cbe15ac8483d5111ac41360a02eb1a4ad516ba20dbf2862651079f78ec,2025Q4,1,0.09802696609782129,V1
0xed9964452babe1123739620fa0c261bf1976b0183ce64f06b5329d53599e01bc,2025Q4,0,0.027179512382689855,V1
0xdb38635fa192748f48d28aacb7dc05f8c5777f2c8f529a6647d81fb25dfa82dc,2025Q4,0,0.03418057342340331,V1
0x7f1422bae9b959f1630d7ab931a1a7c5823263e9ab89ac3ac130ce3aa1cff2e5,2025Q4,0,0.026447617875727525,V1
0xc84cdea449f5921873a3f93ebca7a238fbe8723412d19c2b2698340e00ce5afc,2025Q4,0,0.05839636750304897,V1
0xe8d1a07af334e35411c7237ff531fd98905aa60204bd8ff03c080132f42ee897,2025Q4,0,0.02892708771514236,V1
0x9a615cbdd9d230739f633023c4ddcab6b38e37d9e7551f3d6297ee48f78eda2a,2025Q4,0,0.1710488459639069,V1
0xdcf2271b7c57b7de917ef6205de87a46a4c180970e9480c9290bc9d18b74db93,2025Q4,1,0.937575793891435,V1
0xc8fb166d74a1221f109aa4a261129dcaacf40b2fed4a8a28c7edae2985019152,2025Q4,0,0.154671220594064,V1
0xba5abc7bb2fe46c77fca1b934ac8cb4a869b81a2dea3c1e89965a2235649e0a6,2025Q4,0,0.06536807127427352,V1
0xa160175157af59a10b8b50ff8c922c781f45c72466a62754000a0f07999f2a1b,2025Q4,0,0.18271342996512646,V1
0x69b604e3d43293ee5aedc9fa00c8d8380cb7e5a71ef189503a532f083e2b8081,2025Q4,0,0.10918139449435153,V1
0xee1ee3d926fe8fd697485c6a057484a5814f3c02533f0490869fa4ca75abaded,2025Q4,1,0.9521129626213936,V1
0x6979dba3f5a7573f1814d6a5ee8f9c762e73b06fa81cef30086c547134ccf7b9,2025Q4,0,0.026863462942546275,V1
0x9e56a92abcf4996105ab15ce5612742bc33f4b9097bb6a4ec5f1468e6f2580c5,2025Q4,0,0.02417538350637096,V1
0xebddfcf7b4401dade8b4031770a1ab942b01854f3bed453d5df9425cd9f211a9,2025Q4,1,0.978862220487332,V1
0x846ce700a217ec7b75b8d078450f7e88eb5f44c76c12ae448ca10039ef4412b9,2025Q4,0,0.02417538350637096,V1
0x0d846c3a844217f3f7f7dce64989c312af00451efc0d78ef6dcc690b12533eef,2025Q4,0,0.02417538350637096,V1
0xcdec3de1f9c73e9ade1d33dde14b96e7241d0cc87f04981e71a955d3dac56b37,2025Q4,0,0.02417538350637096,V1
0xee44d5936019f87f0fee643d930ac34139e7211ebdde3f3d27c290bb9fdd5929,2025Q4,0,0.02417538350637096,V1
0x819c78a2541fe1402d06ff9f52d48c58fa09b783adca75d4d4eedf4a27d0e928,2025Q4,0,0.026447617875727525,V1
0x61870556c0637f5696a33075581854ba8a8108948ec9f554919cf839d25b5bdf,2025Q4,0,0.024652568393823637,V1
0x76c0c20596c22e4699dcce0970e0bafed1ebe22026caf4626d7d9a49c3b3b6f9,2025Q4,1,0.9159676733547313,V1
0x28abe56a6a3d7135a58c2e28e835ce2cda826fdce3cf2a71dd329a79cd482584,2025Q4,0,0.14448039609310936,V1
0xc40cbb2d7f5d2c43c624bd5b1d0b18cd3d0682b3937363ec7c1ad1d13bee107e,2025Q4,0,0.036785044015725035,V1
0x0bd2cb9ae2503784fed1110b9ccf19375b9cbeb420ba0f0ded93be0093f14543,2025Q4,0,0.02417538350637096,V1
0x21caf8776c903a31133ba57f63d2a23c33502189372f3046786876fd037abdef,2025Q4,0,0.02417538350637096,V1
0xe97744bcb7f8a67743636ca4cfb4045326af8c9f572bf10d1b6c9c18b078ca69,2025Q4,0,0.03552837252917476,V1
0xe5820e25ac4cdb2e53b98f159c638be0be99ab68e0efefa4b3507920be345fb8,2025Q4,0,0.02417538350637096,V1
0x34c989bada239153e86a009b3d25539db4c86fc4df3e01d320f0bee58a7aef45,2025Q4,0,0.02417538350637096,V1
0x85b11ae5afabe30013efc24d983a6145b7f4d2f187cccbdfbd763aa268c16a55,2025Q4,0,0.02417538350637096,V1
0xbb50a8be669052c941c30a8892b48ba104fb09ffd7d82f963b511f3db855e0a1,2025Q4,0,0.02417538350637096,V1
0xd7bd58d09efa1ff15be61cf30587e79444971ab125d55b2a88bf6ec04623a0d8,2025Q4,0,0.024556402607668178,V1
0x20464980a22be54736ef3fa1fff8e1ea3f0d0699f63d24a723ca0b414a97a177,2025Q4,0,0.028702816343964408,V1
0x56a161fce05c462bbe64fdf80b83f720406150b11ae2d35c94907ac3d0eace80,2025Q4,0,0.034313102807472046,V1
0xdbd27ccbf033a106d88ca4de2687d24d94d98baee6e964580bbb50635f50045e,2025Q4,1,0.977669759096537,V1
0x32b691277b3126baa3aaeb2482846651cae4690f2832e9ab915248327c731413,2025Q4,1,0.16544184452828103,V1
0x804a460fcab8a4e4b887fb3671eec3b1fd352c673d22c09d3d41ea49f28e6066,2025Q4,1,0.28966502326129223,V1
0x2cd2746b18983deb67d1f42e9fa6821033b71d44d146d3721245cd3ef6280d20,2025Q4,0,0.026344639017479705,V1
0x16ce45a17a663196c1512f6d2350f2dbdc2a2ef65a2182ecc2409938a2a669ae,2025Q4,0,0.45617765385214176,V1
0x7598bb913bdd098d3474aef994b875061843213dda5cea3cc53bcbd14ebdf5ca,2025Q4,0,0.7661433277488887,V1
0x3bb28ce9b8247f8a76d24c15a6d8198880e8aee27d07e5666b9498428ea93b16,2025Q4,0,0.05414252528338523,V1
0x3c5f88a130c95b8eddb33a8ca7444139a9fea357f7418ebae316d6bc2113a855,2025Q4,1,0.5460925883991493,V1
0xd59d5b6e8e170415fac435fb4d7b072c9c4ab7231fdbf3292334a722ee93a7c1,2025Q4,1,0.9818648991107246,V1
0xc9c9981f0e84266a1a585be19a5af57d2ff11e44a1eda6323c4efa1d5f582361,2025Q4,1,0.3415065394974472,V1
0x3551d254cc2a7993ef9a6ac7565d7aeb1988523c5086f23fc5ebb877135fa077,2025Q4,1,0.07310747549339257,V1
0x1135dda629230378abb04b2725ee55a55572ee01352cf925a0168688a9c76136,2025Q4,0,0.044924031222511145,V1
0x7c1444a27b951af117b5f5200d06f59fd45b1a61f0a7313c950d38fbaf9adc74,2025Q4,0,0.027073763003210866,V1
0x020419fa798598e8bbb6a084432a1c8d690b6528f1cc6b085666ad1989b4b5c0,2025Q4,0,0.03275497098946233,V1
0x13de42d032bf66c9cbb5b7e00687c665fa253605228230a05de26cfed818c2c4,2025Q4,1,0.6142919702102272,V1
0x566d830e56572831055d5283bd64af8a300945636a3d6a4bc116c55886298706,2025Q4,1,0.986615039080379,V1
0x9b2042734243b3fd1f411f98e716367052941d574dc95564f2beeda271917280,2025Q4,0,0.02417538350637096,V1
0xb1403fbf43c2b75920fc475e8471cbd71060a6e86802ebd746c143f05c413f36,2025Q4,0,0.02417538350637096,V1
0xcd431b0a6ae946eda6891f3ef73156b4a917c97d85d3ec35aff79c62f00397b6,2025Q4,0,0.02417538350637096,V1
0xfc53b987bb73eea0705fd7b13dd4c61371953f992e1c10e3566479049fe8723b,2025Q4,0,0.02417538350637096,V1
0x17cd926896aa499bea870e218dc2e32c99f102237e6ae90f49f4b03d69cac4da,2025Q4,0,0.02417538350637096,V1
0x4037ced85ebd734a30727e948abfe77b19fc2ce7ee0560a933d0c080fe076516,2025Q4,0,0.02417538350637096,V1
0xa13265b2c87f6eb41889cd992ecb6629f7e787eb15b7c36ed10792b08cd58e60,2025Q4,0,0.10724794766497349,V1
0x9f04b866f714b3b43134e094da90ba156aef6e47629d431f5bff0f1661cb512f,2025Q4,0,0.13024695158557975,V1
0x4f0268e24074470f4939a0df435dcbd5256ab2a20170f6e6864149db3f86598b,2025Q4,0,0.03664332940097909,V1
0xe1386710b61e8f800a3b27ed14528c4bc4756572451c7c97d140c5e8d8030f55,2025Q4,0,0.7039326814253893,V1
0x4937cdfa8aa40cf520986cc6328c4305f275f18aee12cd2fdfba6f54b3aeeed0,2025Q4,0,0.6694754117845411,V1
0xd548f81d61927511b75416bf486b776287dad0d4af12b2cc4a9dc6d1ee107189,2025Q4,0,0.029957518194956654,V1
0x3e061f5b4ddd7bbc6a56111fa51934ab59394345de9f67c077256775078c6e89,2025Q4,0,0.03138689526392131,V1
0xfa9cc2fb4031c1a8c2a2501d09f2d2f1e7d845846c29975c7de1a365e87d40b0,2025Q4,0,0.02739221698547948,V1
0xb7b513a7bfa5665ca9ecf24dd545418e2c1c4ce84de50df739d2d1c7892c5ae1,2025Q4,1,0.02593661126236109,V1
0xd5132cdb02885ac64344973395ff2c8585121ee5f2827d13ca4d8d5453c52820,2025Q4,0,0.02523731753881938,V1
0x8f8783bdabdd500dc401caddd12fea4bfae91543a8ea4458fc38e0539ffd3cb9,2025Q4,0,0.03175442645249861,V1
0xec21462ef58f792b5c1ff07bfdc66401b631c6fb42562ccceb2de279f0e73788,2025Q4,0,0.025734910578773786,V1
0xd1e72aedfdb18839ca6532e2dbc95a89ecb93247298f1953d1d4c02e7889b1f4,2025Q4,0,0.02417538350637096,V1
0xed414619d02a7ef323aab82bb305feeccbe89dc09e15cf2ef4da7bcd9ffc1879,2025Q4,0,0.02417538350637096,V1
0x8581d02dbdcd59fac4439c0df7d9174ed27d37e993647a423da36872f4d0a3c3,2025Q4,0,0.02417538350637096,V1
0x5f7adbfb99ad4c6c05ccef88d6a3cffcdb7c178911865b8c21b8b636b3bc5fe4,2025Q4,0,0.281490118221419,V1
0x55a469ea12fc89bf6b12c38fc764e35c05b4b520485adf4c8716d6369b38ad8a,2025Q4,1,0.9814317986658504,V1
0xb1d3292c18099a0f8d246f4741bf5b42e53fa144e037f0af7c39e83de0bc449d,2025Q4,0,0.4265473071571827,V1
0x9f5c624ebd59176bff519d147041052677cb2a4f0877b3e67f003534c402aee1,2025Q4,0,0.024652568393823637,V1
0x9b792b2218e77b4c168b8cb603af34ad3703f2753d326f0f444de3711228116b,2025Q4,0,0.029039860059946465,V1
0x26205b37b6a134c44549b98178c5260ca8a9411d9bbc8ac882b91d6ab15e7713,2025Q4,0,0.024652568393823637,V1
0x65cefbd604199df7a761b2b4eff0b081ea54ca4245575f00de9fcfec01a76514,2025Q4,0,0.16544184452828103,V1
0x28bddef098300d985d7d68d10d7d2a8661db61b059e8ca013ee68af7542b273e,2025Q4,0,0.02624205031904407,V1
0xdfd869fb69e5cb5352ebe56cf7ccb4396151dcddc8c284e74d4c33711007717e,2025Q4,0,0.92751047334774,V1
0x7ab8f18e4d76f2c03f927571c65b3e17a4a9bc9ab203cab0949385c210b047f2,2025Q4,0,0.1887733797757933,V1
0xbdaf24dc4de4c82c57e6d95fa3a52b67404d9e0ce85df59eb253b8d5fc83c109,2025Q4,0,0.024652568393823637,V1
0x069274e4970955a64b5fe0656875833610665d54912ec16aa175d3b3e55b4189,2025Q4,0,0.024365166877226282,V1
0x04a1462e83c415194ac700181bd97f97db149fdcfa4fd3fef745795cfe3ad975,2025Q4,1,0.9779306993463319,V1
0x6759371105c771777d5be32c98a7fd8fcb71004ff8f2ae636cb8b85cea519309,2025Q4,0,0.025138929529978482,V1
0xfdd1e93d6de891bcd7317688268f81882d9082ba8de09b592e53b63a90d43267,2025Q4,0,0.03288216103118259,V1
0xddb66024ea0bf7c7ea00880ec00d576b4b964cddfe260c4ee2cfe5d942ec24de,2025Q4,0,0.024365166877226282,V1
0x1dc56b0273b8de5535f64d6643800ec029501a8606b68f84f3dce232e47b2db9,2025Q4,0,0.024749101221541336,V1
0x568d73d79cf08c672892850e0dc5e172d589b01108e46c7033c7e9429737d330,2025Q4,0,0.02417538350637096,V1
0xbc12b9cfb9b3694dee7221b78ea7c1723ebfbee683efeabc0e047f3e547b4170,2025Q4,0,0.07392625634806464,V1
0x6d717d8359889a7808ba3feb8352db829801b635ede02f5497ea8b0b680c5fa9,2025Q4,0,0.02417538350637096,V1
0xc54a71bd4624262e1b346d575b52994c34c69bb2111397995459602e2dea239d,2025Q4,0,0.02417538350637096,V1
0x1c79659a36b6a3ddbcc4359225cf6855063281d92efe15c7f588e9e68646f788,2025Q4,0,0.02655098829231199,V1
0xce7a9f6d1a66e1cb28ab2837aea30458e7dabc33d98603f2c6ff2d464fe99ebf,2025Q4,0,0.02417538350637096,V1
0xc68c21f8497c9f4edf6127e6215aa118fd753f8bef0f2f3dda469e6adad43b21,2025Q4,0,0.02417538350637096,V1
0xbb0e4120b64af4ff962dae9fda5e73f3ea14c689dd22e4099adeafe69700e546,2025Q4,0,0.02417538350637096,V1
0x6c928844f37566d8bbba8eef7e8136de3ccdaa12171b772a6a52bc8680e794c2,2025Q4,0,0.028702816343964408,V1
0xaa5041ca3ea8400325d726e0fb44b85180c4d6211dea960d7a3fb4600d5d6c76,2025Q4,1,0.8516560969407757,V1
0x2e4cbe59f45ed80d8824820176d434eb7aa3dbb2d6cf56e23d676ef7dcf45163,2025Q4,0,0.07310747549339257,V1
0x83858eafc55348545c8c41494c343508a2c8fe7d9c8e0314300263a3c66924e8,2025Q4,0,0.02417538350637096,V1
0xa908e77b6376510856d9a22e3f56cb99f7034681f3b0fba5376c19adc94523f2,2025Q4,0,0.02417538350637096,V1
0x0cd947fe9f2065651071f520e0938e0bb3db009ed8fe3024b7f2d664da1ff4e5,2025Q4,0,0.02417538350637096,V1
0xd32534b0564971fe6f3fa622a196d4006cc8b464f40bf748caf57108c54d0f5f,2025Q4,1,0.5061528922146933,V1
0x0bec8a350b24975b0f28366399c4ea04044c8d795b8b2cf2d7fdf8f21824302e,2025Q4,1,0.32371983380102914,V1
0xb21ea818dbb4e59594eec76d5d490d63195961d1fdc78ba840a9443f0bd87899,2025Q4,0,0.08854431935709534,V1
0x67cf70277c7adc7c1de3bc26d5867124ce836be8e7cf120269406e2bef788caa,2025Q4,1,0.08289350563201991,V1
0xa0f77edc0e9515fec0aab13b5db959da2e1d9d36c27396c147ff953489aa171e,2025Q4,0,0.028702816343964408,V1
0xda770c5f7a96fe68b58e89b7df9c5a5f901cfede62d8e213f90635174c6977d4,2025Q4,0,0.0925025106070701,V1
0x5a4b4fa8bd9e0e40ce46f65bfcf720bf714761470d3451c3a0109cf6aa18f7bc,2025Q4,1,0.2283632281028926,V1
0x113b388d6e9ef1539ac9b7914eaad093570e206992c61299436fb1d2736ffb89,2025Q4,0,0.02624205031904407,V1
0x077fc0c447abfc7e094713e86d62acc20480560a6eb60bfbfc86a1c5f00b9339,2025Q4,0,0.8795391515103994,V1
0xd7b39f912814f41c7edc9a7693d54487611f4abee1ae4ab6cdf1a704be8a33d4,2025Q4,1,0.9867204603488563,V1
0x93cb3616632292f873370cfe0fdf4f71f0d378f497fd7d237aff316ac9cb93fe,2025Q4,0,0.02417538350637096,V1
0xaf2da7ceff23ae3885f8fca5d468fae77fb364b489b3fac9839e86cf0a342ba9,2025Q4,0,0.02417538350637096,V1
0x6125a113c40ab1030b56d18bf73d84774a994f1503a484bbde6c684eeba6cf7e,2025Q4,0,0.02417538350637096,V1
0xb1b435a884d16202f2d8097b20389357e136929d420325155b5344f438660d9a,2025Q4,0,0.02417538350637096,V1
0x5b89708834367c5f918830088e5d1aa22e0f2189ee94590b69bbf30a4c5a8ac6,2025Q4,0,0.02417538350637096,V1
0x680f7b23a5530b558ffe24268eb281fee6446352c05c3710197cc71f984165d3,2025Q4,0,0.1599831691933004,V1
0x3a7160fe898d4771ebcab763f7a6447b5341619de45a1b866d7aaba9524046b6,2025Q4,0,0.02696841366473405,V1
0xf5c7ccdae83cc78e5a264374b0aead279317c95a1883f8e27912125073314d40,2025Q4,0,0.024556402607668178,V1
0xa51c63586746e56232cad39561b1b088aa1ddda75e6218622e9fc7a62b5da291,2025Q4,0,0.02665475167010207,V1
0x5d5d2f850188266727bd60d2fdd288d6d645fb838d64f0454ada125739dd5e24,2025Q4,0,0.07586965172172863,V1
0x59d1576e8e85c4ffbd9bf9e80e56b72fafdc94ee465290523a9c78e999f8fa7f,2025Q4,1,0.04340183974301844,V1
0x8cdba4887831155f8d31de848806f53eaa2525f32eadbc0fa9b3421a7e430bc9,2025Q4,0,0.7203578024789229,V1
0xb0a3c1828bb630cecac888eedf0631eb85c66d3b51fa9e94ad0086af07bddd73,2025Q4,0,0.02417538350637096,V1
0xbdaabd5cd63551f73e6f046fc3fadd410c324ffa92a755660a4cfd08d030a619,2025Q4,0,0.08473968404240861,V1
0x688d445b4a8b43d6a9320ee5d82c4daef1b967e48edf4326cadb4ff645c031db,2025Q4,1,0.03138689526392131,V1
0xff21f6951a1a4fd0e9d12d1bc641e49943e81a0f54487d20e8967a84ee39ebd2,2025Q4,0,0.04307032323535169,V1
0xbc9a89cbb1c02ac468c1f7f8fd2cf56c4713faf8d3c97577452c58f4b69c29b5,2025Q4,0,0.14448039609310936,V1
0x1358bc2b631c8259dcf6c7e996d8c3f00a7de8103dc8294f3f88cfa029d2eb75,2025Q4,0,0.0282593250206176,V1
0x2f676f8d85d60dd20ce0e0ba14608825b970a0491b419d7dedfa81bcf646af2b,2025Q4,0,0.06296217607195427,V1
0x2e956c939e0bee2fc22ccea7f3122635ef6a829747a9c16207fcdd594c694dc9,2025Q4,1,0.05414252528338523,V1
0xb2ff2e50f267b1c2b22813fd36fd3f36b8fa7ee691e155a57876d4fbcc14cf48,2025Q4,0,0.10534469050224315,V1
0xa22f66e9deb9f2b7d17fa59ab7b3c277772bafe39ee3b4dfc5c34c99419108fa,2025Q4,0,0.03988560542929616,V1
0xdd6e227ece8a03ca2c5c96a5d566a8c89be199ee5a6fb1723e822b9b3a0ff088,2025Q4,0,0.07310747549339257,V1
0x023e46ac9f644a03bcfcd2ac9cc382163cafb2a3bc586c21653ed29548558460,2025Q4,0,0.025138929529978482,V1
0x2242de865e2979f2bef7b3dc255b44970ea26f799087eb0bfbc3e5c3ba5f9a48,2025Q4,0,0.13024695158557975,V1
0xf61d48b12e5d65ccc832051834cd39f6f507c6f8969ceab6569af64c7b23e17b,2025Q4,0,0.09802696609782129,V1
0x494eabe3d2d59a3f8130994cbc21944c5d44a32e10531436ded7b91d02afae80,2025Q4,0,0.05906088692008333,V1
0xae944562a6dcb72f34428155b89fbd4d97ae8f2bbfbf0b5909a9ab66cb54fa7a,2025Q4,0,0.13024695158557975,V1
0xada495fb682578508a25567e8b7580da89f4c2a6abf28191ee4192529de1c949,2025Q4,0,0.02624205031904407,V1
0x2fe080131f61cd789da37bfc8df9ba1740067b583fa81ee8fe843d87c04dd38d,2025Q4,1,0.04003933808219738,V1
0x12802d302fe57107fc1b3f691c04e4487998f654c76d16aab39dfe24a6b634b8,2025Q4,0,0.028369570144210706,V1
0xdb7d5152831846ed495837d7b96ee5f224abcbad75ff786bc55970800862fc48,2025Q4,0,0.024365166877226282,V1
0xf997dca922180bb38139f3435673d017c610f30f80eb0ee96212a96fea4bbb24,2025Q4,0,0.025734910578773786,V1
0x5ca4b979bc764b3e137c1e73d04f967324b0c3e37407df285227a8bb58320bce,2025Q4,0,0.024460602541324462,V1
0x016f0eb7684de2748aea07d967003a087bff3c79d2eeefd601570533c054a9ec,2025Q4,0,0.025336080608078584,V1
0x1fc2a8443ee2edace495659774b89963222351505a2b9bab7d4856b8638e5dab,2025Q4,1,0.9806873122866522,V1
0xf00886b051ccb78c519871e9c3a89a39121e0c2b28bf616171cf2a7a32a02002,2025Q4,1,0.07310747549339257,V1
0xdcb86d5bf312d4887b7f14328e76c6822d3bfcbf7716ce70318fbe1756ce9ac4,2025Q4,1,0.9859093973694598,V1
0xb050c89e1e5738c79e117d28da1f057ac2f193511aab87a01b517b466c7265dc,2025Q4,0,0.025138929529978482,V1
0xf831ea34f7a6cd4bc96cb43dc53f087b15c25f515d00c9251f9c546eaba4840b,2025Q4,0,0.1887733797757933,V1
0x3d8f4aefd2ee8568c15c35e00187214b66d8aea2542c6dc7d1b40c90c2544e9c,2025Q4,1,0.9867204603488563,V1
0x3dff91ab1bb9077c5f7aac0abb908394871420e2c182f2dd0b4e4b9d70f54b13,2025Q4,0,0.025040915234518714,V1
0xbf8d3c113339a9212ca0f263aede776db4a34762aedc006f70a8703215954863,2025Q4,0,0.7732459931668272,V1
0xaeb190c9a31c5e7f8ac193393ab05e55a9de86f0a945aac59feac0576aa86fc8,2025Q4,1,0.05414252528338523,V1
0xbea5d5174cb5355eaf0f8cee780e67d0b22a6ff614ef7ec82cc2fe6ce8f4b111,2025Q4,0,0.04307032323535169,V1
0xdb696d4fe889e38e950b9ff13d15f6c3f7fafea2f9dd8265f630385eb8c15367,2025Q4,0,0.1599831691933004,V1
0x954aeeb021a1ba197d54f1734a856fe8fc27b693591f9467bb44f58880f23cdb,2025Q4,1,0.9751816245277524,V1
0xa068761026b778d901bda82e3fc1429b6a2922b68de80795ef7afd9204430a0d,2025Q4,0,0.03250201539756462,V1
0xf0982dec078df24338886583eeb3567b6a1d07b6092c20a7cf4a089a06d7ba56,2025Q4,0,0.030545261016872088,V1
0x0f90742078c0807d6d17fd6808e187504989b6bd1aaa68aa9521d9499275025b,2025Q4,0,0.024749101221541336,V1
0x137cbb1e5bbb4eb571c18a6dfe2777dd3cd7e06a6fa25afbcb75206918e3776f,2025Q4,0,0.02938074180451336,V1
0xa953bea944d7264285c0a2cc1f92809a7d9db78138b1c3de9cc23d8917f14d6a,2025Q4,0,0.02675890941631937,V1
0x38b4857b4be08493cdb6aad1052332b57fe58d4e16b2f1979434ce2260433358,2025Q4,0,0.02417538350637096,V1
0xfb49ab21eeb7c15d59882cb00062a61d5215070156fe7706ea1a651fc4c143a9,2025Q4,0,0.02417538350637096,V1
0x4d51d65695bf66a3f7743a96ae9041ba14fc93d3fbd21b9c2a11fd0e3047e01a,2025Q4,0,0.025138929529978482,V1
0x555b6636484ff3f6cf8f1e139ac492b4e8751477740a387a32d24b6265e61893,2025Q4,0,0.02494327330963878,V1
0xbdbffeb5cfbeeea9b09253c86b3c8401f8db93850db681f94b2005c20a0424ee,2025Q4,0,0.02613985038623248,V1
0xe35dba72c626cc2e73143f3da3bd525c7e98bab1392f544faaa3105343420da5,2025Q4,0,0.02417538350637096,V1
0x9bbd4aaca039b708e2c0c3b6324d3037be46c44db49541e6b0fc38c8ab719f0a,2025Q4,0,0.02417538350637096,V1
0x9a57495d16e7035c335dfb1e512b9851d49a2477b116dcc16fcfb2f3e05d4f51,2025Q4,0,0.05839636750304897,V1
0x22e626b785354df961f8cfd33f04de94f4f754829c64a528eb9fd58398211a71,2025Q4,1,0.14597264416455966,V1
0x761bd3e1cb91938afa149e84ab73f3604e852034a2f5ca8c829eb8020cad101e,2025Q4,0,0.1710488459639069,V1
0xb494383beb8e77443d24b504e0b19e9ec252407074222fab67fa802448a92bb6,2025Q4,0,0.029153058849350842,V1
0xa4fe504db468ac55c29bb59784df6c94e4c54977347b0565b2d1f972e47badfa,2025Q4,0,0.054554407020914714,V1
0x8b16bdbabbdc938265aa48c9810f99ab45b41a33869c6bcbae8009c567f9a6fb,2025Q4,0,0.02417538350637096,V1
0x5643164887403da23bf20c0f7ac21dcf56acba71e41772f4947eedda9cda59c5,2025Q4,0,0.09183195201058601,V1
0x0e36217f0015745a5d762c1fd4fc90ea2b6fd9de13a51359a26d9bd71746844b,2025Q4,0,0.0282593250206176,V1
0x6e49c30d1d8d5cc632a19cee18355a5b6fce100087222c86f448ec22003cc5e1,2025Q4,0,0.035804009914309584,V1
0x050e617aeb25a5669c45fc3257c6e507cd48b72e240565aae6a9ee34e4a3b793,2025Q4,1,0.9327175655003137,V1
0xda440234b0f1fe76ca6fb6f66da25236ecbbbcd9a6ff274749dde9a5f3583c24,2025Q4,0,0.04307032323535169,V1
0x4de0df010d4ccab51d7c171a7bd426cff153d2caa998851685ef83b71869294e,2025Q4,0,0.1016274295623344,V1
0xe1d6004e93f576e38c5ffdd544c4a69e7b5ed2ded0930bdae66056d55440f20d,2025Q4,0,0.03957983572404993,V1
0x55c0e63b0f117d7043ad7c8b4eb3a676710dfffea2176357f58fd476d50347ad,2025Q4,0,0.029039860059946465,V1
0x7e764f4cf42745c6d1523a8c6c33797286884d61df708596723a56fa3e5442b8,2025Q4,0,0.025336080608078584,V1
0xf1d825233c46fc137681fbf56e26c34f8f2069f3e1aa75c794fa2fe8fcc532a5,2025Q4,1,0.09116576602860156,V1
0xcd61b9865e4254a50be7fdd06288e4ae45071338920edf5eb255858c323866da,2025Q4,0,0.04307032323535169,V1
0xf5bd04e6c5fb5400dd9deef7f67f2658b32430fc148f3ab52f011acf779fcb41,2025Q4,0,0.02417538350637096,V1
0xd5a6ef58c1af0f6f4b2a01f5405f6a997b097a8b6786cc0ac7da544619af45b9,2025Q4,0,0.02417538350637096,V1
0xef5880e94212f24f17d45b756c9aa42bc7d39c3feda659fc22417adae5e22d00,2025Q4,0,0.03692728568987566,V1
0x6c8a58fbff19479adec1e3f4111bb5622398e5b5ef3cf0c611a41cc234c6f8ad,2025Q4,0,0.02417538350637096,V1
0xf86b5d640c385a42a621554ed9c766647c494917532a9f91d09241a440c5ed89,2025Q4,0,0.024460602541324462,V1
0xeee36eb4a7474ed4415c966a86491a2880d799479c776776a0e1b06671e3b690,2025Q4,0,0.02417538350637096,V1
0x1f33761f5a417f33808137eaa3f8e2309be95cb5d9eebd8ebc49e72841ec9894,2025Q4,0,0.13024695158557975,V1
0x2017c048aeee624d3597ffd0c2273a0e2c2aec4dfb89ef7505b8e08715636c3b,2025Q4,0,0.02417538350637096,V1
0xc09535a2f39877de8b488263bcb271868e36a55d21bc25ba4106ec0f14b9754b,2025Q4,0,0.04923563878786296,V1
0x8c866938d6598760f8d18bd624d6ba822b79f7e23604573f52cf8e769614fa5e,2025Q4,0,0.02417538350637096,V1
0x13a659b2dae1c7a69768804cba47ee308d443438efabf743a2e19b136c6d84d1,2025Q4,0,0.02417538350637096,V1
0x439eeb61c9ede64b9d7d3741542dd6e8e1f4ec862c2de844c0a36628ed1d9049,2025Q4,0,0.02417538350637096,V1
0xc40ccfa556630ab2202f19086f58bb2c0f4b5c563f7fbf575168744505f14dc4,2025Q4,0,0.02417538350637096,V1
0x44dcfd813569f30bc8ecda61aaa47d94804c2e2d3614189aecc0a8dd0c164671,2025Q4,0,0.05414252528338523,V1
0x57cb75e61d901fcbf810652ed1edde7d0c9dde42260a55b28dc2a0e6cf9209cd,2025Q4,0,0.3878794482218301,V1
0x44657b0f69c77975c2f96b0dca666d1fb2fbdfada141ceeee562ab8345f13949,2025Q4,0,0.02417538350637096,V1
0xfb8ccee80a22958678bf7fd99fd020f1b564d564f261d573db58dcf2736cb415,2025Q4,0,0.02417538350637096,V1
0x70f21389361e24c1ff0a85dc73882a5bf8093fd33f8a0ac770b58233daf3e20c,2025Q4,0,0.026344639017479705,V1
0xc8d4fe249823708e621af15dcc0bfbdf158e7737b37bd75a284fdea3db526b96,2025Q4,0,0.05212674733567752,V1
0xa3d631bd9ccd7d044eea6cba1ee8ae44e852b8a085a40dd64796ea03a2f3ca20,2025Q4,0,0.02417538350637096,V1
0xbfd817dba69663fb4ddab7f8eef795c0aaf58f955c4a9598997454fd078f213e,2025Q4,0,0.024365166877226282,V1
0xd7f71c4b6c3cc713b5a0881677b2520949522aa839597d041511fa57fb12081a,2025Q4,0,0.19498636543131498,V1
0xffcdfe69121723210a5dfa24041fce6f4b99469fc434afc99bb3ff7a270d7fb3,2025Q4,1,0.6972083563608465,V1
0x30b3f2c188a692ab2a83f84783a74703357516e7c656e42cfbb6ed1da247dd3c,2025Q4,0,0.02417538350637096,V1
0x1bef2cec162d5499c60c1acd8e3c5a3acc321aee580deda1f01aa40dadbda374,2025Q4,0,0.02417538350637096,V1
0xaa4803f1ebb163af02026e4689b4bb498900ab7c4dbe230c332cf12f218e959a,2025Q4,0,0.19624739167721084,V1
0x9b93c610b88d5af6cf4b346bae27e92645e36b8f4d45a86ba6f9287e8765fa04,2025Q4,0,0.02417538350637096,V1
0xb048df34a7473f53be1e8d921fdce23d7a19aebcdf5230a33b48ca492471a4a0,2025Q4,0,0.02417538350637096,V1
0x7ade676047c9b15c9e8a7ead24ae2a55935f00ebd3ead699b2c7f4dabeda52b5,2025Q4,0,0.024460602541324462,V1
0x41aa36e7a0c5175fc3805d97677eb8c878ee8ba633af5edb52ff292c926e82d2,2025Q4,0,0.02417538350637096,V1
0xbdaf3dd8e58a975c841f94fbb7633ac6938e857ceb7dfdacb2c79d5786be71bc,2025Q4,0,0.02881474030996511,V1
0xfb9b1cb704ec2399eb8a20b9affecf6bc23c095b0baaf18ce6871e7e7596898a,2025Q4,1,0.02603803782918488,V1
0xcaaee5b9c0f092fd3c703e96a09e74c24c256c6e4b288e14d3c9ce0f73d302f8,2025Q4,0,0.03867595556998384,V1
0x42a5d359a118a3b4f6b436b3983826d811fc0ee1e4dc5cb802b5c7ecc81d41fc,2025Q4,0,0.024556402607668178,V1
0xd8eab112e4db08dccc629ecced62aa64481fa976f823b3004b815425a7d9798c,2025Q4,0,0.024556402607668178,V1
0xad80444fcc03cf62f072b79a9f0238c29abee65c187fdd15189d727e1c2644f4,2025Q4,0,0.024652568393823637,V1
0x4e15b0243d5d093a18ace0f518b7598b92753a447f8b446d27e23d59d140ec1e,2025Q4,0,0.025040915234518714,V1
0xbdccb1ae8d9cf2b226f2b012bf51f310048ddcedf33eb14fc5317dd348b95794,2025Q4,1,0.8001151106536363,V1
0xf461498d1b6c25b57eb9e2a61d33b6410593f6d48d891f2e0d8ebf23f509988a,2025Q4,1,0.7203578024789229,V1
0xfcd2fb666c5a346faee448e63267346a3ec394a52bce4c199877559da91cd2c1,2025Q4,0,0.024365166877226282,V1
0xdbeb72564490bf3b0213dfff3181d40121ed898775bf9026886eedc373b568ba,2025Q4,1,0.8992053724130618,V1
0xcb111226a8271fed0c71bb5ec1bd67b2a4fd72f1eb08466e2180b9efa99d3f32,2025Q4,1,0.9761331848865703,V1
0x58f4542341fcc66a2197877b7487ebe901b689ec42bcdbb0a070f5536d91459e,2025Q4,0,0.03988560542929616,V1
0x6903b766f5fda3d5b02f4472a6b4154419e78b7fd126c0b29ce17bb8e20b20cc,2025Q4,0,0.025138929529978482,V1
0x03b75d6d495cf6abac1757ba3831992264d0a05cf2ff199c1f8e78567b35cda9,2025Q4,0,0.05665845270545491,V1
0xcbf62e4ae8da845fd51ed3c444357536ba7e81c711f7b8e55ff79244aac110a0,2025Q4,0,0.0639144600549126,V1
0xe88c4c46a4f3adf75597065d1e0186febf0459724d0223c33a24e9020cc26ba8,2025Q4,0,0.09838183236014139,V1
0xeda6b1f61168ca6363e1cf8b60777197c5b6f88e5c2fcf3153cf9c2442943dfc,2025Q4,1,0.8465219970677131,V1
0xe0778557b71d1baa6927ce3cd165b6d111ade46a87d4b6fc4012f07ae0e38051,2025Q4,0,0.02417538350637096,V1
0xe08eb518255c3ea54811eef2dc1bebb56290947cccce4b1cbe7ab5cd8cf55671,2025Q4,0,0.04290547313520126,V1
0xc72a9d5b3221905539ede69f52a5e990a7325f1610216b2620705cf2a3cd6472,2025Q4,1,0.0639144600549126,V1
0x5d9635e6927996a0e44f960b7586625e1777630c1039282e0ce1ccf7b8d9a991,2025Q4,0,0.0742010532883556,V1
0x4aaef8e673ea1b62cda0231b6e9eb0c82c444c872967d859cedabba9f5d49beb,2025Q4,0,0.06296217607195427,V1
0x4d5e4e3be95f7e887e70d913a899e20b801193cea04c6fbb5e072265291bcb7c,2025Q4,0,0.025040915234518714,V1
0xa4ec08ec8caf4cb5033716dc452e4c0ba7838e675396507b77282ab31d3609a5,2025Q4,1,0.6782811841786955,V1
0x8c204cf57406ba2f01099643569c6d3c7e934972148b86c6e2f19078937d9e71,2025Q4,1,0.984570039566456,V1
0x5de0a215761ef66927625cbb224c5dd296e74c9b93cd698e0e4b78be0ad8f996,2025Q4,0,0.024846002416764712,V1
0xb8dd95abf4e54a9c86b51afa71291aafdbf46e74d36632aaef6519af6ef2448d,2025Q4,0,0.027179512382689855,V1
0x2bd3a810b3a01be3adcd82039e570cad3cc1f9b753d01d930e363455a9da7498,2025Q4,0,0.024365166877226282,V1
0xd655f923c9f28c34adb0f18a90b1a940368d33692329a486e6d987c35b2b3b9d,2025Q4,0,0.024460602541324462,V1
0x1c34f23b09af46894553ef3931239a3f27dac27be5b6d1f51bd0baf8d016a242,2025Q4,0,0.02417538350637096,V1
0xa2be19548b54cefd4a5c99309125e088bc0543b4e7f49ec14cbb7f590d22db68,2025Q4,1,0.05212674733567752,V1
0x44501530df2048bdd3de60bf706597e31cf9940e0e0685dd1e88a326ad1130c1,2025Q4,0,0.041448709550828695,V1
0x7cf865948bc448776a466dcff9831f9a920cd7f6f82bcc277f6331f9052bcf77,2025Q4,0,0.02417538350637096,V1
0x9d5303049d7f0e9a9c8a440200e3714dd5799e50602ab6cfbef0de40c06a9021,2025Q4,0,0.024556402607668178,V1
0xfd1be0a51cf37565b12c7522a4da65dd9227e8fa13fe4ec87e1670e50cb7a505,2025Q4,0,0.024365166877226282,V1
0x385cff65ea17ab2d69888d3bb01198a287c664375dc1376384e9711173f30215,2025Q4,0,0.03200175618549998,V1
0xd4a37f712e744966be81ba4a59b4bb031d66bc650a464e7beec228c2b7adad62,2025Q4,0,0.36903104317710556,V1
0xd2ae4a02d708c97bc6f3a0dc7180918bd346f105a25f3b1362e4c94d05ebd190,2025Q4,0,0.3415065394974472,V1
0xf766cd8d4336b4a06b7fddb60574058e2f8631a2ef95d0598632e46a505e5788,2025Q4,0,0.05414252528338523,V1
0xd30162fdb150667fd91c0c573dc74b1cb251e216e089fd20859133b5cb2ae5c9,2025Q4,1,0.03200175618549998,V1
0x21649e35e2374274c137b4bb2dad5c7e41a5bbf1ca5bec85fc42511e38a2b9c9,2025Q4,1,0.9795956649649769,V1
0x7793fb95b191bdc476eb4c18396735ac57da1164cba56670f4ba709925647a04,2025Q4,0,0.9686477708424016,V1
0xe8ae7799f8d54ff80c66a8b64355f09f7930c5d9cbc872ee87dff553916c9ada,2025Q4,1,0.08789967481394804,V1
0x02a03adde1ec34279ffef1712b19aa317454e412422ba1fe31212168844cd706,2025Q4,0,0.054554407020914714,V1
0x2abfa485e413a2a6c754911ef612e02fe96bc1010da087bb5b0b6127bebe4a8d,2025Q4,0,0.11722358034075885,V1
0x591429e105c0f49aaf3a2d4d23586ec278eff3dcbe4c37bf71793740f0ab8607,2025Q4,0,0.07872732546025714,V1
0xb4646534ebb6bdbc1db6bb2053211721eb70fb01e4c6ce54c7f8dd67122c4947,2025Q4,0,0.06063908557273311,V1
0xaf20cff72c753ab1677500d2c11b201441ab87033035380e3a54a8343d2c08dc,2025Q4,0,0.02417538350637096,V1
0x8e6ff03d48ea73396ca8c8eac6a8cada2a7507545a78901c4769776be351eaf5,2025Q4,1,0.06296217607195427,V1
0x3a17af0a20c160507cbdee8f0755e76bd21d2c09375f186a31c1aa456632c0ae,2025Q4,1,0.26556860915136976,V1
0x327c6cc636c64068917cc30cc76cfb87eac264ae01cff278c970990eb1544bd9,2025Q4,0,0.10534469050224315,V1
0xbcbde2dce13f472b3e43683225d416cf2089d5fd51fb4cc8389e9b42c7e26e49,2025Q4,0,0.06785924223231941,V1
0xf445a24e8259f33334f87c133b7eb59646b66c38b7d6dbaa32723720bf43a391,2025Q4,0,0.03988560542929616,V1
0x1afc8f139d24904e7281d72dc5732c608bf3f3884a56ee4e703a248bf668f073,2025Q4,0,0.05687300412031602,V1
0xd6b19dd35ed589165fd2e75724a9a10ba1a401a56e30929e0443e2dc76f6ac37,2025Q4,1,0.08473968404240861,V1
0x0b1d3e27de49ea25b72057d6b8d209379a1d7b35bda69937489a6e6177de51d4,2025Q4,0,0.07872732546025714,V1
0xd304e9e13e6b0bf28faf314d5c92f119bacd7c4076b8567d93a03a6bd445280e,2025Q4,0,0.7283580149885722,V1
0x4496ad0f7a077241de0dd0e72268b1a1236de27f13d86a114d18039ac881f0b8,2025Q4,0,0.2502340139010626,V1
0xfdadcad423c4a5945a8c70d2473e07aba1f8988b1a6b78605a4956d0768f3bdd,2025Q4,0,0.024365166877226282,V1
0x84f5d68d1b5ba7fdf37fe3a9999d633356e58e3f926ef33d38676f1e724237ce,2025Q4,0,0.28966502326129223,V1
0xdc3883290f848c9177d1017303916ee8cff8b6b2966d97b5ddd70bd4ce7c85cf,2025Q4,0,0.029039860059946465,V1
0xf58839e71d87543dce4c3e4a88559393e675889b626271d5c8e7f7f96d885124,2025Q4,0,0.09802696609782129,V1
0xb25f4263382d87638c80ba3a8900d1da108e75daf175c98c68a986c31b801d4a,2025Q4,0,0.07872732546025714,V1
0x9fa71d8f9795c72c4573baf18a30dca215b9a4a7b7d9b8eb54ae6a02889eb1a5,2025Q4,0,0.05414252528338523,V1
0xceb2529e742e9e1b17114e168ff952d3ccf83afadfcf32072589eb18d0753b39,2025Q4,0,0.033785941438217296,V1
0xfab3a84226eaaa6d8e0ed8427f33affa524ae7de6feaf46c5191b38edd7efe23,2025Q4,1,0.028702816343964408,V1
0xc3b988316fa9f96c6a1f0c97f9bf479acbb28b80c3acb2e179a78a436220189a,2025Q4,0,0.025835569304532503,V1
0x5c75ab978539f93165f2c26fe49ee1f49163147a9f598a346fb27cea5c81bf5a,2025Q4,0,0.025138929529978482,V1
0x47ef94e2356aa6875931cb1ac7f2e9a9d01e1701698db38cd21e4f23bfa1095d,2025Q4,0,0.13024695158557975,V1
0x415fd8fd1fe843a0cc164cabf56bfa867f0d739f029db04dc083880a2f27ce65,2025Q4,0,0.02593661126236109,V1
0x169e70c922deb614f22617bb6e6816398141c13db0041d48c953be6fe73125bf,2025Q4,0,0.02417538350637096,V1
0xa9efd5215406c5d54c37f50adc57b2b3006b14bf38f2ef5e2c4d1a3fd121f387,2025Q4,0,0.024460602541324462,V1
0x4a2fbd6b2903641f940af5165b151d970915360667a8af3ab3e24c94f3eb002c,2025Q4,1,0.6237416554363301,V1
0xe86442b3a3269c67960d2cbb5f83246567c8ff2992c0562a98058140854223a1,2025Q4,1,0.9867204603488563,V1
0x2a8972708633cbe7d79e6b66f14b6654bd72b4329abb82e28fd9a62e19662f16,2025Q4,1,0.9867204603488563,V1
0x2bfe9c30b3adf09a99271ccc9cec7a31e03978478e8912e234ca853b889b8950,2025Q4,1,0.9867204603488563,V1
0x8195ceb3ab6fd94b2adf05993501a4ec9a95dd5eca2590ebf9dacbe200608718,2025Q4,1,0.9867204603488563,V1
0x3315de37bfb5e6565dec1452a914a9160afbe18512aa29a89abf1bfe9c263c7b,2025Q4,1,0.9831055530070697,V1
0x2c3dce8515854f167dc523745a6b9d98d22ec9266d9f4921f62fd3e4bf1cfa1b,2025Q4,1,0.04192896140106916,V1
0xd5e2c76090cc15dc1e613fd61b9a2cee9b76c9097a6c313f256df55d2df5149c,2025Q4,0,0.024652568393823637,V1
0x77b4a1d4cd398a86c18b6bb9b5218917dc9f04b01a3cd4bae1c71ea345f15fa8,2025Q4,1,0.986615039080379,V1
0x62269c6566f665f2a232e1c7104e1093c8c573bb57e7ac7292f5ca94a2168c0d,2025Q4,1,0.9861850364009199,V1
0x3d95c6d70bad806cf5cb76b2563308964a971a18ac7cea044d61785cb2ae79b7,2025Q4,0,0.024556402607668178,V1
0xa7bdb4e554de13129dc429dc030e780661253f44a60aeed6a502a6d9a06a49d1,2025Q4,0,0.024460602541324462,V1
0x5b2da90bfa4e369ae96f42a2ab96f8cafe8ed95b41b9fb03b4149a99dea34d34,2025Q4,0,0.06296217607195427,V1
0x24b040251d1121196e5d21f479c33a869d0c7b3e35a41571a40690e3aebd54cc,2025Q4,0,0.024556402607668178,V1
0x28709e4118598183c365037c26213dbb002999a26b5614429a1b81c4524972c4,2025Q4,0,0.024365166877226282,V1
0x3d4f2164f42a69e7583c4bca9840a4703f1c90c897611281698f0f3c2f0190ae,2025Q4,0,0.09454063653066869,V1
0xd85d61234bca7dfed426bd2440b8990ceeb455ddbba8bb9257d5d861066b45b2,2025Q4,1,0.9421050010085583,V1
0x433f0e14de07b6a841021ec537ea1bc64f41146912966af74f347aa8f5bee013,2025Q4,0,0.02417538350637096,V1
0x3df9aa7b133ece96a33d8675a7accc5cb1165e319803bda3b5f020578a352fb6,2025Q4,1,0.9862937973636451,V1
0xf564fdfa282fade9a343c2b8b02a9cd25b9adfd491abe494e04233889e3cb9fc,2025Q4,0,0.024365166877226282,V1
0x2b31e7ad9f42753434a1703d157a1c8414c92b6f1ea2fa35acf6df90be9d777e,2025Q4,1,0.9861850364009199,V1
0x4bc0a746e6ce6c096d4f6b052f74ac6781afa2bb12af3c0e8ce88d447920336e,2025Q4,0,0.025336080608078584,V1
0xea3c3d537c0495872754400b9ab59755a932d3e2b6115e309d62ed236ee1b612,2025Q4,0,0.024556402607668178,V1
0x734525c64d1cdbbb45574cf3ef7f2496bf019d80e4d13c4663f054bda1f28ace,2025Q4,1,0.985571467781766,V1
0xb26a5b6abcf15659bf295f767226876e4b87f01abf4acc4804c0cfd7327f6513,2025Q4,0,0.27585195009761543,V1
0xf4b2d2cc364a536813bb400a0aac9dce912e8c880f4f368bdbcc59256d50a3f0,2025Q4,0,0.027822489859054205,V1
0x7bf5ded954ead218fdef195a4ffd085ccec84ab7ac854c8855d8149fb5900362,2025Q4,0,0.024365166877226282,V1
0xd25562868f4159fe3758f3fff2d0c8d1fec6f9643c05579473babcc1f393bb8f,2025Q4,0,0.3784093351149627,V1
0x2a429e6999f56ed4a01d8d0d5afe5e65b6dc68c888e80e7b441fefe413cb596e,2025Q4,0,0.02984129177263387,V1
0x396b37233d7c36883428a540f848e4b655bd8bc8b169cb9b5e1c2f0a36a09f2d,2025Q4,0,0.02494327330963878,V1
0x822590e516b60893529d1344366f45f7a97ee2874fee905e8a5432db1ff36ac6,2025Q4,0,0.024556402607668178,V1
0xf74dc702c52c37ff6654148cbea82cdef18209fc8a702fd018c54c1619bf789b,2025Q4,0,0.02417538350637096,V1
0xc9d59f87834edd00b75981175f05d9236eb8427bf9668c38d5ca4dd2bd1daf45,2025Q4,1,0.9867204603488563,V1
0x521c8ade9d59c45f946774716cf55aab0b6b95ef0766387f8ff21effb7f9b592,2025Q4,0,0.030191288529860673,V1
0x702dcbe5b0f73dae060f2ed0fde1ce7aa8c9c01a8068dcc7ad375d85364eca8d,2025Q4,1,0.9835002697264652,V1
0x69b7dca69efadef48c5fb13417a3fb5d6cef85eb4f4af07fbb7e6065cab8b1a0,2025Q4,0,0.030664142609743802,V1
0x6b5ecd887aaa99a4c2745119f36a23e2846e3f6407ec74f77ad675ea90c3ef2a,2025Q4,0,0.024365166877226282,V1
0xdac55cbd27e9a0a8fc8af153d6f584e411f401a054a5de55c2f6cafc06d1a8a8,2025Q4,0,0.02593661126236109,V1
0xdd603911e52e7276589c87ab3cbf34f30b685a2f450e8bd3b4ab4c9e07a0be5b,2025Q4,0,0.05623163038323953,V1
0x155c85b47875dd5e8a77680325c5a5fec62642707616bf8cede73972287f61db,2025Q4,0,0.033009828106229565,V1
0x9a2ad5e4c81d21930b0fba7e65197d660ced56ccfa7999cc88191b76bc3fa3cf,2025Q4,1,0.9674077346996061,V1
0x3b489d201869b9e813047955884c846bfa69c768c7df1d5175e55d6cebe63310,2025Q4,0,0.02655098829231199,V1
0x6e2a4b6c85ab696a130e69a768b5b045be55f11d4cbb337c10c8633060f96429,2025Q4,0,0.024749101221541336,V1
0x17aae6dd6e7679ceb532fd10f72e0ca6912ae8d6063e7aa3d3dda7d1b6e600b1,2025Q4,0,0.024365166877226282,V1
0xcecc8bb7906099b97d3bfc3890c0640cca8e934d66f65c5f185b0c1b263e0973,2025Q4,0,0.024556402607668178,V1
0xafdeaa4b9b41a2eb8b450360f190b7c129f8de71de8faf8af8ba53d0db4fa2f2,2025Q4,0,0.026344639017479705,V1
0x1d2cf8d200e14ad27fabd93f654ee999fa6ef413b902ddb0a71db21c45757f63,2025Q4,0,0.02696841366473405,V1
0xb20a98a26ba3b1d1d29d37f80469465bcb103604b34c2a01ce1b9742ffba9b26,2025Q4,0,0.025534737337231057,V1
0x3e99377c7fc3381de504432e855f67251ec32d0d3307e34624634e192cecba10,2025Q4,1,0.19498636543131498,V1
0xee784c8b7f486432b010dca9e45ed33bb3364edc72394331a3517c8dc2ec0c66,2025Q4,1,0.9867204603488563,V1
0xd0766f4f45e377e80b50661fb6b6a0cda84840548a69c54f0c39c520490cab9e,2025Q4,1,0.9867204603488563,V1
0xf8ad779f49fc9051a44de57a22b2ffe8608b0a2a7de46f728cbd6bce81a5bc54,2025Q4,0,0.025835569304532503,V1
0xb0eccbca0ba5fd07efdfcb09b99abd59ea11502969c0587b979d29900dbcc874,2025Q4,0,0.024652568393823637,V1
0xd927ecf4e9411796dedee1c6905d4ed41cf887ffc4274bca9582f8effa21062b,2025Q4,0,0.03707005622089888,V1
0xdeddc78c2b2adb95ae35d7796e989d38d014ee481a0e6f0d52ab34711f4ebcc9,2025Q4,0,0.025734910578773786,V1
0xc295b3779bd5923f7a7179b4e422a02760a9a43117f536465b1c05dbb12b93d5,2025Q4,0,0.026863462942546275,V1
0xafe1b7be515259388df5bf5123dfcada1345866aa04704b5703ea8dacf5793e1,2025Q4,0,0.02655098829231199,V1
0xe4a2b3d43921a62fd693cbaca54249feec7b52fdcd5c7dd8c809a38179c1cbb0,2025Q4,0,0.029039860059946465,V1
0xfcce7516a6edb3293fbd8482b69bd0543ac5440689a743d4dd14543f3958d002,2025Q4,1,0.03867595556998384,V1
0xd966b3c2f9102c0e87883594e5523bcb83609d1f64f44f33010927060e0f3257,2025Q4,1,0.9867204603488563,V1
0xf06a54d7176d2e19f000b1bc41af74d79a22619648d7a8ac74ef231cc537850f,2025Q4,0,0.024365166877226282,V1
0x2b8b7aa9b685cd6b7b935a822d693a87578050d898535e6d128cb172eae099bb,2025Q4,0,0.024556402607668178,V1
0xeabe357efefbd2510a34d6d7b5c1b844bfff0d104383e86d30ac6669bf0d034c,2025Q4,0,0.02523731753881938,V1
0x8d71eebfeac93509b5d1061725583b8df364823d816be3b2284b07cfa913f20a,2025Q4,0,0.028040081313504404,V1
0xf52029a0c6c0706e911cd30c15cff8d6393a1f3130305300afb34158e5966177,2025Q4,0,0.025435220089037664,V1
0xfc4453f83b30fdad8ac707b7bd11309aa4c4c90d0c17ad0c4680d4142d4471f7,2025Q4,0,0.024365166877226282,V1
0x62b0cd598091a179147acbd4616400f804acfdff6f76f029944b481b37cbd45f,2025Q4,0,0.03365537717845092,V1
0x9d8a88abd5a103760c22e11551c7ae59f861326fcc823674fc02606b63560cf9,2025Q4,0,0.024365166877226282,V1
0x07a0819d15876d8566e6e252f8c74fa7a71d7baa6024cac65e572b82ef32f3df,2025Q4,0,0.02749917508021286,V1
0x6a4fb41f0a5a6a18bcc84a7b168cdb928a3e9fba7f5903a33bde22db8bc418bf,2025Q4,0,0.024652568393823637,V1
0xf8f345fb0909dcfacf5431e01c93d1454df348fe1cacef706297931b8e4b2cff,2025Q4,0,0.02417538350637096,V1
0x052a356ea100e7c57c79b80a9a29edd378e242c534f6d9cbfa707ef3d4e696e2,2025Q4,0,0.02417538350637096,V1
0x89ff77ee1c11d6c8a480bfaab11eefd6f87b8f2076a065be0706453857dc0958,2025Q4,0,0.024556402607668178,V1
0x01d5f475cb30704216ae9906d369c0b2991cafec882ab4888a66ff11eb03e569,2025Q4,0,0.024556402607668178,V1
0x220e7bb73147e5df24c4ce15cec6e21d19eb9f46d61f1d4b823e6e0d0c6ff65b,2025Q4,0,0.02417538350637096,V1
0x784d67eb3b205e7f6543b09d8737d5dc1c2a14d43a102bbb59f7f4f94fc56135,2025Q4,0,0.02417538350637096,V1
0xcc4e7542c6b9b0c0a5069dc1dc16d27fd60c4654f3a36fbc1db96ca74939a580,2025Q4,0,0.02417538350637096,V1
0xe343e905d4a805016123652e4975a0bb01461d210c2990c578f53dedf5442012,2025Q4,0,0.02417538350637096,V1
0x81fb3e948db1f5645556dbc01b96f50c319f1331ce8b745701197b8264c1d344,2025Q4,0,0.024556402607668178,V1
0x44e58e02fe84a64444a78665a92568c1639fbe024a0157ca5022c3dd80d9b70a,2025Q4,1,0.92751047334774,V1
0x01c85fb55ff4f1a406c951dfefc03b55c3455ed027e5443ba682efcdaaf1d000,2025Q4,0,0.02417538350637096,V1
0xcb1531b00e984865530f13e4ce35bcbc7d71615af98827b5e9aee2ca2984b626,2025Q4,0,0.024365166877226282,V1
0xab6faa3e66abacc484bbb4bd31ae5e2a56d6f6252b5023631f1bd9e5299fa2f8,2025Q4,0,0.028369570144210706,V1
0x5ad810c8d042f53c457a413241175022503d290593c54c8fb713d4ffae5f9cb7,2025Q4,1,0.9089287167014092,V1
0x8e5dd56e494bac55a67a36b7044cefd95dfe7bf8c893f7d82a58c9681990100d,2025Q4,0,0.024460602541324462,V1
0x8c673122e07691335ddca322dd41013711b9eb28dbd0406309df8a12ae353a2a,2025Q4,0,0.02417538350637096,V1
0x2df7bb9bb2d044408af2a3ef947fd1eb7f5a167d7322cdbb410588af4974ab4e,2025Q4,0,0.024652568393823637,V1
0x5193e1dbd548e792d51bbf361e419e45c3945ca3253275fbae82cfc13b2355a1,2025Q4,0,0.02417538350637096,V1
0x5da735d02685c478a4c702dd31fa4b8ff4d82bb4fbeda3fe5cbeb8d4b2534e93,2025Q4,0,0.024556402607668178,V1
0x56030c3b4726de62df7d8ffe81f194854e89a3e0804ab1fa8b376a6be6bb3851,2025Q4,0,0.02417538350637096,V1
0x9645a29e64ce8d9612cf700b1dd7a3ca1ad10d6f60c99fe4edc3670844cd02e2,2025Q4,1,0.9867204603488563,V1
0x5a54c2fe06f97a6abf5f7790d9d19e42680ae1ca61b344360deabaab28bd0f30,2025Q4,0,0.025138929529978482,V1
0xafc235557ace53ff0b0d2e93392314a7c3f3daab26a79050e985c11282f66df7,2025Q4,0,0.027606538958809688,V1
0x641c8b680947405e097da700c54f344556bb59e2093acdf1576c1c68e795bddf,2025Q4,0,0.025040915234518714,V1
0xf759fba6c4fd415128bc840a1bf99708244720d7e613ef4ca02f0e15157b2f14,2025Q4,0,0.02417538350637096,V1
0x49686d26fb712515cd5e12c23f0a1c7e10214c7faa3cb0a730aabe0c33694082,2025Q4,1,0.9573054281279728,V1
0xaf9d0e448129a9f657f851d49495ba4742055d80e0ef1166ba0ee81d4d594214,2025Q4,0,0.025634633712454568,V1
0xc9b993cf48d5555c7a3ad07c82a3505a4d21c0e577707589ee24eb5d7a93bae6,2025Q4,0,0.02417538350637096,V1
0xe969e0250d4ce4fef1922710f4ce55218aa8b76ae46c69741444de9187e8c2d9,2025Q4,0,0.02417538350637096,V1
0xa9fcdaf248a0560f83cf7c7e75cad23d3151b2169a22f22b316eb822bdc27329,2025Q4,0,0.02417538350637096,V1
0x3a1a1cb37faaddf37ef72e2ff43ad3ef50d2151a2c0dbcf7a787ae60de627a4c,2025Q4,0,0.02417538350637096,V1
0xa4e382494285a0ba4498623710c2e21102f2ffaffa532dde564fe83b2e616251,2025Q4,0,0.02417538350637096,V1
0x40c02fe4023e316f5ef4c0a5afd3e5eef81538d9ee98b315f503f2d1326fc7ee,2025Q4,0,0.024749101221541336,V1
0x689eb479c285abbe526ea31e32f3b300c8f77d7f144e78f3f2d35e200e52c2b6,2025Q4,1,0.9247697497299444,V1
0xd51b3d7c933d2c1310825bccc2e0e764ae050f8b210e9293dfad76d2c45dd822,2025Q4,0,0.02417538350637096,V1
0x5a2c59ffeb6d19ec30d9a1a689b0a2f50381d442f9a159ab9dfd2a2aae0948bb,2025Q4,0,0.024460602541324462,V1
0xb608cf26e1081629f346a99372add130b2b97e7ff74d8396c5cba79e66e4c3bb,2025Q4,0,0.024270094301983007,V1
0x50b8b0f741566a420756d975faaf4cc4716229cd5183c3a35b3b20ac2b5050ef,2025Q4,1,0.06063908557273311,V1
0x4f6be3a3a4d10c128211a0a430e44de4b66e7e9f7ab02a0393f1f4ad924ad980,2025Q4,0,0.025336080608078584,V1
0xf78b84e417dec6b34f6cbea7002cfb4b16df21aa1cecc8eb701e2e58baf3fcdf,2025Q4,0,0.024365166877226282,V1
0xd8dc35e690ede1455c476595bc9bddd5c354ff86c8455a2d530ad94673740d7a,2025Q4,1,0.985571467781766,V1
0x1b6f76e5b8587ee896c35847e12d11e75290a8c3934c5952e8a9d6e4c6f03cfa,2025Q4,0,0.025138929529978482,V1
0x80026f98f9de40aea8dba02798c4f0067942bba401fa3715209ee7c27482640b,2025Q4,0,0.024652568393823637,V1
0x9fcb9901d142b5046467b4ea329508bdb19274eb1fd0fc833ee1916edd11cb73,2025Q4,0,0.024652568393823637,V1
0x8ee2f1640386310eb5e7ffa596ba9335f2d324e303d21b0dfea6998874445791,2025Q4,0,0.026863462942546275,V1
0x324d699420ad881471d0fd29acc86e664e397bd6461b3fa440dcd3efc514ac79,2025Q4,0,0.024460602541324462,V1
0x5916b06ac023a9fd380b05d469d508d0ad722aae7ab9c5f3efc7aefa2e8fd39f,2025Q4,0,0.028040081313504404,V1
0x185dfb6e222f3e467a98f39cd70a0083aa200425798efe9f1b2d9fb6dbd190ad,2025Q4,1,0.9864553574846374,V1
0x4bcdc5f24786e4ea5279a4f859d8879cc08b98cfaa2924862947c65db0f010ae,2025Q4,0,0.024749101221541336,V1
0x29f5d34ac7112f90cf206ffe22f270450cf16c2690be2f744b5a1f2cb016db91,2025Q4,0,0.024556402607668178,V1
0xc0531ca3aa67e9aec21f8265fdacf39f960c24f3faed1a3e5ac9b4613e6fcd98,2025Q4,0,0.024365166877226282,V1
0x0d3c9bb7a98510a5f5097be77ac7f66a122256ae60b5b15d82c6a75eb6ebb60b,2025Q4,0,0.02417538350637096,V1
0xc52cb22f2ca2fff02170862d971fdeafb7c0ff13fde292a2af508546b337aa4c,2025Q4,0,0.02417538350637096,V1
0x5fc28bfcb6f16080415695b53f1f60820f403a94ce16696eea2f0085d823bc92,2025Q4,0,0.02417538350637096,V1
0x995206207b19045aa5cfb42f5338ffd2642a851fe682363bc0c5848e6b1b6072,2025Q4,0,0.02417538350637096,V1
0xaf51603d78545c838490bafe178ee9ff4c23d0c2161f15e0e530d3735229ad3f,2025Q4,1,0.9866678525059281,V1
0xde69f3a4ea109f797c51b5c166e78ffaa79efbaea7d7f64c74638cbb529f7fdd,2025Q4,0,0.02417538350637096,V1
0x614be8366c44bee32b179f13a1653126b28fddfdec74690c1e195989d05f5975,2025Q4,0,0.02417538350637096,V1
0x820c249986044ad3ab808a4fb401f355a97eeac28d1e905ea37c849700e9cfd4,2025Q4,0,0.029610148711155353,V1
0x31ffd9aab0ebb5be9ec63c29f42bbe1d6c7a43c246612ce3e42febc8658e242a,2025Q4,0,0.14104777842250085,V1
0xcc248e5b3109197192b15a3fbc98f84887fd5b2e9baf2b72d94fc66b5102b760,2025Q4,0,0.02417538350637096,V1
0xb17868a887f1f40595b2433c741b81be879add5f0a54a14f8a7cc0684dc4a0eb,2025Q4,0,0.02417538350637096,V1
0x580174081f344662e6f9873d1a2ae03e665bb663aa18c53b249dcdabf9080a9f,2025Q4,0,0.02417538350637096,V1
0x35d6cdbd289215d1282caf1481032969d080afb42334ca0735aa6c42571554a4,2025Q4,1,0.986615039080379,V1
0x5a3dc97b0200aaea720be8cbbf196e3f7660d589a8fe6e29029a3139d154c21b,2025Q4,0,0.02417538350637096,V1
0x48c715b695536243a128b653e59f8214262a454811a570c4b019226291c0fa69,2025Q4,0,0.029957518194956654,V1
0x95436050e102daf4b531e0910799be2742a7a8769f98f4f833363e4afef791d2,2025Q4,0,0.030545261016872088,V1
0x735a2a984e13b28aa5e0c540d99fb8d798b2f6825bd0b992679ea779bf0911ca,2025Q4,1,0.9861303372530082,V1
0xbb4eb4d4619272869e329ff787bd9fcbf759ff5552409b742f5443ad959c73cb,2025Q4,0,0.024365166877226282,V1
0x635e9e233a8a58b771d845c90a51d21602b7caeabe01c07fa1192cc8e2f72863,2025Q4,0,0.024365166877226282,V1
0x777c48a36a064675a0a95112c12f54cda0b1caf9a64f7450fde31a8a8212af5a,2025Q4,1,0.9818648991107246,V1
0xad7141bbf5412101b40b30c01ece77146390e73f72efbb6abc1e1dc963594515,2025Q4,0,0.024270094301983007,V1
0x308fe0ad95520768ec0b794c7c30b3469bbdd4dd2feba218153672745ba0f6fe,2025Q4,0,0.024652568393823637,V1
0x876c137bd74bde1ffaccd26e29078355a63c16d1f8182f39cb4bb03459dfb1e5,2025Q4,0,0.024556402607668178,V1
0x71efc09081b0e1afb01434ad7d626e22673c90494cbc64916e7476c707bc8bac,2025Q4,0,0.024365166877226282,V1
0x4bb6de97e799c4202ab568e696667519bc9877316367da60c852ab6b29e826b1,2025Q4,0,0.057957257391852327,V1
0xbc313b9d1136eada02794b4299fa04bab53da830001d73966fb9ca1e7ffbad5a,2025Q4,0,0.049801427490130216,V1
0xe13ed1b2e0a0f4276534a9c0e3343987aa244d94cb1b60a1c3d6ac1774cec9c1,2025Q4,0,0.02613985038623248,V1
0xad060ea1394b5b608758c7894b78102fea337251f9065ac3db96e1f8fc211abe,2025Q4,0,0.025138929529978482,V1
0x310856dda37a2cc0df91c98d55b4af046b803843a3255cfa6f3549ab6edb0920,2025Q4,0,0.024556402607668178,V1
0x7c0cea4d74ffb2c8451f8834fc9f93e72479eab3a4a98b75127940f5f60f1622,2025Q4,0,0.1710488459639069,V1
0xe3cce9907c9cf32d35a376fbb581d97beba2e2cea485bce1840e23d0af42f9c6,2025Q4,0,0.03352529997142006,V1
0x94804ca845f8a47d7b57ded99651443836d4b7b10ee8ec6ed991b6c88eb37216,2025Q4,0,0.0315089460183254,V1
0xbf94e0a29a7c5f810c79be85579bcb7f684d8dc12f660185a970c564fe2b1f36,2025Q4,0,0.038825214360696185,V1
0xe36af7728445b62f1e06a904041d5f1455f9c290b07b91fc903696d08db762be,2025Q4,0,0.028702816343964408,V1
0x1e6597f4cb7216d962f60555fc1c37b06bc5fed9ecda9f920e2ed70034169684,2025Q4,0,0.025336080608078584,V1
0x14197a2979391a7bb1e6918582334640f309c22c7718f824c9fa1e149302662f,2025Q4,1,0.027073763003210866,V1
0x021e618c946d8ff51cf4e690809295b218353b5e635b905c9c27e779e20d0ce9,2025Q4,0,0.02417538350637096,V1
0x7a3fd81ababb31b0090abdb174f02c551d1a21328f9482415d7ebc2e1c6c4b6c,2025Q4,0,0.02417538350637096,V1
0x726f839c363681d34a3fecc8ceaffead59da9b3bfb71a64040f4ad58fa02bb37,2025Q4,0,0.02417538350637096,V1
0x2135c61c38d5a7bd7fe24eb35b920bf92213573d33373a80e4ae9a7b3b2f435d,2025Q4,0,0.02417538350637096,V1
0xe64946cd8d2d19ea559c78db03cd93688f842bc6277fbbf921a1423ca0e98f6c,2025Q4,0,0.06536807127427352,V1
0xfa24ff31c2cd56cc9a0b8a72586e9be9b7661f76da9a23481219fd461e1650c9,2025Q4,0,0.024556402607668178,V1
0x96f6aed94facad5cfeca5507e1a3f6a5c6500dac44df4b373bb829ba8fe0b5a6,2025Q4,0,0.02417538350637096,V1
0x19f72612d7e2e92adc3f2ac2d75806b37bd9788b0dd6999654474da2d67e6956,2025Q4,0,0.02417538350637096,V1
0xdfbdc5331baaf33996d442f543f7c0fe3391dd067cecbb90899b8339e927d05c,2025Q4,1,0.35057398737844436,V1
0x2865bc483dd523f4a36eb961f7467c8635ee9a13f39748bad55f645ce1f61512,2025Q4,1,0.9867204603488563,V1
0x3fe28ac4aee597a761ce00692605e9b8701a544365eb781ddb7453fb10ae31fe,2025Q4,0,0.026863462942546275,V1
0xc2e5f441b24c3bde052635a5ca1d10a7fa8740e4efb8df6b815276e887aa979d,2025Q4,1,0.9861303372530082,V1
0xe4e5cdc4135cfcc3afce62f24687609ae42b67982641015eda335828772edd08,2025Q4,0,0.02417538350637096,V1
0x24e4d8b6fd60c9867d9accbdd88ba2ac7212aeb03dfc9d6b10bab06896049ff2,2025Q4,1,0.9866678525059281,V1
0x97f7ac6f9488a6c3470e8d0305bbde37f76692a78374cbef803946bdeac07e48,2025Q4,1,0.9866678525059281,V1
0x63f7f0cae6ad5f914677dbcc2e806b94c0898573258e1f087c5b296136aa8d19,2025Q4,0,0.7039326814253893,V1
0x21baf6d500df8012399972c6229ac577af80ca39c67315dfce62b90968de9010,2025Q4,0,0.05018203701851373,V1
0x1ecb710da7d97b76c1c99180d8f3d2afe052d09b68eca89b4cf3ce37a7a0a426,2025Q4,0,0.026863462942546275,V1
0xdaf6aa41c877b0a2f21f670e0b2b23343e24ea6743c7ddb5b373ebb1ae8e7915,2025Q4,0,0.02417538350637096,V1
0x7c2710a7af9d9d7da6e58b1edbb723215a852b87f587e204246f6a01ab39e1d8,2025Q4,0,0.02417538350637096,V1
0x21d5b50fd0bc5013be79a7cdb4b3f0917127071cf27a324804c030f6eb06f5b4,2025Q4,1,0.983758362304302,V1
0xfac98674a774531c2b7def1ce530ef2eaa78a1c444f794923826f2660b1eaa14,2025Q4,0,0.025040915234518714,V1
0x35ae72ecea68142496d891d6b74c3ea7069e8ac7b066542298691b43d74da891,2025Q4,0,0.02494327330963878,V1
0xdae8eb120cc18c5f8fe9fc1863df68d0f589c9db0408d9d248b934e57f7e1b81,2025Q4,1,0.981358635231853,V1
0x54f2d63a6512045645b3789b498f95227b1ce57801b1f9d0c9f9fa9f4d5dc7eb,2025Q4,0,0.02417538350637096,V1
0xd640f9d87fa9c64980a6e6609e66a5f651048345d2d659887d23c5426fc6e672,2025Q4,0,0.9779306993463319,V1
0xd468704d23b31e2ac86df6cb3ae8e3b25434780cfcfcc1db5c96efd84328d04d,2025Q4,0,0.02417538350637096,V1
0x4b4925cfe0431f35c000320bb1abb44dea1d18982a914f9bd174f29464147a7e,2025Q4,0,0.02417538350637096,V1
0x5e1df4ad3d4a4640f57cdf11e23f26c16c9221d9614d4bf6eada4db6f34cd059,2025Q4,0,0.02417538350637096,V1
0xf026cce8acdf7ef3c52908d58ad8780d6e7ac3440189945deffbcb042aca685d,2025Q4,0,0.02417538350637096,V1
0xeae2edae4d49434c915134a9c279eb417b4f48a4eb3d369971c1baa8d17b8edc,2025Q4,0,0.02417538350637096,V1
0x62aabeaae60b94fab9672400f3cf536b44ec085de18dcdb5e4fd273a11e196f1,2025Q4,0,0.02417538350637096,V1
0xe42745319821ec7c531d38afcb0cb9d8a53a414efc3470824b4103204bef7c97,2025Q4,0,0.02494327330963878,V1
0xbc89401b0d892987a1696442b97f736fab0a683c925eda4032cebbc3fb587759,2025Q4,1,0.986615039080379,V1
0x493720f91c0b4d1273bd744c1412826c4b23469f25654b7f918d66f49e266745,2025Q4,0,0.024749101221541336,V1
0xdec77e52349a9437f290d79c93137f413a27ecfa3fb2a2845100bfcadb8403d2,2025Q4,0,0.154671220594064,V1
0x187309dbf4aee9150fff005a29ccb02b9a4d221cb00cd85211dcbcb8e867fd9c,2025Q4,0,0.9556373279388409,V1
0x5374a734024814a7e91a50b025cf0924bcf99756f40384beb260ede9322ca28f,2025Q4,0,0.024556402607668178,V1
0xb54e92a9f3edf1bfe9ef0f8a1b1ec483527f482b1463a8691024ced348ec498d,2025Q4,1,0.11557509085653414,V1
0x1bc4d3f9cbe31ba83b60990788eda66ae06cffd42e548266606cfd4fe3bc4525,2025Q4,1,0.9848116569775744,V1
0xaf97f60cad3509b019aab16568bf05eaec5bc53f91ea2c66e2a76ab467c754db,2025Q4,0,0.36903104317710556,V1
0x0742e85e568235c6bbf715556bd9b26f32f76e5946f21a000d387c0e3b846e20,2025Q4,0,0.02417538350637096,V1
0xe402f72914cc259e93379dd581f5df53f959601fccbd69b1c55dcdfa6d2b080c,2025Q4,0,0.02417538350637096,V1
0x37f329dc3878b26f5f2d7f4f57fbc3b74b594657fd705eb07c748023d78abcf0,2025Q4,1,0.9674077346996061,V1
0x5bf005155ef085c7f79cef880b60e208551fd3f66a54dc94a11c75bfcb5e8f6e,2025Q4,1,0.9861303372530082,V1
0x07555b0e89abe017ddde72e5d04f26f6b26a7f221cca5fcae54ca99dd984774d,2025Q4,0,0.02696841366473405,V1
0x06eede5999a7a67a2b56811f81c7b352d17f8a6df556527731a95a1f4e07ff96,2025Q4,1,0.030664142609743802,V1
0x1fb7ed3aafcd80a2112eb687480c4a9bf042dc2d76663dd13785323c8be898bf,2025Q4,0,0.024556402607668178,V1
0xfb35c4b75b932f91fd543651473976d1124c6eab5e204050dce7028eae44ea8b,2025Q4,0,0.024749101221541336,V1
0xf2ce8d3897ac5009a131637d3575f1f91c579bd08eecce6ae2b2da0f32bbe6f1,2025Q4,0,0.024749101221541336,V1
0x28e1e883c5e1043c31fe445bb35552c8628bc0d4156c6f1f3e8060489f4243d5,2026Q1,0,0.05274740560055187,V1
0x9778aa7639001067d7ddfc3212a678c764352b3ade5a6130100468ecaa46abef,2026Q1,0,0.03467184017332185,V1
0x6831e2d6108d2316252466bf828cdb02aa16c5e8152ff428d2c0a035d5637e60,2026Q1,0,0.03263528356512034,V1
0x824494c789b70bcb571591f8efdbcabc2bef578e0498ad9d1348a1ce9f94b8e3,2026Q1,0,0.03263528356512034,V1
0xc6a69fe3d71cf548179aabdb4d8d1eb29241c48b1ca5cc1e023a181910bd217a,2026Q1,1,0.03467184017332185,V1
0xae3f85f20d56983c7338111e097d95d494c63594ea47e6df95c20c7f006e7675,2026Q1,0,0.11204409615878257,V1
0xe6a6dd7a8654925d425b1ea24904ed8d373f8c540b9348087de684a162719ddf,2026Q1,0,0.03995796718557729,V1
0x73d67ee4076e87bde2a863880f945e7020dd52e00a1a0e740dcb389810c974a0,2026Q1,0,0.07199631199059456,V1
0xea3ca9445b5d17bb4c155c87c31d04a1bbaa10e2832ed6de7115837e46a3f824,2026Q1,0,0.034181895086911974,V1
0x505b7de22623130613df93f722ee6b9be7583a4188207bbbc6d6e6b996565841,2026Q1,0,0.033459479234464816,V1
0x8a834895c54bef19e6ac0a7ad2a4befc2e9af747d6dd1d52eb219782a98b2120,2026Q1,0,0.05147339944497214,V1
0xab90fa9ab957bf8457c6dc61a05366aa29125d504ee4edc27abc3841cd99118c,2026Q1,0,0.03618262204228864,V1
0x1bf94c893747f1822edb6b06e670071017042c833dee92b6a8a35af468a50fc0,2026Q1,0,0.032868745391648344,V1
0x48aa1228e2f719f1bba2f5acfb3edcbd04003e5cb00863e1c81a550729271439,2026Q1,1,0.13384672777243464,V1
0x2bf00860d0daa4aa11d5f6e5aba62407c5f82225e652f6405701d9ddd83c5a6c,2026Q1,1,0.894193174620545,V1
0x8a175eb42f31b198faca9a77277bf90396bae30bf065d3a9898aaa8105657ab3,2026Q1,1,0.6510246326238763,V1
0x166ab6a5f3e348dc7b6d732b0848f373b042aff0290a5d7754f7628db6e4dc0f,2026Q1,0,0.26938245687875106,V1
0x6615814797e1f3be7a827c70a94c674e9e568bfc7f1986c1f9257abcc5624d82,2026Q1,0,0.0634020597035648,V1
0x80bc4392bbed4cd5a93a13073b9b501072368e3d6e7cb7c362774fce9d2ec11b,2026Q1,0,0.04183659813448269,V1
0x0e9a2900fcce6721c816ed94c6ba98973f3eb6b264fc1255bbc532461feb2025,2026Q1,0,0.04273188601264403,V1
0x0e4f635c4fdb0fbfe986ddc93712388065abad3bf0f19f07e3171196f75c3c8d,2026Q1,0,0.04649927979643148,V1
0x46fbdeffa6619cb7e6ce94ba9e2c8c316ff278e6006bf557dbb5adbb3b268e56,2026Q1,0,0.05500093175841224,V1
0x79f248793183427a38eea310c14fb01b2a4b52df380d6e7cd650ffac9b400120,2026Q1,0,0.07681640146046148,V1
0xc3dc290c6b0e3a312529dd5a4c05dcba287ce57eed62258b0076b68daefa99eb,2026Q1,0,0.09003356303165494,V1
0xc7ccf00d77e843b86ea9d9027e6c1da91c52f8fea154658d740dfc0a15bc6a74,2026Q1,0,0.050228532664791034,V1
0x2b392fc0a2674db229607218667c129a0ff27186ce4b303c3c8e54402fcab133,2026Q1,0,0.05596641813339916,V1
0xe25ae47970ad8babbe3073eaca65d24ee73f685fd49f74e55d2b75a965639695,2026Q1,1,0.09403590260565235,V1
0x194c3e4cb9a244ae92e2adeff092076b13fe039cd217b1bbbb6aca6cd4d12df0,2026Q1,0,0.041984557026386767,V1
0xd45883cf53da8e88ae995e10bf61c287ccb7b44eefb57ee4825ad954344d9e3f,2026Q1,0,0.07734065143091867,V1
0x062e5937100103295e98f56a99926df33f05e3b9f1a1929780aef1f4c46d73e2,2026Q1,0,0.03884235201329525,V1
0x277f21a0a26b1a2ec9c4980f91f55708880a7cd4c5ab68687fad0c2f6efba698,2026Q1,0,0.07029188744895522,V1
0xaf9f82c55c0bcdbc4bfa99fe4a8ee9040361c79071754b299797480ab95b262b,2026Q1,0,0.0512937911002649,V1
0x2474fea8345b414b9f1d9279b6a05b2dc0882d850c376a5efe885446576407da,2026Q1,0,0.06792164591097888,V1
0xf835de42f566a714be49df12ba436279ac3b06a8b570baaca49835cd0358c916,2026Q1,0,0.14534815865477105,V1
0xf96ffb10e7b715bc06d5be34c70204f2a01ff6e7985adcd4dbc8ab5808dcddf5,2026Q1,1,0.04884075426000154,V1
0x88f8790926f05d2b6ce8097499cc0bb9a6b0d8dc59b1bd34dccbe510006b963e,2026Q1,0,0.08445999634542777,V1
0x53abb32b56a1f2c6800c52769e82ed630bb847bd4d431418b6473f663fb55648,2026Q1,0,0.08360911956383604,V1
0x888c776fa101405df636c12ad9860151eda553e1e76a237b742a6ab8178b71ec,2026Q1,0,0.0778681774744682,V1
0x39446dcc0c3bf7c56209a0f7cd7a82802381b17a9bba47baaa6c33cb7757e685,2026Q1,0,0.05714604508830299,V1
0xd9daa9c0abb5506523bac5dee937313cef0f3e4c86995704acd5af07c7bb277c,2026Q1,0,0.04699186179142685,V1
0xf8455f2bf006c1de7244ced9b0cf2953ac2b9e32d1124c61cc519acc4c3e252c,2026Q1,0,0.04633617998857532,V1
0x80f018c1a36bca63cd6ccff97d48028c34592893dbf32659115bffb95adb2bd2,2026Q1,0,0.0921692235104288,V1
0xd1889f8050ae7b0a2ebb5f972a645826a1a40b0a54be855501c82101c129d552,2026Q1,0,0.05577205393161533,V1
0x7d5dc9aa59955996da410825c00c8b05213540b622ca7a3a1ef756c914f102e1,2026Q1,1,0.9009658347398563,V1
0xf3cdab0cc84ccab80c8e06f38ab2580077a26d67f07dd98e7777e7b00058c838,2026Q1,0,0.03322196564637285,V1
0x79992ae60d488b649e61f4e9b0d3c6e8045f20e4e01040f28f7d92488b1125e4,2026Q1,0,0.44424440626717493,V1
0x12f85b250c4943bb6d17804ec6c5d5e6b46dc3202f207acf7e56ce83d7319c5f,2026Q1,0,0.714701446180108,V1
0x35743117468978e7ddd6647790f599f21263d948f2a51fa78df47a6793fde562,2026Q1,0,0.3905405364856656,V1
0xaa330505b64202aeb86ef486b0a0505efeb5c4706a7fcd9fe86d871567f75c7f,2026Q1,0,0.03430375163682844,V1
0x5cfb1f7c129ec106f22a5586d20993e4eb351b24ff0c417b2436f252253d386e,2026Q1,0,0.13643063984477838,V1
0x2fc0edebd6d9de328bbc65d350bbe92c83b8727d4cc6211cf2931bef04cd0f98,2026Q1,0,0.041395707789119884,V1
0xd5db778f7930696bc1891e9bed63ec5e6bc0587746d513c40eb67e52509b955d,2026Q1,0,0.14083039595140118,V1
0x10cf4927827e9f1377d41fa4565b4d34deeb78d783ab2c8f8c8ec442edc47941,2026Q1,1,0.07707811795713351,V1
0x57bac058325f2354f86c437addf47e18b663cfaf86efdd919fff2241cdbb27f5,2026Q1,0,0.05519276570148542,V1
0xb26f2c36379675980d5cfcb1acff62b37824bc5827775b0e1eaffc4f5db11008,2026Q1,0,0.037092969670292956,V1
0x9dd958416ab05e989cbc2bddb8fd6e89692b675e126cc0a89d9518634acf7cc2,2026Q1,0,0.6263728579102202,V1
0xd54661b68eaadaff6bd146181a61901d1775abc49e1e018960b35cd61c4659c7,2026Q1,0,0.1859143260046485,V1
0x3b4b3c1b3c57646192cc82d219b984ba8ce3f659277e114d08066bfd9bfb935a,2026Q1,1,0.06792164591097888,V1
0xd1cce43b5fded07d49b457f473f49d921db7053a9cd98dcfd5c3271a53e6713f,2026Q1,0,0.07029188744895522,V1
0xdf05643dbc763608d34bc226b096250bf1a84138c8cd0dcaaaf17e997255f38e,2026Q1,0,0.13214719712376405,V1
0x0ecea38a53ad7cfdac4626773ade7e33e948eea9bc42644cd035d7e3bc5cd511,2026Q1,0,0.08332722941595297,V1
0x639dd659a2354b95cdb8657cfb0757520ff1dabccbba24a44c77d1804601b7c1,2026Q1,0,0.07920143272852563,V1
0xd6ca78602333a284661831a5ec02c66e1f433b345d595eb913898f0caeb33b57,2026Q1,0,0.03263528356512034,V1
0xb9db6ee9c30a47c485cd38730cf47ff79c62632db47f529ac9e5314a3b294a1f,2026Q1,0,0.059164122551886904,V1
0x5c5d29108e310c971310a90e986725427c920eb622d1f16eb38ac05bccb5c77d,2026Q1,1,0.07273838772184486,V1
0xc7d10df2ef151fd7d5d9f66fe2694b13f9106acc7b764804d0ac37f668870f43,2026Q1,0,0.08705996907462683,V1
0x861e8a874e4e06e44092a9fdef549a520d56ed851fa11e6547398ef1a8b24a49,2026Q1,0,0.0778681774744682,V1
0xb93528c16938552872f79ec03b736ab43d01cfbedb4aa80d780070f7593d3338,2026Q1,0,0.0634020597035648,V1
0xf143aa3a6c93f0a82e38e242d7b0ae7bcc8ffe0f7fa310a0960a6025312c0277,2026Q1,1,0.05519276570148542,V1
0x09178d8baa54118e1899a03f04b5dc64d0a3062683fd3d31fb6fe07c791ed251,2026Q1,0,0.03884235201329525,V1
0x9a8cbe5e07364992850ceec04c25304476828a7a7383321eb0c861eb7942a221,2026Q1,0,0.2217162557558525,V1
0x9a4b70d49c610171ab3d1d86774bb328e05a3301c8d5969577795d98ddfe9c3e,2026Q1,0,0.08332722941595297,V1
0xfb898f62944858cd90a18655f393c456dd2c0d4ac17f1bbb4d06a2cebc8e1e72,2026Q1,1,0.5084944337675819,V1
0x95d998baf8752df3cf78ca73965bf3888ec5075188423db8d6028cbd78dad1b4,2026Q1,0,0.03310382017334356,V1
0x3c99905e19ccc0f3c4621eb8e5e293fb609859dcb81a460f901c3139fa97c7a9,2026Q1,0,0.03310382017334356,V1
0xac4c8f562f7c6f4a191570b07a6cd8926854205a91d6da197a43924bdc4659a3,2026Q1,0,0.5268931827733279,V1
0x6da4b3c400d1ca5d9a854367699f9abba26e5e25ff03cf223f8a8d9e8880f1ca,2026Q1,0,0.0640616682874551,V1
0xe9520dc1f9b1b3ad6a3b8e65df0458148de02582df35434c9bfb480b29b83422,2026Q1,0,0.08082886215597174,V1
0x8075c371499b9a42b89a60f76f8065d9ee27461028efa5360401fccf6e949b34,2026Q1,0,0.09529911101726897,V1
0x0d2f729e0695089192568fb1c6cea4ecba9515d98f508c1e98563c215f8545de,2026Q1,0,0.03829581170244706,V1
0x41fb9c8712354c0407a7a768c8c933bd811d440e9de8e65ba16d080c4bc315c3,2026Q1,0,0.03479538042469149,V1
0x09c7e0781a3a3884f2c886ef25d28c3ea4e50039080158bf795a4b0226423728,2026Q1,0,0.08794259439109457,V1
0x4cccd259335236ebbbb018f21219bfee84f2d37a2890813a59f3027dc7b28794,2026Q1,0,0.08853549528340961,V1
0xeb40432ed5d4b6adeee133904c9f240dc74ed641030596f05a13943e9aa5d9c8,2026Q1,1,0.07273838772184486,V1
0xbab21ba7168ad7d6d98600d40d3d69f2fda42fc10863d00e006a31b990b22065,2026Q1,0,0.04799194474048839,V1
0xdc4696c01c081834beae55f04eb852cf46e911fe63f779440390f753e9025fe9,2026Q1,0,0.032868745391648344,V1
0x5475a91387df16bd7f5b5fd5937dd2305365c01d6116c071d6859b377882f403,2026Q1,1,0.7366971843313219,V1
0xcfe1f3828ee14f8346c2c6a5f298c31d35623251cd10d8189ed4b83f636b33d4,2026Q1,1,0.9425442390520052,V1
0xa7b0b1e38f95c9925f2c4e04b3501b4b0d8b5a4d3d2b3b9d21dbb516c52cf32b,2026Q1,0,0.053675580478303564,V1
0x3b51eb6137b7691f7ef6cb9cbdd19bde90bfc7fb047bf50827bb7b7895a3a120,2026Q1,0,0.033340518233769795,V1
0xe3b11d4bdf2926eb9f27339b1b8ace1415a22742250569def18871b452858d72,2026Q1,1,0.9792674536307666,V1
0x0ebfa3375f9106999f107f7d7f4175e632e823b29ff8196dad62a692a3daac26,2026Q1,0,0.03310382017334356,V1
0x2d3973a4de88a8d6635637cd5de0c1d62e3850a65dbd19f0d1230221865d20a7,2026Q1,0,0.032868745391648344,V1
0xf693ac2455c92bdaee75e8e443116f890f2d59dcaa2ca054962a48ea2c4bfaaf,2026Q1,0,0.033818825756673464,V1
0x1ceba14c1ab80a63be4bb6345ee7f091a51f60a51b69e10b19c23d7d6af64cef,2026Q1,0,0.03516855215580986,V1
0xef1299d5c2697e3e8d7af37ae2cfd36f0eb10a5202010dd6b7c906c447503e7a,2026Q1,0,0.03939637277029899,V1
0xff40cb875da374ab79703b1ef7171cff8b6229c12c2e86852bde73eaf817e9a1,2026Q1,0,0.04732300160609004,V1
0xcc5b0e5a38b1e2b0bf057b3fdc0c72657d1deca1678d30b3bcceae13c3b8c694,2026Q1,0,0.057744581424338616,V1
0x5f1516c99e9235d5f179aeaa1222ee950ac15ae614026773ec45332a233cc111,2026Q1,1,0.07199631199059456,V1
0x7789f75405a56d8ce8412ba1a48b59ef102d3a61a23054ab59d053d6921e8e4b,2026Q1,0,0.09529911101726897,V1
0x9a0c2cff156ee4e8e53e2bdb2114bbcc70fac1048b8b16951e2e392478a86172,2026Q1,0,0.08913200281932923,V1
0x4d6e6494ea7b1062bcecafda77c2bf46b18b6ec41f9d82fddc1722a210ad3637,2026Q1,0,0.06792164591097888,V1
0xb27d0893ec4de3c1b59d892906a65e69ea466f03fa93f889a20360842c82fc27,2026Q1,0,0.08913200281932923,V1
0x6c8f5b40bbfb4162d14b15aedf52f3b0a92a78707d154288d9849bdc7b91d2c2,2026Q1,0,0.059164122551886904,V1
0x8113dd964f245dca0debc781ad2956e1a016d368f99f48ef16a91aee6f54bf65,2026Q1,0,0.04183659813448269,V1
0xa355b428bba7888ea049f39827a9add26c1b4d8ad5cfd58d598346a257b96e91,2026Q1,0,0.03263528356512034,V1
0xec5f006a67dc2d3b757968aac03b9d6c82b1314e7e43bb484c01f3738648e27f,2026Q1,0,0.03263528356512034,V1
0x55e0fdd3ea720a3ffffaac32a37e795f21560eced77a2db1f72f21049ffb6209,2026Q1,0,0.035419472601045,V1
0x09c729799fba39d2d21ecd5dc104e9e03aeea536543cd0a560230400218fcf94,2026Q1,0,0.03263528356512034,V1
0xd8ac9f489f38e440a89c11fd0427057599ce7d2f7fe5bbc5f204ec47047ef60e,2026Q1,1,0.966114163831249,V1
0xefd8315957aee006f55959623d07c897f4511699988ffb276123b5e83c7ec806,2026Q1,0,0.03516855215580986,V1
0x72dde577d8cb545ee62b45178820f450a855990a5a7c190ce8aea3ea781b49b1,2026Q1,0,0.0512937911002649,V1
0x5de4dac5750688a3ab6db801fef8afb9f069270bf6e211c8ef2ef3c13d4e6734,2026Q1,0,0.7366971843313219,V1
0xfbfae05057e0419e82f0b712dd21f8b37886f8cb9b1409ec044d27e24ec5d84a,2026Q1,0,0.05005303886989498,V1
0x2a74a7cd29971c3a320eec0595c20a07d9a2cbc501c99694d34963e38a196682,2026Q1,0,0.03322196564637285,V1
0x0e34316a55bc233e7a3413a93c42c66072b7ac502d76e2bc66884b3816ee6e07,2026Q1,0,0.033459479234464816,V1
0xf2995999537ed00a9e1ed196dac5a34c8362b9e454200968eb123c60d21530d2,2026Q1,1,0.9609430237912532,V1
0xe8c0a798faae1448aa0a038657a14dae1ba58a18e3ad3f38b5231d3d86057a0a,2026Q1,0,0.03275181350209327,V1
0xc30a8d604d0cf4d62c816a902c14ed0db890033a7334cca6f4b941c1ec3b5640,2026Q1,0,0.03263528356512034,V1
0x2bdb09e4e7a2a4037db2401d2788e2565555db63967ed3e7c276c128d8e56f9a,2026Q1,0,0.03263528356512034,V1
0xbcb33ad98c8141b10f2350ef687eddf0660484ecc15be42ecdae64339e64dce1,2026Q1,0,0.040384189789650284,V1
0xdcf89266de269fa8d785c5a6218c482f08cf26f9987d879fc97d6a335238a08c,2026Q1,0,0.03263528356512034,V1
0x28101208d1076b3dc8fca84aeebe55cc8505b01f40c8e1d5c5fa3209cc395120,2026Q1,0,0.03263528356512034,V1
0xe115524784ad092f0e7e078973922c5010f2a1c38c2fb8a9bce309c0ca79f1a8,2026Q1,0,0.03263528356512034,V1
0x0bdf73e4f9d1f9bddd76011f7c7f70ac2a7bf02858f6e724ff17fab39cdb84aa,2026Q1,0,0.03263528356512034,V1
0xc9dc3221d327cdca2401a80e8b138e6f81e17e7aabb0ae4915ec744e37d89fb9,2026Q1,0,0.03263528356512034,V1
0xe90b27f08082e17740308fdc957528d29a3f334a9ecaeefd056a3427a4cfdaaf,2026Q1,0,0.03263528356512034,V1
0xbc4e5a49c32f7d9cc55654ddfbcf8f75706edc07a11ae327730bb877750bbeaa,2026Q1,0,0.03263528356512034,V1
0x87fa1d0200cae34d1abb2796b73a23a0434cef9eae9af694382d2ff63fec804a,2026Q1,0,0.03263528356512034,V1
0x1d5827b0448938c4c40a1c6747abc61e4ff690ac3d7306e0690c1741eb6dcb0b,2026Q1,0,0.03263528356512034,V1
0x18b1dc1565575cb2ff48bbc078070170ca3278691860cca7c97131fc657a9530,2026Q1,0,0.03263528356512034,V1
0x3b1a3232b14a029f96a3e1b04a5d8dde31575d74024389b53631e73b4a494480,2026Q1,0,0.03263528356512034,V1
0x1a550f4be5469a1f7f19a6a87eb1d3c5aee638dd4b325cd7e80c94fcb69a4325,2026Q1,0,0.03263528356512034,V1
0xbc4e7ff877a14d8e0dd44bdc0f95ca7a1cf0956fdcfeaf57828a9a9761f95f91,2026Q1,0,0.03263528356512034,V1
0x35fdbb84a6a3c45466deea33ee0f0500e70078351ff8b8fb0576d361bb2eeed1,2026Q1,0,0.03263528356512034,V1
0xa062dea464f0e8fc3381176494198cf45574ec190eca77a40f49988320fa15f2,2026Q1,1,0.9762254604301036,V1
0x2b1e18ef56cb7222ce2fb03d6cd9fb8fcca06d80b64d0dacbe6ce2f00ab31d00,2026Q1,0,0.03263528356512034,V1
0x2bd06b3fd416fa6bbb9cf2667ff62977754e49b6d7966077173d266a71a2f240,2026Q1,0,0.03263528356512034,V1
0xed888eb64bffa457086fb5904e9b2046da9aa31c5db36e9d4a303efa7e850d76,2026Q1,0,0.03263528356512034,V1
0xa619cefee23be0abf807ea451642fe20c497ecb2fd705ee645c3d96d8d11637c,2026Q1,0,0.03263528356512034,V1
0x1cc98e3388b008a494448ef05c62bad301d61b1e73192ea563f646ef205209d1,2026Q1,0,0.10878690312947042,V1
0x6a63460b31d0caa8bf884dd2fb44529c04b2b710bea6551d67830bf3c9bd1982,2026Q1,0,0.49007264543057205,V1
0x663ab7bbc3ea3156a3e81a67e341be33f0000183ae294c0e2061a7821864322c,2026Q1,1,0.8832695859779275,V1
0x2c047808ad884823f6d5a7e28cc043a34d1e89139ab752e6498b21421e01e7e0,2026Q1,0,0.057744581424338616,V1
0x20685afcb4751f212d0bec51c769b174c2be1f951a8c5a5ff93ec3fb61fe6b02,2026Q1,0,0.0781331741305213,V1
0x55aab6145483b77745c771248eb02e3a389d5ea66a1b849a778b40eadda7aa6d,2026Q1,0,0.07552000232223399,V1
0x7b8a75fd7be63604b15b8c3eb3b5464a52b792a6a3fc8669b106d3ea9076efab,2026Q1,0,0.06653528222652874,V1
0xb2762e4242562e6f86f72868b42d126e0b9ec40d32df031bb62e583bf53da1cb,2026Q1,1,0.06517523723323923,V1
0xe93c89c41d1bb08d3bb40066d8565df301a696563b2542256e6e8bbbb1ec490d,2026Q1,1,0.9797115957478278,V1
0xb21be382d4d6ba6417ef0b3b91c73e426dbd216800a42ffa62c1cac392ef4fd6,2026Q1,0,0.9073498970097916,V1
0xb2fd17d2e40ae1383947568da2ad2437369d87952aa443710f9d11a189322656,2026Q1,1,0.9464074552062733,V1
0x7c6c69d91b21cbbea08a13d0ad51c0e96a956045aaadc77bce507c6b0475b66e,2026Q1,0,0.03263528356512034,V1
0x35cc41270f5cdfd59b45e68ab85dc51b0b900d286a6c74ea006b8572d9ff5934,2026Q1,0,0.035043735070820405,V1
0x17815081230e3b9c78b098162c33b1ffa68c4ec29c123d3d14989599e0c2e113,2026Q1,0,0.03263528356512034,V1
0xfe6a04a131a8032f3a037ce82b3200dfd014f76fa2002360b69301fac646807c,2026Q1,0,0.8870154342328956,V1
0x3b5d5262ab3a35b2fc7188626b89304899b8f11ab5a6b80adc038309fb7508eb,2026Q1,0,0.06274878741842435,V1
0x42336b42be8f44b9d4dcc6312e87d2cff5315e624ddc492dce5ed80222324d61,2026Q1,1,0.07449738105849388,V1
0xb41dbf64ca0c88f2fe9b19721211de85feeccc5806b4408d3413a7cc9d5eb0df,2026Q1,0,0.08705996907462683,V1
0x8de87ebdfcb1d9cca57b54589cfbcb1284cee46cacd18f7e1a34e81489d198d5,2026Q1,0,0.09003356303165494,V1
0x25769d222372fbe04f44acb4f85a821de608389a29de6e093cc1b8bcd92489f6,2026Q1,0,0.07920143272852563,V1
0xc3015d8ad564ec256b226f29d4665eff1309dba1b8096d871542ff34fece2e7b,2026Q1,0,0.06607903037589695,V1
0xb232b902eb9d8aa18cd7923e1f35485711d9ee4434f41e99cf2380269bff0b7a,2026Q1,0,0.04110425433061798,V1
0x05f907b44dab22edd2f7596448b888dafd2ad3124560855c6107bfd5364d797f,2026Q1,0,0.039536057682831194,V1
0x5abe3287197d0a924707ce99130643c92751c209fc0e376c6700d6673b43ada5,2026Q1,0,0.07526314492494436,V1
0xbbfa1cdad9819acdd36bfa2fac3d2f1ff64021c3d4a7459661010ce9ff33cefb,2026Q1,0,0.03618262204228864,V1
0x70cdc92881a74fa13b6d861aae79f3b153989f29b285f234bd8be08f723812a9,2026Q1,0,0.03939637277029899,V1
0xdd7e180aab883cb74f958e78666a2a2c456ca4a5e02252ae152b3edc976b24ff,2026Q1,0,0.03263528356512034,V1
0xbb4bb3a55254bcfb15e858e6d2e553d24016181e70d604c739e0b3e99fd144ca,2026Q1,0,0.035926496617741804,V1
0x39504cbc120a8092f5df3d0ba612976a0d97a7aa2b699e73fae49010cbc31f1d,2026Q1,0,0.03263528356512034,V1
0xe74d60861ae1460d32415d9c4176559c1c4a9bfc64a85157e5a17ef4d0e6ec6e,2026Q1,0,0.03263528356512034,V1
0x63bb7fc1b5b53a3fe498fffadd8171a7f0914cd86275dc91c6a539688d31021c,2026Q1,0,0.03263528356512034,V1
0x12d1b41c90a2ff07173ab2469aad97fb9e80f781b36c32f99fbf4ae28a28b42a,2026Q1,1,0.5903981122796204,V1
0xa8b744720006da3c08b4dc8a61a5ce930542f550fcf8d27380ae898de636799d,2026Q1,0,0.03696158426283351,V1
0x43ec78527bd98a0588dd9455685b2cc82f5743140cb3a154603dc03c02b57de5,2026Q1,1,0.9104014000063895,V1
0xf9acb73448000e3d6366d5394430a6bfabca5ee1a8bf64fed5c606ca1f7298c8,2026Q1,0,0.5084944337675819,V1
0x6813d99ee682de526bbadddf904638d20616455321eaae1ca60c49da82edfffd,2026Q1,0,0.061248837586871684,V1
0xba8a448cc9d7f859ffa5280014cab3f2973a11211cdac77925cdb7e93440abed,2026Q1,1,0.9794907017552442,V1
0x4524095e8835d504c29f27d2af982bffa70373f2f7fa1bc40adcc3ad0964408b,2026Q1,0,0.040959265100275394,V1
0xe53ae76973ece475c9e375ff9aa80bff1bd1119abd8ab38d7d689e76d9238686,2026Q1,0,0.03263528356512034,V1
0xe55f1c68e8ff508f8f54e5ab6f20e2769da900e5c7499b917547498bce4f40c1,2026Q1,0,0.03554557867219717,V1
0x5387de10b12c52e40eb885344a3723caf3d973f21fc588853cdda23d7ed754cf,2026Q1,0,0.03263528356512034,V1
0x972cca09b4853ac28330d5d2bfe8c8c4b3c0eefeadef88c920739efaa50787e9,2026Q1,1,0.8832695859779275,V1
0xb8c1bd306a8a4cedfb280e114e655c5092b3f37edccae05cd877d7f21a5774ce,2026Q1,0,0.033578849950789066,V1
0x1bb040197f0ec1a43a4fe5973135b7225a4fc1ac937d30bfdfa7ab1b99b9ee40,2026Q1,0,0.035926496617741804,V1
0xb9ba106337ce14da6d516739659513d573e35ec2ab4d1a66818216bb2260a925,2026Q1,0,0.03263528356512034,V1
0x5cb15a6ad5db73f234b494077e358b716a9eb9947e742d17cc86e137313cb9ed,2026Q1,0,0.03263528356512034,V1
0xe40929791ddf00d7029dcc258ff18c90b578e8df0b257c1afd5fc1897bef58a3,2026Q1,1,0.8713804521471022,V1
0x4cca07aafd4267f7ceeb16e4ef7c7d5587cb906a13f5ab404275dad21dd6bff2,2026Q1,0,0.035043735070820405,V1
0x77b9b065f487d1e18d005465d221ec6c84ed3babfaf6ecf62f20baeaa9fc3038,2026Q1,0,0.03454872284866214,V1
0xfda7c9a4106beba4799d4e38ce4e8df14ea2651bec78cdd12b7295aa3cc42268,2026Q1,0,0.033459479234464816,V1
0xbfa45527ec959aacc36f7c312bd4f328171a7681ef1aeb3a7e34db5fb47d3f1d,2026Q1,1,0.9815308753254148,V1
0x4f33a2b3938e0ee4cfad64f1ade11579d97f5b0cbe10945790549e713c04fa90,2026Q1,0,0.037623015140245,V1
0x25ac9d2a86cb02a5db4347478f025703c9f2c8a6fab61b35d2ddc21de67058a6,2026Q1,0,0.032868745391648344,V1
0xb46ce3cb5440e8f4de4646d4940786c7660271bc961ef8108645438b8ba7c095,2026Q1,0,0.04110425433061798,V1
0x88352e2e5e5305c202da7c156c9642837bab9acb82dd2468cbf40edeacaf060e,2026Q1,0,0.032868745391648344,V1
0xceaaf9303fe9f12febbb8c11ea834422c0ac0a81e730af7753143895bb3bca21,2026Q1,0,0.035043735070820405,V1
0x8a3b0aeb1043b701cd74342626b507468da35c944909517b435a152c1c0ef1d2,2026Q1,0,0.03263528356512034,V1
0x705b8c1edeff1e28846175e65b5effaff746c446737aff52440c4211f49dadfc,2026Q1,1,0.966114163831249,V1
0x23fd2b26c4e095465ba0d2ebce8d5eda57009ddc59aad8b68ab19ca968b41eed,2026Q1,0,0.04799194474048839,V1
0xfabc0ff190e456ad309ec0559554b4549f90aebcd636d9a6293a89abf5c78722,2026Q1,0,0.05147339944497214,V1
0xb75c745c6d2d6031875955ba01b62af90c622b22852af00391d45fab49ef0aea,2026Q1,0,0.0424314413814548,V1
0x5299a291f2aaafadee5c937a76bc7810c6ac27c7ad87b223cb885258f2e0a320,2026Q1,0,0.032868745391648344,V1
0x7011cb54689f777d1010d94178451ee3c03a6b892e2ace8787abbe85e762bd11,2026Q1,0,0.03554557867219717,V1
0xb02e8bc0b915c7d6fc79363f84ca301edeb3c5cd7a7c30cf9517cb4a49a96e35,2026Q1,0,0.25512674312187306,V1
0x76a213c1f24dd30025a9f20355341a7a0fefcf1499b7c015ebd8493f55794d7a,2026Q1,0,0.033578849950789066,V1
0xbd3fe5cfce44f9c884390f0aa38fff07ec2625432609c1c1f0c2dd03d0da8dda,2026Q1,0,0.03263528356512034,V1
0xaca2f1e173994a7b314a32e13db77fb5cd3b909ba15da5bfd159ba987ce06ff3,2026Q1,1,0.9609430237912532,V1
0x7f752d99a74379bc4a8466778fb5cd0b6037101a3173591fdbbed18762a68c25,2026Q1,0,0.03567211712206313,V1
0xe5ea9d130ab1b9fcadcbe1d0c64457448ad118536cfef7a2032a7244a7fb630f,2026Q1,0,0.032868745391648344,V1
0x01b6f748bc326963f1f4cd24add622c83ac1a0656a07129d90f8226a6ec207dd,2026Q1,1,0.9813968045804896,V1
0x5042639d633cc7933351f5ef667281c701816588bc47bbe4c86489abe75200c6,2026Q1,0,0.12392215886669006,V1
0x29678f23b6a77db6c99e320c2ed2709652e01ec14e9c3caeca5f4b692d735173,2026Q1,1,0.9595363356535365,V1
0xabb86b080e9858dcb3f46954010e49b6f539c20036856c7f999395bfd58d01e6,2026Q1,0,0.0634020597035648,V1
0x3488f31e6449f9803f99a8b5dd232c7ad883637f1c86e6953305a2ef19c77f20,2026Q1,1,0.49007264543057205,V1
0x843913ab7d12cd0603524e2766ce3d128997bd0f64bfc6385a4a579552ecd152,2026Q1,0,0.043034362398108074,V1
0x843fc1f23d8cfd3df343031312a8a3f0a930ad118c0c0e81a56c21f0ea9ff217,2026Q1,0,0.03816033460657559,V1
0xebb6eccd872f55e23da6aaf653a3460299237ebdd0a71bdb58681685fd95eb05,2026Q1,0,0.040384189789650284,V1
0x42911c6ff6bc9f36adb99592a9ecd5e31e14e7dfe9beef7c2b18c36b0db23cc4,2026Q1,0,0.04782387189441188,V1
0xd1047755d35a03b7ceea9923daae56ecf67784446daa63e87eebc471b4b9dbd9,2026Q1,0,0.033340518233769795,V1
0x05beef793157deb1cc34e2d3159539f461b73c7eeaa3b5348617c10eed5509d0,2026Q1,1,0.040959265100275394,V1
0x6bbdeb8773a1470ba1053959a446bb0912b38f6091c8794583612bfa76a81a15,2026Q1,0,0.1499855487102362,V1
0x1c9a2a68c5e470cff041f2633405fd8e7799dd599dd30c20622ec7c7d9032f6c,2026Q1,0,0.035926496617741804,V1
0x580adc1327de9bf7c179ef5aaffa3377bb5cb252b7d6390b027172d43fd6f993,2026Q1,1,0.9815308753254148,V1
0x0832d2eb8afe687701554353e1794adaf6bf4663ec3116df80286338d0716615,2026Q1,0,0.03263528356512034,V1
0xec01b68b417b073c619cb6f676692268dae467ef37be560375d9d39c8ac03223,2026Q1,0,0.032868745391648344,V1
0x3b300c36b9c836df7abfc11d27e3772bcb43697be2c1ffa3bd8f614b500298ca,2026Q1,1,0.9802893172871917,V1
0xdc0bd6f9e7c36da2085c3f7444405bd4dce3298143f69b7f5f23677e91171cc2,2026Q1,0,0.03275181350209327,V1
0x8e3fcca11554c30c3da27e4c23c50c4449e52651f3602beb2a7c51937f0f6906,2026Q1,1,0.9726517036430952,V1
0x39283deae2beada4b6c25f88f726ee11930bfdb195d2b26361f07329af484659,2026Q1,0,0.037756659522614026,V1
0x3288bd6f375b24c8369d5e7c4079723006a682840f9fcf703d6c5a312f8a385e,2026Q1,0,0.033939433467929776,V1
0x6bceb0f2be7d25f62dc9edc582ff9002a445d199ff0b1f53ae4a5f3f548de1c4,2026Q1,0,0.08332722941595297,V1
0x56cb1f63d508262c16a4af7dd4a5d18d07288ebb03c1e8fb5242a1692692b7c5,2026Q1,1,0.9808509094859976,V1
0x56ce01f177aea60f03d6eabb711019d26d052a114b03430acbc4280d732bcccc,2026Q1,0,0.1646304495040242,V1
0xb4bc113c6da82db67b6b17d39369de522e61425dd3609b9bf9306d266230b3a7,2026Q1,0,0.13643063984477838,V1
0x4a947652039643c2213a0052acb12541d094dbf3e93b0be5cf4759e913bc86ff,2026Q1,0,0.13214719712376405,V1
0x662fbb2c1fc3e921cc0896cb802fb83792641e9b836feee50b55a8c4f2c60628,2026Q1,0,0.10184521534771623,V1
0x28de2f5ffeb53bd1c219c9c800f7054f0a0fe447cd4a90922c220b484df8b077,2026Q1,1,0.07175050915633875,V1
0xeedadeaebd9bf558d89e4ec095a2d81e5d9bcfc1cad12a550d39a6c070fc18d5,2026Q1,0,0.04489258487617691,V1
0xbb800b7bf4946c723d94b10d159fa0ab8460b0ad1ec1d40eb8b7dd8179153093,2026Q1,0,0.03618262204228864,V1
0xa9f0b0c67a815b423a435c523dc9358d98ab5633de5108fe44e203e8d6c2f062,2026Q1,0,0.11614054896063654,V1
0x3f0b36655c1fc649c82c6c9ee6702180a053afc82bd87ed25eedb14702a978ef,2026Q1,0,0.10878690312947042,V1
0x13382fc834bb2ae4dd4c5cd5d0ffaf846c3461e1d5fbcecf52120267df27f74b,2026Q1,1,0.3393644787337537,V1
0x6566b377e5784da0caecdd79e5e5c8812561be714911e01173f1936db9ca437c,2026Q1,0,0.16976084866840382,V1
0x248d7306736a1b62827ed2f83a24993d1586b7dd9cec3b31f6777de8ee8d14d4,2026Q1,0,0.03322196564637285,V1
0xe300bb11ad99f542f22f87f0b96a9d667fe16abf33681576149971657c2bf9a0,2026Q1,0,0.03322196564637285,V1
0x00b7f0b221b7e80b23195016ff6cbc30292ba6ff652b2e7136fdbf2938f82bd7,2026Q1,0,0.03406045613821427,V1
0x3bed62b0b7e3eb52c1f0d8a5d11edad1f74989038fc1cae2889cdbe96a248dfe,2026Q1,0,0.05330247596729161,V1
0xf1ec6d2668853ffb52b9befd5e97118a152bc4dc6bc2ada45e0492974fa36efd,2026Q1,1,0.9565760909231326,V1
0xbe79255280c0c7150170a57b0ee2f6caa749bec1ce6f93ced9ed12994244a0e8,2026Q1,0,0.03683064642964387,V1
0xda9fd182ee2e2f4ba7a0feb3f01fbf25c4bc9637476e1ad524ca3b62ab2a0d95,2026Q1,0,0.04748940197953715,V1
0x7a02ee04582d8a572c4427ecc12d1beebeecaa50220e9ca5e40373ad6fe1db21,2026Q1,0,0.13905642599093856,V1
0x896a6af4a1a2685a17612cf42474151a68960cb4c1ffbe013bf4984eb63d8b7b,2026Q1,0,0.12392215886669006,V1
0x105a672bd5932df5db79b35909fba8578dcbfc8f051400a9b9893a5ac0474dd8,2026Q1,0,0.08913200281932923,V1
0x50d01a34bec98cbbdccca27ce177d3643c95d95672036a9528f491bdfcbba974,2026Q1,1,0.09247800786235345,V1
0x3e70559be16abb4ab098a7c1c93af871e844e342a041d5e70c01585724d20e43,2026Q1,0,0.03884235201329525,V1
0xb1bdec9996bf5d7c1d4aa6021fb6698611f3b8e4472a9a31d2070d9adaeb46f1,2026Q1,0,0.033459479234464816,V1
0xa816bb43d3a6922fd376af2f85b4159d5d4c9ab96ba7d3687d3fb2a3d0bda88b,2026Q1,0,0.03516855215580986,V1
0x6a79204ace08d896a72cac89c3c2b4c64b90218838c213e9377860596dc77ac5,2026Q1,0,0.8492820031849698,V1
0x47648295841c2508d7ebf8e1d0e28b1c25cf338cdf3f21cedd46141cc7c7a6ec,2026Q1,0,0.03275181350209327,V1
0x91fd3b7cf10e925f169ff49dd657baf9794025b241965fecd0c1b9cbd9c1e115,2026Q1,1,0.23469330444947978,V1
0xb62321e23190f4d23687b67371eebc3de87bcd54b65ba92467f88d05ada3a5ba,2026Q1,0,0.10878690312947042,V1
0x096cdfe215f3369bccf6c39d06398de75d69af9ec84678319794a60addc7c604,2026Q1,0,0.03275181350209327,V1
0xb773804f2f8ce39e6f27487c5778506d95149ee41c194cb674a2254ff1193331,2026Q1,1,0.9217191228475365,V1
0x37d7295a17db461c15867862afe90bfad6cd46436b0d121a7c96c37e166103b4,2026Q1,0,0.03263528356512034,V1
0x0fb480eb418fa2fcf9a360a4f55d0688a02413a4c7ccbf9703b63f2fa370cecb,2026Q1,1,0.6510246326238763,V1
0x276b0a06595274f60a004b6d1de663b270d3c92fd42052d895d9fa0bd8b46750,2026Q1,1,0.9809888382126092,V1
0x07e93796cdf81c9f6982d38f03aba01df60ee516cdd8a98cddc5756fba4c4c83,2026Q1,1,0.5992783691659948,V1
0xc277431601c752feb6d191da24e9dc21cc65818aced543da7eeaaa217bd99ec6,2026Q1,0,0.1499855487102362,V1
0xb856b719378120d10d93e78a52ad10ed553132b17dcf51c2daf4e9f90382661e,2026Q1,0,0.03263528356512034,V1
0x674027b87e5eb414494aa8e3d981969d0d1e4cd7ae8c7b8369c38d724d12760d,2026Q1,0,0.2621921477866127,V1
0x9c24d1c7e584b910eebd6f83e3b4a108d6a78f4b29013f5fc0a4bd29d01c9f13,2026Q1,1,0.10184521534771623,V1
0x2d400980d83c5c85335efc5b195676371e1249fb5d6e041d522f47b08bcda13d,2026Q1,0,0.037890759945086255,V1
0xf5bfd7e8ba95d9f64c3cae369c568d90e7eb3a0a5f134992d16e3bcba1732ff8,2026Q1,0,0.10491903537500724,V1
0xa90efba18a797c85610d23b1da4b99ffaad4c39e3d8f69e7040e8864eb597d52,2026Q1,0,0.032868745391648344,V1
0xcec474b0b2f696f75454f7ca71648e7c8e566b26e3a2d781f471836ffa1aff7e,2026Q1,0,0.03310382017334356,V1
0x9b4b6d0fba8860423c65e62045380878bf16e8155d5e58277af99f65c625509c,2026Q1,1,0.03454872284866214,V1
0x9b73c757bd60caacb7f97e832f930f056902f705baa7f69c6be3cb7c3aa76074,2026Q1,0,0.03454872284866214,V1
0xce678abbbf423f648e3ad0f936340bcf565117f63872976da9e33df3b120d25e,2026Q1,0,0.037890759945086255,V1
0x3f752c82a3eb085bc332d3c3a8cafb1f6624583ce604eb0c09d72dcae228abc1,2026Q1,0,0.0436454600163487,V1
0x76b3f3b93dc807cf9afa7924b1d22f456588323873e4429f8a1b311944023847,2026Q1,0,0.0593695647492781,V1
0x6ecd172383cd873332fbd17657a49b4e37a4756bc7f167e1c547c2e934c2310f,2026Q1,0,0.1848015218831023,V1
0x90f39d21d57876047c75f87431c2b6c5635447e17e9c6d8552fd7b7f1ec00a48,2026Q1,0,0.13905642599093856,V1
0x14fb29dcf268d5f6f93fbc70d77d0c58b24135242e0a5fe0272f031d4d2ff6a1,2026Q1,0,0.04273188601264403,V1
0xaa4afd87e72eec89c2f8679acb5c299ed8569aa90ee90f7c9ae354a68580f6a8,2026Q1,0,0.08082886215597174,V1
0x279c035eafb32b99bbbf50ae790d22b8dc721cd350f631860876307edc292363,2026Q1,0,0.033340518233769795,V1
0x450b0cb5a57eb174aa3afca1810b810f8b9e7532c941a23c046f096e753bf440,2026Q1,0,0.032868745391648344,V1
0xe162833f35f03acd299aaf72ec2cc4da4ef8aee209da3bb63a5e3148fab3962f,2026Q1,0,0.480868729796628,V1
0xe628654ec4fb2435952024d040a39f31cb03b93f4e2eb15d05b1e2a1a3fdb77b,2026Q1,0,0.1124112203290007,V1
0x36f83a594b8d82801794bad2063f2861a99aebe28cf2cb55c3fd722d1a6d071b,2026Q1,1,0.936256610826644,V1
0x96340ce434329e4a80a0d52307e748dc2730f6d1caa986026c03e7f31be653cb,2026Q1,0,0.041984557026386767,V1
0x54e3d64b727472e976d84f9f565d393814f83e8a168ca976fcdf739a1fbe5f8f,2026Q1,0,0.044734856272025475,V1
0x41e47408f8ab39b46a9d9e3c9b15ebd62f1d795eb072ff46df3d376c09eb583e,2026Q1,1,0.9815308753254148,V1
0x4605980f66bd74872dd99b9c59c757cdf8fd0d1e3ec82e15ef393e974b6f51bd,2026Q1,1,0.9815308753254148,V1
0xc5285610c7f6585fb7606b0a3225f21619c8b754e750fb540b2f334164eaf90c,2026Q1,0,0.03263528356512034,V1
0x6707843955ba066cb5d444325b31e3f95bfca72c31b6253df332f1ed858d1b6c,2026Q1,0,0.03263528356512034,V1
0xbfe3cbce151bc2998ab7fc5c571bee622da5bca634ea911882adfd545b189eb6,2026Q1,0,0.06792164591097888,V1
0x1f25449e1d10ac6139f395358479939300f7d355b15d4ec1e26ea5005b175bb3,2026Q1,0,0.044734856272025475,V1
0x5d426699f328a13c562844e563edeba9e8ff7e827a518be5bef4435dca6ea345,2026Q1,0,0.1042289643166233,V1
0xf44be44443ce01401fd5f2f90fe8564d22ac66c513d059ad6e1d204cbcf1246b,2026Q1,0,0.039676217409826436,V1
0x2e56abf38080f33fb82ce3676c03989b7f93fddd6b3deea492e5a523609297a8,2026Q1,1,0.08001136964761123,V1
0x4b78de44ea49d0eb8d5fee85352294b6f679a47c56944c6ad5c945e9a2ba7211,2026Q1,0,0.8628924296324072,V1
0x6036f178fa884664fae572c12fe4e1ead6004d6fecf04e77421bb0bff9781caa,2026Q1,1,0.9580811938822368,V1
0xe5734d988f2e429c8bf13f02434f23ab8c95a865b6e1e81a2e43c6317d68749c,2026Q1,0,0.035799089314729665,V1
0x747c04462642f9e51ad7ada416b4bd56db8331e47bd533894f89837191080dd0,2026Q1,0,0.03939637277029899,V1
0x67a6e3228b394eb8a29663cc329d4c727d32dd0034e990b11c9f74663815b839,2026Q1,0,0.27669600221363044,V1
0x7ba30776ac9e5c90e3266d25ec8305c33316999581e0a80cf7c569e08bfe15b0,2026Q1,0,0.044734856272025475,V1
0xbc8d0415c38d2f8ac1ec5fa568015534999b79353aa21ff6ababba7e563647e7,2026Q1,0,0.14534815865477105,V1
0xfc575fe49537c923f9aabf87f636f4949360bc6bab41b0f60b4f0f12ad9c98e6,2026Q1,1,0.0747518363192396,V1
0x6c1ca8f5007f4f9ae14ecfbf490d616501952ec828face21cd5896d123769f2d,2026Q1,0,0.09094333194270592,V1
0x0833435364858b75e88280c9eef252b0f1e4a5ec69712fb341e7e797da8776d9,2026Q1,0,0.03263528356512034,V1
0x572f1d8a2c90becacbab0e83d1d91ccad0b3c8671947f660bb39fa4f03d9ec67,2026Q1,0,0.032868745391648344,V1
0x64d7f6e57312e4809cafdfef68d39963285773c0bf3f597071b4bcd225122989,2026Q1,0,0.03263528356512034,V1
0x9eb4b3079c91c3ec73424e4fb92caf53b7707b86edcd6888dad7defbe0539369,2026Q1,0,0.03263528356512034,V1
0x3f8073c44a79813b72c16004af48235957d9278e7613e0d3a4e198f199957849,2026Q1,0,0.032868745391648344,V1
0xd4e871613d07149542805f250dc8749230a7d9a64b3c0d0494a78c84305b444c,2026Q1,0,0.033818825756673464,V1
0x4d0f2be1446da04bf5a27842c27820728a4e73e8e7e21790997a59c874ddf9a9,2026Q1,0,0.038980152284959255,V1
0x00b9ee910ab3f57cb442d775a41fa8af33e8de6b7658c94d27ef6286e7c4f3c7,2026Q1,0,0.05256359816039036,V1
0x8be5e2483a67e35acdf7dd73473818b57cbe5b1d9a7f1e68953f6ef8d10cede2,2026Q1,0,0.07175050915633875,V1
0x634606b564832072616d792f8b6f0ba0dc36c5d32dad545ffd8aa90a1ce3e456,2026Q1,0,0.0778681774744682,V1
0xf7ddbcf3f56543a8fa36cad800d0390d1e423f0cc049cdb5a14592eabe87f3c2,2026Q1,0,0.061248837586871684,V1
0x21450e1d9c581df3cb90cfb1da5694af1d425f62837a2f39bad7e8f4163cbc17,2026Q1,0,0.04110425433061798,V1
0xf5a4671c186af316ee0e4913d996c51a1fae12a5861e9eb25654a764e0593e69,2026Q1,0,0.3311528703802424,V1
0xd9fdac0c56dd484b80f806fba550407c399186d48a1602548d8be2fd4ea0c454,2026Q1,1,0.4171467878342069,V1
0xdef7e4ce6b94668eaf51785afb6978740cb24bb7cce67880615d37b00ef7d5ba,2026Q1,0,0.12154180714691232,V1
0xb482d8783530f5e158b18b3ea0cc5e457337aa8f131cee54777bbd64982f5142,2026Q1,0,0.09529911101726897,V1
0x1f14be72544e1f15d1ff65f1086a2418bdb595902d091ed48590ff791893b331,2026Q1,1,0.07273838772184486,V1
0xd6544bb4119990c95f46bf155efccadc9cb5453961f4c644cf874d074bc10533,2026Q1,0,0.05519276570148542,V1
0x332e24ee562089eb6a807487dde3fca6e79980da9229102c015c0e98dab5f375,2026Q1,0,0.04426483396649184,V1
0x3ea5ad627053badcfe244c13ca5724c5bc31d902d975a5b1193140de9370b084,2026Q1,0,0.03263528356512034,V1
0x56a83aed3b55721f710d28e47e3b9712e77b068e9e14275396d27b57dbe57113,2026Q1,0,0.08531872616446506,V1
0xea0f617bdce3b71d67cdddd440296c02bce98c6db76f485c7c05669260291e0f,2026Q1,0,0.10596170352869104,V1
0xb5dd9533834c4f552754f7f8a1df775d8b1ce38661b9a03061c1da7bbf139aa3,2026Q1,0,0.05274740560055187,V1
0x0e1503701cdd563065ccc331e9a953603f79cbf610cfd88ec098db474f619999,2026Q1,0,0.03263528356512034,V1
0xef4860353148f9bd10be4ba84282384403e113942244f82c4d0dac8a2be0612f,2026Q1,0,0.03275181350209327,V1
0xc2bf490a52deaadd7df632e4f45f2c8230068e22795e5e817ff6883b4a132436,2026Q1,0,0.03263528356512034,V1
0x9ce29db59a285f72505aa3369a54453e5010597bdd4641738508f0cd60f8b1e0,2026Q1,0,0.03263528356512034,V1
0xda5e93ecce25875195aeed7d427f16e9edab7296ea5d02d841ae733ba2a8a89f,2026Q1,0,0.03263528356512034,V1
0x687aed0bc6b4ba07493c86ab0927edcbe38e4db5885999b7313770ccef994b29,2026Q1,0,0.03310382017334356,V1
0xbad9a24d2bb5b97f3e64b8466b75c7d6eacb150011587baf72b2a71aa67c379d,2026Q1,0,0.03263528356512034,V1
0x4c42e80712aa1905009b3014b7d622fd505b4d87dd9d47854a13cbd2a5ff4ca4,2026Q1,0,0.03263528356512034,V1
0x9dde2865d61deaeae5e1ed23c3cc2d3645f354f807d46d8108df293f8681b9a2,2026Q1,1,0.9809888382126092,V1
0xd50ca47f04ce40f641eea0a33451484ef5a3a2eb5e47264ede3a62f5218c6b4d,2026Q1,1,0.3393644787337537,V1
0x346e8afb46835a9a9eada865f4a93cca93848a442c0cd3c0586be2aa4fde0454,2026Q1,0,0.032868745391648344,V1
0x35bb21df72dfd9ce9bb57e14fd449ff339f51dcb6a91e3604b1748ccf2f85b1c,2026Q1,0,0.13643063984477838,V1
0x4413ead4b809809217039b9a07e7d982485d0c8c4814f909caf7effe68f202c4,2026Q1,1,0.8671938571114449,V1
0xdf68a861e1c61b9e36221d751e1277b0e941e6da40d6f5301cc10d003f4bc430,2026Q1,1,0.7642752981201497,V1
0x08a042be3a6c0324f4c5f75573cf9497b43c50a5e66f66286e21f0b0da555bd6,2026Q1,0,0.13214719712376405,V1
0xf893395155251ed22fd9f9dd099e955cffa29a7a1f2a2b639dbb1f8b96175e9b,2026Q1,0,0.20926055359252776,V1
0x290d12210eb22e590dde359f968f421b5c595571c0c4830476a6b8aa7c9bc5d1,2026Q1,0,0.04568920836256285,V1
0x38dfa2de75cfe3d28917237db30b7ef55045c8b000922dca1ac96aa27cd9f4ed,2026Q1,0,0.8754540232284429,V1
0xc192b7a27fdc74f8e77ba65a6d553bcfa88723cbae6bcbbb2ac539b532ce9db4,2026Q1,1,0.8671938571114449,V1
0xdb93abfa2dd2026687b138417b8ba86c7f3f9729e288781de5688730d70d26e6,2026Q1,0,0.6168394899678155,V1
0xaf1028426fa2b9c594a06239665c75b9a4af08c3c875e3cf51e75d9fa7be42a3,2026Q1,1,0.8713804521471022,V1
0x710193727ac6a09331ee6e4ee1780bca7bff716279591a1348bcd9510813931c,2026Q1,0,0.06792164591097888,V1
0x86cf498b6ad73c7631c08157c654b7e8c44ee33dfad2c261564aa375e3394578,2026Q1,1,0.714701446180108,V1
0x310cf1f2674f74a68f19e9f99bad1bb59354984a13062ba9dc5f25383faddcf0,2026Q1,1,0.36456982086976314,V1
0x01dd8795176ff3add669f0c5be2bbba86ef480fe25ce165ba1bda063d91304f3,2026Q1,1,0.12392215886669006,V1
0xb99884b3f3cc333e3951aa35c4969cf5f5ac0a550a84bf07f6389d66010e30b2,2026Q1,0,0.10017224874987765,V1
0x3e73cc5be5299d0d78b7bdfae2c9384c893cbe24f6aec9ff40750b3ff6b2ae08,2026Q1,0,0.0765554999017655,V1
0x4abbc28ee5a65af88110086fd9f39defd717d952b6641b11dc2775c255831327,2026Q1,0,0.044734856272025475,V1
0xf23a5dd4195664576da9963ef016ac43b3154da408f608379848c25b99c0828f,2026Q1,0,0.06792164591097888,V1
0x96aba876fd78029e7dc00382d77cd0092b6c415ea0a8a1ca7cff5919eac0551b,2026Q1,0,0.10184521534771623,V1
0x1e44df4eeb94b60d036f8dcfadca06cbc05a3d4c2a017528cbc7e021e9bf3b7c,2026Q1,0,0.0634020597035648,V1
0x6c3cc9c0df5faaf87b515e0cfb6f43066d5ac0cf11a5c27625b0af7e04976487,2026Q1,0,0.18040182327469567,V1
0x3712962b5dec4f983b9adc2344d7ef270268969422dc799a8a9ea79048ec80f9,2026Q1,0,0.033818825756673464,V1
0x2d62fd0b35a3999aab9ffad1fd0343bd21cd076b5e54b4e7e47e7153f8d67285,2026Q1,0,0.033459479234464816,V1
0x3665b772dd8584986e4d5dc5c576497a067f11d851c93916b78f2f6adcef1269,2026Q1,0,0.05714604508830299,V1
0xe4c65268d62785ca4d4d76da6f17a1386e228eb8997de3a69471258a5457da13,2026Q1,1,0.08618536504554365,V1
0x07bb25076dbf7d611e95b2ac6adb7c2dd1a63d04b950168b9d5a9761b46e923c,2026Q1,0,0.19155590446913578,V1
0xcfccc88efab064a1d0f7f106d410bdcbcd3bd39598d1a123acea420a790c5b94,2026Q1,0,0.09529911101726897,V1
0xa379b8ee37319494f5eaea63dc538df747e36f0a2b8d26ce8f0ff9c049701af2,2026Q1,0,0.03467184017332185,V1
0x44c7698903ec4787ff00bf74bba257c8803b11e4afbb74d2d376a1299c4cee19,2026Q1,1,0.9800745854240867,V1
0xbcbe59b228605e5a7c53123ff56e8facc0b6021a186738e3cc536ebc70875ca8,2026Q1,1,0.08248673632218864,V1
0x0758aa7db63be1ed058d237d8f502a18af9b9d5c58c1939886416b8c21f778a4,2026Q1,0,0.033939433467929776,V1
0xb3d21b788d04e02a26029c54218973692da58fb930484c42a0a745fa81297def,2026Q1,0,0.04154217503550698,V1
0x4f7bd51376ac212cfdfba705d083ef7664579951ff5c85fa549e32e88c461468,2026Q1,1,0.3905405364856656,V1
0x599446732613178835897ddf521458d210c41f0bd573faf17ad8c5b72c18277a,2026Q1,0,0.032868745391648344,V1
0x88c9d4dd72fe2af21e36816c8fb1e5729c5705fe8693f4fb4fdd769a45f91a7c,2026Q1,0,0.03310382017334356,V1
0x3956eee805da67722c9fbfccb3ff049bc151f47a17298fd18732d1d2f016de4c,2026Q1,0,0.03491934494272626,V1
0xf95a086db3bd2b5c79d6211911504b09b11eacff3ccf0a028b9149cea6f517e5,2026Q1,0,0.2217162557558525,V1
0x0e72ce28c3f56e4ef9b3770e03f0d2cf08c5db1eeeb8d1c0a0d9b1d3865c500b,2026Q1,0,0.2916849869324545,V1
0xb3ebf217cf2f393a66030c072b04b893268506923e01b23f1bcf3504c3d319c2,2026Q1,1,0.0634020597035648,V1
0xa2b6014de38efec2b399cf5378923c3bf899ebcfab35ddbe23f1f038945d3b1f,2026Q1,0,0.03322196564637285,V1
0xb198e77cea694ba42a24240369f02f22441eb8c617cdd09f7c573034c3061c7c,2026Q1,0,0.03263528356512034,V1
0xc680fb95af936fc7fd2c5e8a1181104484540b963f8923e7c9593710711f2242,2026Q1,0,0.041984557026386767,V1
0x822876c98a1802ef3f2f33f7e480ae873f89c137ebfc0ede980565fedef998c5,2026Q1,0,0.03263528356512034,V1
0xea4d3584864651860c0afd2305b63570f42e1204dfda86145edf296b6718bcc3,2026Q1,1,0.9815308753254148,V1
0x59f9a885a22e30da427ffc288e7fed0d33fd254cefa9f437e20a91900b5ab224,2026Q1,0,0.039676217409826436,V1
0x0c942cca8f85fe8606ecf5d90d3d4155759f753ffe48f8a45d82ce845d1a225d,2026Q1,0,0.03618262204228864,V1
0x05ecb044518b08a7423aa61cc76597029963e7d8e98d3f5b52b731d379951376,2026Q1,0,0.03263528356512034,V1
0xee4520e0dc6e83786f8ad5822656d6d44878ae4077548295f0009f871e784ce5,2026Q1,0,0.03263528356512034,V1
0x05e32c8390a4d25a5d169df53b32ce8d893c24e837104c7c6cd550edeaf238b8,2026Q1,0,0.03263528356512034,V1
0xe17e195955e4331eda3ec30f2eb210f8ce61dd575212b0e71f5694b89cd65964,2026Q1,0,0.03263528356512034,V1
0x1685c8da893250409e66eb37e0a6f4582e5ece40e7aee1fd7e5e55091439c010,2026Q1,0,0.03263528356512034,V1
0xedb53f2f0fc426eae1d3a27dbb05718f03de2ec88078d6d49067a928a5033c64,2026Q1,0,0.03263528356512034,V1
0xc1c208cec4da139c9bebf834d44e691a2fc96dc4aedfd062c3f10baf9b200416,2026Q1,0,0.03263528356512034,V1
0x26b9487d59e0907306b923d7d12553d2aac0fe379b243b1473014f5e8e4849b8,2026Q1,0,0.03263528356512034,V1
0xa699018223c711cf05cfd64fb0a688bbec786514fa13006ada520edea02f1797,2026Q1,1,0.6675759564067992,V1
0x60c7d191ee2808417523e00ac85a4682324af4f1d887243f9f69b388524d6942,2026Q1,0,0.032868745391648344,V1
0x7b637d4f3a4ab4bace4ec5777dba0885116c5dac5a52e6db2bd3d1dd05752e82,2026Q1,0,0.03263528356512034,V1
0x4e32e01144b8b92af76c80f31f7b984757b3d0a689d74617c6ec7b64566e0ff5,2026Q1,0,0.03263528356512034,V1
0xabe05aa3efb620cf283a9a7f967eaced0aee898b14f3b170347a3392d7401f03,2026Q1,0,0.034181895086911974,V1
0xf0e8d9b598385b7af803427463b94377280cfe1b58f045fc61c8d4530af768ad,2026Q1,0,0.03263528356512034,V1
0x5f561abe30e2f1c1f418b707c08966f65706efd49e4ba0ba60d17afa45035217,2026Q1,1,0.9809888382126092,V1
0xf7f72f4aa935744918cf3ddf3fc85d10762a7a0adec293957dafda85e233f334,2026Q1,0,0.08332722941595297,V1
0x481657a00b8ad571ec4ac87f26c6911ab43b234da326b298da7d663b8ffc3b3d,2026Q1,0,0.1499855487102362,V1
0xc5947a1e1951772f607ee00db3d2427fd49963bcc6a595d639f957c2ae225d6e,2026Q1,1,0.14083039595140118,V1
0x9b0bbdedf52788114787e3a00d6f982eb18c8136485e7abde7ec311f0ccd0f72,2026Q1,0,0.033698631688477726,V1
0x7d1715bc1b4444f0cba5ed1b4783776f548e1030d09cd1b98ccc35f60bb850f6,2026Q1,1,0.6837236425826037,V1
0x2c3e740697e50433b0ecafdadcb01d7e2e5d4dd61459733a39b5dd25311a275e,2026Q1,0,0.03263528356512034,V1
0xea48854a5c19a29c6c38956685ba0607c95f93ac9f927a4810b2d428561141f8,2026Q1,0,0.03263528356512034,V1
0x85aa838bb6cfcc7c70ac1ab6de0aff9ef53bafc994865b9571ecac1df0376f43,2026Q1,0,0.03263528356512034,V1
0xc8a7d7ced51ff0c00dee61e0a98d192db2f206f1eede15c8d2e1af5bab04d5cb,2026Q1,1,0.3393644787337537,V1
0x9bf7b961691a074e9887886fad15acca0f783af1c0207671a5a5af014d2e3283,2026Q1,0,0.919018786542122,V1
0x627432726041308b873adac030c674542d1ce920bab336eb3ce83334c8324b4d,2026Q1,0,0.04536895647725659,V1
0x462d0b4bc0be99b5ab5003f858e267d6e466198648716b7533e128cf90082788,2026Q1,0,0.03735708882053574,V1
0x50c82867c36c90a807b56e403e4347895cd85d18cc0799a9f8d07b443ebfa210,2026Q1,0,0.03406045613821427,V1
0xe5e57a570056e363a16129a3985cedcdfcb484d0d799a5f527a43baf31a11bf9,2026Q1,0,0.03263528356512034,V1
0x895c592288d0afe678bff18bd0c74e6fad2200a0ec7b25c1cc0c24476e2e5afa,2026Q1,0,0.0778681774744682,V1
0xd314c3116f5dcdd029f915cf2f420061b37989f7f3f49ca4ab00bb217af4515d,2026Q1,0,0.05330247596729161,V1
0x8f48b7a8bca71c288587bc51c7ee67479422e90bdcbe868790215cec7887c468,2026Q1,1,0.049012216896298984,V1
0xd9bb53d1bb939149caafae1e2a584b6b702c1a674796c71e5bd66ab2f955fbb7,2026Q1,0,0.05734490680981995,V1
0x069ba516b54b2e18545097211a510ec615758a50953255ba5e41dfab0446dc63,2026Q1,0,0.07029188744895522,V1
0xb020e45afe4e743ab2628c608795dfd1e719056231f57731a9fad40d521c6673,2026Q1,0,0.05519276570148542,V1
0xd4bbf7f6707c67beb736135ad32a41f6db41f8ae52d3ac4919650de9eeb94ed8,2026Q1,1,0.03816033460657559,V1
0x74634b7ee56491ede6435a342e83ff2600aa6308bca3d3ae7b4ecfc095a36baa,2026Q1,0,0.05330247596729161,V1
0x80695ced3a5ed1749057e636b36c3d28700696c67b1d84a267c79259f8c30111,2026Q1,0,0.714701446180108,V1
0x4fbd086817445f575f5ca39d650d5f2f98761b20a8fad60bdf6d75f1a6024d63,2026Q1,0,0.05519276570148542,V1
0x1fa1a6c43ce50fce4334766ef08f265ef5e0f8765ad302c0e318895a12b1040e,2026Q1,1,0.966114163831249,V1
0x291f0f6023efa933d36cc80fd55f9d176309a92b61b9567fd4f044a8b21873fb,2026Q1,1,0.08913200281932923,V1
0xd5a74540b3e1cc65af6150bfbecb4d769c99adef982556c79fe21bd5c2fe7985,2026Q1,0,0.05147339944497214,V1
0xc4aec4f07c0fe2c89c13d7fda7c2795088f728bb76488bfb5995e472bc0b41cf,2026Q1,1,0.9815308753254148,V1
0x6acea3596be0a8126e8658d39ecc1ac44bee1246c162e51a8062b380bcf147c2,2026Q1,1,0.9764806780329096,V1
0xfd94efe3bbd624fb6577ad51cf5639dcbbcd0eb5a6f03543d98a8e4fe58af27a,2026Q1,0,0.036311342916226674,V1
0x7130b8d9bb59393ede189911ba57783debc1900dffb8143c3cb0027952e2f7df,2026Q1,0,0.036054340402105166,V1
0x07c96dbd0f70e5a27a0e15c22042abcc57bc6acc7f740f7935e0a08cde5e5138,2026Q1,0,0.033939433467929776,V1
0x53700c2b2fa65e0a3775c757d0c705be4bee8c265c49d283ef50a0dfb3bf8894,2026Q1,0,0.033459479234464816,V1
0xcef0979ace4c878a23587bc1a9ceb9ada9791787b60e1450206229badee0ca39,2026Q1,1,0.1499855487102362,V1
0xb01e7889e4bc668ddeade5a079b5a225b66a323244a8ab87ee1080f0d14a8143,2026Q1,1,0.27669600221363044,V1
0x21883719d5a0ca76297e4a933b6158c7caa64a7b4f5b538c4a9da51821838f01,2026Q1,0,0.25512674312187306,V1
0x75ab390f9e1b64bcd46f48a5201b2b7089972c380b06aed5f8c81013108eed2c,2026Q1,1,0.8445044575695061,V1
0x92fa9bfd28ddbe07c035e2dad8defee4be3ffb945a2da25768a59990603ccb94,2026Q1,1,0.9800025001180253,V1
0xcde9e4fdd35c536e66eed196a71d592f0c38e34b51b128de2e469b952c3088c1,2026Q1,0,0.035043735070820405,V1
0x23386629b6b0a5d2f8df8424b71162c73120efc01e0cd0984d2c03d254b22d72,2026Q1,0,0.06188752515034581,V1
0x301357b52de467d3f71833deb600bc43346aeafe09b7c473a82f436699b459da,2026Q1,1,0.8671938571114449,V1
0x38837354d63a13a8b8707988d10343c0b7c0bb4ed6b2208a1167cd134250fe2e,2026Q1,0,0.21542310657652392,V1
0x4091bf71e79a78c76242931f80ca94ae2ca9340ccc7a607667ba96e09d9c5730,2026Q1,0,0.032868745391648344,V1
0x4800c2fc26e10916ced5a329a66215b191fb37ea13df3d5df2cbed06c480724f,2026Q1,0,0.035419472601045,V1
0x15fedfabbde4e459d2b180fc754d56e29e0585fa9d6cb983196ff004d1090bc9,2026Q1,1,0.9705163219335874,V1
0xc5fffea43cca905976bd62899a4d5b3ef37c4f1e156b28ef0f16fab71ed3767d,2026Q1,0,0.032868745391648344,V1
0x0799f444caca148ef5f550500a462833c39b9935ce9bc61375e18319e08a364a,2026Q1,0,0.033459479234464816,V1
0x26fa23187c3d1666d6d63e28f4f405ccfaa57c2edd6cdb8354c91dfe770134cc,2026Q1,0,0.14904842533404808,V1
0xbc0c2be2a0b23f24cb2a9ad3e19d1d35297ec1455c03e88844b3e39a0a3b7acc,2026Q1,1,0.04799194474048839,V1
0xaeb4989c1b4235ea5b3b7b838a74415fe5941eb8b746c63d65ab33828f205981,2026Q1,0,0.036570107894446924,V1
0xbefac6b04fc5afca7986d01810ccb1bf27c5fe42123fad66e3ff0966be306e4e,2026Q1,0,0.033578849950789066,V1
0xd19d790ae7e1779d7b3c80dbd3c60caf680dcee0830cc2baabc69eb83222f45e,2026Q1,0,0.042133016178635824,V1
0xbc3afd7382a138956257bc27fc769d9f0dc4d5336b9e685e5d286eb2af91bf45,2026Q1,0,0.03263528356512034,V1
0xb49175d2387fd7b6415b5570567685e687e5601acb82bf245102dbd877f45865,2026Q1,0,0.03310382017334356,V1
0x8fdb10f25f59567b60e1dc38f018d81a0d8ef8e1ada9e9b78dae86904dccbb39,2026Q1,0,0.03263528356512034,V1
0x7ff89b8166a83cd74a1ab5fee348a32d22306188dba9d206cc8998b57f7f86bd,2026Q1,0,0.03263528356512034,V1
0x73de4d9d13eb94079d2e707b34ad3a6c6923a5d5a27775127f9139946a08152f,2026Q1,1,0.6080938987987129,V1
0xb20081a082c4d15cb478c250c86c99064075ffac321b2e04a0860bac7b048b33,2026Q1,0,0.05330247596729161,V1
0xe0a6f7188e0ad397075975f673bf8e13685165a0c3fc7b2cbd60d90c040b692e,2026Q1,0,0.032868745391648344,V1
0x7971c1427c8fb405b03774efe61de9abd937c83e74944c09f2deefd66601f8b0,2026Q1,0,0.03275181350209327,V1
0x4af1e46936a9f721b5f3729e332062ab9c8aa2b3f739574539d31c32a847c85b,2026Q1,0,0.11501060528198938,V1
0x15b7e4ce1cc8226a6d4b4531214d8b1c68284d4de1c83d4ed3900433aaa51572,2026Q1,0,0.03263528356512034,V1
0x7f627fbebdcf5aa44d836db655ac845d969c44642b25b110aa5884173e9a3a61,2026Q1,0,0.03322196564637285,V1
0x8c40ea75eecbd88998a0c145a1a59aa407edee40586e4c0f131acabf9de6ca1d,2026Q1,0,0.14083039595140118,V1
0xbcaa021ed4f29709e42964b8ddc6e0dee4e7f1b6b935486abca8edc09824e875,2026Q1,0,0.03310382017334356,V1
0xb60cb0ba47014c1a6329024c3ba74842726e1605ad288b9949b5ded9a89004c8,2026Q1,0,0.11614054896063654,V1
0x4dfc31e647a10fafdc77e89826a93a85d1420981b7978ec8ce9ef04351ad1ec9,2026Q1,0,0.8754540232284429,V1
0x4e3337fb44d6c7a5b56f38a647cc288a8eee242e97870213a0e902ac4cca9d00,2026Q1,0,0.03939637277029899,V1
0xd7ee0528c04c33761ec545da538ffeabcae04602bc19c9e035cdafb697dae325,2026Q1,0,0.033939433467929776,V1
0x2e6e835cc8f97093656d73592d322dfc3332f1d43dc39ff2c6ce6a1ca53d696e,2026Q1,1,0.9809199960599058,V1
0xa6397cb04d2e20f63b589b9dd37e8db7db6a33ebda189d1123e4ff191ac430c1,2026Q1,1,0.6341009048252135,V1
0x50d5ba4a47a1efe738da33723781f842985f406e26f8f4a29a78551fac1c51c0,2026Q1,0,0.6255101079521057,V1
0x535144ad317cdc4013ea477a2184ee2743a387e16eb14c89f4ca6942d80e3f0d,2026Q1,1,0.5084944337675819,V1
0x71da12db4aea759acbf68b2777c44b21caf6a5ee9ac335106ced647b53fb9a40,2026Q1,1,0.9445074816137676,V1
0xd0f7f38de53e4ed1f1a33198491c848f90ac2f41e9086ffef58c64ff3eb63592,2026Q1,1,0.9811257925715708,V1
0xba580e15cb600f9fb9a70c7a04a239e4df64a1d5c13780a5192525e4d1c71eec,2026Q1,1,0.9814639588795866,V1
0xaffffdcf1ac14c2b3d6888f5efc76c0ea1aa5db4891588cc6e99f6e37e938acb,2026Q1,1,0.9713482255490116,V1
0xc4cf7a48d20d95b2f74f966922dfd3f5dc8c755576758073f66482a7d8d6fbb4,2026Q1,1,0.9794907017552442,V1
0x1dbe370933194e449ebec13b96fd1f5d2fde064c880d6b8db100f2730c50357c,2026Q1,1,0.9808509094859976,V1
0x01baad69976decb8226da9fbd5d3984f3a2aeb11a391f0345b4c675daaada837,2026Q1,0,0.03263528356512034,V1
0x55a6b420ae53bc6d7739e8a33c3984ba1d21538d31fe3459a381e366b850530c,2026Q1,0,0.03263528356512034,V1
0x959629b6a311f82d1d6bef6dfe4cdb08c303fec9e0ce4c1372c63113c2aea76c,2026Q1,0,0.03263528356512034,V1
0xaedadf4772051419ed3cd9a787a1989ac6f2ab260ce76283dcfc8a3419177683,2026Q1,0,0.03263528356512034,V1
0xcc13952621419105f803374a9c05ee8e79b14fcb4918d4638c3dc38d9326e2e7,2026Q1,0,0.03263528356512034,V1
0x6fbd4837e709e999c3f82eb22fa68fc08c424fdb41059aa0cdf3405d06773a0d,2026Q1,0,0.03263528356512034,V1
0xcc1635ab47d7b8edbc0ec7877bfa8f94d511b5d239419367fb01ff6e3c0a05d4,2026Q1,1,0.4533595086049061,V1
0xe8bc73364757a1a8fbf62e984698ecdce8fbfe1a56e3897d56d695d7d80dd0a8,2026Q1,1,0.2916849869324545,V1
0x786f607c0608743fd2a66530c4df1bc340be493f4b2c1068fa5f84a3029196aa,2026Q1,0,0.16976084866840382,V1
0x9fdc84c2ec9402997b5bb5d0b977de745768b629600625c376f007825640bb67,2026Q1,0,0.033340518233769795,V1
0x4c4fb6f271915e60c899281b74bf13876eb9ffdc5486527863900f1c35b673fd,2026Q1,0,0.043186366365900494,V1
0x960d6a09b40f33bb753bd042a1c7db1a349fcc5c3ca0cec81a18c3a732a493a1,2026Q1,0,0.03263528356512034,V1
0x3ba0d281712a7df3cabf1d641af2f269b4f5a4932887e635793d6fcd4a09aac0,2026Q1,0,0.033340518233769795,V1
0xb7b4de3e0320e86b89e92893a477da097b6e5dfa2b5c54cbc47f2791e5d2702e,2026Q1,0,0.03479538042469149,V1
0xdc8e885b8d8a00cbfa2ca9ee1d436dabf9210dca021a56163fa43231f6f9047c,2026Q1,0,0.03884235201329525,V1
0x03a629ada87bbe4c08a3cf23314f79127750af55dd810d8c25ccb39c50bc8459,2026Q1,1,0.807554601656839,V1
0xf7fbf61a0c895d7466ef299db9436ccff6af59cea208ec3bfdfb01b4d52b1705,2026Q1,0,0.7642752981201497,V1
0x9f5abf425562ab4c0308c2b799294eb630e5ffcad090123b8c5a2a8076608f02,2026Q1,0,0.044734856272025475,V1
0x482770539bf90c1ce461ad13c2424a0f807fcc28c28cc67faf6cbb507aae2caa,2026Q1,0,0.03310382017334356,V1
0x9133a7c2abc25ff946a40572cce99b91078287817e513359fcf00bd8cdfacf1a,2026Q1,1,0.7836062366478789,V1
0xebfb0486c055d27950a481ae92fe58888fd1d3432ab7869e7362048eeb432d01,2026Q1,0,0.03263528356512034,V1
0xf4b99bb441359f1dff8f544f53e63bc1850ea4c6ed27bd52d15667859c9d9932,2026Q1,0,0.035799089314729665,V1
0x25aa90b3cd98305e849189b4e8b770fc77fe89bccb7cf9656468414e01145d38,2026Q1,0,0.032868745391648344,V1
0xd6c49a94948e365aa74c09eef54d907b7ca534b243c387c375305d5cdd1afef3,2026Q1,0,0.032868745391648344,V1
0xccb5d0ddc702fdf00e9f3dff8a72eb370cbf86a6b0849aa3544ab23d0af4c17c,2026Q1,0,0.6510246326238763,V1
0x5a3a6491fa79368fab0e00757cb469dc5eff96bbaadda0b5bdb6b58b39f7cacb,2026Q1,0,0.09529911101726897,V1
0xda882673997b5f279b79be0b406be449f511508bf3a22cea0294d0028a4b58c9,2026Q1,1,0.834579502637346,V1
0xf74a25ca00930e1b6bf444fcff9ded49cd7765d6e198a9af9c036688edb5a4ed,2026Q1,1,0.7642752981201497,V1
0x0b35eb5df8e17d42cba0909d8bb78e635cb0d014e6fba6322c173cfea6337cd9,2026Q1,1,0.9217191228475365,V1
0x5d36de3368b7d6b218038429039c3375c2c5524e1b9559bb883d341bb3aba6ed,2026Q1,0,0.10878690312947042,V1
0xa706623e258521235d3874904d77b4dd4d55a9b092c59eb5c5ed4759882f657c,2026Q1,0,0.3993455214935208,V1
0x379914c8e1309261364e9a8f7888e99004ca398a9db6737fe821505cdb153bf5,2026Q1,0,0.03263528356512034,V1
0x3424b6158c22be5a65e2a3bf6b678e1a2f46196261f79e05fc3dbf465c573a80,2026Q1,0,0.03263528356512034,V1
0x9fbe1832139c5e67dbf93813aabb9ac67ab8dd3d7d32fe86957ff761a8fa1532,2026Q1,1,0.7642752981201497,V1
0xc28589f4effa41509c87c36535208481f7ab8878a4926a1014d6e525816df729,2026Q1,1,0.2032286266952247,V1
0x64d6a172e63a085198fcd8032da984cc42398e21d8984eaf4813ce6e3f0469a6,2026Q1,0,0.8754540232284429,V1
0xecea9731a89eb63695399025d5d3a8d367f4617c945587115733796c6876d520,2026Q1,0,0.05998990802484801,V1
0x5bf2a9800247508b9605272056bfeef40b4e5eb9f49ffe481a9b8a6eb00b1dc7,2026Q1,0,0.033818825756673464,V1
0xea06822828e9c9e4273d8c4941c9b3e4fec6dfe594c6908c91ba38c338765bcd,2026Q1,0,0.03748982537828631,V1
0xc5153775b1693ef577a567cade666e1cae41327a48b3ba3d7748078d8181ca1e,2026Q1,0,0.04154217503550698,V1
0x6be6c8aa318e5061d661b7569f5eef1b0e7e475a101498e9cfc9a69c36a82c9d,2026Q1,1,0.9766493356520001,V1
0xff0f3a4c6d7789c73b483437801249e6cbc51f5c5f1e979062144ce77a410f99,2026Q1,0,0.034181895086911974,V1
0x18af6c77626be130410fa28fd8b4535b72d40e0e970c25da822329cdb6a73959,2026Q1,0,0.03430375163682844,V1
0x47789995e883b89bf00bb1646bc7eca8bed257b7aa7218d18f5f8ff74bc66d7b,2026Q1,0,0.037756659522614026,V1
0x6a9af49e4d04d69c1d8be844267ddc798af37aec44c1ad06d09c16fb19c0846e,2026Q1,0,0.03454872284866214,V1
0xbb8466d31cf6be58c5664c0eab55ad29946eecee7408791ac5c0cbb9df9e3993,2026Q1,0,0.03263528356512034,V1
0xb1621719120f210181d8f27e411d987ace6408dd3e0243cd0de518ed18289a91,2026Q1,0,0.06792164591097888,V1
0x7d10de6ae70637b277d59ff7158940c0273935b74155c78e00c0c9f7219ca075,2026Q1,1,0.9073498970097916,V1
0x77827aab73e03ec293ea4d0fa1c03f288068ef82cb6a63f2406c2cc799caa139,2026Q1,1,0.10184521534771623,V1
0x35bf8c7a9e19eac180f1f69d74024841d09a782eb1e7e6f6b7f0e7223d2f778a,2026Q1,1,0.9809199960599058,V1
0x9dd53abf4c8b6b25961ebcf61c5413900ece7b3cc08a9511d0c61b3ef9e5a6e3,2026Q1,1,0.847385635677211,V1
0xbf5952e2f44f1251863da558fb625484230648a9709807eeb39fb08670a87e01,2026Q1,0,0.03322196564637285,V1
0x1512828f4c735012fde09e2424f033bd2cd128a1a84e7aa7769440b66a1dd7c5,2026Q1,1,0.9736149835552584,V1
0x862a23e2ad5445d1079e3252217dfe8aaf15288ee7cafa8f9906088176f136af,2026Q1,1,0.9737094763474298,V1
0x4cd373cd35f29c39a4fb45b7c31f8619d142aec0b4f863245510d1b3169c5502,2026Q1,0,0.033459479234464816,V1
0x0e2c1d7a29fb3ecbbbb320ea2d2261b141197ea28098a548271644b40b9a6fd7,2026Q1,1,0.9609430237912532,V1
0xa506b4f34e0b07f982ab96ff05ce26902ed772ca6752909d0c927d1e1e37ee6d,2026Q1,0,0.04799194474048839,V1
0x306d10d4a4d51b41910dbc779ca00908bd917c131541c5c42bbbc736258d2d56,2026Q1,0,0.10184521534771623,V1
0x88c4aba5a59b33313d41e9fe4f06d0005199bcb12b421083a9806e16a3e30d49,2026Q1,1,0.9815308753254148,V1
0x3f6b3dbf83c18026aec29f4fae2108ab635d683d0b4753ae44ccd7fafabc46c6,2026Q1,0,0.03263528356512034,V1
0xd507350c6dbbc2473d016d58a2ea36b57ecb6a12100736749d3c7739c88f2839,2026Q1,0,0.03925716120702365,V1
0xd2cf2ac9bf4caf3995f8d8ff4649688430c6733df13ab2d03e3e0756f36f2acb,2026Q1,0,0.03263528356512034,V1
0xeb0f640f8e6979495efb462bca18e491a8624c07aecd89b9cea0ba62a4164226,2026Q1,1,0.9813968045804896,V1
0xd5a91c9ee50ba80385283714f2a66b1e16d544a682af2af06a8f57fcf1d0233d,2026Q1,0,0.11614054896063654,V1
0x90d15ca9a35a0cef4d67b2e4ec79a77dc98621536af438bccc6f016a59eb0f39,2026Q1,1,0.9807815776583763,V1
0xdc49ce4dc173d079b23921f8d6394121d9b3fcb5112c43fa3194340535444463,2026Q1,0,0.03263528356512034,V1
0xbb8bfdef9052b2709557a6f8f28b23551e3134bfb86eca800211e2191703ee65,2026Q1,1,0.9791173018662418,V1
0x5dd9b16786f9ae30e87d2b109a016cfd1741906c67659957d8034229d556de5c,2026Q1,0,0.03263528356512034,V1
0x28f1e9218bcd41ced05faf3c03f026721d87712556bf2828337551f03cae0a01,2026Q1,1,0.7642752981201497,V1
0xc5300759dc2089042380795fe7384010a6b6ebdf9e6da7ed3f786d9a5f61c563,2026Q1,1,0.5305657826580996,V1
0x9b2241e5023cf5a319268637c6b525b29527ff627fea24d7ff11bf8dbbbce515,2026Q1,0,0.044734856272025475,V1
0x4d0d43382de6021ce0e906774caf6fc73fbe24078c9a75c6d7ae07b04299f8d0,2026Q1,0,0.036700154771947484,V1
0x22fe0f993bb899d3ae33bbdfbeb7f7d06df0982f578ae26592b55cf581396376,2026Q1,0,0.04782387189441188,V1
0x5354a2c31fb09cbd45d2ce6aba4d65c2b4fcb778e4702d8079025338f9ab3141,2026Q1,0,0.04349191361673276,V1
0x101d521eea2a04b8bf2c865facd18dcdfd8c7751a759ca622e512bbdb3896610,2026Q1,0,0.037756659522614026,V1
0x2701e5a5b751418c5c5bf0faaafdea60ac9fc893eb75fd88e902cd97458d375b,2026Q1,0,0.032868745391648344,V1
0xf33e075eaf25de7f6026e4d2e96a1a98a3a2147ac60aa15bca7fac3b0efce409,2026Q1,0,0.44424440626717493,V1
0xcab77c44e435400dba6d3ab41eaef2a504bebd7e2d080ec18d14cf45ddf41784,2026Q1,0,0.04799194474048839,V1
0xd59eeffdd1e495d93841cfa5b9daacd3ff0e0b61ad134642b56fd1875562620b,2026Q1,0,0.27669600221363044,V1
0x2d8be7926a1a23fafa01e8e0e558d2add531e8fbf6efc4b7187f98de0944fd1d,2026Q1,0,0.033340518233769795,V1
0x473867b4757ef6c9ee7ccd12c588ffd28b273c2239cfa64d34bf4fbd0ccb09f7,2026Q1,0,0.04183659813448269,V1
0xf8b730810252255fa217a2828b46b7a3c0ed63b702c817461270ce9e65b5ec25,2026Q1,1,0.8584744208268504,V1
0x3e7d87625777d9de933e0e5c89b9c1cda0509ec0611846b88357514539bf53ed,2026Q1,0,0.19155590446913578,V1
0x027b8d3b2f68a0f78ca5afec04ef182f3a6e9dd8a35dc572162dfe4483c89542,2026Q1,0,0.0634020597035648,V1
0x24026080b17f4e88729eab0ac2929ee37c13bfbb4a159179ec63deb4a242d9c9,2026Q1,0,0.03554557867219717,V1
0xe51fea7e9afd8de5f46872f028483ff6fb32fecfe0794b9b71822c6d2d896d95,2026Q1,0,0.040959265100275394,V1
0x92d2f5f693619c0154d55538a84a3943e787a8ca67907a8e7e5064b0048c83a7,2026Q1,0,0.03430375163682844,V1
0x705479cc3e7cf2907997c62b4245356c48b5133f7d82a47829a2354dd77a7c51,2026Q1,0,0.08503160687476623,V1
0x1ca1950d0483c9c33796bc9114a2364525c5b638a48004383ddf2926626109c7,2026Q1,0,0.037224804054280046,V1
0x8698572ca0243d41683c62f45ccb6ad17b6c90393188d48e54ea47c319ba5c4a,2026Q1,1,0.2993559396168961,V1
0x19858b84600b9ce0c64fb5b2a127921169dad7c8a216a0260f3d5662f2db6b28,2026Q1,0,0.036311342916226674,V1
0x2b1435f47a09615867ade05d314485b7603924199ba0982cf28678b88717b520,2026Q1,0,0.03529379754797536,V1
0xd65dad10d2c1955bee33f1baca2ba1d91dc76335e19639a9953d992867a17e66,2026Q1,0,0.033578849950789066,V1
0xf64f880b571d7a70d858649d30f0843aa57307e304aeb617349df74ce34d044e,2026Q1,0,0.044577655977149105,V1
0xcb0ec1a3c312524cca8015c0843aa1f97d0f6375be4a967e0882303b68e8d8ee,2026Q1,1,0.9737094763474298,V1
0xbff854d97ac4e37be63672f50e5e08b8ee7dc3e81b0e06dfe18231aab06b3c67,2026Q1,0,0.03644050440532182,V1
0xde4e35d9c11c61db828bcdb303ce1d431a0aaca2bb8ab5c7719e59d86ca76462,2026Q1,0,0.059164122551886904,V1
0x8447c9bc496834cc756de1e49652abd73481347209ff29991d3b81a3d976e8bc,2026Q1,0,0.043034362398108074,V1
0xf6890c707d1e327b006b9511bdba8c98ec4e4978646c6ffcf3ec8750c26a666a,2026Q1,0,0.18259138115215934,V1
0xf963ec4b153e66668dd9e038a2cb258a3d228fde87efdcde95e1e3e8fc6ec56a,2026Q1,0,0.03735708882053574,V1
0xf6e44da63acf52f67bd2d370468c3ef297f064c50f660370151d6c8f08fd586d,2026Q1,0,0.033340518233769795,V1
0x09e8f0db05570a5048fdccdae58a52c608aa6cf640ced2190dcbeb52ce52f491,2026Q1,0,0.03310382017334356,V1
0xc10e534fc502ef71730b3bd829c51d1d73d2caa40b547b0ae3899f23a23223bb,2026Q1,0,0.05147339944497214,V1
0x45ef931481efcd612937079d4533a2feff45e720719dede6ef7b129aefe315a6,2026Q1,1,0.9595363356535365,V1
0x5fc8cba7cc06011dd02a09513a93b2184c3aef48a8be0c005241e89308bc9cc8,2026Q1,1,0.916233766301273,V1
0x3faa0b1404c38363b50690273c9949074510c6311853114c2271b3cd5ad8692a,2026Q1,0,0.03748982537828631,V1
0x585aa78a05bd6c9139af09790550b420e900da53e92d1d1b355453c1ee495c48,2026Q1,1,0.08165396582381453,V1
0x01ffd0acf0d6e42558a7cbd521efde937166a1bf09f3a2dfcdf36950c2dd3635,2026Q1,0,0.40821605578668624,V1
0xfc9ee9c25abd5b966088767214c22dcf3ad1c72548e9a1dbef9d4328c170e5b5,2026Q1,0,0.03310382017334356,V1
0x9a983bfceb49a764b5ac7e6dc7bac62281642d78abe8b90cfe58ab1292dad6cf,2026Q1,0,0.0634020597035648,V1
0x814657a16a3c5b39834864251372e30f68ddcd0f040c5c6a83a52cddb2c35226,2026Q1,0,0.09094333194270592,V1
0x70909f0ba8256a89c301da58812ae47203df54957a07c7f8b10235e877ad63c2,2026Q1,1,0.9815308753254148,V1
0x38ed72557a134b4fd9be1c7edd4b963dbee7931ec0e72d571fa692a41f9653ea,2026Q1,0,0.03263528356512034,V1
0xbd237bc177d934486e7d31df298162e04474017d528d609971d6928e09aaf4d4,2026Q1,0,0.03322196564637285,V1
0xbef7266e1d7c2adad3d7c6ae59df817d653c872802415a369c761ca75601f5ea,2026Q1,0,0.94470029642988,V1
0x6aa39e488afd5dd8e1cd995258c28c3c485dbc4d467d4eb4d94fc6f30e172833,2026Q1,0,0.08913200281932923,V1
0xd14145c56e36be13dccb37c63158c3bc8c691e8f13993816af24afd4b3fa702f,2026Q1,0,0.04970379245650203,V1
0xda660a5eb2784ff0532094a5f7a43ab6b102206ca4e03d9814f9e5d5bfad5656,2026Q1,1,0.9517454129652966,V1
0x480bddaf1d050a3adb9a9f1e0e42f770f133906ee428850a127944c31f2c7022,2026Q1,0,0.03263528356512034,V1
0xf5e48d50c65531036b7cb5d34a42ae1f5a88a5cd1624f0e0772434968d81bd8d,2026Q1,1,0.9217191228475365,V1
0xd1d8fa26ef7ad91590dd77ff463f1b5577dab3bbcef61d2697f797491f553f3a,2026Q1,0,0.03406045613821427,V1
0x3ad10b05e536a030e250fa6f19e5ffc95133d87d34c084f8cd2075e129332cab,2026Q1,1,0.3560770462524625,V1
0x61ce3773237a948584e422de72265f937034af418a8b703e3a860ea62e59ff36,2026Q1,0,0.03406045613821427,V1
0xa17f9ca943405227c65e4f6b881d01557b4cd4835229e0c07190439c0b8b617c,2026Q1,1,0.9782722524350366,V1
0x99ccc2e019a8421742621c9896982f90fa4e73c3d490d609fb3687d56861367b,2026Q1,0,0.03430375163682844,V1
0x6f41f28f3e160d0dfcc6ae58996665092e94081ef0b0d53d092582d70ab59ff1,2026Q1,0,0.035799089314729665,V1
0x77508b9cb5962ff587890f79e3e39a1789384405b6ff530afbccb9d70743352a,2026Q1,1,0.9815308753254148,V1
0xc49142a0a94b68377bbc3f2e7f7f53a400274e2dcd4536cfa343be55a3c1fdf8,2026Q1,0,0.05519276570148542,V1
0x149e2cdbf5b3df3142452412c4c9f4e8f39379020ba1bc25c1811a3f43c8ad27,2026Q1,0,0.05330247596729161,V1
0xbbd25d204f6666004598d64000fea1bef677767e3268026fc57f4f9e348dd96e,2026Q1,0,0.09852374868114155,V1
0x8b37b96c32b8b51e02dda4d63ae5f93b3172205766ff40778faf17df4e6b0265,2026Q1,0,0.2621921477866127,V1
0x02f0c60b4f9551c97fe67bc6f02df357de52ca969f0e9159e06a5aca69cd2bf6,2026Q1,0,0.035926496617741804,V1
0x1f546c61f76950614e91a9552bb63df94f1ef3fb6f00c02abe19c9069a4b50d3,2026Q1,1,0.088238595048009,V1
0xf87bd9aaeb1d05bd460bf540f6cdaeb9b7e04400bcf6b2168fd8a17bbb65b0d3,2026Q1,0,0.06792164591097888,V1
0x1e17e60a28b3f9ddb668c5fac7b225095a5734a3825cf013659166045e94322f,2026Q1,0,0.03310382017334356,V1
0xd50c434c6dad84b1a031daeb257303530cde59ae6c4414cfada1d3869c760162,2026Q1,0,0.08618536504554365,V1
0x467176b3079c10574bef26546e834f5d3c1551bada9ec1d43ee5814651a0baf9,2026Q1,0,0.032868745391648344,V1
0x9e3035fbfa8992dc9e07df9194875c5fb4a303e12b8485a9dc6c01677207fc06,2026Q1,0,0.11614054896063654,V1
0x20447e3ad26fb76147e2171326942189247dd7997ba32f8c25d79572c0a645cf,2026Q1,1,0.6080938987987129,V1
0x5a4bae5b326d8ad4ef51e29b140afd57dc1dfb3c44e1c805209eacb65a656dd7,2026Q1,0,0.03263528356512034,V1
0xd83bc063d59a6d7fdd4adf3d57baabec66f9252ba8c668933677a0e03025db83,2026Q1,0,0.1499855487102362,V1
0x569d909807a5d032aac3cbb3971c503f72552bb49378636fc2812820158c7a64,2026Q1,0,0.04124973472444731,V1
0x3da8ac5a617e2b32fbda49cbc5060917ab770abe9f74b11ffa36dcdb5b7a1195,2026Q1,1,0.9811257925715708,V1
0x6055a391e4b71183be85fb246f1527cb235c0662e09e5617ce2901c97fdcc9ba,2026Q1,1,0.9774750691590508,V1
0x7d6e384367079c316716325cb08697f96ccc90a1b165ee8e798b580b31b4313a,2026Q1,0,0.7437821250002513,V1
0xdc2132b6675c25777c9b93c5bd6b8c1c856fce18cb5b80fb0fa7cb8b0e72e322,2026Q1,1,0.9808509094859976,V1
0xdc169ca8e998ea2531440c5c10258b77e22680ce701f9f46edec84903a16cbfb,2026Q1,0,0.03843175055213366,V1
0x9de11706e7f6d31eddc745b50cb521c1536ae59d123419dd87e11421e3f5d208,2026Q1,0,0.043186366365900494,V1
0xcc9c1e331f1a11433ef7944421339e45c1871eb0b3204afa4588d00892c56ff4,2026Q1,1,0.043186366365900494,V1
0x47dd8effe5d8fc842045c1a893b66a5b9c104a97f48ab7e11f17d2b4a2bc1ce5,2026Q1,1,0.5992783691659948,V1
0x5a200d7d560169d60dc82cd16bb14c16f36f029fdf609dcb92d06a554f9f0fe1,2026Q1,0,0.04154217503550698,V1
0x8658f913e63080886a9da58d2ac9e5365cea530997c7fd6ea8aeef8c2c22d69f,2026Q1,1,0.9609430237912532,V1
0xc645f98013096b0de16e4686c64103b157ed1c4d5674620b8658c42f2efd1f78,2026Q1,0,0.032868745391648344,V1
0x3e3ddc44cdb765771c07b5898b9025c468c908f22f185810667f4fd88be24cea,2026Q1,0,0.033698631688477726,V1
0x72086374f19e11b87557e81dac266b2825257364ee9ef3fa1f10ec4cf94302be,2026Q1,0,0.0329860805191486,V1
0x18d8c59309811ce5618ea941f9bde2a96afa5d876a69c42fba2da4bcc56d3c5e,2026Q1,1,0.9815308753254148,V1
0x0b62ca57f1de8b89add79078aaf413b129eef8315625b2fec1ffcf256d8dece4,2026Q1,0,0.03644050440532182,V1
0x19ed51210cede6932e559922cbb832a0a218d45383feba376580e6ce2ad93853,2026Q1,0,0.03618262204228864,V1
0x2cbfefb1c7f083b083bbc123b164c05fc13a9baf298063e9570fceb0ff1742a7,2026Q1,0,0.04110425433061798,V1
0x7ffbbba15f3b295b1aa37c323874ca36a5dcb87f280033c14e12f2c83b387abe,2026Q2,0,0.10026904461907642,V1
0xc653271dd2430252e32987b23d083cbf125b02ffa8fde56cc84051477e429856,2026Q2,0,0.03546308708170778,V1
0x2d88926d45bec2e089ed072b14afbf137cb2085cfc50d598a343b43a2756c26e,2026Q2,0,0.03546308708170778,V1
0x6791ea58d6bdaf33dd36a9194a8810408b44a5e4eac836209c950ad46893bf6e,2026Q2,0,0.03709393860977188,V1
0xa158db8eeff5631f5b1dde5bf231dc15b6258916ec39f79c2aa1d243e05789f2,2026Q2,0,0.03988169776727069,V1
0x5cb20a760bc2bba3b87fae547a25cbac73f702abfa30e4a801e65f8b9f15d8ff,2026Q2,0,0.036207024129666705,V1
0x3bf2955dbfde4496dff53d247355bf74cfc41397538b8678587b3462b6584451,2026Q2,0,0.06755386321205062,V1
0xb8278c6c2e467f39c982a3054081fab22186a6583a0b9c93c611325804ba20ea,2026Q2,0,0.12143453916566081,V1
0x4c5701bcde0b8fb7d7f48c8e9d20245a6caa58c61a77f981fad98f2bfa0b1bc7,2026Q2,1,0.07221772508022273,V1
0x8183a221622f2d5d2b46da86c80d55a61f43d35829589e03c1efae9d072638c5,2026Q2,1,0.038529997452492956,V1
0xf796efc04b4280e760fcb777ab8d33519ff777e36c680959ebb4fe6b84cc99ef,2026Q2,0,0.03570941549788248,V1
0x93ab6cbb3e85d16b5f06859f3e0a368fb38402c4cf3d851829749fd56a007b48,2026Q2,0,0.10355338375469379,V1
0x2957a612a6bba277168f7b52d3ea7d2c44628bc130d841063f6cc1b158c4375e,2026Q2,0,0.0570910404371425,V1
0xecf63047b28b4a9a5a94782e5b2c501348303de25a6ee78f08b02d4f2bad1748,2026Q2,0,0.04213938964414575,V1
0xdc6f95f94d2db24a1904537cb8cf83e0b25fa47bac926112891eef0df8fd06f2,2026Q2,0,0.051564301935171794,V1
0x677740d692753fcb0f1227e99e564afebd643e9ff09ca32f73aeb1ae335cdb0f,2026Q2,0,0.4274622088142046,V1
0xc0cb9ecebd7cc0c9db22a4f409e451e76522819e339330c803766891b0b22c0d,2026Q2,0,0.03546308708170778,V1
0x1563b185a42f2f5ed9f686cc6ea156b544736ae6becbf1757b65443fac89ec43,2026Q2,0,0.20280873402924138,V1
0x0e5a27334244a00baa67a520cdf9404684d2e6fb3610bd8f1d918cc7faec0903,2026Q2,0,0.03546308708170778,V1
0x0258f47973df582d7e9b659ce402024ceb3354376d95c1ba035c89f0f161357c,2026Q2,0,0.03546308708170778,V1
0xa312499c150a1ca94b788c99f6ae721cbbdfda7679b5d25580fe79d514fdb930,2026Q2,0,0.22700822290238948,V1
0xde38c515193b3b7f826f65e85fb50fc77d4fb134e56f3c36e9244ee812d75089,2026Q2,1,0.43626717585530844,V1
0x0d5e405a7ad802309508d4f2bc3c04b8d6e6e3b6f632dd91b94f5995f3aae630,2026Q2,0,0.03546308708170778,V1
0x13496fa2338f07e366c573f3e274ba4966fdffcb8dd76d5aea98d35ac36ae783,2026Q2,0,0.03546308708170778,V1
0x4adf64232c8b91900e0b48a81d68b3f08c0e0c57da9bc575b890dee39df219ae,2026Q2,0,0.03546308708170778,V1
0x814cccd741cec4b0d042acb0e67101c7c9585af01c10373cd44414b118331ec6,2026Q2,0,0.03546308708170778,V1
0x281b216205d45a69ad0abe777df68a68547888e0f6222d44cb0dbad76224f449,2026Q2,0,0.36739147266414796,V1
0xfcde02af15efe40e336d67f0ef9aa49e9d40c37b92961fb890afc4afdbfe54d6,2026Q2,1,0.843114641493726,V1
0x613e429931f3073610c3a54c5c80c592fb9b949da3d5fbc8375bf5e9f188fc20,2026Q2,0,0.09397711047626804,V1
0xb60ff6bafcf4a93f264367439e27f6efb179100008c9b4e50e91c463e4100a6e,2026Q2,0,0.22700822290238948,V1
0x426cc911ba800b7de5de27ad1e6363733bd9fc9411bff8032399792ebb882ba9,2026Q2,0,0.20280873402924138,V1
0xcb85aab42249e733ecffed7618b419df1be5da1874ce7ffe35dac66d8a9a65bc,2026Q2,0,0.03546308708170778,V1
0x67a776c285676937265be323be8de1021dc3f44bbb0ded250d7e579b8411bbb3,2026Q2,0,0.035586046017721286,V1
0xd4717f1118a739e898848610e68d74ea6cdf6ded0fedc3940143b9f3d57ff254,2026Q2,0,0.3111743562167158,V1
0x01510d4f36a4055795345072479f71f432533d2c2bf2f3265eaa142d34306914,2026Q2,0,0.17533660692221245,V1
0x8153292497d6fd565744dcd34791082fa8fa5eafa8f55c8d017e557af8133002,2026Q2,1,0.06984980017512649,V1
0x67ca01f75ad56b885aedae60d2a28c4569a69cf4e5814c356a95be28fb47678d,2026Q2,0,0.06755386321205062,V1
0x83e0999fad067bfa7213444cd7dd55f4480d381fefa3656c38aa13ee0deaf970,2026Q2,0,0.03608199983029879,V1
0xbd4ca4d153696bb74db5493b27138eb1514ef16744befe4eff552168d5426c36,2026Q2,0,0.03570941549788248,V1
0x38f455d58244268a4adff6b5787cfbe21cf584883db31d4371523511d5313f61,2026Q2,0,0.04170696281062017,V1
0x950cf1c7a2c2b731389374697caf126fe71af6f48f7fd729ea80cd7445c4cf1e,2026Q2,0,0.04421465116563574,V1
0x46e6e6b6166e36aa34595642bb5c534c64c6d8d6d86ea5c8beece600581efce3,2026Q2,0,0.03546308708170778,V1
0x46f15cb064fb468e39de360f14f5847898ef9b1489d15e9df702b92f1836598d,2026Q2,0,0.14191453813209343,V1
0x5c2e6aef8af5931e9bfa3750364626d754531d2fada2885d45c356b175962a25,2026Q2,1,0.6670088434153063,V1
0x9e570fa9b5258f954859874e92e2de4be636f377d9968150915670d9bac09100,2026Q2,0,0.05034949297392602,V1
0x8cc6aa69d3f7ce4d302ddff3981207a6c898783991cc5e6887c9d161907c03f3,2026Q2,1,0.059053900731872944,V1
0x2d859e9b62672ab0e90238495c1799f37759f8a2e96b67e240ddbf679428e7c8,2026Q2,0,0.08244641248038712,V1
0x773abaa5fe55e5cde51a261f444b7921652a4e059ead6b3be9fe56499c2d4609,2026Q2,1,0.051564301935171794,V1
0x68beecc857017df8663fa36c0c86310dec7305aa88fe830c94651391314afc1c,2026Q2,0,0.10693251653841603,V1
0x0939fff091b132b98cf3e3d7998d5033c60fd20f41999f7f450846653fc32642,2026Q2,0,0.039065318421136454,V1
0x835293fdd731fd51f66f18e627e58ce4022ffb4f8db7a64f9e068a4c9bb20a66,2026Q2,0,0.06532809252879472,V1
0x299730751090165592bfd5f8f12ff5bb316cd3dac7f17223128e3d4024622bcb,2026Q2,0,0.2531781940642772,V1
0xd81f611670339738cb6ac259b94a54b5b08e372f19c063a8ad6fb2a8c7fe3ed8,2026Q2,0,0.15553705939791612,V1
0x1da3b067be31eb471516bd0ae8d1f85f8f6770747c34f6cbd761438fd58397de,2026Q2,0,0.08244641248038712,V1
0x40144d050887a9e17375489e7a176f5c53712b75753db33b74be351621992ef3,2026Q2,1,0.10026904461907642,V1
0xc64b0a947b10179c675fb093e0565af6a522edef28423175541614eaca9646b7,2026Q2,0,0.059053900731872944,V1
0xb45e08056a9cd66a37d8097eb47a1c97517934bdcabfb490d177166df7314ffa,2026Q2,0,0.039335647704926396,V1
0x9a055ff77bd43b6fa1f097a86a9e87f5b5bc6aeaec3326d943b01c8eb7aea7d1,2026Q2,0,0.03546308708170778,V1
0x73d9fc56285985bf2ce99fc8f501a002651b55e1cf644af26db80692c6673343,2026Q2,0,0.035586046017721286,V1
0x9dd27666ad05dbe8ac5547e79d634fc306578b60b71f96ab4347f020b46e9413,2026Q2,0,0.38422595888348665,V1
0xc0be7b1f19f9b658778c2be7e6bc67596a00f347ab64392d0f5d387534c7c3b4,2026Q2,0,0.47183573077393604,V1
0xdb7886829f415e00ab97b695a28b5747c6bce1f8ab09635a51ec6480e5d50314,2026Q2,0,0.1651990417683448,V1
0xc8e9ba9e25f5adcf7e159e62c24ca3bda9a5245a049acb94fdd534e67ed1969e,2026Q2,1,0.9655238337746203,V1
0x4f8bddad85712e2b46756f71c753380a1417bec8049e4a45742e5182c3a5c015,2026Q2,0,0.7166601540831865,V1
0x1507c50c86fb307e4f1acd9d740b2be66d98773f90d161e94907d8ef2c5699b3,2026Q2,0,0.23984898752259382,V1
0xd49b9f68568892e828085f84a31e811a24f4481aea5cd08ab62261810ec0d402,2026Q2,0,0.03570941549788248,V1
0x33403f2501afbeafa3372043080e5360d714a9323b264cb76c3aaafc335304a5,2026Q2,0,0.8988043436978459,V1
0x5c3e77051639ff3cc2cd1735d6667d15514da142558bc198bcd9e73d1feb2a7f,2026Q2,1,0.052627577352096035,V1
0x22e03dc66d5294670263027439ea57f15c9602bbcd4c4801e5b77d30f509ad6f,2026Q2,0,0.10255821520394587,V1
0xbe26cb4271d859584f3acc2c8f8ea9ae872f6845d89b3b1777ab100918f08906,2026Q2,0,0.0570910404371425,V1
0x6d6ec53177a4feed9f39944e98d12e78c8c59571832fa8e9448c4359f99a3ee7,2026Q2,0,0.38422595888348665,V1
0x0baa8bbb7b974a19e8b91205be112e064df134c7e4ae90476ca50c247c82daf1,2026Q2,0,0.04361197019040351,V1
0xbc692175b4f15cf690207042084c0b6251f6263e8516d999306d431a832c1f41,2026Q2,0,0.15553705939791612,V1
0x37426c459b51c7f10b550f643feae2788516ea46261c862b5f6883d8b4314a4c,2026Q2,1,0.5076925605393684,V1
0xd2ba0333139cc904c92b7741b9457b8eaebd4964e3a450217dbbd8dadc882551,2026Q2,0,0.03546308708170778,V1
0xd72622d154dfe65b9c019d6afcfe75a55717e5c502db611f555b101aafbf6ec5,2026Q2,0,0.03546308708170778,V1
0xf480b4ea858af172baf1d8c4d2d0281ee8d2694ed9f40b12b3630c5328dfb3f6,2026Q2,0,0.42570653220890414,V1
0x0d14f5dc9fb3250ec888b1ac8d9fe9a0ce06f9d3ea60fdf138e8690622fea84c,2026Q2,0,0.03570941549788248,V1
0x1d8d0ed997c870e00a7b13e39ff94fea8b3e80b6f728c33f936da4341270bd4b,2026Q2,0,0.8920866786811611,V1
0x36e8ca24d2a13435f519f15580d42b45cdbe3bc425fb39a7c2733260357af0fa,2026Q2,1,0.9789259422512591,V1
0x49e0fd35e25a3c075cba2ddd500e0a69369c88a7ecf8971304495b1970d98017,2026Q2,1,0.7026123613087313,V1
0x5d07dbbd43ea9f1a4f585a4f22af1019f9f82b4901341910925ce74ff7b9b02e,2026Q2,1,0.9604126499267741,V1
0xd4d00e5bf8b960cc37c74c1ec19e41e00b0706add203ddcfbb65ad006c5c223a,2026Q2,0,0.03570941549788248,V1
0x813451b970c8aae23a9b2441fd9be8367e8691a636323ced76f6fd1914c1e0a8,2026Q2,1,0.9770738425602995,V1
0xbf245f51ee0cb5020ffc948b2e63d86ca112c2691665a043a2e139f0c9d4d1f1,2026Q2,0,0.04331357746093113,V1
0x036f32b7b18291ff94d09f0c11830d8b839aafd0148e644207be97a4f9bd5a8a,2026Q2,1,0.9795101513371893,V1
0xf220061c0e83defd413070f97fb55660485ca8540c43be13d9e71082ca2cad57,2026Q2,1,0.04983719907093967,V1
0x6f9143b5c37be6829a0cd89127d146cb7eccf777e17bd355b06641641a14192f,2026Q2,0,0.04228448210202524,V1
0xd63b3697ae273e53e575d6e4cc833b28bce923167e4b8065235143babfb4b05d,2026Q2,0,0.28857876600069365,V1
0x72fee40790a2efa4a9a0fdf2be80d5aa47b62467ab69f10456a5ffe6b9afe9ec,2026Q2,0,0.043761901323107005,V1
0xe05bfd5efc54b5e3cd2ea7cd3e83298839620bfe9fa5986ff4c531cc008e55e2,2026Q2,0,0.06532809252879472,V1
0xea68cbd27fccdf53c0bb89cab89802d1709cbcccdea7ab1417efba678a929c7d,2026Q2,0,0.03546308708170778,V1
0x66a07d808f8c2fc99536b277c509c6b415ffb2e17454f95bbd811f1ee65da389,2026Q2,0,0.036838424423460615,V1
0x1407ef3df88eeb834f5acc7c83dd1a52a62fa2c79a10a4c1184c585936e9faa3,2026Q2,0,0.05965498805841786,V1
0x58cc4219cc5e48ce9594245db8942caed74a131a824ececaa2df6c20ded6319b,2026Q2,1,0.9575917592882107,V1
0x683c00d1a271b8316d5851fe4b07508ebf230b2aa9e94b4f455dcbb4486b6ab5,2026Q2,0,0.07977193914093127,V1
0x7483dba1fe6fbf749c05be4c93c61867d9bac16705aabe104cc5e2e30fcace3f,2026Q2,0,0.10727571648256608,V1
0x055e4a40d880f0a821b131d74dbb170952b41988cd763f6baeeb1fe72770abe9,2026Q2,0,0.03774019982282913,V1
0x18dccc229331c63d8360d1400ece2355627637547d8dcd54aa5f7f1b5580686e,2026Q2,1,0.41521323872427884,V1
0xb2a02ec1302923548722a92a0d21a0c440915ad15c429b5a61e825b4b1c82047,2026Q2,1,0.8920866786811611,V1
0xc7140ddb5ae5dc94d4553fb05d4600816f33ff024844cebe8326f4c41c4a1a47,2026Q2,1,0.16569455205627548,V1
0xe443dab97ad8b7f58558cc7a6a3932d156031e962a451e0461e9a4578d78fe84,2026Q2,0,0.036207024129666705,V1
0x807ba575f84169bdb061dd05da3e8eb314a129aa152e31518c2aff9979d5f986,2026Q2,0,0.04170696281062017,V1
0x24f38479176af2d71f64161d53bde777aef49ef1c03066510174d43a8d2a43fe,2026Q2,0,0.03570941549788248,V1
0x01f06ea4973476841e60b3b8d7df8ce339095a065c7466c7945f40da51b38788,2026Q2,1,0.9795101513371893,V1
0x61bf787148448ac7dc3ccf1b42177c841c2a61766b962f406ae6a7aa9fac0c84,2026Q2,0,0.035586046017721286,V1
0xa6ddb7146f48a12dbf73456d654211b01d7493829932c31b7fe85d82120d338f,2026Q2,1,0.7516424128433701,V1
0xe85db2c1843ebf5eac87613544d8a7e062039ec023d60fcaab2c9bf6340de110,2026Q2,1,0.7166601540831865,V1
0xc0c95243591db57e82d43cbfdc12bac5cada96127c304c23cb87bca5e964a3fc,2026Q2,0,0.36739147266414796,V1
0xf419325a81813bb603985baae6952ff43cc4fded835174c3a6c2e4a855579f4f,2026Q2,1,0.35087428873414067,V1
0x628e335a6cbec4b2dbcc89482fe594cb91f273318479e6930542d3cffc02f68f,2026Q2,1,0.9362212327507924,V1
0xb4511928cdf7b9a387cf3f18b19a0a842bdece1233d8575f92d15efdbf168baa,2026Q2,1,0.7955324039642823,V1
0x7434b22007745d99095c102119fdb6b975d34869212e9dda4c6c5c48db0683a7,2026Q2,0,0.03645832464823088,V1
0xf02a0f12219339e7cb16489465c926bbedc5767345aafc3679683141c6cc7c41,2026Q2,0,0.042869640597338485,V1
0x574571e4e87444e0078b7b991a43eef929be16365e607a7d9a950b6df8f02752,2026Q2,0,0.04497917643395982,V1
0xf0519224d6082069e2f4d63b7b8c463a174679a739e75b8c5c57d9e6f75b53ac,2026Q2,0,0.05518959589724777,V1
0x77791e343f0c9befba6344921e846af705e5b63937c475d105707dd24a758902,2026Q2,1,0.843114641493726,V1
0x79a3155deb0060fe904f446def4d0c7b0e32dbb0b6ec1d29900d2ae14a171e50,2026Q2,1,0.9730696623925783,V1
0x02b4a096c4e3115d67b3eb05663b29ee5c982be66f53029ddaf16b22c9ce84c9,2026Q2,0,0.036711302920386144,V1
0x9ec068d68055cc7e14d82b67da6f8069423ce64d4cd3549aeb50116156a622f0,2026Q2,1,0.10355338375469379,V1
0x8cfbeb1d72b72ee16a05865b8b2a328c7386f1f544975ab58c9f33d825994f6b,2026Q2,0,0.039335647704926396,V1
0x12b07f4fa02263c8d93c220e006b26b7e072c1ac54597ac5be6e4aab052927ae,2026Q2,0,0.04482527033472902,V1
0xaecd38f0d1b839a2621b54a6dd2a69d1f37d39c812bc2f1f1432ee79555623f8,2026Q2,0,0.03774019982282913,V1
0x14d4b7687586f20713394670dd33875138c1b8107f62f54a6b3869c7d1b1c861,2026Q2,0,0.045133585995482096,V1
0x2f99c403526da9553c4ac68218acbff90b1d63af271f0945996ce4a8efa1dcd7,2026Q2,0,0.0852022495450825,V1
0xabf5cc61e402873d84f619357c7b4673994b302f81d0cd4adff234f9efa5e37a,2026Q2,1,0.9721130956494402,V1
0xb115de5476741ec60696e6f08ed2ca791f3156b324bebe191f71e1198d38199b,2026Q2,0,0.0909656760736773,V1
0xe566a096b545e9e1ac3f2c96e3fe5b03153ec4c1e0803cada1890d78fafd01f0,2026Q2,0,0.03633246531006718,V1
0x724d7eaffc5b26082105d7a9aebd6b729fe0e87368b8d7e5ea7a9926b3077ad0,2026Q2,0,0.18595769453830874,V1
0x6f19d9353a050b75146deab85790798008f71b699232e5e237e2f46d2cb5dc2b,2026Q2,1,0.11765750893285865,V1
0xd08544f6162283dc8d0a82f16362aab837a8537379df9bbe604960eec9cd4618,2026Q2,0,0.04272262983060812,V1
0xf1f7d2cf64386174d05522499b147e18e60bbf7e2749967879ee8685b15c98a6,2026Q2,0,0.035833196783339745,V1
0x5d66f71e5a3bc66ff4894c7fbf59efaaa4c33f3689089ffaa7e0df7a139c3f95,2026Q2,1,0.28126732807335714,V1
0xb32a8f9d6a33d17afda204649706b6a6e2684f5b4a983b3713da55b51fbe44af,2026Q2,1,0.9617547713822011,V1
0xf05a4a187e05875b6d26389008dfc68edb9f026341ac98b5becf455276af478e,2026Q2,0,0.03988169776727069,V1
0x05e6062cf2b571580bc4bc39ccf243a015a1f4aaedd3e29910c371d8648b889d,2026Q2,0,0.3111743562167158,V1
0xa3b848a002b85952f7fab6337b26caa15612674b227a6246026d3c35d76fe464,2026Q2,1,0.9684984297189456,V1
0xccbfe9aaeeb3639ebae86443370a955d5273ee47e43bd765bbd0a7306d3bce3a,2026Q2,0,0.03633246531006718,V1
0x858071dbcd97be6e31f8467cba92fcb09d1d767d46da407e4434438a188b04a2,2026Q2,0,0.04482527033472902,V1
0xe6939069d36ad63a9f7fcafa91b627a3f373a3264ab0347c1a5e042c5f7d1f08,2026Q2,0,0.04170696281062017,V1
0x5a9c2289eb4b06d03df4df70aa4f853054bc168ed632650aa9dbe8e0be5c947b,2026Q2,1,0.5700324720604946,V1
0x6d0e09d0f04572d9b1adad84703458b0297bc5603b69dccbde93147ee4443246,2026Q2,1,0.9795101513371893,V1
0xc5675bc58c8117391cc243780c1b709ce1ef744aa27779c78ee82f3dc974ca1b,2026Q2,0,0.0570910404371425,V1
0xaab820131c1a98cba47b21aa12f1e8549827d489340f2685c6643b2966782657,2026Q2,1,0.8568352318099072,V1
0xa571de6630800eb1dcd9cf6a39113b6e436f748335c7bf88e126ee14078177d3,2026Q2,0,0.03546308708170778,V1
0xfa59099fbda1e0f0058ed3cbd57e939fe90ab6d9b57d53bd488bcadf75c191d4,2026Q2,0,0.04622867418702714,V1
0xe816bec99ca3380cf2df2a50742fbad4f2af679497298b93eb0c626097966972,2026Q2,0,0.12531559862906472,V1
0xbcbaf0cda0371263542ae37e012a021f0f3a1ec85a4e674f95cdfeb18fa39d0c,2026Q2,0,0.03546308708170778,V1
0x6eb70f72edc1698f445e6ad2a7392225f175f4171288e62c637f09c86593ab97,2026Q2,0,0.03546308708170778,V1
0x4b4a00cc1b9a54b43cf79dfe8efbbf66826ce9129eb9d73f2a47907072792444,2026Q2,0,0.03546308708170778,V1
0x1ded9738af1bda018e31c11e35796a2267b502aee17629829cf757425aeaaa81,2026Q2,0,0.03546308708170778,V1
0xa8a38708979d953a914860bcbd64093f7e532f300a04565e516fcaaa93942d69,2026Q2,0,0.038529997452492956,V1
0x45217673671bd96b4449ead71cc5a2cce050254142ca078d1bdfa044f60c2293,2026Q2,0,0.13339677991491625,V1
0xcb06c7dbd4aa4a8d95861b8b69dcd7d5d0d42ddefb3983fc143fdc99fd3499cc,2026Q2,1,0.6133509959476614,V1
0xe65c106aa601e254aaa51c2897d1d99be0d0f753f642422656e6aa1db940f6ac,2026Q2,0,0.5700324720604946,V1
0x8730e1eb7a53c8ae47f700f8233851cab23f1a8fd0ddd80bcbc15155ebbf5a84,2026Q2,0,0.5875286351299378,V1
0xa36f7e7b009f1275389f8ba46852ef83b8a412705a2c45c3098a40a18460bbd8,2026Q2,0,0.04199477321721418,V1
0xbd5d1e406ef6afdf1bbf2fe3ccb2b936f3bac9a163a291b58c01cd03d830288d,2026Q2,1,0.9747999935839209,V1
0x0dd54661592b361dd215f93c4e443621ae49d43c74e45d9ab7580c84f3b20a2c,2026Q2,0,0.03696596922246791,V1
0x7842b4eed48ae877d51805b0b09aad798e7ce12d52ba67f0b7e90ca75a3a6e76,2026Q2,0,0.03658460342401116,V1
0x4f9c680b7637b5e0a338cfefaf71086af79a95abdd6d906c4f9fd0c134bbf404,2026Q2,0,0.5612154492975984,V1
0xd73f60114a0e7169a55082daef1228cb27fa50c939eea22cb0589f6bac6ce5d3,2026Q2,1,0.9795101513371893,V1
0x4cdb2e75b2faf7328f3a6de172d72d4d312069484b667d13f96b5fa8ea50122b,2026Q2,1,0.06532809252879472,V1
0x962120c2418a0a31003eaaad240201cb998c2b19530d7c2e2a18540b33aa32af,2026Q2,1,0.22700822290238948,V1
0x89c30df2073bc62ae8e0128aa3bbd6642ac1a91f8fec7c97f3eb11f04898e3e7,2026Q2,0,0.03570941549788248,V1
0xa9937410f8aae98cc6440a7480ad832be5a1a998afcf5a6e77c6f5aa4c0f259f,2026Q2,1,0.28857876600069365,V1
0x57c1e8de9d359a76055fe1be95e46a1e72d0537811dcc2ccf070cdfa73d8ba33,2026Q2,1,0.2464529553155481,V1
0xc567553c26e9955a40bcf3c6ca948b32be9e65c836e4178356dfe7dffa23f3e6,2026Q2,1,0.9655238337746203,V1
0x63eed4826f75272a6ff68e0d0d6d0e0e685407a75e5dc9dd78236693c4ab1741,2026Q2,1,0.38422595888348665,V1
0x3fc804e4d893f86d49229eb42492cabf6150f5bcbf36c1b66d1e8f22bc15ec6d,2026Q2,1,0.27406976949720413,V1
0x43edd40756d4dfaa633687ddbfab445cdd21f9083a45289871e95b5292793bca,2026Q2,1,0.9111338626170642,V1
0x6a4d97b6b54f49991f3984998fc8423668b09e9ea21de7074f27ab7dd4953ba3,2026Q2,1,0.30353469101302266,V1
0x98c0aa27e741d5bfeb0a06e68bddd256b857fd27597c76c500250db1483c51aa,2026Q2,1,0.7018619580891543,V1
0x7320a31f5b0babc0c2c99e8a14d120f577affb38793379307b6f56efdb849f49,2026Q2,1,0.33470679296419026,V1
0xeea3c1ef1764cffd540a50c7c85513ede593ce3d4bfe452aec6a0bce3e3b4d62,2026Q2,1,0.30353469101302266,V1
0x81b06cb917c9a2aabc67a7765bc3c640e88a699bbf451b29915049c0766cde04,2026Q2,1,0.4897509628121581,V1
0x15aa3c1259a716915e068a0d63c3885d2301d29e8982cbb1717ecb9b63d02d95,2026Q2,1,0.19706841227903985,V1
0x797d586ad45522306490b0cc9b2f21bdf957f3843476fae99f3bcc2cec83b74b,2026Q2,1,0.8774698907010516,V1
0x824df6aa7e270678a5239d697918e918834a52cc6e59ebc25b650b2df649ac82,2026Q2,1,0.47183573077393604,V1
0x23408daff185f6c89d91bd279ce97142c573454277d72ae882a9d9fd1ae79af4,2026Q2,1,0.9779416703581267,V1
0x5bc23ef1d55fb8d4a1b21b7c8780aa1b6b019262dda806da8a79dc8ada217f33,2026Q2,1,0.9789259422512591,V1
0x136f5a0c27a62cf9a2e40a4f48425e43d61b9571a53a2529372c0065f3218a73,2026Q2,1,0.9795101513371893,V1
0xc69075e9555b2da95ac78ccea9431b89549c30181cfde6520571ff5c3d52e6f1,2026Q2,0,0.03546308708170778,V1
0x1161c3b9969ad118659e604b2442c858bca0f76d1564e277178e5cf628dac974,2026Q2,1,0.1651990417683448,V1
0x0a68368782ad0b7798c3802233513ce20004906f69d24431a548e15a19bc2891,2026Q2,1,0.974711686224856,V1
0x4b02efe53e631ada84681303fd66d79ad615f3d2b6a28b4633d43d935f89af58,2026Q2,1,0.8333854279695713,V1
0x2e94bb8dd09931d12e6e656fe4fe6ceb3922bc3d6eab864bb6cd24773cf67269,2026Q2,1,0.7774625769243665,V1
0xc84dfa2ab4a808d1b96a2cf439f8b88a1c5c37762253280deb7663a195d9b859,2026Q2,1,0.6549470365806389,V1
0x08b69086a3dae8a5b0547c0dba3c484719649684cacad12a690f26ace873b89d,2026Q3,0,0.03790979635821028,V1
0x8e945cade307304c4579f17acf4750f1c3e5a68225cc5f24d54226e2db742725,2026Q3,0,0.03790979635821028,V1
0xdd69d77168d6820d90f89550bb21bba1bdbe52e9247373105ce1a5fc9f55d4ab,2026Q3,0,0.03790979635821028,V1
0x6a71af556bec47f82e288799a073b8d5155954151b83a099265daef730ada942,2026Q3,0,0.03790979635821028,V1
0x8be38f21b6c39fff2de0258b1d18fc9feafdef9e95f14d7f81db3bd3d7effeff,2026Q3,0,0.03790979635821028,V1
0xdd05f5d5996df430308d5566a83bba6d5dfb96081e6cd9b08f0d722eaa84c264,2026Q3,0,0.03790979635821028,V1
0xe072f983b87320ae039b4987ec8da0c19c00848f57611586b5ceafbc6007b7e2,2026Q3,0,0.03790979635821028,V1
0x17414b5654467cc23ac6e5cba7ecf87952ea12ea08a8e09fbfef5f3b218e2bab,2026Q3,1,0.9793394415078243,V1
0x8147e29f9e0d127ddc8578665cacdf885f3b14b84b21f5b3f5d9494c3af4bb62,2026Q3,0,0.03790979635821028,V1
0x3f24b4802bac08dcd85567198b079804e2fe914d7391e78fa55bb96d06abc3b8,2026Q3,0,0.03843533016933667,V1
0x241196e643e4ee235afde589a4c8a4eafadf89677e0fd212791f72899498821f,2026Q3,0,0.03790979635821028,V1
0x2e74dd2439a9b97a8c62e54e8ba07671e1238b7addc8971949b1b70b50e33de7,2026Q3,0,0.038700713144147296,V1
0x7d4d6916fa50ad0be01c1c065a6b3ad95f5d444c18fc6b766a99d31173469303,2026Q3,0,0.039236764078110324,V1
0x974d4abaaba1707d0ce5e9b2db8df7d9e3e9a5ce3c3c28fc52df4dcfc72d467f,2026Q4,0,0.03772576493876761,V1
0xb02bee7451a745aa0f47d76ea8b15c2eb44b63ba78d122a6aa4d8f60ad4fda22,2026Q4,0,0.03772576493876761,V1
0xf981fb146169eac1cf8bd6e35a2102cc4f7efe92369ae1c413d532dc51d1cfe0,2026Q4,0,0.03772576493876761,V1
0xb89a21f2452a9fa13b9fcaf8361e805deaac21c5f6788ed89e32e635fdd1b90b,2026Q4,0,0.03772576493876761,V1
0x94877b77d42e820573c761e94565a75b52be2a60f4cb423be0a8ba111f26e57b,2026Q4,0,0.03772576493876761,V1
0xa0347c613517147c30296e44f3b7657c594bec7af1e69a29c8a418ed78d827a9,2026Q4,0,0.03772576493876761,V1
0x56c45af8a9da0502092edaa3ca192d0798fa02460c838f09764c90d4635b6577,2026Q4,0,0.03772576493876761,V1
0xe2abc7b99067945a75cc308dd009e27e4191e09df00b77b3d314545287eb6cee,2026Q4,0,0.03772576493876761,V1
0x09762a2578a898ecf1ceb11c4a062352594152b8e9aad445cbb57d98599e9e4e,2026Q4,0,0.03772576493876761,V1
0x9244a2a2fe4b9646eab7bfe81f175b69bc912d4c786c8eac988e74f34f224b8e,2026Q4,0,0.03772576493876761,V1
0xd8aa2c026c5679e848832520aac2ed4592679b39a37678c29c23425555747834,2026Q4,0,0.03772576493876761,V1
0x87aa0528695acd3266625acb21e282379e8bd15964a729576015542af3b36b17,2026Q4,0,0.03772576493876761,V1
0x13badb4becfa64ea1c0c07d372304abdcc2c5f3c45253537cbaacd8e10e7a6a0,2026Q4,0,0.03772576493876761,V1
0x1f39be217d3f2a907e0d978e164d9ca0a607f27267113806383fa81e47aa5d5a,2026Q4,1,0.9805651799436712,V1
0xac916b490bff5080b326eb4086a4281a0da1f678fc6453e1dbe182d03d40505e,2026Q4,0,0.03772576493876761,V1
0x32753521bd6c2cdf48284a4b0df3e8e686e65c185acdb72f075e43f4b81f91b8,2026Q4,0,0.03772576493876761,V1
0xde7d04363a3ccbb4a2bd27b052cb045997d87e0cf2f2f565fe18021b94860061,2026Q4,0,0.03772576493876761,V1
0xd6fa28dce85f3fd0c3a25f6eec7980775a9c1e321e1f988c9fbd91760908be8f,2026Q4,0,0.03772576493876761,V1
0x3d12e34161b87cc1d700f490c52dba1f26a6ba378d8a29aa59d571fc586b361a,2026Q4,0,0.03772576493876761,V1
0x33c6c4906d923ac54100a3c760965ffb7ba9f49d9767597eb2358adaf89f9817,2026Q4,0,0.03772576493876761,V1
0x981ad338d789a187680b653c2b24ed6fbb962599c1347497ad5fa209600e6a5d,2026Q4,0,0.03772576493876761,V1
0x6a642e9f63da8d3c1fc1ea5f027c9b1433b99731dca58a27e01b36de965d1d67,2026Q4,0,0.03772576493876761,V1
0x682140227736f5237b11edceb93cbd4e70ae967c16fc4bd597db938cfef7e0a8,2026Q4,0,0.0400007187199249,V1
0xa3bebe9029f1c1d6c470ae4a6ee6e5d806df30f56a80b17dffcd80b3c225af2f,2026Q4,0,0.039183162355977366,V1
0xba969da61cd51a1bc5fc2368f25d15b45588dfa87d7dbffd720186c771be7eb6,2026Q4,0,0.040138558138365435,V1
0xdc1559dc50cf439c5f97050984e11a3c0906712a2d536586df2c19dfbab2b9eb,2026Q4,0,0.04168512724929716,V1
0x089f3132b49c8db05df452752b6f3036a9e8f893e4a032cd8683fe16f85a75d4,2026Q4,0,0.03811799095418206,V1
0x3725dfa6b17797bd51879ecc3893142bf058be6c9e81bfd72f309060bb387f85,2026Q4,1,0.8505160962141877,V1
0xdcc87b9ca36015e396bd0eebca29e854a136ed2b0b701049d1ee9da6bee3eb35,2026Q4,0,0.038249601129913054,V1
0xb6bd48fa92be4a8bc52b307d9aa34b1fc79adbf58bc3ab1599a9aef0b4344495,2026Q4,0,0.03772576493876761,V1
0x674073445ab7fe8eb5a97f3624bfedc62a0482fa1fbd6e4bdfcf26060c7a23d6,2026Q4,0,0.03772576493876761,V1
0x914477a1f73a2dfb37122e5fbb2117db8d9656af85f4941e036e2fc3def9ede3,2026Q4,0,0.03772576493876761,V1
0xff7290e188ccbc8fe771b65215237d4c33ced5a9ef819f3d574abe069ba84648,2026Q4,0,0.03772576493876761,V1
0x6019cb1669ec7dfeb2eb0c7a39a3b8f806192d160467a070cc5ecf1a1128ca48,2026Q4,0,0.03772576493876761,V1
0x2d91cf8a20085e5abf4154a204cf234c1a8b6b81b351fdd75596bbc7851791e6,2026Q4,0,0.043586399749910666,V1
0xbfd4bb8d6a1e16404dd95d2e5c4af005f11f07d37da91f1e9e442e4dd9878e6d,2026Q4,0,0.03772576493876761,V1
0xa3c415670913335266c2f895ece9c9c8c4924bea9b626ad364b4f9093ec4b218,2026Q4,0,0.03772576493876761,V1
0xc8d4e2c302e248cb5cd7179c589281e93b5c594baa57e04d3f0b934bd8df449d,2026Q4,1,0.9649545624861383,V1
0xdc4b9ecbfac2c8e98fe18b35c4578a3c64e34ddfe16b1cf8a98ab3ad9d06c088,2026Q4,1,0.1638409240646948,V1
0x391e2cca67a2d49030baf239fdebb1d428b732a00d0af46a0c98866a0a8eee8a,2026Q4,0,0.04168512724929716,V1
0x38c0342fb672f38ad0990e98d6cc81d021a0c210fdb8c23ff086742b8a873c51,2026Q4,0,0.040834608414618716,V1
0xa454a98c451d635ee4d928ab690d694541868169b296bb3a5d01c9383fd8e438,2026Q4,0,0.04211671614847891,V1
0xaf8805982bfa850ee297c49d93f8168d1a273ca73b252f3c588ac2fba6f0ae08,2026Q4,1,0.9805651799436712,V1
0xb377882b1358774d40e246cbb18c5539c837ae30423f73dbb0fc39f8484817df,2026Q4,0,0.03772576493876761,V1
0x4ccff8c606ad71080c7611d28f1593a528a8ca6c11c1fb63bfa24a7eb2ad30d7,2026Q4,1,0.9802901181826611,V1
0x2bea5055e9824663f02e4ef6f9d66b22650dd9be675f42ba5be9b32a5931b8b1,2026Q4,1,0.9784825477866429,V1
0x2d8eafed91122236a8696e51ae582f5c04c1281fe8c6a8c36dbb9cf8b2e96f02,2026Q4,0,0.03772576493876761,V1
0xd054d5a23d72e41369a4bdd3a7170b9a55ea1b8023cd579588692ec0a7601288,2026Q4,0,0.03878041784594872,V1
0x4a21333b027a3b8fe9ae5ea8113d288c43aed57bf10f283e5466a4f2eaa5158f,2026Q4,0,0.03772576493876761,V1
0x2eccb9409a0a88eaadb64cbe5d229e471299fd6c73824ce3be05ce0bb47ab85e,2026Q4,0,0.03772576493876761,V1
0x7c08d2e1c19790f9376776ccbf3113340fb09f549f7f288e19af68a3a5e7eaa4,2026Q4,0,0.04269881691055503,V1
0xdce4939db6c189a46fd0c04eb12d026261e589664bed83fca8697192353ea6d5,2026Q4,0,0.03772576493876761,V1
0xa15d5b3e1047ed397cd5285d6352cb7d1552c9759dbefcdd0d61d9f17bed6882,2026Q4,1,0.980428122623669,V1
0x50c135bba33e8484c8425ce834d9afa56506dd9790538c43d994b11eee9bbb01,2026Q4,0,0.03772576493876761,V1
0xc3496089277c2d5d9951ad652461b1b9cc9778ebbf4c82b661d23d7aa958595a,2026Q4,0,0.03772576493876761,V1
0xeff97f3499e9446493240a92a098b9f7aa9529ab1e40b2484bf590b97aab9d66,2026Q4,0,0.03798681573962247,V1
0xca9d229eb89ebbc44fcee5469c9ca9c9cff9c35dbb451cd2cf2321decc933536,2026Q4,0,0.03772576493876761,V1
0x7ec3aeb17ed772301206b766dc42fddb75754dd56ba688bb714e09b0bf900f38,2026Q4,0,0.03772576493876761,V1
0x830eb792fa2f2a591b5a0610a76400f80228629105f4f5896434be777665265c,2026Q4,0,0.03772576493876761,V1
0xc11dd6459a3a82ab0563a8fd7b76a5f2249c2607a9430ed66f8f2194c70a5982,2026Q4,0,0.03772576493876761,V1
0x5bbabd359667d5bbdb9ee690bb959c9aa4cf4b08b2ae6592118a59753f622d78,2026Q4,1,0.9805651799436712,V1
0x705371444684d676041d1010a94cae3a657340fa4809b4307de3c173a35e0957,2026Q4,0,0.038249601129913054,V1
0xc82669901de7cb0be25c1d8de39fbbe8e2ddc0aacba0a30a663ed13c3b9eb06d,2026Q4,0,0.03772576493876761,V1
0x46d40e851b24d9b0af4bc1942ccd86439cae82a9011767da14950df0ad997adf,2026Q4,0,0.04962939363625974,V1
0x998acf9ed1bbda06d59df70786441468872c72b2de59cacbea93625b14a5efcb,2026Q4,0,0.03772576493876761,V1
0xcba397f49b319dccb5f1b92c3710518d1c4f8f1dee86577b4bb243f3ca77e389,2026Q4,0,0.03772576493876761,V1
0xe844e12246d8504b8ec30c1d461718dbc9645fb73487ca50e5e716eefbb2bc63,2026Q4,0,0.03772576493876761,V1
0x22d3d4722ce79dae5b2594df2ce89b1c283e3227b78718353bcca2e854d115a4,2026Q4,0,0.03772576493876761,V1
0x60acc46cda1f0619259acf3ef8c77bf734ff08cbed256ca3d1e9444138e21266,2026Q4,0,0.03772576493876761,V1
0xfee4b6988b9513dab72118c97abeb4369f0d9a7c2290337ca5d5c2f116a148c2,2026Q4,0,0.03772576493876761,V1
0x94947a23e965124fa382e3ff89827b7bb00c2e2f3f9c0b92137e639d4cbfb080,2026Q4,0,0.03904847038048448,V1
0xdb1ae961e30733e7857ebb425b5f6449fa8032de13f32c1c6e447a0c3801ca04,2026Q4,0,0.03772576493876761,V1
0x582c62c350aac2720711abeb30b16c41c5cdc9b342bfa30da380b6ea6bdeb1ac,2026Q4,0,0.03772576493876761,V1
0xecb8543d8b5072ab44f216f0d18830d0276bfcbb6b51bfd14c62540560cc7a88,2026Q4,0,0.03772576493876761,V1
0x92291ad59a105b0fb205f8aa2d3d2dbba7ee249ad6532672c854eaaf79fc135c,2026Q4,0,0.03772576493876761,V1
0xbd603617895e199d4042781ee55a7a9614af3130ca8e90d257424ca246f66197,2026Q4,0,0.03851413163890841,V1
0xfc6eace32f283eda179c15d447fe61f0426846bace5c583a967ddeaba58c2f93,2026Q4,0,0.03851413163890841,V1
0xdc609df6c167499ecd2beffda05a1ddaeca7ed3269a805f7b9a4afd5e96cf2e5,2026Q4,0,0.03772576493876761,V1
0xfbb2046e013da7b66ecedf3a9de63ce446fd57c23ccc77cd019991f485522236,2026Q4,0,0.03772576493876761,V1
0xc71855fc12bcc7fed8448d4eb863a3aab497e8bbd135ee54d5a8ddb03c4ea1f9,2026Q4,0,0.03772576493876761,V1
0x95657cd92502a3b132163cb9c77f5f16771dda1faa33a3977364f11a945d68f0,2026Q4,0,0.03772576493876761,V1
0x1d0f90b6e67d5e574780c98d42b0d339d4b17e945215fcc555ffd8a31092d76a,2026Q4,0,0.03772576493876761,V1
0x3d83f444f62b2afe0cb28485073cbf3617400d58813cd351cd4d242560ac47f2,2026Q4,0,0.03772576493876761,V1
0xc830d19ead001f5378792cc0df36004ddb1b312bb26fbd5c4226aa698c41f808,2026Q4,0,0.03904847038048448,V1
0xe4b9a52d2bb336ff9d84799b70e72e8e5f4507df881af60f3f4daeb9f541a80e,2026Q4,1,0.9805651799436712,V1
0xbba38c85da94f7a5e69f49408fad5331ca169c2f0ccdfb0aea5279dc5b63e1d3,2026Q4,0,0.03772576493876761,V1
0xcf0b7161e61ef3464827e233c06c83a93b459a939f2bb309842da3feb878ce96,2026Q4,1,0.9805651799436712,V1
0x285908f7d6ef04ca37e4650ebb8ba9b6d323bbe5ab3e33d8162a80906a552e5f,2026Q4,0,0.03772576493876761,V1
0x78a7554bdf3861f7557bc637ae5298d948fbe26632e10042b34b8a0f6724cc4a,2026Q4,1,0.9805651799436712,V1
0xe6b7d4d8b4d2ff7dc8c9e5d6dd70b6eece210b8cf9e34fb45f9b9516cc4c76ff,2026Q4,1,0.979657208574154,V1
0x61b66d02793b4a68ab0cc25be60d65f517fe18c7d654041281bb130341244fcc,2026Q4,1,0.9686324271315069,V1
0xb1d2cd56624ec8bb3d8115d50d503d0e8578bf32d754ad5fe3c0e08a73186c57,2026Q4,0,0.17389775560899687,V1
0x42164a5a57cbb1d68b26b4cd4866a7e6574fdc0ec65d881a6d6cecbac8aa2a3f,2024Q3,0,0.029968777729278518,V2
0xf8c5951cdc0168a64adbe243b468250e70a251ffea4556e7775ce430c880bffa,2024Q3,0,0.09918166226234239,V2
0xf72c6c1e44bcf0108ad3d126e41e5dac1bc27336d88edd13580b6cb0e38f2d93,2024Q3,1,0.746910635581513,V2
0xdf4d0baef31895effa199e618abe9ae3a8d6288bddcaad4e6ecd6df09594c25e,2024Q3,0,0.020659839573114958,V2
0x238b1d5bd9d37fdfb4b840be41984397d7b39320bbdf08b21ecb50cbe100186e,2024Q3,0,0.019040257545343258,V2
0x458a27ca58fbbbd96f0240b2aa4b5dac0cce9bd5e87409a4021624edb2786ad0,2024Q3,1,0.5260350356660555,V2
0x8cbe7ed53c15557150ff86b7cac54cbb469fed06e2afb82990c1d364b2b0b442,2024Q3,0,0.018890293878001438,V2
0x7bd5fb93fd2e973a5d0e8c940fb1fb3c9a910fc321cf565d6fd3d219df62969c,2024Q3,0,0.018890293878001438,V2
0x6619837b206286f5a61d0c4e7a675df4568bab2995a1c15f6da3064806cf2898,2024Q3,0,0.019343695264323585,V2
0x999bb2d458e5474e2102ee237af3673f9c9545d3a17a0e4364723add23d63c22,2024Q3,0,0.018890293878001438,V2
0x9481768ac6a92513844183022afe2f4093f38245f427cdeb291c0480f9dbbe51,2024Q3,0,0.02154776831923438,V2
0x427d1daa59182e7a2fa46f70e11c2f17d301a97cabfacf2c5c3512d991f31a6b,2024Q3,0,0.02288986800902881,V2
0xde4cff1a88bbe308aef0eb9a8b64925f23e58d8f1279d08b071c865181844ac3,2024Q3,0,0.018890293878001438,V2
0x35c34c1050c238e8d0f1fa908b24e9651ab7d29f9bc453cf321627f9764b03a9,2024Q3,0,0.018890293878001438,V2
0x73531e600541608053a7fb2fc3261821485fb0d26450dea661af6961c65bf440,2024Q3,0,0.01909050438835054,V2
0x78102af35049c87167cf4b257ed731e01852d13d5c95f05f1eaa97daaa0430fc,2024Q3,0,0.018890293878001438,V2
0x7f7582fb2dc722552e873177aad2028a8f77bb7741c79451fc037d2260291f83,2024Q3,0,0.018890293878001438,V2
0x4cb0e4f9b6d2d2a11abde7cf3746cf413e263c22f9e07b65a9f9d09850f04581,2024Q3,0,0.018890293878001438,V2
0xcaddc7b29a7f6346cae62c0833ad548c5a609f214507e5525572d31e238f4451,2024Q3,0,0.01985999065935003,V2
0x2a50cf762e53ddd52a0ad58815444feca5e22f5e24285c112d1e6dc2bb488ea7,2024Q3,1,0.7964591624151671,V2
0x8ce108abb02936b3a5b76a80d0eb7192586189cfd75dd5d254ecf2828260fdb1,2024Q3,0,0.018890293878001438,V2
0x90cf5a30dbfb33d2a6c8f3335f891aa20e5d52c6b0d6365e04e6c11cf05d6a0d,2024Q3,0,0.018890293878001438,V2
0x1500796e23793afd7d001fac0699956955875e1b2dfed19db418c3c0f4f6628e,2024Q3,0,0.02422396285042893,V2
0x9899c4405ed4cb50a2e861feca6aba3864d738223380417f2f4211bc6ba8ba02,2024Q3,0,0.026479654476905937,V2
0x5997cd6096c218411758371421538280a309fb3d465acfda751e3f37944e8ed5,2024Q3,0,0.034629394536902766,V2
0xfc93f92b41376c8caeb67fc389e8901d2959e5a998a94c102209fe34b7eeaa7f,2024Q3,0,0.23581880674812603,V2
0xa3bbcd8fb3be5275e40d789906b5731f7fdd799a977528b3d018984ad05a0276,2024Q3,0,0.04493983203977716,V2
0x325038359610a566c0963c9f0ea2ea33b2ddedf7808898c4ed4166787213f1b5,2024Q3,1,0.6009506007195803,V2
0xc11e05cc1d5aadc7a35ca4d152f0e6773acd2a38503d5129e7d988d67073ee9a,2024Q3,0,0.37030075361661324,V2
0xa88a783b0926a90c5e0a3e6543293570c16f620392f12bfc08dd194c614e7e00,2024Q3,0,0.028489577005541635,V2
0xb9d41ef3258af96296561356a8c8ed53c1e4de935b36eac5e41c4b714e2755b2,2024Q3,0,0.032117045235987476,V2
0xc0008e6082a3557c4b6274e51c8a59c3b84361d6928cc43a7379388baa95ff9a,2024Q3,0,0.027761149163515658,V2
0x911d086ef50a087b694d40ffa105b8a384a3275aa66ff4fa66e55da1ff91f6b3,2024Q3,1,0.8877278238467756,V2
0x98373b521fb96a8ac01b352d38b3095c21c8d30eadac1fe3a7e69f6c77eb2c66,2024Q3,0,0.024256014211748254,V2
0x67686aab5b3f641d3646ba30151c5e16cb296c061e69a14bf96f0b2f31ff9e93,2024Q3,0,0.018071129892508274,V2
0x82fcf854517d37de1065b18afe55d03fbcd51bdefc9637f5516ceb05e977196d,2024Q3,0,0.04847887029408972,V2
0x874113a400a67fae988f00d1b78d3157b6bb8a6c1dc9fcb70f140de7166bea6c,2024Q3,0,0.018071129892508274,V2
0xcaa9d35c440bbb0e9b7484370c990e9b7f56f19b8761b4a06178c1e4fd57cfcc,2024Q3,0,0.01821471122559152,V2
0x72ecc5173bf5e4b886e2389435e9a12c2d7b075fa925672b870b6e7dd7ee36f5,2024Q3,0,0.018949578612830083,V2
0x476e1f0459bccd6d5243a8b11510548eab856935e82319cbaf0e19c3ee17a514,2024Q3,0,0.018071129892508274,V2
0xa3e0185c69a933ea5a47b6b188570fa711ad66914c70f9149a1ff7902b1973ef,2024Q3,0,0.11818696103643926,V2
0xa3f413434b7d308752ee86c92737947b02f18ad43883afbbe3b0124fa6e46d14,2024Q3,0,0.021558463543395478,V2
0x8617f0ec3b1bb510d731572ef786a6349727878a446f033e5e16d080f5ffdeb9,2024Q3,0,0.022307655874785077,V2
0xf3a50db56417990d37ac405f01e7312f459ec364de3a4692028f3c4decc3e190,2024Q3,0,0.018071129892508274,V2
0x49d1276beb1d2ef560e9b4dd8df8a447e18bc39bc41da9eacd713d10c0476661,2024Q3,0,0.018071129892508274,V2
0x10f8cf7270b1c0ffa724d3a4da8bed6c19927f886b455e58f97f57b74b3cc79d,2024Q3,0,0.018071129892508274,V2
0xfda85d79dff5b52fee724505bb32f3301c8d58109cbc7ea6ecfb044a741da216,2024Q3,1,0.3156537687457208,V2
0x94c36af6e044a8cad438dba7db63d413a2ffea10c4681c94cd15734039f8b6e3,2024Q3,0,0.018071129892508274,V2
0xce1a96773f2e9c75fb318a636b12543bb3f1f74ed57f53c78922a1952884738f,2024Q3,0,0.018071129892508274,V2
0x624894c23b387e4bf886f1db7947afafd2f8bd963e3cdb69b8366f206878392a,2024Q3,0,0.02884557349688773,V2
0xa326973ab56abd02f43b4ce2a0532e03daff5a4f56085bbd5b0f029efbdd8dc5,2024Q3,0,0.028695424727465724,V2
0xaa2b2ed16e5e09e355cb9c023b08ebe35671531d5007c3d66e75d0fec5f639a2,2024Q3,0,0.0300745090101366,V2
0xdbf039208c7ec82f5fc414680ce98f0ce7e2bf396b12ed43e18519a354a6d7ed,2024Q3,0,0.028695424727465724,V2
0x4e4e752f13a3313eef2577a99f3aff16ac7b4f2543fd9edb0c61d8405993211e,2024Q3,1,0.8578829063796699,V2
0xea4baf07ee2bc2f92f3943bbcdb2d7b50237365586f0e98e68df32b806111fd9,2024Q3,0,0.042464537135428526,V2
0x72857b3b967e7cdf2e85258e88c7077ba22e6a3b0c1c30b6bd6fc7ee7b7b51a3,2024Q3,0,0.5090569513088559,V2
0xa267dab4540df43726f82e371a31c2eadf27f7fd9b7ca37f1dea287936a45d29,2024Q3,0,0.024293695030567095,V2
0x811b419c2edddef15dafdc687acc62643a00bb31012f29224e2efafa429a493d,2024Q3,0,0.024230091505090923,V2
0x6b695afb2a8a7365da46d41863107d09f6756f0e99a7da1da49a558dd0dff586,2024Q3,0,0.024808416953185582,V2
0x55094f77e9dbc107fc354a9b8a5939cd0b4d0cfae24c7f892dd778b565b579c4,2024Q3,1,0.12434132977858192,V2
0x74f97b1c6caf682f5ef9ccd325b3344959bf8fd38fe565e5398ecfebb827b4c0,2024Q3,0,0.03091137867622249,V2
0xb124766234e1f19bc156a0edfb492f8c4cc3fa25303e722ad52780b66a3b70df,2024Q3,1,0.21943136986348605,V2
0x3d08c5e0b1017c1c25c3ba4ea169c16bd1c8ca2e965fdc820e506f9cfb2c4932,2024Q3,0,0.03147975882532954,V2
0x2e7ea15c11abc5bdc429ab3784a156741accaaf584057a3fc3a45f7f39bc527b,2024Q3,1,0.8157175253171317,V2
0x9ced49b3bb85caa25de45a49221bd9f0ef0aca2eb80dfa2700dfe0ac37f799d5,2024Q3,0,0.02964929149036504,V2
0x2303e7d877d176ee0641ebbd6b1be54f2c312ef5f53243e370c8e89cdcdc926a,2024Q3,0,0.02926523547326507,V2
0x0e01611dacdfeb89e9e02d4e74e5094e25b6334cc0c5842e84905e1b2704be13,2024Q3,0,0.025004241397186065,V2
0xf5875410202b3545491774ab5e712a6e05a0ffe780c52270cc8d70cc95164411,2024Q3,0,0.04186596632352174,V2
0x08fbe3be22b176f9fd7a915ccd5b23470d6671747a05a4500346897f2834113e,2024Q3,0,0.06807678373731883,V2
0x3c1b76f77f93f19371d3df801047c0fba2e6ca4c4bd489dbabea990ea68f8941,2024Q3,1,0.9343027481301875,V2
0x998e4fbf82476fea77c8b150d62671c65b44002d79b5bbd7115aa910c00c3884,2024Q3,0,0.06556407904097904,V2
0x1abb01bf1b40437116748b2f30de85404349a9b92c14d21031990698915e99f9,2024Q3,0,0.16090283392825055,V2
0x8288d2d383414fce6bc4b7609ed5074c86bce99cb0b13ff01a23bad674901998,2024Q3,0,0.03525034934496383,V2
0x217a88ae576acea36b63d791fbdfeb3707d326943015136d83739e3fbbe1dce6,2024Q3,0,0.04378430194707818,V2
0xeb6e3bde4d9b0b0b171a37cc5f439b55197c8bdb16847367e760aaca572a67e5,2024Q3,0,0.03525034934496383,V2
0x2705276ea71dbb3e80c355ae99b38eb9593ecc35f27c00b1de69187b254bbf76,2024Q3,1,0.8637080078640222,V2
0x92791284a7b95ca8909afa02a41769ffef3012693f6567ad5306119abf0efc3b,2024Q3,0,0.03525034934496383,V2
0xe47fa246d7910a7a6bb1f5bb32d0eb26b0637be6d921d63f363557b8ca0c5add,2024Q3,1,0.880863587949671,V2
0xbdfeeb596891d9f498540c0aff203987c837693a805ac9e4d171aae1d2ee715f,2024Q3,1,0.8771491656804518,V2
0xd8084b77d5386b0c907a3e82567c737896ba0102af5de7ab7295aee6023409b6,2024Q3,0,0.3666634959261105,V2
0x653483009043f1663360bc35ed8fb542d3f9453916082d20ff025adaa2fe7032,2024Q3,0,0.04364922255411821,V2
0x3faf3dbf90050968deafdc980118910ebe8d2410a573bc265ba81fc4658c793b,2024Q3,0,0.04364922255411821,V2
0xe721d257bb72949a6c61a77847b7880519a6164a8211e815da15eccd750c4626,2024Q3,0,0.03394002505760448,V2
0xd6f4c41fd20b8c6d5b48d528ead981d8fdf3da99d05018443e2d5bc60085e3dd,2024Q3,0,0.034116652289720946,V2
0xd28eff5dc23bc2520042f8722add1afc39cdc9ea00650262e75a5d3bafeed06b,2024Q3,0,0.03394002505760448,V2
0x9e9071636d176562592a98dfede865385ba0cff7864cfa01f0479ca6e9e26e1b,2024Q3,1,0.8768602342773938,V2
0xea236b37f6ba053c48240dafea9b4b745ce43aebd44d8911df35302d1ac951a3,2024Q3,0,0.03394002505760448,V2
0x2d606a51f902a4d934a4b810dd77cb28bb8e40268f42354057b5a47f9799efad,2024Q3,0,0.03519517772297999,V2
0x9b277b355e9fff465381229667e064abb97ee74934af5e1a2278293f41e69708,2024Q3,0,0.03394002505760448,V2
0x3dba4e07efac6d60b8ae1b70b25f87cfb811e2163a4a63a5e4a946fbe47932d8,2024Q3,1,0.548636097685349,V2
0xbddf0dade2d66c4f9e56a2e6dc66765fb949c603e62d5a9ea8b79b8f76839e50,2024Q3,0,0.034116652289720946,V2
0xbd00b7bbe9cfd644555601eab5e6839d300f157655c7398e52363d65ca31d60e,2024Q3,0,0.019760005809943734,V2
0xb09c298a97522ee35c0e1e7e398ba256b11f5b2710ceb3ba4ecff06d3b15b12a,2024Q3,0,0.04204809397313787,V2
0xeb609d779a3d8102fc22c158b3fa6750bcfaaf574131cb72a0a15db9cea0d90c,2024Q3,0,0.04204809397313787,V2
0xacffe24670465bcb48f8c4547ea5cb1280cd2f75997f8d920e948ec6de4eaed1,2024Q3,0,0.04204809397313787,V2
0x8d8b17b92f0e7bfc44ac151b16899f92cf93497bdcaf2b32c285d23a760bdf26,2024Q3,0,0.04204809397313787,V2
0x5b59f90975e0fc9f5d29d7fd9011fe3abde15b71da5f4eba76aa32e70a1abce8,2024Q3,1,0.898221226172703,V2
0x158bef7cf4b9990e61297fe952bc6359fef06361d56604ef467a48c2055fa8e0,2024Q3,0,0.04204809397313787,V2
0x8646077009a28c44746ab87f46625d67b61394295c6be28e9ca7778c29ef10ef,2024Q3,0,0.04204809397313787,V2
0x4aa64e62f39f54545369c372da7de8bfc6b2e178b5c0f121a0177a225eca9eeb,2024Q3,0,0.044380388879576,V2
0xf4cef13ee0ed433972e45b5e8a8571f814a3b220870aa9cfefab972ffb32bdd8,2024Q3,0,0.11097238969662397,V2
0xceab7a42131f7b315aef27a5ba8dc9c850afc0a86ed5010e895192496812c116,2024Q3,0,0.04204809397313787,V2
0x33a1fdbf5a1aac32f5d70869f9ff0763004e0a7b7771140c4ff852a36e33958e,2024Q3,0,0.04215644871378954,V2
0xfa47c2b394332d3e96fc8157621fae32203349623f17bf802e459ad1e7841473,2024Q3,0,0.04204809397313787,V2
0x6a0247276c9245e24ace51b49c3afe5cf151ce96b4c338750a69f1ef406d14d1,2024Q3,0,0.04204809397313787,V2
0x6f333e6318e1fd8abb6740f71f7ae4cf362b4a5176676d845bea4d2d78af5712,2024Q3,0,0.04204809397313787,V2
0xc483b69c792573f9f551de647f7125ac1e32007e32fb6207d8ab4b25f167fd6b,2024Q3,0,0.04204809397313787,V2
0x56546e150010381a0b35589d2a775fc631329c07578f6b582d287323f6f364ca,2024Q3,0,0.04392682952150956,V2
0x416f73f19a2c2252a4310fd01b4d07b81c078ae743711bca2ac966c5c2199b87,2024Q3,0,0.04204809397313787,V2
0x4343a0071bd2ec75b68b58706931a71f7c66d26ca96ca4c81125d234cab9c2ea,2024Q3,0,0.04204809397313787,V2
0x616eec0613cc8d5de5fb019edce3f088c63564b402ec6595d369382a8224b227,2024Q3,0,0.04204809397313787,V2
0x29e03a7268dfee85e3b102511afb05e65061eee4311e96a8c7752ab264f07284,2024Q3,0,0.04204809397313787,V2
0xa1177936cb7d29544345a68374111557d773b6afab82ad592a3b067988ae1f3d,2024Q3,0,0.04204809397313787,V2
0xeeede9bf71456ccab79adb1f9e02a1c48c26ff084f1d895c7d7bc300af54bbe1,2024Q3,0,0.04204809397313787,V2
0x1115c00bd814cc2f621c497bc3d76e18446cfe559b0786c72422dd6e663f4dbf,2024Q3,0,0.04215644871378954,V2
0x57f90c89879a5b5e69fad9c2a261fa6f44f3653001aa3a02446aed92aaff21bf,2024Q3,1,0.24920096192623617,V2
0x37630dcca267923467e502f8218cc99deec4435ea8e9230992630c707f534aad,2024Q3,0,0.04204809397313787,V2
0x6b81ab9a87c537bd7fa76c93fc0271880f73f8782a4f8d23b810446a9bae295d,2024Q3,0,0.04204809397313787,V2
0x2f4dc2d6eb4d8385899d543c44a994949a260f34a3f6df2e9ef5d8697ddfa7d5,2024Q3,0,0.04204809397313787,V2
0x8b30c71fafd16c5271f7aeeacfee58e4e58342e9c4ed76fc633b9a76b1a1c0d8,2024Q3,0,0.04204809397313787,V2
0xd83c13f14529750b296d6d2b327cbcadd34c2c3e673f4242c1be94d462a36617,2024Q3,0,0.04647721277860424,V2
0xd17fb425586581c0ca95c4b5029d3c9866c3ddbd54cda63f814a8a5723c3f3b1,2024Q3,0,0.04204809397313787,V2
0x596659abde2aa38d8fab1231bfcea2ce9a66288f3ae4c7fcef0a8d4c74240287,2024Q3,0,0.04204809397313787,V2
0x8d42a9ba7c39659bf1401fc6e192b47aece6cdf4e615722d2678037bcfaa631b,2024Q3,0,0.04204809397313787,V2
0x2975406109ebf92cedda5862edc43997e1e5464fe5b2c27d4ba9f1cfbd39b8ba,2024Q3,0,0.04426658211742139,V2
0x708b0ccc7ada9c78ff4d1de75d58518440102029e195e28fd131744dbe052d1b,2024Q3,0,0.04204809397313787,V2
0x89e2bbbd8edfbf77f96b92db99f854d7f1384842a52c5bf448800bd6324a0b6d,2024Q3,0,0.04204809397313787,V2
0xb9d3b6eed7846a5f8a570db4ece3fafed6a666b4eebed1b0ba509e76f42b24ce,2024Q3,0,0.04204809397313787,V2
0xf8f125be86218ee3a8e982e4cf41053dc671e74e0d542d220aed66d0ff5f84ea,2024Q3,1,0.8989557251219414,V2
0x678de6f4dc2befa069fb01525e1c936b228866d4aae59653fbd9153c62226534,2024Q3,0,0.04204809397313787,V2
0xe64f063b9e2b02f8ac679ebacfb938088c1ddde2a953a1ebfd4a92b802910371,2024Q3,0,0.537215104886744,V2
0x4ee4ee07feff48d430938dcfb6ede634403c9474e7158fefce2387aec3e8f872,2024Q3,0,0.04204809397313787,V2
0x1b60fead57018405d3555612030acdf7f46a35955bdc697445708be31188cd71,2024Q3,0,0.047439095171467986,V2
0x67d4918c6c8cd6c1c831e1555582d6e39c0fef1040a44bc3bf3a9900582d14a2,2024Q3,0,0.08075233898962124,V2
0x6083e93af7bd4b4d45d6cf8d7059815fe073fcab1df2d5e0e08f53ce54eadc14,2024Q3,0,0.06683470486334869,V2
0x50f6877cec5baf47454a2c29395050fe48df421e4425bcc71925267452ab4fd1,2024Q3,0,0.05622344175752313,V2
0x2fc417b2e4f3be9d8007d48bcab0e9c3015c4e988f0faf3d081f08ffe0317503,2024Q3,1,0.25358989489052347,V2
0xe707f17bb93a38e0d23ee211419fc70860c1aeebd9cc9141b8efcc0ead78526b,2024Q3,0,0.05330348202734877,V2
0x229c4674926a0d042e5f02f74d6ec4c6afe63847b0fdfb6c63fe18ae338b2628,2024Q3,0,0.05840054478373134,V2
0x05f242284d310c0face95345a008e80a530d41a706ccddf47167a7ebf6b76717,2024Q3,0,0.05357529017857344,V2
0x0590ee8929a1178e5490b8a98915d2e3697b5b67ec7872cf3d102814db65e5ad,2024Q3,0,0.05694052625471598,V2
0x59b8ed567c7e887228ce8a4e262317049841346f9c9f0d39bfdcc1108b652033,2024Q3,0,0.05412283350912389,V2
0xde20ba1b4fa2f2aae4e0c2dae0e8e111986743b094952272730607dc9d4cd8e1,2024Q3,1,0.9235157386698292,V2
0x3538387b73b008cc3948592999d43fc03d9191a8c1bc9963bcc4689dbf7d71fa,2024Q3,1,0.9115400791729867,V2
0xbe52d055406efaa3252c8bdb4fac57f3e3e0179f4abd7feac32425154ef40427,2024Q3,1,0.6658031006268565,V2
0x7ab9c0b2396b72fcc4643dc03c835cd2dbbcead944b261e653de7d0851a2493e,2024Q3,1,0.8835290053909034,V2
0xd013360f1511a7cbb64b70aa0089ce9a0b3f4ebc23dc4a6892e6d38aa8132ea8,2024Q3,0,0.03181622753629888,V2
0x6a031c4888fcfb886861d3616cce760ea284dbf46e355b197400c2b12a4c37a6,2024Q3,1,0.8757336032054457,V2
0xdb1c6497f967a07e89f2956f10edfd3289443e46c6453058f0934ae32936d3a4,2024Q3,0,0.03181622753629888,V2
0x5acad359612174a78b4815a95412aff62fa35ef3411e1bd59fa2fdf7b7699601,2024Q3,0,0.03181622753629888,V2
0x590559163a05c7e4d56713d51639e94a0c6ee906aee788098cd5487d8bd1836d,2024Q3,0,0.03181622753629888,V2
0xdc0305fbe2b2851d4820af3461fa70c43641cbe4fb0e74dd79bfbd6dc89f170d,2024Q3,0,0.04687813149780511,V2
0xcd97873041bcc412c9efec2af8db063bac7f8e2038ec500c6e9af3723b6324cb,2024Q3,0,0.04687813149780511,V2
0xf0abd3a7cc2e06aa79553f8c4e92ea18f8bd3d5e075cdc2daf228a16e9ec4156,2024Q3,0,0.04687813149780511,V2
0xbb651bf09b0db35efe77e9323eec6f09fbd14ae8b64e118dfb12ad6aeb581682,2024Q3,0,0.04687813149780511,V2
0x99c0965b13b8374737bf087337afe310fe9fe22d0b2a35d7972cae10ddba2711,2024Q3,0,0.04687813149780511,V2
0x952e08c11823ace3e9a7c00c2f08eea5cf7d6f3412a2a509efe3dbd16115d21b,2024Q3,0,0.04687813149780511,V2
0x57b8a07a436c48ba108848bd3197e1109257dd93b38669b8250bd98f45d71af6,2024Q3,0,0.04687813149780511,V2
0xf637b48cfbd112e298d991930c77340c78eb58ee4824b6a408287dadb6663d8a,2024Q3,0,0.04687813149780511,V2
0xcbd8b18d2be8101ca0f467e0840adcc52381c03fde07884c4b1ec0ae8356e0ed,2024Q3,0,0.04687813149780511,V2
0xd898154718493ff0aab781ee5db2fbbb44a5712800b571629a5846cdd570cf8d,2024Q3,0,0.04687813149780511,V2
0xdd866827787d87ade4ac9a515e1e748a2ad39f374f2c522a16ee8faffef4eb4c,2024Q3,0,0.04687813149780511,V2
0x516926e359f14dd1e7b5d2c54948253a521597169819bd896e80e11223862e04,2024Q3,0,0.0645750174398876,V2
0xa72e30261eb4eb9f5b463f4cc0a20c833e8530be9fb37fdb37f5c735539e5931,2024Q3,0,0.1853871350753455,V2
0xf4e6589ca397e61af654e4c801569d41b4fa9e97a25a846f625b833d9f964bd0,2024Q3,0,0.044912212934412984,V2
0xaafae2f4f25c0a1785d421d152b2a30cb04042d2370e5a04762fe70abb97d6c4,2024Q3,0,0.044912212934412984,V2
0xb0f35ef24df5dedc6f05d78dd5227d2d2a9a8389809cb09dd232ab5e52db1cc8,2024Q3,0,0.044912212934412984,V2
0x31aafb7b283edd5c841086cbf43807f2fe53fd36638bfb09e2edefd3b567cfbe,2024Q3,0,0.044912212934412984,V2
0x4b42c17d638e0054120d84a48212d84cfff94bec59d7249c2283f12119861c22,2024Q3,0,0.044912212934412984,V2
0x6db528a803c762a17e401e751e59c6dd4776e510fb4cc093d2c28f8e1028a945,2024Q3,0,0.044912212934412984,V2
0xcdcbe22d75154a6063c32f42319a56d51b72cbc51952f574f0477af36dbcfe93,2024Q3,0,0.044912212934412984,V2
0x0317ed1eeb46a4f7b517925b61bbf94d8371ba45c58a0c2eb89d447e87aba711,2024Q3,0,0.044912212934412984,V2
0x3addbd9ce42c7e91ccf7575fb4ebb8b7168d534a7e7d91312746dde58e0a9275,2024Q3,0,0.044912212934412984,V2
0x951cc014c30d4d9f18f4738905e44c8613356379da583fb76e08b60855037a03,2024Q3,0,0.0239778176696392,V2
0xd93cb2d70e5e00e804ff2115f59aaed64cffe4af275264e9a629e1e4ad3dab80,2024Q3,0,0.0239778176696392,V2
0x41190eb9336ae73949c04f4900f9865092e69a57cf9c942a6157abf6ae8d16c6,2024Q3,1,0.8386598004657372,V2
0x768603866bc5ce73836ccae47d72ee47cdd605d41320d3894ca41412f784d775,2024Q3,0,0.024167174610951334,V2
0x12a0cb60174abc437bf1178367c72d11f069e1a3add20b148fb0ab4279b772b2,2024Q3,0,0.024167174610951334,V2
0x757fe19cced3f2136ef1dc0e0163b9996a68a330a8d2338835e3b81a31fcac91,2024Q3,0,0.024550273323944775,V2
0x3648ab7c146a9a85957e07c1d43a82272be71fde767822fd425e10ba0d6c0757,2024Q3,0,0.2640540202575159,V2
0xcc8129a275417b0df7e73e5cb6ad066861b949fbed3575195bf6ef0c44dfd663,2024Q3,0,0.024294221952738653,V2
0x6541d506c7a337b80fb9e4ed7487347a90d8c59071136e7caa11dc42b3755eb5,2024Q3,1,0.8270698561774327,V2
0x4873de62c03e7ee0776aac2c26e32d9466b631af8af0169e2cca03bafccd42c6,2024Q3,1,0.1772978967029432,V2
0xffaff77c56cb9f1e322129b8e1e525ceadd1d0e8dc2a62a4b33f3cb23bff9572,2024Q3,1,0.6027322752107676,V2
0x0a533c938200a10df86423dfbe621a2f36bfd4abc457615cf4992ed721c566bf,2024Q3,0,0.015562210244041938,V2
0x6cc501fa617e3a46ececf6e3990fe1afeeaa6bc897d3c7049c005fd1bdc42c2f,2024Q3,1,0.0914489225945986,V2
0x70357debf15a956d82d8b2022aaf5f868763d1d0716d2c6e5ce35712e49a3b0f,2024Q3,0,0.33536142931263524,V2
0xb20072387cd12bc73f3a6fd30fdd5aa1644c8f72f958803d90fc05c51db0ac49,2024Q3,0,0.0168910404707922,V2
0x57dac01cc866bc75c238fcc14f8a0d2dbc524a4d3378f800d640c15d11d7c545,2024Q3,1,0.8324256606865686,V2
0xbe2b2808fd555bc847b54dd65116539f79d1639d27a17da5626cbd31e2835683,2024Q3,0,0.14263034135589014,V2
0xc61529c5988583ee3a6f753bd15db17b81ba19548a607e00f5238d48eb38a10b,2024Q3,0,0.04566113084319768,V2
0x4727f17403578f6dcde55e284c0c62fa2b773bf14f9ea1478426b26f0e5a439d,2024Q3,0,0.04227465899142866,V2
0x4868359ffa5253cc5b4ced05612845ec5bd7fb4072324b62332033a8f895bcd3,2024Q3,0,0.044390435171096684,V2
0x687b8358ae0cbc82595c58a9f00ab1f12ab447c63a8940eaa3f522f10685dfcd,2024Q3,1,0.9004318559044704,V2
0x0a011ae478add880492d6d8e5aa98213405b7cec1e1cb34b84bf4c1bad055b2c,2024Q3,0,0.04348754581439986,V2
0xab66a7d5745fc4da8a30a67665ee1de894b740644e643a6c6ec39b17212e4df5,2024Q3,0,0.05728891318878438,V2
0x006ee68a0b2273785450167ca50b8d27f2149946ac513fde4e86765e53e35d52,2024Q3,1,0.06499044979636094,V2
0xa66d14ad94746e868fc81a76d3f67cc4583a2ab08a5056e07e4b3080c4ce04a9,2024Q4,0,0.7452128503543015,V2
0x0dbfc0ff56a16c101cb521819a4f84a3e1066f51353dcf9a4715619445646961,2024Q4,0,0.011449507098533391,V2
0x15e0b146150e82b933950410f5b55f6ce0dec34d3f49573fc462e9a09508a6cb,2024Q4,1,0.02829490417748544,V2
0x8dc441a58abb86dfa3f97d1e9d1fb81b3ff4dfdf387e86e9d52fa07a2c7b12c0,2024Q4,1,0.5162165009146049,V2
0xaef532e27cdf2efcb16c3ebbf779a24634afe30d74e005c20aab3ec09cf5e476,2024Q4,0,0.05457124955907149,V2
0x808dafe4b275bc66788b6a5a56cd1ab8cce1e74a19cfbd999fa1267270abde54,2024Q4,0,0.032444389756396394,V2
0x8a795ffd676543bfb778c846ef581db319b824cd0273966d2e0c1773d9f58d77,2024Q4,0,0.03738832335596934,V2
0xafd8bd9f9f4fcf42dcd1a159990126dff2ffe8b3afb9543b4a4e565c94b0d0f0,2024Q4,0,0.025027440785985688,V2
0x208721a1cf3bf7ef63c58140d47054496aaa9dc0feee9f3bb0d95f8bba375230,2024Q4,1,0.32576332834747834,V2
0xb49048083ea92ebf7a9a798f553ccde94ca107acd996dc5dfabc6cc9921055e9,2024Q4,0,0.04925706581031662,V2
0x9233fe6628a1aa25492294ab5774bcd18ad6accc00d883da620b27559f32c11d,2024Q4,0,0.02819546189828003,V2
0xebe18843b0e316b35f4fb6b3b8017d5f0a5b84fc8289bde7c696550c1f3e628e,2024Q4,0,0.17950759565119845,V2
0xadbb278b8c577de6faa2247dfdca7455576119c5452cb0e410823f7ac74d09c7,2024Q4,0,0.07548658881766707,V2
0xa334392ed0a06006c57dbf787ee9eaf69d52535ee8b8d8786ca271592a7f46d9,2024Q4,0,0.07473606030134551,V2
0xa7f3e4ee9cb7cc36843b0bb41117edb5fe02e8353b0bf3805e84d9177d23443d,2024Q4,0,0.07498547118278838,V2
0x1c1efa8eb7818fec6bde890578a2c6efac5a8555dfce507d5410d792e190e7c1,2024Q4,0,0.07498547118278838,V2
0xe80c03604e9055bfa5ed975f54f0e49b2846048a15e65541a066a8cdc984f139,2024Q4,0,0.07448741218933397,V2
0x8a579cd0c850c9d7ad0e4e49aa987a1a14a2c768c40e9f0f7210edf19692b23a,2024Q4,0,0.09992474124479973,V2
0xe12d115758e9e24fc40fda30fadce06aa960bcb5336cbc85071918a5c7fdfa2d,2024Q4,0,0.018330569950107567,V2
0xb2f7ed87460c653102e97db0d70e9fa5a8dd65d8ded48a6cd98ee6991afd8c0b,2024Q4,0,0.4281523339693662,V2
0x111a93cf9000b6d7f004327c60e01374596e3e3718d37054e4b525151916e38e,2024Q4,0,0.020938687360591898,V2
0x9a6aae9fbe7ebfea1527b25b0b83e7fcf22ccc6216deb414c3e830266dfc36ec,2024Q4,0,0.019661051453158284,V2
0xc41d35f42f51f45b2126b878f4c81c517a67c33d6a0fed11a77684d9ebb22dc1,2024Q4,0,0.02211059852704076,V2
0x2093833fcaeb0d0dde38db96c9ccd9ed95abfccae6e9d661ac1598ad51344a70,2024Q4,0,0.022062696793333194,V2
0x360f2bc551b4c3bbe5ff9b3ccbeef7902dc57c35fda25cb5581b6d8cef9e51f3,2024Q4,1,0.30903714125217474,V2
0x457a6133557b924bc6ffc9d7d3831334072ee526b209963629496fd1b82ad500,2024Q4,0,0.025108727091231065,V2
0xdccfe732bdb97b0c9157d27d5f8f5f8b51fab0d4453f0885882b0f73fbe18b32,2024Q4,0,0.04473205935040132,V2
0x942327fd128651b66c74c380f3de60e31cb7effc25dae0771699048b50a19839,2024Q4,1,0.9552482012556561,V2
0x626436e51a9b7486bf356594f29de0c729ae4e88b4c196e58d2eb9cc8d4105f9,2024Q4,0,0.03655033795791469,V2
0x3b692dcdd40f9bfdd313e251c0d5fa4b7cfb60194f321d2e81ef2c846523543d,2024Q4,1,0.9486455373003361,V2
0x8565c04b7cb5c2837d6c3347466a430cbe678a7d6428a48e5750749a26fb815d,2024Q4,0,0.02766233914402528,V2
0xf55d2f81238a7cca0879dc152c4a5a51566c7a27f5fa4e65f7a04ce2ec039492,2024Q4,0,0.031044720999259607,V2
0x37a570f13c5e78f85eef34de2430736e15691dca8f5820946388bc15b9d956e7,2024Q4,1,0.974039640361572,V2
0xbb977da314aec0e32081a1a74823f9ebecc726c2899fbfaa5c113b2932ad0e8b,2024Q4,0,0.029357509729045658,V2
0x0c7d74eeb5c8e9ee6f642a190e445ae853f54e3e36d9e290de7dafb54f8c3feb,2024Q4,1,0.9733945247193647,V2
0x825979da04e73c1f0df28132de975b19a53b54faf7e672e822aa10c9031c1201,2024Q4,1,0.9724458128364738,V2
0xddbd56dc728feb63f3b3276bbc23be9241c1adaaa4eabdc5733f3a34de33041e,2024Q4,0,0.0508923510763764,V2
0x2e57c29fd4542e9dd9588966f198307890cef3c06225afc395acd9c8ffa31d74,2024Q4,1,0.974039640361572,V2
0x037f0d4493a455779744fbb8154f729462cef4f3d6f28fe4f95ddfbc6559f5fc,2024Q4,1,0.9704488104845954,V2
0x0644b8969ea752fb1434d720f968832fd51cb4485771ed6fa18029e9972491bc,2024Q4,0,0.08417474495740883,V2
0xb9998922e9b800d3c8dd65636a4f9905bae8d587f8cfd78d06c6209b33bb46cf,2024Q4,0,0.03312837013794306,V2
0x7ba7837a3ae2e0aaa1a5e4a4f2b8ece8855ad0190e12d4cd0d372edd70174dd1,2024Q4,1,0.058245972462612976,V2
0x285e4aabc9c3c3234e3bd8f1e35aecde7dbb7cec879a53b231a2bd78831a3c63,2024Q4,0,0.07621166585218737,V2
0xac5fc54e2b52e942afd4e10a0239df729e4bd9c3c60361f7f7eaae9bbf81fc0a,2024Q4,0,0.02441600254430183,V2
0x7edb08c2696bd1380e7c9db88298afeb36d856a1f59cbf3d02b64f13506523dc,2024Q4,0,0.11089457782043557,V2
0xff5f61bd2d5522549b203694503903a1d65b21436e2736077e88d3faff35bfc7,2024Q4,0,0.13405627501914885,V2
0xe1dc4ae259d47a61f59c76462e1f087e94cd027a3c79827f476469f1cf1c1982,2024Q4,0,0.024142667411172745,V2
0x868de74d879cb10116576295577b377122fdbf45d400c723ee739d17ffa4a68c,2024Q4,0,0.024142667411172745,V2
0xa744830d0000a092e0151db9be472b5d79ab2f0a04aaba32fb92d6be49cbb521,2024Q4,0,0.024142667411172745,V2
0x972520d8ed44dcd71fff95b44e2593750d0e44323a5ccd2ce4bbbc540427bce9,2024Q4,0,0.023392629132341743,V2
0xa78d39676ef44a148c1b847597eb7fb318649b91cb4ff16af97909e4b4ede082,2024Q4,0,0.03449210147289759,V2
0x34a16f264fee640f237dd321ad1aff1a754406a09f6ad8e428c9bee89d302582,2024Q4,0,0.024229627422932196,V2
0x52a9a4b7a35c757a59ad12148cfb59c2eb31b95a52067fc6ee30e31c65469195,2024Q4,0,0.023392629132341743,V2
0xfd87909158fa8139b8a11f3ae2af8f68f42d5fa7a17e892b984e43b76ae51dac,2024Q4,0,0.02457254352390141,V2
0xdcca092aa2cc55f8053437e3f71ee853aa89f28582ac98231b0625a8609df32d,2024Q4,1,0.9689930179108736,V2
0x8ec05d89f299aed5c6513939dc5f2067ac6e7b3139d3671a54d784a709cf79ad,2024Q4,1,0.968337186469781,V2
0x75b11a483569e10a365536325111eaad75ccc9b02cfa7f26dd4695772943f5f8,2024Q4,1,0.9696356910868141,V2
0x6689c157a7c57f0ee8ab7feace215061cbb8828191854fe81f17976ef33b023e,2024Q4,1,0.965696707479326,V2
0xd3075114225f4516ac3443314200c9324cc3c8ff16587ca6a01aa7876c8391a1,2024Q4,0,0.023392629132341743,V2
0xb99eff637eb58e40828b38d07e3fc60d5dbefed78abcd50599e2e86f4a6930ae,2024Q4,0,0.024400498143943357,V2
0x38c7a14f589e49f43e6bfa9ed465441cac588d2d1c7c1415945df80e111fa5da,2024Q4,0,0.023392629132341743,V2
0x7414ed5a8062029b6c25257247ecea29227827578db089960b7e3ba1c203cb60,2024Q4,0,0.023723987406220497,V2
0xa172152ff025922441a9ab090b09193c5890800b1545c08faccb0ba37a67e3bf,2024Q4,0,0.023392629132341743,V2
0x19c01f1f32c93f71fd8a12deac61cab575e239eaf595a38dbafa5d76d5b44f26,2024Q4,0,0.023640720969778407,V2
0x90f5098954615b11f095156ac37913a70f8c7cf2978ab6b61d8d789bab1cf2d9,2024Q4,0,0.023392629132341743,V2
0x78234aafc88ab34b177109a5448cd90d7d1fd4efea1983d19fd67eee78ff0239,2024Q4,1,0.968337186469781,V2
0xc01816a94cf33dae70a037ed4e1ba632a5a32bbdb1d6b802ede5b375f88ad91d,2024Q4,0,0.023723987406220497,V2
0x848a2388c956a70178e0f87e21cbee5c01b68789398a52fedc4fbf998c8b85d5,2024Q4,0,0.023557739729808114,V2
0xdf6d80630b1a593fd771ad168e2c02dfbda514316ac7a316595aba06980502e2,2024Q4,0,0.023392629132341743,V2
0xa6189bf3578eaf477e1af4cf60253cde50c66a6db9f311d8e6d4424734bd602d,2024Q4,0,0.023392629132341743,V2
0x600cf95bedf92ad19b05f4528595e8b4e25cce738b644646f9a49e4c84081b41,2024Q4,0,0.023392629132341743,V2
0x76dbb81a9fd937efa736aa23e6c0eb33aaf0f2ca4aa6c06da1d5529ed236ebfb,2024Q4,1,0.968775881746121,V2
0x2d705e1f43d6460d03dd62f0161c21d685332b419e075a7b7e1b6ab95e9543e1,2024Q4,0,0.023392629132341743,V2
0x92b8d97f175b4461fdc7db0f2bff9408e0dc03a23b2d51ab64f9f808c41aa3d5,2024Q4,0,0.023392629132341743,V2
0x55f8995a52478c39481ebb7b9c9cb78c2ca69871c226e9404f55aa0b59a1e920,2024Q4,0,0.03748915285039315,V2
0x29b319d3719e9c4f6631bb95a31a81b6e860803fbfeffaa250b605804fe464cc,2024Q4,1,0.9696356910868141,V2
0xcc78239da94906bbf74b76b71cfdf05b653596c3f81580edfeddad9a79c48488,2024Q4,0,0.02483283081678231,V2
0xfcb031253ecf0d6b9f75e3630dee3033ab6c8ee9cce0a3e47285b0d15d717b32,2024Q4,0,0.04989796460384439,V2
0xba8ded3f29006bb62e05590ebe5e04dc24e129e5c9d01e66e2943def1f780806,2024Q4,0,0.03801241733365517,V2
0x40e783a12a83c36df40550c3f5a2433ba55a9cd312c31d808cc0c2c3ea747b1d,2024Q4,0,0.024229627422932196,V2
0xbe3afc95f538c106696a2b76a1eb6e2191b622b224ae9d888343ade752c634f1,2024Q4,0,0.030853540751398754,V2
0x9c9c47de9c871b6cfbae8956f3586f09ae131c44f73e478bc824c106489dd930,2024Q4,0,0.0417321842355872,V2
0x2a9c818392b7e213bebe13ef773d2ecfe637221dbe04c4b9f47a3ce890f1cf4c,2024Q4,0,0.057381616417748346,V2
0x8651d7d8b6f27328ad61fab52940f3e689c73695d622e193df138b19685da421,2024Q4,0,0.039351440012924455,V2
0x28f66bed374181b08fa7b7eead51d69a4a1af868f8e7ff6944c649822d76aa03,2024Q4,0,0.02948398698120054,V2
0x26c0b0cbc44517dfc8ad8c750ee24e048e5ca733155515c0ac4bce686317bbb1,2024Q4,0,0.025629914881231237,V2
0xf32f38434f2192f5135e007f2bc102a6c7dca299fb9b7e71b76542891161f6a1,2024Q4,0,0.024400498143943357,V2
0xb11c064ef5aebbb887ad14ae1e5555eb5f997dd2182907d8999f27ff5ae04fb8,2024Q4,0,0.02431491642723787,V2
0xd007d71fd17b0913b9d7ff198f617caa96a9e4aab1bed7d6f9abd76bb17dd507,2024Q4,0,0.028173458879392498,V2
0xb0a06b05d49947a302d0c3648add3b6d6660380de6bdb6b79f0007f18daf3adb,2024Q4,0,0.025095804295398014,V2
0x5605bc5d7557217f5ebb00d00f639ac8b9da949016b8cabcd7e9183ea1cac060,2024Q4,0,0.02431491642723787,V2
0x831ebc7fa8c94d42d526bd6ed622afde66cbbaaa2f14a480072d7b5e58f0c7ec,2024Q4,0,0.025095804295398014,V2
0x3c3b3cd604871d9247512a0572c49dfb46c6e5d981f9e35e3018fd91051e1272,2024Q4,0,0.025184063575794387,V2
0x729d6207e0e0093ab731cdb1c476bca1739280ba91cdc702b0ae53068ed65198,2024Q4,0,0.028670677016690044,V2
0xc6485bb7ea46d7bb89beb9c91e7572ecfc72a6273789496f78bc5e989e4d1638,2024Q4,0,0.25261042972651104,V2
0xa650b0fc83f8b6063ed31d2fcee2c30c60405e7215341a5563f1236f5542a14d,2024Q4,0,0.023975507208547964,V2
0x7da35195ac3c7bf167f88ab0c27067a99020e36de67d39968b71d9debcdd925e,2024Q4,0,0.023392629132341743,V2
0x3ac961dca3c4f0fc34bf94c661962012ab5e8bcdcadfc99affa06eddde00b29f,2024Q4,1,0.7808258602233987,V2
0xfdcd333ff42c2908a1c1ba56435e9de40969c32c1e83a1c2bc76352a74c5c0d8,2024Q4,1,0.10426481599419471,V2
0xd987b38ecf3bdf4cb69734004c51238875411e0924dd0e9b30e3b31e623c4f00,2024Q4,1,0.9385085819161563,V2
0x272461ac34da7a85f4c7f6cad291b10b9268061e5813cad8c9cb9897cf0d94a9,2024Q4,0,0.033662368274992124,V2
0xff5c1e73e31ad495136fcafce90710a3a1771a96f07116db60aeaae095c0ec29,2024Q4,0,0.026731538658647396,V2
0x4215c8a5b70a185b1b808fa49411a83c02e22bc35d48bd8d61d141c3365f91eb,2024Q4,0,0.024229627422932196,V2
0x438a3a56964f33c393d34b0e57f709bc1721a679c962e81642e5487930e4dc96,2024Q4,0,0.023392629132341743,V2
0x34b8fa269775d034f3d98b6848e0a7c5212efcaa0c98e6f8fb54c5d6f72b3705,2024Q4,0,0.023392629132341743,V2
0x8b6d62510907ffb835b26f6dc52bb0b1effef6a5c9139c89ccc753b9c58fc482,2024Q4,0,0.02457254352390141,V2
0x23df7c359c5641fceed71bd62edda6a4a4997b66566d137a5e639434c8444b2c,2024Q4,0,0.02927858617079631,V2
0xb26fd99a7b7bae4e13c9bb3becf65353708a805f9c1aea74484d107e6ba512cd,2024Q4,0,0.023392629132341743,V2
0xd01fe5978b6bdd202a82abeabdfd6a32552c15de538a8f17e4ca18af3757f9af,2024Q4,0,0.023392629132341743,V2
0x475e0fd32b211c0cfe6755638efceba2373d01a7224c7750f77f978db104f639,2024Q4,0,0.045956262072782486,V2
0x14a087f7b1b23b9a3c32799255edf18832d548302d6657efdba816a458a18d4f,2024Q4,0,0.02927858617079631,V2
0x70de1b06646805d289744df352ed58b5612fafb3d0322e483243c32cb110f8a7,2024Q4,1,0.9692086920784966,V2
0x768eb43d1b7a745e0df1bb6050ab54aa3975fbbde6e23f4aa04cb527f5ffed2e,2024Q4,0,0.026359307425929276,V2
0x215625b9e962f3f499f832c77dd4caa400bd8435369b5fd65e8673c8b2c4da66,2024Q4,0,0.013145187984221261,V2
0xe32b258020c4663576e22423fb9792932a44fd5986d5081bee13a7c7c684281e,2024Q4,0,0.015097432066506314,V2
0xced9f9d90c94db9f1e1dbd7d9fba82fe4fa7431c0d4e91e28896c8ac2d6acadd,2024Q4,0,0.013145187984221261,V2
0x40bbdd26dc08406eedcb913efee7f7faddf50e16fc21caedb4972d57fd71e0d1,2024Q4,0,0.013145187984221261,V2
0x696baf880832d000a37ea87cc94235b1ac58e7e9fe7a144ccf5d141877629134,2024Q4,0,0.013145187984221261,V2
0xf6106065ec5d5dae7eca350be64e5246ae331b35937ea55b64152f65fbc0b37f,2024Q4,0,0.013145187984221261,V2
0x3120827dc12167d09fd9f08233e2b540054a2ed90aad65c023bc1da9d38b29d9,2024Q4,0,0.013145187984221261,V2
0x198d833c085ed0c858165192e9fd446c5392dbcdedd1132d89c578c0b5c29b2f,2024Q4,0,0.013145187984221261,V2
0x08f5fe8d0d29c08a96f0bc3dfb52f50e0caf470d94d133d95d38fa6c847e0925,2024Q4,0,0.013145187984221261,V2
0xb92f22143e7b48609a82573fa8197dc73683a15acb467b0f51ee63da7e3f520b,2024Q4,0,0.013145187984221261,V2
0x37658cacdccbb4d2d6dd4cae8cfd43b268e695aab51973a70be339f1b90d9a94,2024Q4,0,0.013145187984221261,V2
0x6d617a838210e0710a2a946814d1f26ed6bd3ffb76d0ef49959e0d2f75556944,2024Q4,0,0.013145187984221261,V2
0x55c551896c10a74861f2fd88b4f928694310114704cc74b29b9760d1156cade6,2024Q4,0,0.013145187984221261,V2
0x73ac4c1e5be0a89685328c9f5b833d828ffd62dfa07ceaf8536edbc43aa5f51e,2024Q4,0,0.013145187984221261,V2
0x547171b466f04230c9a6bfd13a71fb24de3442e10ce5cea95232d970f36fd5bf,2024Q4,0,0.01323895026121001,V2
0x63634b4e14297a748923f86dca4fa0c6c659db0f5fadeeb8e419e48e20759c34,2024Q4,0,0.013145187984221261,V2
0x21dacbae08cd922e9fe1e5f3a4b2ea09820d36f2ed368d6b53683b0fc1f16fe1,2024Q4,0,0.013145187984221261,V2
0xb80a8a4ecb9344bfe81bb620638fa2882b5f57663bbe268c4bb2b97ece7717b9,2024Q4,0,0.013145187984221261,V2
0xf3a7a2365b6ec113117184bb2d1b020577355a1028fde0b32671c4cfbbbbd589,2024Q4,0,0.013145187984221261,V2
0xf75076205d589c02ac13263b0d59041563695a7518d65134f8eb8c61dda22262,2024Q4,0,0.013145187984221261,V2
0xf488aacaba74914fe181c68d8b6195e13c4ec8b6c1b215c299d297666297200e,2024Q4,0,0.013145187984221261,V2
0x534da3946b8da84a8687e346e735fcc1d7c7078c057b1a7769cb9991b3e67968,2024Q4,0,0.013145187984221261,V2
0x4eb8e44c37e307a2125f400b675e98861d091f9e50f5be07a25304c930cf85aa,2024Q4,0,0.013145187984221261,V2
0x0c12d7b5322f432a0c4ac8806b476c7483c4d44061ca1188b6f749ec9db34996,2024Q4,0,0.013145187984221261,V2
0x037c9d29c04a2f6a5373ae7db7779cb40a751ca372de1e55999397a8f571c67e,2024Q4,0,0.013145187984221261,V2
0x230144e34a84dfd0ebdc6de7fde37780e28154f6f84dd8880c7f0e58d302d448,2024Q4,0,0.013145187984221261,V2
0x01a9eea306780839c5cf9a15a572a438c23af6c49b57f67e8a379f5e48e0e4f8,2024Q4,0,0.01328607852590851,V2
0x1b43e21dc696e34154ba0d0a9b351264a86d773bf381ffd0eb5d2124ee783b33,2024Q4,0,0.25332912280056696,V2
0xfc1c0fe6de97b694ace35cb972c6249f88bd3736ded927c8951e5abc30fe6d5f,2024Q4,1,0.02749679401812769,V2
0x4aff2043986794ec80ccf4c6cb2f2848d902a570c7fe166fb575dd491758e546,2024Q4,0,0.025725061128713922,V2
0x9fdc4c7b35db7e7299a9f41c2b76644dd9d2923852da5881035f0bbec2d5e1ad,2024Q4,1,0.12507361946218523,V2
0x663547d11940a254fb40518c6ded62ce8a96b8ac317957f6168d618fa526b023,2024Q4,0,0.013524213694559029,V2
0xdf36fcc041cadc34d517a8548330f8bb0312c9acef4f621c89fee89610cf995c,2024Q4,1,0.9230346768595583,V2
0xfd17ee27498ae7f11983620f9e7377a25d94a9046dd75eaa00b8b30b600b0bef,2024Q4,0,0.01867088582109313,V2
0xb467b29463dfba230ccb24eca91c03c53665e9febc746cada108c63830b7573d,2024Q4,0,0.013380832123809368,V2
0x47aa18816785d40fb11c68fa6a66a426a35c9bbe82643cef8eab21bddf78781e,2024Q4,0,0.013717748645714753,V2
0xb1de4b144ba2d4beb2a1983c2c9a14268f5226bc9700b7e442884f00396b7178,2024Q4,1,0.9279980894472281,V2
0xb6d19c0a24290dcde7ddaae53ec13a97b7e808bdbdda98ddf355e643fa9abcae,2024Q4,0,0.017030449855189117,V2
0x03ae1b62fa4eea75c286e9d461afa30d943be864f61dcc1f86f6764c4ec099c6,2024Q4,0,0.01323895026121001,V2
0xcd1b6b71a1964f15e2c14809594cbfa0d576270e8ef94c8c24913121097e09e5,2024Q4,1,0.11444983629008473,V2
0x265366ede72d73e137b2b9095a6cdc9be6149290caa295738a95e3d881ad0865,2024Q4,0,0.6474971502933605,V2
0xf8965140c41f13be11ee4c7d10f2ca021ed4e5e0ea68274e88eff7e2d7f13c74,2024Q4,0,0.013333372291766005,V2
0xc5beee218c5ebc772faa7f53a7196a3d1ba16dfcb74767586c232c2e3c89ed3c,2024Q4,1,0.9366232993665089,V2
0x25e48d2f5c66a03982f233e67f8131159e884dc186e6a55cc2e413d07e74830c,2024Q4,1,0.8624850456686644,V2
0x2f0bae3cdd6c42468ebfd30df5a93adcbe666d891674116b990bae8d11b7f511,2024Q4,0,0.03510364237796408,V2
0x20d95e0fec7d27f3072f4b9b72aeacfc2e54bd70e69ad6e03380feacfb5c6c84,2024Q4,0,0.01323895026121001,V2
0x352ac53453f995e751d2d90c7d781441eba9d1c4c7ebbc8e738fc570a543665b,2024Q4,0,0.13317050017207438,V2
0x98bafdb1a843ad1ee3f10222f43c8b675940922b119c0e0364a219281306098f,2024Q4,1,0.6062542307621348,V2
0x163854cc14ae2580e74e10bd1a5aecba0036c893a645f280c0f820dee470676c,2024Q4,0,0.013333372291766005,V2
0x5d7aae2086ed7e3ea82b65f5d8ed17ac4fa241c92a0a167bee0b356ae498f802,2024Q4,0,0.016790973790149197,V2
0xc1a4830eef6f60d9e0f05ecb5aa81b11d7d361e1a869c0138219840af849a986,2024Q4,1,0.07948144628271538,V2
0x0a006c3843ea6b6959b46a46b7a0cdc52ed8773ba19d769b71d0d8b2650476b5,2024Q4,0,0.0193422841884498,V2
0x46f808f72183b93d6fc32a519b02a6ac87f2478d51615d099af8e1ba4b5f6902,2024Q4,0,0.015922065800855454,V2
0x2bd564bdef719d33ddc1c564c80bf0b6da83632e902150e587964a91c1152ec9,2024Q4,0,0.015258923288288992,V2
0x78dca20ad6401138b24acc0d953b58fd2676128a92afb515f257dd334da9023c,2024Q4,0,0.013815537721749151,V2
0xfe7d8d88ba361a47853735fd80825dbe00a0b7912b8257725d02f7123c4e2411,2024Q4,0,0.013476252255634721,V2
0xc8ca6de72307c6640b479edd36c7fa2a72aface0ad576d923f3404e69c798fb9,2024Q4,1,0.8541665787526557,V2
0x9d455df75bf78e1b541bdbde04322a94940a9c2513c1f6a937fffe834255fa30,2024Q4,0,0.0392231328674407,V2
0x6a425b7b03692e2409f1c9471a9de354c1a9d5989f56c5dae0ef66b15f589de9,2024Q4,1,0.9331156866349316,V2
0x67749947d4e6a3041b36a90504c81545710fe044e0b1ce4de513d43b243357ed,2024Q4,0,0.19701624168046714,V2
0x38bc6b9fbc7f22b58a9b83330709e2fbb15ddbed7f2277831c8c3df0ee20475b,2024Q4,1,0.580190678454341,V2
0x57dc89d2f5803961a1c72add5969c2887f9591821d05421f2819fa17b664dd59,2024Q4,1,0.45496733040451237,V2
0x7eca3eee73a4d437797aeb9a1815aaf4484403bdb926791f7e5c435a7f05f0e3,2024Q4,0,0.23344270837694717,V2
0x6679ee3522c4fcb5266bbddcf75973bc2735d9c80c517e7c179c035680a01cec,2024Q4,0,0.01328607852590851,V2
0xa4d3d05f19370519b12ead7c0c33b7c3f9c8b4a1d0020040ffd13ca01d6c0adf,2024Q4,0,0.0158657375322813,V2
0x56b4aec4a24e21a2f82a3db32085c851ef03db7337f757d0647f6eefdad072ab,2024Q4,0,0.01328607852590851,V2
0xb8ac153a019048d4a963017c64725c5d93dc8baad3f67870bea8874463458b53,2024Q4,0,0.017030449855189117,V2
0xfae4fdaf7036a338e7ec27b790ed39e7d11b64dc0bd26cdd5e8ccb01ffc433b9,2024Q4,1,0.9301339229549452,V2
0x8ee7186b5c39c64efc6ea96a4025afe2aa58fdeabb37a062b3f9517cc3a1657d,2024Q4,0,0.01328607852590851,V2
0x0dfa89589bd8ecc00a593f1bb85dd8dfce41df5ffa16426fb23ba5ceb3daf241,2024Q4,0,0.013524213694559029,V2
0x521a7fb05fa539cddc4b5c573fb3888a143b1262c394cce452189e67b53d0726,2024Q4,0,0.01328607852590851,V2
0x5b6ccf86a766f363d0c3d24f17f40974c706d85c67827d4f3dcaeae4b90070c9,2024Q4,1,0.934230747793404,V2
0x8525f7e85bf8ef24d29899a79bfa74b2fd6b9b50283f21fc003677dd8fb14705,2024Q4,0,0.014264161506125956,V2
0xf6b7915ba50b1b67039083b3f6f681d59205ee60b132d23deea171eca171968b,2024Q4,0,0.014063027484621118,V2
0x21133a92321c5791d36ec7cac67ac6fab6c8ca3fa070ef973f92f65234025ae4,2024Q4,0,0.016910295200454905,V2
0xcce784dd4beda3cacebafda5c5e3922e7881b495e0a43fe75f4b098bd04d241d,2024Q4,0,0.013380832123809368,V2
0x9df4efa8764eec4d1bd089e8598447d32408951ad502f483eecae2e0a19480bd,2024Q4,0,0.7254747219404575,V2
0x99cae1b83694726803dd03dea2465fee332ba788b8a9d24e42e9ddd5391c6b9b,2024Q4,0,0.04628199416637653,V2
0x2dfc5ff604b12ac8721316b109cd786b0da27a24719238bb23aa7882d8f3b3ab,2024Q4,0,0.014063027484621118,V2
0xd1cce1f51effdf3957144fdc87b5e8aace1d1f7ab21976a046b71744ecad8443,2024Q4,0,0.013145187984221261,V2
0xdbded28bb7b5ef0ae091e60894c4c8aa1556de87d2e8edac6104be50b69cc6a8,2024Q4,0,0.013914014067789459,V2
0x4962f97cb1dc4be4382141a45ff1a38ead37ab3d98191b854c0e6cdd52bfca19,2024Q4,0,0.014519569535177372,V2
0xe1137532bdfac886a1338e341df14cfc4c5d59ca18207352819c798abfa58d41,2024Q4,0,0.014727135636368629,V2
0x7d8633c04403a076b45530d1f0a02506aa93d6569aba91b111b2d9877445c58d,2024Q4,0,0.014416870034057264,V2
0x8009308fb5bea84c1eedc10fec72fb1d9ebc33d31fffd89f65a34247a724f246,2024Q4,0,0.013380832123809368,V2
0xad6d309aaa500d96855996e84da00dfb2379548a693ca684d0877cf94fec05d1,2024Q4,0,0.013145187984221261,V2
0xafde9e890a2db339b6515cd75c2d09574dcaf731b483a1ef6ea0a3abc5ec8abd,2024Q4,0,0.19138111416930909,V2
0x2010ff3939e8e664dd57369aa907bbaa6d03ae18be27fe3ab2f4cdcb95a8b2ab,2024Q4,1,0.10327880758138074,V2
0x136e99098f7d4087b4c5775d9f9a512de67e50bda37e88fa86b05a226c390182,2024Q4,0,0.015642378607530743,V2
0x14018049e265a2d88f284be9588e2e3542e3a3df08ccdb344d28355dd7fdd8ef,2024Q4,0,0.013145187984221261,V2
0xdd22472e552920b8438158ea7238bfadfa4f736aa4cee91a6b86c39ead110917,2024Q4,1,0.46839189851235447,V2
0xc53c00d3ed7df96cb528e049ca2d8a6056b620a82bfffd3ad58d35c5f92c02d6,2024Q4,0,0.0821564987618765,V2
0xab0132a0b89e43d95c2643ac835877c757849e9a64ebac3c9f0c4696db41a288,2024Q4,0,0.013145187984221261,V2
0xea080bb58bfcd23b6b140b6d032d998ea2658c473cc6135f602361767d984ccf,2024Q4,0,0.02749679401812769,V2
0xac2e6d8f4b3022aff8050bae1924250702cf424b970986b2ed850736d8148bf0,2024Q4,0,0.023896086906728307,V2
0x421c3221b9529524a3c8b1640869a24200633a8f2cbb0785783661ba0b0fde53,2024Q4,0,0.04789781622461028,V2
0x83ef4a16f2efdd4b269d1eeeaa2c5b53d62c1691875cefe24ab2409ee48de0df,2024Q4,0,0.07192749087386764,V2
0x96261daed8514e7626debfe92b1c7b33d61f065580a2c991b6d6d3fb366b7372,2024Q4,1,0.02749679401812769,V2
0x170e269fe2091f2092c5c1ddafca0519081a0bafcb0941ae13fbc1addb08d782,2024Q4,0,0.030431660454432775,V2
0x874903f053ee9e1bc4a270a6d40886deaf61e6bfb373ecfbbd03d8e1053f7ceb,2024Q4,0,0.013524213694559029,V2
0x1cf5bd0d52535a933caf43f80f783801c8d9e3535e9f66986b1e5ec64430101d,2024Q4,0,0.01328607852590851,V2
0xa307945df868b9b1e7378bab702f82da547144e5d264e2894a3c163db348ae03,2024Q4,0,0.013380832123809368,V2
0x158fcb0b8844c9cdecb95940a3a1a643799ab8d03f6234d449ff344e4bafad6c,2024Q4,0,0.02563495574380968,V2
0x1a98a4c6a8e9af6340bdb4e076ee0f07eb7363fb752fe028aa9d9b337e189767,2024Q4,0,0.015097432066506314,V2
0x2815a243a0021f3a00ab110f8185d03a491cbf1a9aaf9f1baf1c1f2a16fb737a,2024Q4,0,0.01328607852590851,V2
0x708fb14a697184ca11188ef64ea38ee355349d9d62db5654f0204e32005894dd,2024Q4,1,0.9407666313223282,V2
0x5b19d5d3ee794049f4ff27a66d87a7cf3fc55abf317e331988716a7b41f0c297,2024Q4,0,0.013428458588879174,V2
0xe005005133803bbc7cc16b0295ecb797cc8763f81ab0f2a6c4c90a817e794aa7,2024Q4,0,0.014264161506125956,V2
0x4e2f47832d9b760e5cd51368e899e421d2551524205cce86cf98ee9ec0703a88,2024Q4,1,0.9419593023068933,V2
0xf6d2f149653747b4aea397565f4f562a50e0b5e0860c739f9a1fc79b76244032,2024Q4,0,0.013815537721749151,V2
0x4ea4e8587b99e7fe73a7448c87ef492e284bc6b465e4973235c081a00017465f,2024Q4,1,0.9374730246539117,V2
0x7829bbc06202abf9db6b04e3ac3b9038922392d40b0344a398bb9b3852be29e1,2024Q4,0,0.01597859080522282,V2
0x58d102be7f1046597d9f208b84a0d5f844960151bc771bca1ae138353c4caa50,2024Q4,1,0.508862932016943,V2
0x84ce4228388d675bc145b41f362a00fdea9d72616d1eb13987e11215d772a9a5,2024Q4,0,0.01323895026121001,V2
0x75e90d6830fcc4b274acdbf8869a8b0f464a67d0b86c97d3081a8696a3cd8134,2024Q4,1,0.8491624855610863,V2
0x6281da0c3cee2da5dfbdbaa9489b535f2295bc5d65159c4718d7f95738ddebc8,2024Q4,0,0.013717748645714753,V2
0x47fcd892db3b4bb786d598607fe8e65ebd9c245a203a2e6375f74d6523137826,2024Q4,0,0.013914014067789459,V2
0x7f1f8a4728c54dd23057ddd2f690651375539ae7fea37a00f42c6f1890cd52c4,2024Q4,1,0.9331156866349316,V2
0x27e47fcc55d252f5ffeee42bf8e2d7d6d5a54e4ff7a31e95e5cb057e18b7d0dc,2024Q4,0,0.01609223367957135,V2
0x4508a8705c853ca5727dec327449916f7524acbc4d8abc4685f25aad29c7c4d3,2024Q4,0,0.013572343477963817,V2
0x05904e19533e1babd563de24a3da89d87d00741b98b6dc692025f21ef6c52319,2024Q4,1,0.8347964505353463,V2
0x8cdce5c6fbdbade86234d95f4e665e2499780ac4c67ab64d0e5b5c26e029d381,2024Q4,1,0.9431294104308828,V2
0x61810d94c38e0fa31c51bfe8f38a5daec47cc06cd0e49a14155ed9fecda46ab9,2024Q4,0,0.013333372291766005,V2
0x05d769a6ba5ac64ae196ff0120bb7400b6697a5cf94573f364d35cc28dbfa22d,2024Q4,0,0.12118566933482348,V2
0xea4002c56d118cab706bf6cd34783948f5523a06239f7e59f443ac683f0fa140,2024Q4,0,0.03510364237796408,V2
0xc65fdad4b98c013eb3bdf964f36fa595f82d0fed3916ba2da6d4568355b167a8,2024Q4,1,0.9062119923426223,V2
0xd092a7bd509c547431c12e86c8e7df40194da3790af8b34aeee04dcbf2e2359f,2024Q4,0,0.023896086906728307,V2
0x4302790173d1f5b438ac937d1fd64360f8a134589f3d490626f7c1f67b2b3611,2024Q4,0,0.013380832123809368,V2
0xa923afcb8297e3ade170f2f8c088f3c277557fadef2c67054d72cc59f8504b2b,2024Q4,1,0.41953793533144024,V2
0x357378be4b958929f618b03a935489b0e19ee4e21247f7a89c4ec036fe95d3ed,2024Q4,0,0.013145187984221261,V2
0x34b5567e4f9a1b9561fba0f39c60b4da1f33052c8918dedc954401494d947cee,2024Q4,0,0.36801404636293145,V2
0xa59e2e79dc1a564477c8d77dc32c30b37c0f4c8782c8cc062a7f788295cd91bb,2024Q4,1,0.2888713337751596,V2
0xfc85294228f82de21e18774b133a6db99ddaf4ebe5bf8c4f6c356ae4901d1165,2024Q4,0,0.018022364352933758,V2
0xf54c534528539874c62dc06c41267493e44c21e47a0206fadf77beec68019578,2024Q4,0,0.017090841400762207,V2
0x940dcb3b8d94c9325d574b277fad827b8c73985f79eceb8f3f37fc8c9c7fa413,2024Q4,0,0.05129146475211774,V2
0x0a3ad417872942ecfc92d57db03030badc8972406af588158761e72289b5c381,2024Q4,0,0.0650407404412555,V2
0xa325d584041ea5ec44e9f4d8de4d2e058fa3ca80d89a5ebc0cbccdce87a651de,2024Q4,0,0.01954827969868499,V2
0x54414f64c75284767b43807332d67e7300a5e9dd1549c99443848416ab9ce63f,2024Q4,0,0.023896086906728307,V2
0x642fcb3aa23395cc587a7825a37694867f440cd71976849589041e2361fb5c86,2024Q4,0,0.023896086906728307,V2
0x13137815713e2549030a2cd576f14c4e0442a7794782bc0ecd392b2090edfc1c,2024Q4,0,0.02655000427362885,V2
0xcbf51fc68dba66dd5715fd69c9cf5abea1fd8634c8df380bf79eecf0a89d3e09,2024Q4,0,0.02075682881022884,V2
0x661a6d0e875ac492ff936bbe61b899ef0dd48f44936f33438720d484fdfcbc7e,2024Q4,0,0.02227247274676053,V2
0x208938ca6a4b6474fc1a9346b6415c69bca34854f27e232200dea09eb18d23aa,2024Q4,0,0.01328607852590851,V2
0x0a573d0d2e1f013707b2b6b5429b35db371fdb31f67909ed719abb381b1de6e1,2024Q4,1,0.9376837886694017,V2
0x1652ed7c8396de76eb1c18c202e75def313f836c8184f52ae4236ca26990f115,2024Q4,0,0.015642378607530743,V2
0x20eb5023dbcb09d0dda6fe89885b6951c33c3378cbfabfb6f584d3d0bc048a7a,2024Q4,0,0.013145187984221261,V2
0x7b101c49121dc1f4913b60c29f647802e15af05c10464686594098f3f73f8fce,2024Q4,0,0.022429858606347105,V2
0x02bc0bbff054877a08cdc4f9ccf4e7606804bc05c27f5faccf26c6e1666a5558,2024Q4,0,0.24657791770884033,V2
0xbe4f88565882170b13a66967bdad614a62c63b025e150e347d10553c58575287,2024Q4,1,0.9121570370063213,V2
0x1092f6af37037a3539947b2052eeffff3608e2b68926340cab146369d3d2aac9,2024Q4,0,0.4728779151570857,V2
0xbb01eefb24a38a9aa1921ec168d3049e7374b28a2540937d06b3ff2524d66627,2024Q4,1,0.20865974388069833,V2
0xab9e5e0621918f6d4d8cb0430cef4d16e8d964e8c10cda60fcb48673e1e8476f,2024Q4,0,0.03162248525629088,V2
0x052ff66bad8c4792750d1879c482d562eff17bfd1bb5c6fb278e07e9d44c459e,2024Q4,1,0.9391406613684724,V2
0xa0de93ceb5e777e92f1d0f2ce78fdf0ef14989f09b36d53736a01591a616c0ce,2024Q4,0,0.015367527680641499,V2
0xbb2169f3a18a62a9dd1af9a46f723bb39355c8ee1ea23badba3dc160a97409b2,2024Q4,0,0.013766557566909041,V2
0x536edf11e2966f157280f0def83fec67c215be63fe508a7128793dfc415d141b,2024Q4,1,0.6804210220974607,V2
0x29e7164544fd3c577bd2da5a9079ba388b1e4dcd6c52cb70bac4eb75abf00173,2024Q4,1,0.874804391032164,V2
0x1ac42f552c368e9356a5442152f2248511719c161c62556532d15ec1df288047,2024Q4,0,0.013476252255634721,V2
0xa6e7131f295407c7f56304d6a368a3b98ec280e162bfb38537da392305b202cb,2024Q4,0,0.013145187984221261,V2
0x155cc0bfdc26383ddd4f6718de3839f5e987a7d1da74b8979363e9a96d0938d9,2024Q4,1,0.9372615954932797,V2
0x10223aa80307fa55f3e1d078f33fa42785d3082a7dfd47b64986efdbb4834231,2024Q4,1,0.8667008162772256,V2
0x05a16ffcfaa6948233c1cc448f87acddf1ea144597b424739dd4a2e07f397b04,2024Q4,0,0.015753668556708896,V2
0x4d848bab2da79b9ff7f2b2b0d9ddb048bb1fb47e9f782887f16e91d27de41279,2024Q4,1,0.7325884993809515,V2
0x7d9a43bd2690f796900680ad88d02134d4ba70761c19f2de9ea59c5b6f55830a,2024Q4,0,0.07688619841714676,V2
0x8f20ff6ed2ba1e234f35e701a50c274ffb64fdd8d621254d017db0445486ab79,2024Q4,0,0.1553621557063642,V2
0xdd2f4921a562fc4d18c0bde327d2a9315352a3ba4137656112b9b1770fd1f2a9,2024Q4,1,0.5625532976160708,V2
0xe2a9262148bec59cde1581988431069d083faeee3361779c4b0aa265138f7c44,2024Q4,0,0.09679641894651854,V2
0x7606802127355512c8f8ff9c70ef27a2717a8554374d84452de4c7d28147338d,2024Q4,1,0.6958752674637816,V2
0x362dbc85c50dc05041b8f46f9e34c9d723bda4efaccc448342c23689e2a43993,2024Q4,0,0.20865974388069833,V2
0x8f97d034bbf01cd874af524cefc6d83deaa25373c1ab4545a81589a4d3d2b2a8,2024Q4,0,0.11014237778422309,V2
0x773f3ca26bdf685da92d2a8a701dd98e4e8b46e0b5366cf09aed9eb8fb6fc189,2024Q4,1,0.6645600153039858,V2
0x464970747ef4695bbf1d46757b122caa5b3fad410f8a79bcc773e6524b769835,2024Q4,0,0.013524213694559029,V2
0x4430403d54a2a79a2b3043294f943a4f2717dff024629cf4a3e73f0151fa0df5,2024Q4,0,0.03486049835149912,V2
0x70533a0b0b3dc473e897553ab369ec00aab1742a5c183561de6790db5cd4de6b,2024Q4,0,0.01328607852590851,V2
0xa7b4202e7b52aed7a7427e592d41618f7f8dcd66875842caf197d8e5b9f47d72,2024Q4,0,0.03402221537030757,V2
0x0f32d4d7167f073d9d903b91b48dfe08d2762e8b0a29e14e649bfef89512ce61,2024Q4,0,0.018022364352933758,V2
0xec759fdefb182af4237d9e42a7c715be7a4213afacb484ddc066290a0f84221f,2024Q4,0,0.017519513626773092,V2
0x910cc8289ec1fd98364e7338297d87e581af6feaa5fa12475e4d5c10cb7658b8,2024Q4,0,0.029489762916645127,V2
0x979cbb2e8d07cc08126c046b3a5fefadc73ff770389f46ca89dcd76de1e60ed7,2024Q4,0,0.02075682881022884,V2
0x63b1697d66131bce1b4d406599548bb6007671197a1596b6403335f2592a61f1,2024Q4,0,0.018022364352933758,V2
0xa10585d295fd84294c356b51e66d2e1babe1de48c42c1aec743d6a4a8965b68f,2024Q4,0,0.029489762916645127,V2
0x71636521d7c97d55c349b637390fb4497d4f8ce52529ddb6d9a4ff537069d063,2024Q4,1,0.04789781622461028,V2
0x9a8337f8f916283c359fd01452ed5d5e1e5e64f5287191b4f134f25fdc8e849a,2024Q4,0,0.03162248525629088,V2
0xd5fca9b9146866df0df3211bb9008d884a2648e3b15ca6ec51d4a5b50084d9d6,2024Q4,0,0.02749679401812769,V2
0x2e317c0dceb7b4ab2abe7c43f302b0253321f92a941709f871975799fd5a168b,2024Q4,0,0.015313130700999641,V2
0xd05a884bc246748d4c200eed230b0c44d13866ee65adb146b8bde020f3be5e9c,2024Q4,0,0.029489762916645127,V2
0x96f6fb6567b5938fc3c2e75f9829d7287340b9581a9c4817b8bc0aff82e1c45f,2024Q4,1,0.1650499315937391,V2
0xae43e53d8516dd644c2b294c6fcdc8b345e905352672c7f6cf1ebfee127d9409,2024Q4,1,0.4998607119654081,V2
0x2a1b9dbbe06dc0f6df7897c2154869a56bed24a2dc538b68b336e03b0c9625c6,2024Q4,0,0.029489762916645127,V2
0xe1565440a5643fb6fce8235617264fa18a24c1bafb4601f9c30aeb0134ac79a8,2024Q4,0,0.03162248525629088,V2
0x8263c57e320bac37676b2f3dadfe37c2c9243dde44c440531eb5b5fcc6b9c2bc,2024Q4,1,0.8624850456686644,V2
0xbee3dba85ba4622e2e1c215adcbdc8f012dc59f904c52ac539db7ad26b20b6d3,2024Q4,0,0.07948144628271538,V2
0x2a63e805241caa902acca7426f1fd5e643978676a8bfe39c6b329dcdcd537c96,2024Q4,1,0.07688619841714676,V2
0x3353f0005d273aa63e233aa107e71cf8d95744c6209e8e0c857d6555768190f2,2024Q4,0,0.014937624044336807,V2
0xbb958c943dab682a60d421effb917b6b66760905c23e58efd22699f278185444,2024Q4,0,0.014013182373351201,V2
0x78e20dcb15d578061a6df0c5014d66cc21244bad6848336f3513493c65cf09c1,2024Q4,0,0.033904059451314104,V2
0x007915eaf3a6c3c7f2c28a3f4984e257b69489defc4e2db834a1418ad9b433f6,2024Q4,0,0.022508958511823204,V2
0xcbecefa16a7a3531950c1b5f327a83ad0fdf448bea6f4ec7bc5b913f89ad3b05,2024Q4,0,0.013815537721749151,V2
0x08a131664f87229dbecab1af132999fff2f4da146c7e6c07423827996af5bdb0,2024Q4,0,0.01733451883295501,V2
0xb156f975ef4e42fc1c32bb838098adcb91fd88f4cd6be2004b95ad53540a7bb7,2024Q4,1,0.9405656331163009,V2
0x2b75971d9f62ff8adfd1b246b263cf41f6995eb06514c7b7adc77354d70d3b46,2024Q4,0,0.023896086906728307,V2
0xa7a031b137f7a4bbc90e82625a8421725344c5c602ab52622786c457238ce142,2024Q4,0,0.01328607852590851,V2
0xa457cf5d0184d3c4e68ff04e79357bd4dd5b68bdabd018855ef0ef1c790c7b76,2024Q4,0,0.01328607852590851,V2
0xe90fde5bbf32a779f5ad8cd47f890acd9f86b73e34e0f620698122052189a079,2024Q4,1,0.8491624855610863,V2
0xb17631413f217b33763f011a61990dd420f760af13bba6cdccd68c52b2b72d4e,2024Q4,1,0.7325884993809515,V2
0xac7162f96876ea602d984de6f9800b8a4b8a45897e798a7630d9e004ae5b9a0b,2024Q4,0,0.0821564987618765,V2
0xa059663a859bac52841660e1fc2ed3fc247f04f549e3fb306c531527a76514ea,2024Q4,0,0.013145187984221261,V2
0x2d75f221ec38a3c8a5c43507bc44e68073a69cc26e249afa37bf97d7dd207512,2024Q4,0,0.04032336073714641,V2
0x58798f2c10ec863168c5fe947323744562c404280427c7a47d196a875cf0e0c1,2024Q4,1,0.12906798568789213,V2
0x77ec24a85b85b8ef4e43974fa4299220365f50c3dbfc1be52a9c42e73c4d3bd9,2024Q4,0,0.013333372291766005,V2
0x9216286e80bbcd2c6fbb7a976666a945c87f7072733fcb0d1ffcb5a25655a81b,2024Q4,0,0.013428458588879174,V2
0x3bf616ac5ec8252bb7755bc5f686b5c3d22b6413e2f128a57a9dfddf5f024544,2024Q4,0,0.01386468969362474,V2
0xf4640cd41c414f694cd33e049e0c58092eea15bb7e463af0124695e46442742d,2024Q4,0,0.03634407188026897,V2
0x9f41292bea56c1a5671306d4285d1912af1a23e62bae6e58e6c0dc517cc98d46,2024Q4,1,0.8491624855610863,V2
0x8d2f66a4e6b5dafbfdd266b42a020cf88dcf21acdac6d6236ceec94580b4b502,2024Q4,0,0.01328607852590851,V2
0xa4c6117c3e921e491139cbebedb9c411ac39893c59ff8d16a7c74ea48d223dfd,2024Q4,0,0.03634407188026897,V2
0x6e4832d8bb73fa29bf29848a4687a379a2565a4ced2cb2c87b849fc51da4bcba,2024Q4,1,0.9062119923426223,V2
0x3ceadb2db8926fcc1e9f5b28d765ee20721f2aa9537bdb5d17f0fa2ab7cbd5cc,2024Q4,0,0.023896086906728307,V2
0xaf99acf92a4bb951c070b5de3ae11718f31d5478742fc4fb0101afb71e2ee3d8,2024Q4,1,0.5625532976160708,V2
0xcf263497b4bd594b3eaf650de77df2483c3443a929e815a4bb8ce2b8cce50de1,2024Q4,1,0.05129146475211774,V2
0x3fbebb49ab61b4cc904734399d431326d5d5cd22b0bf985ab73a1d691483301e,2024Q4,0,0.025100742815860236,V2
0x1fc1e5595adab4d8160b2fe72cfed61131e3d5e61b5c334160d1729d7380ab16,2024Q4,0,0.019612505450237704,V2
0x61962c3f51c9c2e4f3885da88b70d3378a822830e42df02a19c7b035737515bc,2024Q4,0,0.019751474670559824,V2
0x20e2d5f8c92270e87a3f60672a67c649e781f9c2ab8b30055ce4e2fb48c458dd,2024Q4,0,0.019751474670559824,V2
0x2a3a29b57597777e5d2941c419716b02a7b8c43b5c19c4ac746ae2d9c720cbe1,2024Q4,0,0.024313639896582917,V2
0xe4a9b98237a29e778ac5717e3d29220bb2f0c0370e8e3436d4a277853556355f,2024Q4,0,0.025538794851414092,V2
0x3d31558105899ab4025075b92cfb127fae4be0e9644a6895466aa50e2de37e72,2024Q4,1,0.9413516982653196,V2
0x26ee82bee2493a302d21283cb578f7e2fff2dd15743854f53034d12420863b55,2024Q4,0,0.17477345853290663,V2
0xb96ef5b0b0175ed86de4df291a3ddb6a739f47d191eb3125f7e52352a6b35fd0,2024Q4,0,0.03499985150803506,V2
0x64491574bb603c1bcda36090a23d8401db5116cf7c48b4499e4ec44386d194d9,2024Q4,0,0.011407796100775528,V2
0x8abc1dbf73fec5af7107a682fdbecce4f4294afbd84fd4d857b103dd8a32f2ce,2024Q4,0,0.012936841474853192,V2
0x80cd2c45399e16f58d51f9b10a9b376880f1d4cc47caf14732fabc10698d8ee5,2024Q4,0,0.04572432102431296,V2
0xde869f771487aed89216a080b2279edc9de57735172f46d634643c0403e988f6,2024Q4,0,0.019209620827552367,V2
0x0cd78cbbc9196f363db2f4c6003504168526b7deaf3d1e79231d1c2ac97329ca,2024Q4,1,0.02908549248427905,V2
0xa97d2a617f66ceaf5545e90e4c4f8ddc1bfefc094f1f3739bccfa9c6da226dbd,2024Q4,0,0.25064878059380574,V2
0x964af551780a10a7a7be4cba2e441126830b18b831387f9b8006b3ff2371e744,2024Q4,0,0.01988516186158809,V2
0x75a2069d3e28f00038593fe783c22ffa703a24da723e04cd10228fe37cff83f4,2024Q4,0,0.03662065703863428,V2
0x7e58abd89b04a34b4a066d94c0bcf53cf0c7ccd9f568c6c1a339d996bce6356a,2024Q4,1,0.6990553284957266,V2
0x3376277f95016b046ccc398942605382ebce0673ca2934c0732f61ace19ccd06,2024Q4,0,0.03624140654360405,V2
0x6b01f79ee5ada0a16f0a967c0e857490e99669373c04ba8439b7e9723d58e031,2024Q4,0,0.06323071235055365,V2
0xb89013825a38d14f0a5b7edf6b8e5c5573e6d037e6801c4a8c1143461fc67476,2024Q4,0,0.054099889859865316,V2
0x6231a19e509cec71b551bcf2a94692fbab48d7458d247752070abf1279ea2797,2024Q4,0,0.050876997801780954,V2
0x4ed3add94cc122aade943eb59d747bcfdc5068961ba27f1c2b1c4d1ff21d2dc1,2024Q4,0,0.12142587683458783,V2
0x2958ab412d90fe9b74e75070bd96f39e742a879e9b1119d71c14441bafb038b6,2024Q4,0,0.8899692314074762,V2
0xd611b44739cc5d52c4f95592606693644ec03208ccb35b293d6ee427b5cbde74,2024Q4,0,0.06561813878695967,V2
0xdc8391521f8ddad9dac60dc32ffeb7d1f78c707b241ceb4b383066e4d31595a8,2024Q4,0,0.7793937934169444,V2
0xb7f3ededaacf495c69cce22c7bdf33982aa38912c5d6741c6e4f067a62d54188,2024Q4,0,0.04844140113494236,V2
0x624d5fed5c4d89d4375f95c003c6bb9475f549f834ef9f96891a24e069ced66c,2024Q4,1,0.18622617776902667,V2
0xd98db52e63443f7de6a09f565afc2151dd1d987ac9b18bd04cc7b83e313760ed,2024Q4,1,0.5927167925010144,V2
0xbb305c42ba05793143796f32a6730b9d69aacad4b16ff3485c9eff2fbb6b6a52,2024Q4,0,0.046025984086946733,V2
0xdb337d0ed13628638d0b3491e58823aadeeae46d81a105b024f565d187dc74ae,2024Q4,0,0.045868119715124556,V2
0x7e259b91e51dd0633d720f8bc013b90e432c51a933d28c7a4365feb1052a0197,2024Q4,0,0.045868119715124556,V2
0x1671be06cac91668fb1eb1d508401125277c2696a16497caedd19e30fd49150d,2024Q4,0,0.04618436548151655,V2
0x1e7a237f7852453254324f57cd5b74288e116b642ce686250c84c6aba7bc368f,2024Q4,1,0.9837401761093106,V2
0xb3c778bc132209002f9fca88f6fa5628cc49dc4f5a5c8e5fd789c44ee6638ad1,2024Q4,0,0.04666262693796222,V2
0xf0ef01f6dcd75e81e01b3fe0aef153f14b744b2bc1382a8decc9d3a108ed3b56,2024Q4,0,0.04571077085718211,V2
0x7050f3cffaa3edcdc37d11a976a4af2f265e0fb733607bbac5e8078a24baa6f9,2024Q4,0,0.04571077085718211,V2
0x2b2adc09a565888f963cb763040ff017ccce16333bcf0dacea8d5b99b578207e,2024Q4,0,0.016840920594055803,V2
0xf25002593455b527f4234c40093978a0e2b7e3343d1cd07bb497fc83e6152dd5,2024Q4,0,0.016840920594055803,V2
0x9cb4e70a1ea05eac5e9caabee8e8a016d4a7dc73ff3e17287541d66d521a9470,2024Q4,0,0.017081096634391914,V2
0x09dc50e3b81889dcb77a98472be329edf347e84ea66071959f3126c87f479093,2024Q4,0,0.016840920594055803,V2
0xbd8453c929494fd630e082ab8d0a449f34d39bf0e5ec121ba83ac963a84a974f,2024Q4,0,0.016840920594055803,V2
0x426e4a6c280ff563c54bb0111006fb4f80d98473e70986f39274e6b8e33b2df3,2024Q4,0,0.016840920594055803,V2
0x032fdecdd447cd46d01f31a8946265ed30158b643226926b0960ec3e27b09f8e,2024Q4,0,0.016900651606917245,V2
0xf95ad26ecb5c2b198ffd9170920c5c7af3421946defeae0ce2a57b2bfd8dc516,2024Q4,0,0.016900651606917245,V2
0x1856330daa03470c528752c1c10c1f5300e78fa808a93be29317fdcc4a791a9d,2024Q4,0,0.016900651606917245,V2
0xead8e3e869421d90a3e3c3ea6c474aaf1cd3a832a2c6a62ae45d2536fbc0e2d3,2024Q4,0,0.017081096634391914,V2
0x1328e81691c0fc8e60fdbea018fe05846aa6ce07376f6894bda2917c2d038a10,2024Q4,0,0.016840920594055803,V2
0x66b94e1c9c7b7d77465b2114bfd4ba6939de2c4795a843b3d148ae6bb79b5788,2024Q4,0,0.018204190181629526,V2
0x3a5d8047acd8aa377956e65bd40bfafd47ff6d528559b22530fb3822bc1afbbe,2024Q4,0,0.011052900529779332,V2
0xb685671ec5f12410f48006fad1ec60fa1a1e19f3a5ba09a81ab45b026821252d,2024Q4,0,0.011052900529779332,V2
0x71da2bbc04a7eae0d8ef739c17025d85917c0ea7db07646b6400a4f6ccb9f304,2024Q4,0,0.013585482482532218,V2
0xa11a9c66032cbe8c607bf1b21591f65dfee9d5eb65d73cc8ad5009c1f9826fa3,2024Q4,1,0.9197146564871795,V2
0x004e19d419d05dd366793689ce2af457d51bc921d9da4af867de09f0864a4305,2024Q4,0,0.011453556157907866,V2
0xde507497bdd5d63090dfd8e6e29167216c66576bf8d029d87c99bef4e357c696,2024Q4,0,0.011131907238755215,V2
0xc5a29d7da91c765c5b8b45dc5f86147558ad0d16bb18e7ca14a74e3b5e3ebf9a,2024Q4,0,0.026459305302358783,V2
0x378c1a4dd829a4407e59513089bce961cb21e45d5b6e7d99114da332862a1d44,2024Q4,0,0.02454366679010335,V2
0x762ce8ded160554d3c42f11ea89eda0522e7f8e851ae5ea1ba328d66e2235cea,2024Q4,0,0.02437181853978108,V2
0x07faaf60d74c220019196a1d49b3c0ca4578444a0be2b001de6ee4480a74ebf5,2024Q4,0,0.036721392943591315,V2
0x9fce1292bea6748addd9a96632ab7455f64028671816e964a692686573079574,2024Q4,0,0.036721392943591315,V2
0x2efa6f490f03e75f573d2c4a90bf24e71fa6db5878ca09fd3b6698e3d4a293b4,2024Q4,0,0.037234355772933554,V2
0xebd09819ef04d3d8c255e4012c96bb7d4e37315d0b96e8d9ec82c1ad010799d4,2024Q4,0,0.018086942099042796,V2
0xc5db10fafffb5283a093c435ce617a61f0127e3a24a57419e7d25550c6b8df38,2024Q4,0,0.018344556651518757,V2
0x6e7b4cd6d04206dfdc4080a06de9a3eaef66116b7caf2a7ad7f42d71b8dd1bfd,2024Q4,0,0.01821530240780592,V2
0x8fc5b2e674501fe2b32026ab27809cc8e59824f3c4ff88ea0f36bcd50e94959a,2024Q4,0,0.019139192381790127,V2
0x57d84abe570ed54c362a54e5a77489fa051c3e0d0cdfeae36148e244668bf403,2024Q4,1,0.9599131683491603,V2
0x1bf009231937cd876608131b4d168189825e2ad642b08ab472663948fef65cef,2024Q4,0,0.017707165495133848,V2
0x3e65bcc5712f6b581dc8a24de10cf8143b567d5739abedd8043f85f3cc1a8392,2024Q4,1,0.9600515150813026,V2
0x02907c864d97466515cb46f5a738409b12a4569154fa62328f56555891804557,2024Q4,0,0.01880407295625711,V2
0xf29303f912db3223d9fb0945192ae67ab519ad0d6fa85288c6f82fde6d3afdea,2024Q4,0,0.01795946977839096,V2
0x0f99544f8db2651fdafb79636924b4d9ec73c9b61d77a9e56f467c6b0c932c3d,2024Q4,1,0.9587897524773782,V2
0x2c843616fdd03f36785122aafd5e2b70bffe27e1e15fdbfe4d5b44f689b66388,2024Q4,0,0.018279817414695528,V2
0x43419b262b7a6e795bd1432b369153a0dbdad5625678bd3e21664eb50dc3ea19,2024Q4,1,0.9600515150813026,V2
0xdf0a624463f35cf29a159f8c377de5750b15fd7c162ee64c3f69d8c852d05dc9,2024Q4,0,0.018344556651518757,V2
0x54a1d0da9b18ac0dd1b1ae10fad2eb782427733e4ad2f14f190b979bbb5c7d65,2024Q4,1,0.9600515150813026,V2
0x5ded9ba6b490fe08251a99734ad3eb396ba2daeb5c81af6f3fe91926b1d4af3d,2024Q4,0,0.021351441770399097,V2
0xacb222d877953d15539b66743500d421db46c7e3b9bb429007489c25f23f3fad,2024Q4,0,0.018151010884084644,V2
0xb36d9c4fb1fac427ee93c27730c7c2b88c8e6000c7ff693bbcab68458b658f6c,2024Q4,0,0.01783287953526003,V2
0xc4502bfced0566b1366dd23dc250dca62b40660ca7f01a46310e68ee6e52ea6b,2024Q4,1,0.9600515150813026,V2
0x87d67272f0ce1bb0d80ba12a1ab79287b2a235a5f361f5bcbc06ea0ce34e61c5,2024Q4,1,0.9597743625790761,V2
0x68ff092a4ea332946bc7ca59efc2b2a56bb702fd0d85d02ba883d29d7fdc5f2e,2024Q4,1,0.9133077014857631,V2
0x40802562d59f370cc95cd842fde20462fcb627cb275d418fac2e984762f037a2,2024Q4,1,0.9585042245450118,V2
0x702abe9529336493889acfd656d5169f0aebd96f97d3afc4a8c7a3a5cf71ae7e,2024Q4,0,0.03547283797699508,V2
0x3e2ecf07bf051d63ea9b9e851eadf79d7da21265bf967c406c70ec10eaf1b0ec,2024Q4,0,0.018086942099042796,V2
0xea7edb8353693d246fe8f3988d1140f8abe8743d413c52669031ea5be8e1eacd,2024Q4,0,0.019549071312766553,V2
0x394851952cb613c24a24b9eb695b828617545a40b4c0013ddc16222ea68561f8,2024Q4,0,0.01880407295625711,V2
0xc6ec0ec408dbc30a17be606b95d2c81c526fc7490a636eb44970bf77fbe3d6ae,2024Q4,0,0.017707165495133848,V2
0x6a539d6b727716a683def53c8ace5f876a2b01b4fd4b74675a89e4c4ed9788e5,2024Q4,0,0.01802309531046239,V2
0x2151f3bb327741f78fb775e5b5e94c6d0aa3293e35faf1d59cb71fc6826b4d13,2024Q4,0,0.017707165495133848,V2
0xfcfdbdff911d7cc90d6942d8493b378a9b8997f2a9698208d9d1429f683f622b,2024Q4,0,0.017707165495133848,V2
0xb88b4e226ed108c28835808fbd12a1900a73b3151963c862ed64e99505c436e6,2024Q4,0,0.02188459896285018,V2
0x1f1d2d92a31adf9f9f4691d61549e6a98af1e3eb2a6f99e2ebfeaa657ecb03af,2024Q4,0,0.018151010884084644,V2
0xa878d4d9d33570431c88195318461c708a2734a51facfd515fceddce8739cc45,2024Q4,1,0.9419615603226702,V2
0x5c9490cd2121384ebb7a08b0aed1fa9a5239d98096d91b4bd6827c47c94951b2,2024Q4,1,0.9568996946030119,V2
0x8a2ae5fe3795afdd425c93105915391ca4a3778e6940970900524ea0166dfab0,2024Q4,0,0.018151010884084644,V2
0xc0cd9248d65fdc84719c2dd5b386651bfb888cfae1f91c11ec39c3382daac301,2024Q4,0,0.01880407295625711,V2
0x7949174f6cb3b0781fbd1a63a51fb7d2e72ac2d7cff1628f2c62477b64734bff,2024Q4,1,0.9600515150813026,V2
0x9ce4ce441b98560634b67589135dac0034a45edaacf13455c9add1ddbb6b7dec,2024Q4,0,0.01880407295625711,V2
0x2dee7133255484468b06465e9de2ef3efeab7b0ba6e58ce0a965f73a24e134b1,2024Q4,0,0.01907170330204651,V2
0x61075b95e0441d8d7248f6e206d4c6efc511020565ce96f8b92435fbfb0df7e2,2024Q4,0,0.020394799294606723,V2
0x656039df275062de2a439710a4aa0671328511c447630d3f05e4f35d6f1cc049,2025Q1,0,0.018567598446518636,V2
0x4150752d0efc99377d7388908724cb79e8423768414af7e4a4ee857ac28ef8e3,2025Q1,1,0.9821040207306193,V2
0xaf4981a6163fa1e63a06cb549d30da97b3b80e5ea10a408340a977c4691ce0a9,2025Q1,0,0.057070228690923416,V2
0x026bd42df2b17550ad5edceb43f95553b254deb94571905c5338cb3dc5a801ab,2025Q1,0,0.043916269008783024,V2
0x87ea3f7c908e2ada980dd88221c7d02f756a56749f24089afb6e674d024c8e49,2025Q1,1,0.20035710101809692,V2
0xc87eefa985446d46cd4251c089e120d6583f532df43d2f6a277b5c253097be8e,2025Q1,0,0.020080830270647207,V2
0x57858d7b061a48238bf51d254f40279a1244e12ba08cc7c3c30a99f668a7102f,2025Q1,0,0.02031478744614209,V2
0xd1e760f57415093db2e8378b79fe37ec8dc9ad09ee57f6f0cdc2468ae29fea23,2025Q1,1,0.9798259769352304,V2
0x380f7150652303197abdd7cebd9cfd188d4c34bf0d74dc8e0985010d23182a53,2025Q1,0,0.019162742709817798,V2
0xdd8f6ee8450f775642b7982bba551d112057a4585468012a0f0e12e42c5c50ed,2025Q1,0,0.019461272031972066,V2
0x5af55bec4d5a0b1fb4638a819a1532e2338a82bb432499314f70fb564110273c,2025Q1,0,0.019688155903596644,V2
0x0e85e94301db0e38e25f0650ab649c3a4485b5fc9734a8b6abf3d0da0ee6dd55,2025Q1,1,0.164897925017042,V2
0xc59e9fb081b5c3397ce2d66108d497c787f731768b7f32bbe86b5ff2fdb453ed,2025Q1,0,0.02443089807993985,V2
0xc7b2e5c8d4a18e064af2fc9f59a12e211b7e9a4370215069d0b482e1af81a9b7,2025Q1,1,0.6145223594221667,V2
0x84d3f50aed81bd7e414e0e9f86f07b9ca439c4d672d7141562f9ff3dfe740b10,2025Q1,0,0.05298718913977823,V2
0x16b33145d31ee3b79dbebaaf7d8b8a15befb6f4f6e31793ef73a0ecfd06157d8,2025Q1,0,0.02007206819189619,V2
0x208af01cb24712bc18c8ba0a387d34b3c210f431641061c760ff4394213f6d89,2025Q1,1,0.5669272804157808,V2
0x223433f5748810af91f2548aa48407a904e249cc2f8bf9622f802fd5760ab0bb,2025Q1,0,0.023690668740150512,V2
0x21559998482bf5dfbcaf0f5409edd34eebd84c8998df622f9da8ff1e1f248a26,2025Q1,0,0.01961224141172695,V2
0x25b04c45b7cf9ec42e4b2f1ebd92fcb15c4aecab83d76654faf74409d01553a6,2025Q1,1,0.9793532560632858,V2
0x9c23652df72861fe7fc5e697e11f0084290c7d457e201d5e7bfcdfab36eb3b69,2025Q1,0,0.09511295970395564,V2
0x9fd9c502d56f98e4646c7ce5fcbb6cf1c5c15f5b6ccc1474bf71d3cc889b47ce,2025Q1,0,0.0766195571102292,V2
0xc3d4155148681756bfe67bb41d8d0882a8a122e7d3762b3591bf6598c9bd198b,2025Q1,1,0.9799811824463407,V2
0xcde81adc8f07ce43f0287684a259ac4a6b3612a73c71c0247c6bc8b2bc97a691,2025Q1,1,0.14432082859601633,V2
0x0ba6d0a2f35fbb9a38aaee50b4a44b21093f4da96a2c3a3b49704b488a6b6b20,2025Q1,1,0.164897925017042,V2
0xf4078ddd084c8979c81f1ac4674d5e846b87a13b7f568bdd402296181e83b4d9,2025Q1,0,0.02519365949363331,V2
0xcb1745eeb2d414a6865e6dd69b9d648e6596c67ff92c778c1eed6b0b43d27055,2025Q1,1,0.14432082859601633,V2
0xccece58bebd2d498802da6e5dec1251bf9529eca4cfce7d43abd39ecd7ab4cd3,2025Q1,0,0.02480942215182141,V2
0x296c9bdd15f0d09806f025b146dd14fe27f6ef624b83c5302f47a980669633c0,2025Q1,0,0.021850180660579206,V2
0x8cbab07bd6b0401bdbfaf494cb9610212c8dc2443e392a0db865d4e8eb3c51b3,2025Q1,0,0.023326570282466493,V2
0xc5bb8aabf50ca7230c63be0a900fe0ac4018f36ab6dd0aeebd9e59beaf08c415,2025Q1,1,0.9836914296169879,V2
0xa2c684ca2658fc7adf1e7b4fbae6e3e36836cfcc00dbeeb691b802c3fc0f6251,2025Q1,0,0.02722128938224324,V2
0xe20ccccd24a2cb5b16a649b7843502672c8c6ab3b8982614487fe87340e16c30,2025Q1,0,0.02711713176934233,V2
0xcc5a06c3b79f72f1abfd6bb4e360f627180fcb723a42f273ee625c4d6e65d241,2025Q1,0,0.030649958367740187,V2
0xb08d4306dc14f563528a231a177d7888b44e2d09274cac65331c37f53fac6bf2,2025Q1,0,0.02828447804999835,V2
0xf48f79d8e60ab1efa76e53bec8c005611bfdc097cc0e51dc2f612709c04f5acf,2025Q1,0,0.026193102072511288,V2
0x7883a3c40bb01cbd3b9ec9e3b73d75af705e300c9369f27178739cf3f4fa089a,2025Q1,0,0.02361172843720408,V2
0x64123306a517e078fa636231a9cc9339a46bcfe3fadf62c92fdb031881c5d0d8,2025Q1,0,0.02361172843720408,V2
0x4e0f29885709d63bfcff29e80f4a8df1da9e97906ba9e21577b46a70858d8e06,2025Q1,1,0.9821826554147747,V2
0xe00794dfbf7c8cbe606e335f542a22f1f1a1f6e40d4061fb5d3598e88f27fe2b,2025Q1,0,0.04632652237702564,V2
0x04e07c6085d96ecc1ac7568d6cb640f09e4d300a25afc763b67f15d8f2c8597c,2025Q1,0,0.02361172843720408,V2
0xee713b962d078edd60cc379ddeba60fb7762a95f667b3605b5eec187b638acf5,2025Q1,1,0.9364017553803232,V2
0xb146887546d8b19d236f10c247baa0c3fef5d6ca242b24b0ed3b66b857cdc71c,2025Q1,0,0.06719901811632037,V2
0x4b87cba72865218e48cbe7c0ebf4f878132a2014e4507693aef2a84304562679,2025Q1,0,0.03728079646823286,V2
0x32f8d40aaacb6b8b94395555d1e82ee75a84ba5e62e15ab2966b78b5e2f332a4,2025Q1,0,0.028160427411962966,V2
0x3948e6d65eec7e90e355e35c8a808852bcebfe4ae90325721298cfb8f4c32ca4,2025Q1,0,0.5230048583345898,V2
0xfd3af5c93893b1cf117c28e4e8b1d91eca4c69649ec4e8dd62445667047ad9b0,2025Q1,0,0.028160427411962966,V2
0x0e923e93a9174928f1de00c93969b45e2215beb9823ac26e0640b5786d2bbe6a,2025Q1,0,0.03028354931195732,V2
0x7cd2a039b83b68941d2c7a07978ab90fa4c436350330b02ab6b96de9b4dadf33,2025Q1,1,0.9869319867090361,V2
0xa04150f69e6b4b0faad54b940a0e4d65744722ea254597c75578ecaa96d1a5ea,2025Q1,0,0.029710246781065403,V2
0xac51c43100e1aaf4968aa61fe72eb320dd308959dc6a7a14a6f3ebe758e7f88d,2025Q1,0,0.030515858962270048,V2
0x46cf194239f2bed4a4e74782ececd7babc45b9dbcaef362614454f420acef630,2025Q1,0,0.028160427411962966,V2
0x31792ceadf2e3fd57044a567a20001feb4c4e0ef2523d43528bcae99f082066e,2025Q1,0,0.028160427411962966,V2
0x95fabd1ca23b5f19bae851b9aa3aeee577caa7b86e5176929b4702875ce5818c,2025Q1,0,0.028160427411962966,V2
0x95004eac4e3693485f79d46c48f3bda9c848643a00767d41c6b43fac22ac376d,2025Q1,0,0.028160427411962966,V2
0x291fdff65865b39477b7fdad7a8cffb89dfc9387ee65e65b403a9f9dcc2d2bc4,2025Q1,0,0.028160427411962966,V2
0xe41df5757b4888e22f0f3ef70757dd4ff5d8099610c1150bbb20e9b59fdd61f3,2025Q1,1,0.9870332467824334,V2
0x8f3a5a7a725e2e60aac0c59e50c9f2c6b5c1b22164696a71320d275234c742ce,2025Q1,0,0.028160427411962966,V2
0x4216ea4eec58946ea322cdf9e7d407e8e6f6793190aca3b2954bebf164b2411d,2025Q1,0,0.028160427411962966,V2
0x0d6e93bb2d55968edbbd7355d00cc1c5749cddae0d526c1f8e6bdb55ace99900,2025Q1,0,0.028160427411962966,V2
0x148b1fdae92ad9556d0e7d675d1c4a4688336615a81c476841854c8390afbaa0,2025Q1,0,0.028160427411962966,V2
0x66a86bed2460bb982e1a9a22d111b08bea41349423ef9e8669570e488cf96de0,2025Q1,0,0.039522985534879575,V2
0x5d4e8d237be6d11bb1c5630e41309a25620ed5c649772d9a26ae895beaa724dc,2025Q1,0,0.028160427411962966,V2
0x12079c9217d2b98163da06d561f17c4938cc81cd7d82d066855b97331b9b9c24,2025Q1,0,0.028160427411962966,V2
0xe05a262633ef0c31792b22f77906c539a0d9437ab7196dc0bc565539b7f6bdcd,2025Q1,0,0.028160427411962966,V2
0x117e99b2f41a10df9e5d1df85e05f96fac445976ab5da2cf2ec968660bb281ae,2025Q1,0,0.028160427411962966,V2
0x3f008ca09147ae7da60bd7ed135f7e9c1a92459ae74253c3f2b897bb31ce5062,2025Q1,0,0.028160427411962966,V2
0x8fbfd38766cc418ffd335752fb2c4214cbd53f7940f3eb859e2272dc7d2a5ade,2025Q1,1,0.9863078358006026,V2
0x2e52a72e036adfba7577a3f04f08b4b49e379a66837760bc567504b8ea88a759,2025Q1,1,0.805355985398971,V2
0x61688b20d65af6b5d476ba6f10679b64b3373a0e2c59fd0959b38758a8e43a99,2025Q1,0,0.028160427411962966,V2
0x5d3043a139333b19234315dee7abe7543109c7a423ee0c98990e7eb28da2571f,2025Q1,0,0.028160427411962966,V2
0x51f5cc47c2f0b706cd4981e84d1197460d0d662270e27b2f68e91fd515e3a875,2025Q1,0,0.028268475912262583,V2
0xe6d2c502694c4358abdd310107bc744f7a4a9d5e6d877c3dcb3e866832ccf1a2,2025Q1,0,0.028925268043935602,V2
0x0dfc286abc4e61acf80284882330e7f6a20ff8e5f4fff757912349c5f7d298ac,2025Q1,1,0.9870332467824334,V2
0xbb16299bea1f4e02a1b00ddf4478c581ba1c7df9aeab700c60a3daf5343caf64,2025Q1,1,0.9869319867090361,V2
0x2644f05ebe450b8742094a85903ac9c3f402e6ba00c788a8f52c922281b50460,2025Q1,0,0.02102850818220665,V2
0xec062773d9bcb38e22d673402ea20e895c764e0f85d8691c541fa896812c1948,2025Q1,0,0.41957190004712486,V2
0x039b490964fb1224c7bccc8d62cad1e0a9dbd676973bf4f110b7fe8f9f2742e5,2025Q1,0,0.07925389115937889,V2
0x350401bb1fb8db6dd486595f9e47c0ef93a1fe5e3d6c646ad3916c9d2f8572c4,2025Q1,0,0.02713982639874009,V2
0xa150197de5a281de4086049e1974367999ae867e6c67c00459c7a7e648586780,2025Q1,0,0.12266007810922185,V2
0x29c8baf6d19bfc4671350d84c9de7410a0026daf651daf7d2168e1f3c898b383,2025Q1,0,0.023346807175992954,V2
0x8f40d01bba5ef204437e11663ae8c40af0f613e816d1b86978806fe3e0b3a903,2025Q1,0,0.022437054284889305,V2
0x806f7abef2f183ab5557e6996adc91b2c3dae3286d00a4efb38b2a05ebb124ce,2025Q1,1,0.5483412895788877,V2
0x78fcd6edb2892a1b46da7b0919f4d2d05a7b037d0f46ee465415ea8c4d1c1347,2025Q1,1,0.7368008816007563,V2
0x937b00af36c37c4f0a627bfa522c5aa677d661588851b368715af2e58bb1b20f,2025Q1,0,0.026369135616341705,V2
0xbfd324657c4d104733f50a1ac04437cab025bcf63868e82b87a2cddbe1b25903,2025Q1,0,0.022437054284889305,V2
0x1e96d97deb425994b88fc71e7ed335c9f64fe9bd674b0070dcade07b535c955e,2025Q1,0,0.024607918395597964,V2
0x4411688b128d9652bbad80a99ad722b63e47b4cabd0982f42510971744587c06,2025Q1,0,0.05446657459929099,V2
0x1921202aa3f884b9c562a244f1e58417d93c9315e6768d27768eb3b2abc2c95b,2025Q1,1,0.9893839524571157,V2
0x59de7d7484f77cefa3f1ad25c1638222db44b927e85c3e324ea0c45594695600,2025Q1,0,0.061565131668706155,V2
0x40ea3197c420060b496893c32d8329cbe983cfd0e5b8e101ce4668314739bb66,2025Q1,0,0.048144502192338796,V2
0xcb091b62f4d383e6a351630c099d565927c19b3d213ffc323d2e404ec9672530,2025Q1,0,0.08400340371472734,V2
0x3aeb2e9ec69a0d5638e91175027a462b48623aca0c31cde6f696ba1a1043263a,2025Q1,0,0.05346069881243282,V2
0xfac2af4b0dd00903861de0d99be87c71c9f45824e002fef274677c9f3fd4051c,2025Q1,0,0.04778460472690235,V2
0xba3e7e0ef13d5a888b976cf79a341620e5a59b120875ed28f87b6d0f2d6db7ff,2025Q1,0,0.04778460472690235,V2
0xcce535ee3d3b54b4f67165ccfa0a60195ff155afdc51db66c6d5f7d4af0f29a8,2025Q1,0,0.04778460472690235,V2
0x3f56bae1879b7336e2e77fd2955557216cd305cff2481844e799050b364a3ef8,2025Q1,0,0.06603563111469836,V2
0xbcb70e357694345bcd6b1a2c7c999a352843b6044f3d36dd494ac18661c25ef8,2025Q1,0,0.06225170866057489,V2
0x1eaf199539629acaedafc165a72d556757babf5f896bd1fce1c9b2247e9f94fc,2025Q1,0,0.04850697220117265,V2
0xff9fc7e6239b4d92f24d9100f3b1415dfcbb34ec15afcdcc4359692b0517e20e,2025Q1,1,0.7506974891179107,V2
0x2e9e4aa4480a3b1f4671ff8ae6f6f4c254f26056138180c61cc78a9231e9ad7b,2025Q1,0,0.06459224156134206,V2
0x9203212d0b10814e22dc330443cbdf57c5cb9401e2cc1befd8d22aea679a7d87,2025Q1,0,0.04778460472690235,V2
0xf4c062740bed86e48b44177aae609c9c76e44cba5318aba240b94066939b672b,2025Q1,0,0.04778460472690235,V2
0x546ec332d630a9cd6f2d93d132d2f38b860dd54d682213bb84fd45938e56b292,2025Q1,1,0.9108423341108701,V2
0xe1aaecf13ff5e25332f4b5bf9a6109724722d54c1e43462ad3cc962d373b27e4,2025Q1,0,0.049055536415060885,V2
0x8d762b96d3a92f61823a593e64ec6cd2287f4671a25a1a4824961d5ba8bcf5a0,2025Q1,0,0.04850697220117265,V2
0x37e6c1227c1ee562cbd906099dadbd658ddca8cdb9730736857b4d82701c6393,2025Q1,1,0.9884785937967844,V2
0x6edda3512ecf43002ea175e0af667868979a83994111a6103d845b4df5f88ba6,2025Q1,0,0.04778460472690235,V2
0x51110ae62047b920af6e69c02d916564e6930a5a3b20753d3d1532087ad7b958,2025Q1,0,0.04778460472690235,V2
0xd9ce9f9f9b9c193c06b8fbab9284a3b5de28570ba21333df27138c60af1ce24a,2025Q1,0,0.04778460472690235,V2
0xb7faecd2db357e4634fe87ef9bb48b4e1305cd618276d730b73190662fe6bafd,2025Q1,1,0.9884785937967844,V2
0x027fb2d0015f7fbae58491502e906948373c88cd49dc90f0d36c1e692644e42e,2025Q1,0,0.05150131517491021,V2
0x87c91c07f3f83b6a52d816d8e95d3be0c1040857e9d2949d67302a0288f181ef,2025Q1,0,0.05528408985839765,V2
0xf1add3bfd3810102a76d4bf68ca09ab7a2c82dc299caef3f88ce4818d5668b8e,2025Q1,0,0.04796423290780688,V2
0x557da4819e732f2d2d4a7fb469bca4bd8be40b2a9782b5e2c8ae2a4c17a0bf72,2025Q1,0,0.04778460472690235,V2
0xaf1a2b4ccf8b92efc3710b5d3bb263aa28c9ecf4858abb6c73047c1c0d7b9416,2025Q1,0,0.11088055776758726,V2
0x452ed4a3bc0e84654e05e485bdb28058237f1185d3f6103e9fb548789eb2ce46,2025Q1,0,0.04778460472690235,V2
0xd68f141aff610df79e579ad93c223cd1771d69ab0a42d33ce5013bbbe7a43934,2025Q1,0,0.05569716705824607,V2
0x5f060d4e55f2bff3b50212beb080beaf6623e440b096aa60301d49b61cf82cfb,2025Q1,0,0.1885986015721311,V2
0x8958c6464359ba927b09a2f03663a6f450e2f1eeae66edadc697a541d73bd458,2025Q1,0,0.048144502192338796,V2
0x20a59e7c724fe4fd79b0797d17b03175ffcf79866c1e712e50a920fa90cdda76,2025Q1,0,0.027191056233455344,V2
0x699480773de935bcc4c9b5e30867cce59eb1af43f9a94112e040ffa50df7ce44,2025Q1,0,0.025572031691621033,V2
0x3c870b5c93e1aa670cc421019a8317af0dff7ed2bc13576b3186a4b52f589b18,2025Q1,0,0.07251448765860224,V2
0x6c6bc563118e43e33b42b512d6150b8130eadf9f6aa3ef3a216fa28d86e63d40,2025Q1,0,0.029022551072346834,V2
0x2fe4ed68e57b25915aef3571ddd6bb4c2985fded0e2d0e2210483dfa6a756d2c,2025Q1,1,0.9871775750917939,V2
0x7c25cfe207398e1099aafe12fa163d2b53d4a89de4a61f7962c78258e7260697,2025Q1,0,0.02947006761416724,V2
0xd008cd1470934fb24806d2c48bb07ef76814932ab14ca97092503b885a31057f,2025Q1,0,0.05685159878239578,V2
0xfb178547e84095b4a312392a4d703268f372935daec86e5795305db424c3ab00,2025Q1,0,0.06260144433846705,V2
0xd69aabaec949a0fbd1aa98f6bdc557d90469c0bed5fe516b7c48021481f00277,2025Q1,0,0.031089657742478138,V2
0x939643150756c693fa321aa8dc30bafd44ca71d608ee11ef66941688e63fb6f5,2025Q1,0,0.05396470858307441,V2
0x92ebb98c37641b8f37ba7d8f86eca57b026ea5f050b9216be12ddacfd7e34537,2025Q1,0,0.14576663506102,V2
0x6104608801f44f9a32275c9a9bbe044414a64956000a1177362be5ef27e5ac44,2025Q1,1,0.9804387054322864,V2
0x92c8f35025c635906c6801d49329290ff78d88b590cb20ac375d3ccd9be2a6f5,2025Q1,0,0.7068391078261221,V2
0xf5a756ef898f9fa858d8710a63f4aa16b4d3c4d2fff27afae1d1ed329620eed7,2025Q1,0,0.09566840173487842,V2
0x8352897596d350e6946fe1ee342e692c7d02ab81632761edcc90f82ff21cf1ae,2025Q1,0,0.038141992212646116,V2
0x6d278d07154de8765c96a5e0c12cea5bfb31ebf52f843ad9d406bf59ead66fad,2025Q1,0,0.04006657631337212,V2
0xed85b5d16739e076cd5cc3a705467df14abc2f23d1b16ae26cd660e8e0b38c54,2025Q1,1,0.12462323753954137,V2
0xef5604329fee713a68f4faa9d3014614c7486525864a11f2ebb054179a0c362e,2025Q1,1,0.979136567570191,V2
0xeed6da09683149b433aeb802bd8d3f78a6b6d8799fa75bd0d73c3f87c6b2b592,2025Q1,0,0.02145735769377812,V2
0x5dbbf4cbb4cbca7c5967bfe92c0bd1667ac508fecb1e548c01def1a8cb43ea53,2025Q1,0,0.01963456882493195,V2
0xf7050a33a8444389ef1800e4476b43a987ff72668be0b616a4b457f5ba944a00,2025Q1,0,0.01963456882493195,V2
0x31b00298fd4222286461c326fd60bc47caee6ee112e19975442469071ce69d52,2025Q1,0,0.580110701172952,V2
0xe8cb25509e310da6a5bae13acef73bccdd9521b14f1c2d821a49f8466336e10e,2025Q1,0,0.03603774684468414,V2
0x6ef8ef55a05e303a09b6fa1f2c00d18d4c98eb3d829b44db82a03be665ab901c,2025Q1,0,0.053320041666808655,V2
0xe79e3ce45e89e56469dfbafe4db72bed3ddf4f194a2abba096ef250c10a61908,2025Q1,0,0.028682478698622733,V2
0xb0001fc97aa9b65190d6fec2ac6accb0dedcf823b5848b321560ca14c159893b,2025Q1,1,0.9850745720219164,V2
0x284ef81c8d207d194755b15c324035eb1a7ac7d1a23a38dd30d3fb97afa36204,2025Q1,0,0.031679054188436216,V2
0x44ed371c6f18a042223cb9f88e0a1363383657cd3a5d02a8b45c457fa1790ebf,2025Q1,1,0.9861363588691265,V2
0xcba58d7e057d3a6051d062d6b62388f9207b6f3bc9212835f137128720964c76,2025Q1,1,0.2968442150217887,V2
0x14e7a202f66c21bb2888a76897513043df18288769773b85997dfea14fd0ddc2,2025Q1,0,0.028572894315568642,V2
0x5b2691a691ece9066c2b855815e6c8784011833b17d85c65976dc7494b18e002,2025Q1,0,0.02846371634195662,V2
0x874c85079a0d8aa6bae24fd29337f09f1c7178396f82b73c56a4240e8c199b30,2025Q1,0,0.03266053553600456,V2
0x400d3f9e359ef6fa1e51a63ae8d45a1b3797b90cd2cbdb1c0aa7a3f75bd652a1,2025Q1,1,0.9865608226085179,V2
0x1663edea3eba0d1ae8f064276dd426cb0497a19bb5188dae48a2f8fa8ea34da8,2025Q1,1,0.983618305149927,V2
0xd1f77a3400817730aca6f1c9508b98f2a5e591e8945b5419b617b9586a17461f,2025Q1,0,0.027817104229039744,V2
0x332efa96c8baa05ea4dc8b1046114978fb29298e81d2fe238ed4db666cdf35bf,2025Q1,0,0.028246573972739723,V2
0x861c998374c15081dfb030cc5c740bf830e5223dde065ade50acf1e0e1c9ad5a,2025Q1,1,0.9851324006868523,V2
0x0a86c5aafaf6d09f50c4abd262cd688e948c9f267ca8df7882b3c68997055c1b,2025Q1,0,0.029573955530760716,V2
0xb0acc3ef6710e933b96b877c4f74dcf16affb0ce71ce46c68a2de783c211fd3c,2025Q1,1,0.9858643849107495,V2
0xb642dea896e5fa052a9259ad7ba4b759caebb7b1b452d90a5b4c82f8065db1a2,2025Q1,1,0.9865608226085179,V2
0x47d0458159ae16b8c7b66181d7b238da2e127178703e509bef70d96bb1916beb,2025Q1,1,0.9543033432411718,V2
0x6924e1f680ceef1cf6cc14a4704a3b455b0816f04e1e09523fac4c2769aaa56a,2025Q1,0,0.028138606762474063,V2
0x8bf941a9c55903fb2ebf4718c2c3dc289497923eabdaa3ff0678b97e48371cc3,2025Q1,1,0.9831024965620779,V2
0x6a9b909a643c41c74da1f117e70f4dfbf469246e03915b046fd75620c318858d,2025Q1,1,0.8348353860014316,V2
0xccf5ec6e7d759a1fa96e10cab0f754fbd18ce96e91d67e7200fc2947c45b9f90,2025Q1,0,0.02835494336415634,V2
0xa638577415195ac2ca0e8ab8befd45e3991612be6d2cf64e661abc6350c7900a,2025Q1,0,0.0347123622939597,V2
0x36428bd51c8240d8063bbfbf1777f1b9e8e31f23b852f3fe14d2569f84d17401,2025Q1,0,0.02846371634195662,V2
0xfc321fab4982c1d38d3b45dd7415bb2856d92f615437cfa613124bf514a23446,2025Q1,0,0.027604754538061282,V2
0x2a0dfcba4bf202737819f15d1a938c875c0b45019a822c4ea146233a8a124b27,2025Q1,0,0.02912490874532905,V2
0xf82f80421d0a6535c8480f042a0899f52ac09c67502c2504e6352cb2320c2215,2025Q1,0,0.028792470908958347,V2
0x354ebe41d75446cd43eb2dbebacd344cfb9a8abe9b26ce39c5074e0841e5a885,2025Q2,1,0.9654699901210421,V2
0xfd52e19b299a869bf5bb36a9cbc29fefbdf2160e3acf56480d1c059ce42c1abf,2025Q2,1,0.9036107470370233,V2
0xf459f2a4cf56425af7346fbeed3f9c78e35463539fe38afa70ff3d00c127c7ab,2025Q2,1,0.5013755171498183,V2
0x530ec9ba2fab8e6130677e101be8bbdfcb59b255732f9cd3730860717509d47d,2025Q2,0,0.05069877230615612,V2
0xb0675395c1b27d1298af7470c687e94622eb5bd3293abebd26bf1871cd671da1,2025Q2,0,0.1849999670261979,V2
0x43adc3e5c6f2a8500b30f59b2fca38779659a05fac792c9cb5b5fd3c02fb2cc2,2025Q2,1,0.9871211606157129,V2
0xb030d9cb4bfc8073cbc3db356cdf3f00b02c07477774476bcef6fa6d08e42298,2025Q2,1,0.572427922442553,V2
0x9eee062f20c9ca00dc8e373aebe808cd8a0f23f9ef42319176eb330a14d3ebdb,2025Q2,0,0.021680465422533803,V2
0xdc88a7ceed2b87a68d111ba935330c016f61ab486c99de314ae9e078a3e0ba6f,2025Q2,0,0.03833291551442315,V2
0x6d6fae94d9bdf7429ec35ae34547f1d4fe348ec5c5a2b65c045309ac8e755f90,2025Q2,1,0.03579171211401111,V2
0xc8bc0657df535fee2568c70b982f6abe49dd108d011085da65dc292d8f4f7a1a,2025Q2,1,0.8222827193312425,V2
0x961ee2529ff3c3b27a9b7dc424c1d7046f52bdd5b4ae38bd74ae65f0838fabaa,2025Q2,1,0.3990590674704677,V2
0x73f531e7088e7da29626e152d60566aa71a4a078b6ae6b7215577a963edc376c,2025Q2,0,0.7690536443568695,V2
0xba48743eac0c82434df044e1071eb647e3dbfebae50d7a010734d1fa67636eb0,2025Q2,0,0.029820425922179036,V2
0xf882b0d63becc41ea3a990d42e137728f4cdb147cc373321075c5dfa8cdaffa1,2025Q2,0,0.0394341934917453,V2
0x4d9aa1fd40e69a3edf1ad6f1bf75a9c42b8faf145d40e0350ca270632b3fc4dd,2025Q2,0,0.023140779442966712,V2
0x49a8f60d8e648d30c243b0634ee613cecb9bbd0fbbdb5a67396b75e6d33bc1da,2025Q2,1,0.7666389822195764,V2
0xda105d4c47a904f91e415759ff9cd233adc390e9bc62c22263fb256175393b08,2025Q2,0,0.27680065494965395,V2
0x1c08575bf76817784ff133142eacc37506f1bdeeeb4d3901bed1189b8091ff03,2025Q2,0,0.022951651461540955,V2
0xa5ac4cdcfff44ddfb0d332d33575f766414465786fb7d4350782db40d5e9da11,2025Q2,0,0.022117135085122256,V2
0x1b4d436df7454c8f9b2809693a6106f7ea978f61988936168bbbca7277462e5c,2025Q2,0,0.04364140773111351,V2
0x948ab7d22a31ab218c935e3999199b8ed6698bad52bc5e717629c591bd6f4190,2025Q2,0,0.02398562659010031,V2
0xbca6d54d68335e9e27f1e14df168fdced87988d91eb5d411f61b869243c80099,2025Q2,0,0.024299813027916697,V2
0x87822b3d4ccba1835d698354b01c050b55f20c5f34b14908bff4ea5a6d58af4c,2025Q2,1,0.9555037127186985,V2
0xd549d146f1f94a4cce0bbbb588fcad1d1cd50262c43ce72b0f87e984b731cf17,2025Q2,0,0.024104540994491344,V2
0xa690bcb4a1214dec6c41d3992c8909fb4faa68f481e91b83510a5926c8dcb818,2025Q2,1,0.9868147069862436,V2
0x244c75b2c6095b2e67699c10d0c6548d757d58a1ffea32ad6882c9a389803bd4,2025Q2,0,0.09752577553227802,V2
0x86eb929137a18f0b13d067e871a5a042dab54a6aa86ac03e06d9383dbc732db1,2025Q2,0,0.024104540994491344,V2
0xd971052d84f7be119faf36cdc90ec8fc661147934731b44ce9e93f1a203118f7,2025Q2,0,0.19290477689931193,V2
0xfd6714df13e06c8e551cd2e907b8d7ee3982ade9a55476536b557e88ce3d8c78,2025Q2,0,0.818182439985872,V2
0x79468f3bf680347cf7970d985f2e0029789ae5c416edfc201d222074c12633c6,2025Q2,0,0.024104540994491344,V2
0xdefb6100803cdb70643e696c376e2fe61e5b9494a84b18415c8535ad797ea6f5,2025Q2,0,0.0257105500828285,V2
0x29bc928cd22b42007ebd1389e7142194f34ba668d1cb9f52c7e85f4bd53a09bd,2025Q2,0,0.024104540994491344,V2
0x22e2ddb28c30d26cf17bd8f30661532215bf56c10d1eb43132171fc18e122840,2025Q2,0,0.03418206129909522,V2
0x0fb72541d8cff1da2819106b612dc14f9f233880aaa3bc7023b8990feb2782f8,2025Q2,0,0.024104540994491344,V2
0xae9d1dea0767a9a34591061d11b7e7323a1317018bc292bbf348b3f68e5c6f40,2025Q2,0,0.024201984954206734,V2
0xaf3d0dc7ae911f132057aceb5d90db5213503c47a6b07dc58e6a964ddc0b1ba5,2025Q2,0,0.02449662726080707,V2
0x935db621991284ca0b34b8b1243b8347bd55a62de82cf74859780b93ac4f1fda,2025Q2,0,0.024104540994491344,V2
0xa90d2e947583a50964efe154c9e5464eeb71f49effc0d401a85649b2fcec6dd7,2025Q2,1,0.11391257142677925,V2
0x14769e436a150dd79a62122626a45c5b6b872ac904b9eec55f5e970aeaab4784,2025Q2,0,0.03529094094335082,V2
0x4c48d72bee2347ee0a0802850be8a7f36d318b405fb4bacbba455eb8a68dc6a3,2025Q2,1,0.9044993792739141,V2
0x34eec16d7b1ec5685cc0b2b40c6cdddcbb8b3b78c445f7989f00cb43af628f46,2025Q2,0,0.02449662726080707,V2
0x696ba4726b7a261960878b703c525857ba5a08ee7e1404aa83bd8faa1e1d8687,2025Q2,0,0.8119512325200972,V2
0x756f3978771032e5bff72303ed01315499e9fdb05c0a291a2a8dfb435b109fd0,2025Q2,0,0.02499548584530682,V2
0x7b94d6cef097f44d4f2327f2777b0c3f79048d25dad50bd9e752c7ea3fb80acc,2025Q2,0,0.024104540994491344,V2
0xae6dab898b0531faf72bf9f09517538249131850cfe48b309f7f91124411c380,2025Q2,1,0.964936062444972,V2
0x51f7452fddea310ba15955cfa8fa21419335b16f8310074e43f48c4856d7e0b8,2025Q2,0,0.07542793582912553,V2
0x97beeef10db06b0ae2bdae3f015cea2d369db396f0199a4eea2388f6b3810d90,2025Q2,0,0.02439802665031418,V2
0x18580781057f83f3ef2850303feea560dd7aaa4c75bc1e64efc42f6fc150c02b,2025Q2,0,0.024104540994491344,V2
0x9e40f50dc9a31cab9c596c20fd9b86e6668be54531e83dc43ccc67f1bafa4135,2025Q2,0,0.024299813027916697,V2
0x4aceffe406a622f3cf6c7a9535a98db480687c7cb71242e88453171426d8acd2,2025Q2,0,0.024104540994491344,V2
0xf86d87db5976adacb2ddf74ded65011369606d8bff3b2360350566bd88df2da8,2025Q2,0,0.024104540994491344,V2
0x489028f20a1a71e9e882b0e72ba2675456f6afa5f2df0839fbdc23ff2e4b8709,2025Q2,0,0.024104540994491344,V2
0x19f9be5aafa49f68294e14e03dfb0c4b35e4e5304f41c30140942e2ddf3711ea,2025Q2,0,0.06986021632266053,V2
0x09c314ec8306ecadfd263d7fdef1425a44791547474a92be675c70ae451277ad,2025Q2,0,0.03571564235401518,V2
0xb3ea135352ea36f6c3098e729862d795d0f847df542dae31cee355d64d943aab,2025Q2,1,0.9876596014808225,V2
0x84f234a88cc4f71f0d83fa8d4530dd30e9da4eb58af796d0f0e5d60d19ef2fbc,2025Q2,1,0.9765520797198323,V2
0xf48a04341295bc38e7276cfaec5984f0d594643db6074b029a6c0c51df84f511,2025Q2,0,0.14874002397871294,V2
0x805d5d29303a29387e9b541f5c7405bcea69f8ef56137ce174356cb0e548d3ee,2025Q2,0,0.021897410241829715,V2
0x7c753b012d53e4a70167ad6a41e0b909f269874c0297c6d383b1f1f3be505b51,2025Q2,0,0.021459022033482884,V2
0x1e861194be6abea5f19d02221ea5b16ae72f25cd2279e3430439780264a3d255,2025Q2,1,0.988007390961119,V2
0x2d930f65e1aff6d34f7b4d1b0073ee0ecc35a88b6277fa51f6bde34b41c45626,2025Q2,0,0.021372380120181358,V2
0x1bf98b2e116dfe87345973a026dbc13ee6183bb3c0328851c55c21089e893a93,2025Q2,0,0.02154600745306538,V2
0x11e7688550f7192a8fdc2678fe9711c06ff5117e11fe21be41a1a0827060ebdc,2025Q2,1,0.9876091108961266,V2
0x570a19274f74c16a628f2693d3a56c4ecceda4c3ffe9392f6f4e21dee40aec0e,2025Q2,1,0.9877098888860003,V2
0xc7ec0c2fc4ada9e3e0703b20ff9f610abae734e65d90f32378e26c4c9f826713,2025Q2,0,0.022075206659499788,V2
0x0cb707da67522398deb25aa811bdb46092b4e446187fa0896e51e037ab8040e2,2025Q2,0,0.021200121638064912,V2
0xd6c186dd4a5167684c27462d0bb541bd22ca4861298c00ade1991c6240364762,2025Q2,0,0.03794798219221687,V2
0x598b7a49768d859d9c279feb4b64f12f00cc05b327b29e655ef98b798a279bb7,2025Q2,0,0.02128608041847646,V2
0x3352055fa84dfd0bc3f9bcec85a5f464fd1096fbb9a469d36b5afcdf54eb0423,2025Q2,0,0.021459022033482884,V2
0x3724888af3107c46ac749a7d1eff85d685fc5518db4983f354d21a15b4998559,2025Q2,0,0.02128608041847646,V2
0xaef15ab5e103c6f2b6ef202759fc18ae3cfdf5f25fa0f24d51e4a5293a5a2f3d,2025Q2,0,0.021200121638064912,V2
0xe70c1185b4684b0370ffae9c8a89ef8bf68d535fc77af993fdaf4717bbca3306,2025Q2,0,0.02128608041847646,V2
0xe6e0208a9e5014ff507d16a359db466bd98c0414be72982835001eee2fd8f5ae,2025Q2,1,0.9875075169861827,V2
0x79e6ec2dff92558eb36b5e2e2221bf4be45364f3726897163d80702abb51d315,2025Q2,0,0.022617103270011336,V2
0x4cfe8afc969fc85f4aa92ef01e8c82b84f773ea1cdf198d694ef9da1155393eb,2025Q2,0,0.023932546029803037,V2
0xbb96f092cb5d54138c6af2ae824bb276c3e20969fb2acfced30ac7f88f60862e,2025Q2,0,0.021459022033482884,V2
0xe85229be9b279bffc835c3b4300c34761688ed7bf63d239409f2bb63bc5b4386,2025Q2,1,0.9862223578287143,V2
0x1b07e957981a04e688191208a4fc8b8349a93d6de03eba460fda38e647dafa5b,2025Q2,1,0.43267981371407044,V2
0x38dfaef00556eb168b46e2c9e79d49ce4725df55d8fefb3c3dab07811db8d0f1,2025Q2,0,0.02630317960522567,V2
0x29d65debd486144386e3d06ac15528434ee11fb844579fb2204906e655bfed51,2025Q2,0,0.025061995563606283,V2
0x5a280ba3fbf1cfaee1ca4a955d67c5ab9ed3ba10c5b0bfc7e733474cf3708f22,2025Q2,0,0.024961177536019764,V2
0xe0097a5f3d9739ca64e2ba58c70261482a3e7ed33afdbb381b230cbd5e494ba7,2025Q2,0,0.02436451790909078,V2
0x6ee44a32b167a5d5d05a4b6522d7304a27b8682e3314528afbd99a9cf22a3ef6,2025Q2,0,0.026730049526996036,V2
0x22ef905d2c1f47b416c783a43cf06eea3cd73732ca0ed4d021aab8423924bdb3,2025Q2,1,0.9887863006509795,V2
0xbe5219d1c82daaa110a20c0b50dae77f681f05eb43094e05ea24fe833c5ec47f,2025Q2,1,0.9887863006509795,V2
0xbfd4016fd63a2aad121829ab5a63ba4caa35e649b107145caf88d7fe6719ff6e,2025Q2,1,0.934893041676746,V2
0xe0264a076a3acd50925e115032eb993b51cb8b5026eb7cf79245c63f8408b3e6,2025Q2,0,0.0252648231780653,V2
0x94631ed57d3803fe789adbbba4c0d66ef2a8ed4f800c1a6897a37ad076cf309d,2025Q2,1,0.0700375298518991,V2
0x10cc0eae4fec710f15a4aee89c6ff57e4091c69b2c2561090f073286468eb682,2025Q2,1,0.9840747419923637,V2
0x6b24a578e8644f45e49130da20267e466163dc35fee34dd23357a68530d34381,2025Q2,1,0.9887863006509795,V2
0xef8cf8b45ef7e3a607a72b6e1d56bede869fdd81795b63db847de1090bf11c41,2025Q2,1,0.9884608359819178,V2
0xc3ad8026d7dbbad93b96ffd93b37bf6d7b2005c9ec1df5aae9090f96d5ecc7bc,2025Q2,1,0.6728926069059099,V2
0xaeadfdcaf812f6b7c533d0424338e1a88b5da35a2e54b43ec030c54286a6180b,2025Q2,1,0.026515778969509234,V2
0x32f3bab4bede9ecd2b35df328ce53067bdaa8835d74f437b42765fe6c12e712f,2025Q2,0,0.022748527086756388,V2
0x7e19a9159dc7710a8aecf24fbd2cedf01bd77baaf14aeedbbe9091b75dcdf319,2025Q2,0,0.02321263379496111,V2
0xfa2fe71de6a4121dad1e599542e29f18f2da8c3107c8d13ca8c2c998e864a930,2025Q2,0,0.023685979537953896,V2
0xec449f17ee1b738bb72421ab991c56204cdf1369e4eba267607e72885d98d93c,2025Q2,0,0.024561843020821865,V2
0xafa89f15f4478fe8de25d1b3cf6bfb730f1cbe71c49be0162d5ae49bfb6fc12d,2025Q2,0,0.028505878238811736,V2
0xe6b7a3fb75356f6feeceaa903e3972adb7a09da37d3571d5a4509604495d3ff1,2025Q2,0,0.11954766077675649,V2
0x08121291cd61eaea56d62dda92b80a1a5aa80d99fdf210343713902561a8939b,2025Q2,1,0.31049964083957193,V2
0xacca589559453d60180cac1b03aa72fcb8c515d39ae2d9a66afc70041f4a2d35,2025Q2,1,0.9729996538351534,V2
0xe1ee05f7e72b70b22a997fe95d0392e32729e48d5d1169965560213944b04680,2025Q2,0,0.04985001269096732,V2
0x9cf011dcb1d04832b524118515fe1076764182ff54fd2a1bc36561f1ec2f8cf2,2025Q2,0,0.056945136759443266,V2
0x459e26ea0ef5fae66cc7174b373906acd4579b47930d63907c9b26446000aff2,2025Q2,0,0.5994268390341952,V2
0x39b754a2dd0e0b8433d5de711fb46abf6f3f893d9b72ffd57864052213322e7d,2025Q2,0,0.7192070385040356,V2
0xbf1e237a1e8cbf9c0b454dc984f5dc789f57f85b077a6a7383489b00b75dc4af,2025Q2,0,0.019625275438843442,V2
0x10bb455936cf8f22777bdb8d3a1b97760cae2215d60c15001c5d252c0f26478e,2025Q2,0,0.019784996394868755,V2
0xc5821602b440e61665dce5dcdc0fd20153864ba185d26a13e9be80fe98bb9e97,2025Q2,0,0.02242966344207983,V2
0xffffb2874475ae9c1e3a0e3c3c4b4e329eb3105427aa484f357bf41c5fd77c4f,2025Q2,1,0.9851701551328582,V2
0x2820f9e0e7fac7f3cc909bccdd212c6f3de818a6b0e4ca401c24beba941a2249,2025Q2,0,0.026680347747283076,V2
0xb13e67e43f3ea7015f472f56660e58fb41e761c0dee63862b379feefafb6efbe,2025Q2,1,0.03932552529099352,V2
0xdae8f9c16001a92cd862bb0d6b0e47c146daee673fb28f599b7f4b5166f95ffa,2025Q2,1,0.8638966645468363,V2
0xce5722bcbbd319dc03d4feb1e7ba563d1aaa2c9d7c286c44bdc93a96670e07ab,2025Q2,1,0.9878360276181476,V2
0x50c4f5ba1ac8019947315a3cd7c667138381fea52fae9697b31a74e163ca6fc6,2025Q2,0,0.020568354387188077,V2
0xae8d0502816e3a509685ca7a3557119c212b4a930e8731e4e8f5e8017ecfb479,2025Q2,0,0.023479217511917432,V2
0x7ecf34a2399b462472b0c9ffb9d714b855fd0ce177357ee5a2159a83798f968a,2025Q2,0,0.025873211187538804,V2
0x98c165981b96b00c57216106c194d72a89de0b8099ee5306649443352d89cb4d,2025Q2,0,0.053777172892953744,V2
0x5ce0d897bd66142c43a38204a67ad85bc3e0643382258411a5aa58ca3e825082,2025Q2,1,0.09919984597308593,V2
0x95874e7c989d91e5268ed7e880acb9269f13803ea0b5629f4a6acd1a4b5d6fbb,2025Q2,0,0.02535729059345527,V2
0xd009ac14bccdd12925a2d9f8d910411556e4ed153337abb18a97b97fabcf7db0,2025Q2,0,0.9562994058054349,V2
0x9067b99e22ed2b8ed4bad7d72ce8eed3706861ae2c3a79f769e13de7c2967e6c,2025Q2,0,0.02535729059345527,V2
0xdf22571f38286a13ef30bb31197c737a77610f071f093ff643c951d644d76ba3,2025Q2,0,0.02792848177457592,V2
0x0d7365208720dac4019e847e5dc11e795ec5392997d570ae26b89383c806561a,2025Q2,0,0.02535729059345527,V2
0x74fa0572e3de0d389d671daf4a085b9b8af9e45688e988c8e4d3ab4254023f16,2025Q2,0,0.13291744768050565,V2
0xc3982448dd10ee60f59b898b88f4a2b14fe7266025de357843fe383a22fc7ca8,2025Q2,0,0.06284021880779507,V2
0x43e3f41dcc39116738cab3b8cef2002ce7eb514ced96d66aec12848437fb7afe,2025Q2,0,0.02535729059345527,V2
0xcf703c240cb264953898e97eab0ee287df5b750f1df8e4cfde7a9af940797f19,2025Q2,0,0.02535729059345527,V2
0x55896d4ff9042f3b45245aabd96ee21b3f89bd62f4421c9169c99a934cf94e4a,2025Q2,0,0.02576921610078379,V2
0x475d06b509d75bcaf237c2ccfd8f57df8e490ccf6d9bef628b357c4e07bc94be,2025Q2,0,0.03439642634694409,V2
0x1927e2109d38b64952586466cc391734a3dd19054cc0607d3f5ce2dee8472428,2025Q2,0,0.02535729059345527,V2
0x5083c3f6dd5d61450545f295d957c18c8354f1a0d9e0558de2e2dfb5fe715c44,2025Q2,0,0.02535729059345527,V2
0x3aeaddfa5c56f561a169d75df4670345bd9f4547c8ebcae6a32adc95831788e4,2025Q2,1,0.05998114619565055,V2
0x818a1ec3439b780cdbefe9e1f962a187cb8747e7e6b146f3634fee12f80ad652,2025Q2,0,0.03953992472230046,V2
0x6d8ce69c050958e23157fb33c80355e38216775ff46156c1ba1178060566f565,2025Q2,0,0.09205210461810476,V2
0x69c3f09b54e6cbf561205de7177a4cf99634bcf96e880601b124d8ebfdca9e2a,2025Q2,0,0.21473624250584009,V2
0xdc287d9906c0cc5284b0c0285e9bced6553556b777be47332f842ad7ef066b8e,2025Q2,0,0.025459666743368966,V2
0x6c7069db21fd716065c3787d26c5ef371704e079e598a64fa3f938f393a92628,2025Q2,0,0.02535729059345527,V2
0xcf8a3c45dd5d9dcc57318aba8ef1026a0655bdd823d5440f5fed377b0dfef014,2025Q2,0,0.02535729059345527,V2
0x5185a5aa2a0012cc7a1289d2728470ce04b3c4a1f2375515e13ffca303e2f9bf,2025Q2,0,0.6326934829074917,V2
0xa26b38fe0728080e4d97f6c392118fc674d5ff6e98dc49986852ef316fdd05fb,2025Q2,1,0.9899049930086903,V2
0x9eb11ec0a68daa7704d91cb9cf6505afed4a920a84d99eb9f35e834682b12df2,2025Q2,1,0.9904672891177577,V2
0xdfa4be9c6786791072da61477fe3938ee78c8edc2b2e6154239996ab1bc96ae9,2025Q2,1,0.9849380978949739,V2
0x9fce789a05c3abd19e9ac2baa6982b0e47ea8eede91d9c6c89229efab8701d7b,2025Q2,0,0.036777544549261056,V2
0x65db0b1ae01a5430da10926a40fedfb049ec1ddb273c3385a2c49b14b3f1e170,2025Q2,0,0.027792709010262547,V2
0xe884b2766a826f02ade24fff30b687ffca77bbd263a55fa6ef61cf1ee6ecc3fe,2025Q2,0,0.030603093975128507,V2
0x667bc9ef2f465cb914b4c95d2ae747ba5a97e1611224450bb756ebedfb3e95f6,2025Q2,0,0.029995762121659032,V2
0x3ce5ee714234737803479a56eb108db5773073f9171c09f089c8d299c5e5d6c7,2025Q2,0,0.02669716347073246,V2
0x6f7606ebbc0ab5c171b32b55b963c161d37d9d803f7b28c6b2b026f16425d52d,2025Q2,1,0.9904672891177577,V2
0x96a255ddecf7b728a5d53ffddf0485017aa317645daca3937656a8bd91db2a9a,2025Q2,0,0.03262760505943539,V2
0x5a2acac6842c13863765030ad7e1f8424ebd58aee11fc387be01f131cd78a1c2,2025Q2,0,0.040942914300911175,V2
0x0635f8fd0777c284fdde905245bccc8822cf4e68dd3ec88f6f62d83e500308b9,2025Q2,0,0.02801700129948095,V2
0xa757b564604c0abb02fcaf167d93130fe635c223021bfe9d6b95433ab8347d55,2025Q2,1,0.9747992773374147,V2
0x1e68b29be798c37448e00f83180358d0edb02393f8d6a68d50d1175798865287,2025Q2,0,0.1621235085844899,V2
0x27ddacbfe7dee8504ef1118f268a5b380a5ae41dc8512e759bfefff2c50a82b8,2025Q2,0,0.025803757509574237,V2
0x6507f3d3c7fbb7ee64028b1a466e76588c30a3149226227b8f21666094fe34c7,2025Q2,1,0.1565856925625894,V2
0xd3505ebab4f2d6496a0c1451a21584d95a0fae3d06c948ed42c373c59fd63e5a,2025Q2,0,0.5644515727907012,V2
0x2a842ad6c44e8c4a0b7f303a0b3eb8422536d38b62de355ef2b0dacf0b88f43e,2025Q2,0,0.3810913224336244,V2
0x3c721bf2f5848dbdc7cadc5f80f13ceb1f48dccbb6c1569142a2da13b3d659e0,2025Q2,0,0.03715211521049566,V2
0x14471b8ba9899211f6a66fcab32fc5d05333a739d4a9da01b4280849d795cc24,2025Q2,0,0.03296135590364516,V2
0x83803364b3bfa1e8d63c994be75dbed0e814506e10c9a2846e8c65c141e5b7cc,2025Q2,0,0.024784614660015494,V2
0xcfcb2a622f84f4b76719e8b9e4fb2127a73b352df07bc243760acba10fc3227c,2025Q2,1,0.5527587826765883,V2
0x7569b01499fe4952edd03e290b703dd3916b148c3331e3f5cc88fa81498e6afb,2025Q2,0,0.038434231478728126,V2
0xd3c462e6120f6819aa74014787cfb6a213dca39e1dd550e160f8bacbf4a017bc,2025Q2,0,0.1557840937713891,V2
0x4323d8fe52e4f1d04ec5d088b7cff3f1613722df7f140615d689c9dd4e794368,2025Q2,0,0.02670510503184362,V2
0x8b848d8e81fbe39495fdbde09b2e9745c2c68e76e63eb6a49bd36ad4489d1e61,2025Q2,0,0.017970874265274474,V2
0x9b4af0d905b10f5ec2c2966a74b4dcc58b8a42620dd3a7375785de0d48166933,2025Q2,0,0.017970874265274474,V2
0xf9425f69ce7fbde7ee54887ea24b164d2d4c06b594c4d4f94b1921cd79321b19,2025Q2,0,0.024940796022678565,V2
0xf055fe9818647e69e6901cfa4b58d5a91e99789a8a213528bf9fb5e70831bf6f,2025Q2,0,0.017970874265274474,V2
0xf8598ade2dbdb1f1fab97ad9c8fd9db737b0163536692164fa3e0326bd60e795,2025Q2,0,0.017970874265274474,V2
0xd6f28c879d79f518b1ac0aea7a3e9e012fb8c1431687791b6a1eb6569e9da853,2025Q2,0,0.018715213157963224,V2
0x3d711bcfe9890cdd10c72971ff84fa238a74eddfb1979d001a40601528ba3fc1,2025Q2,0,0.017970874265274474,V2
0xa4f51ae09144ebedb1e4329a28597dcb25217be1050fb76b86335837943bf519,2025Q2,1,0.9799113023133177,V2
0x95534417f10863c4b7e4bd71c070fdc6c0b0c25b6fd10f87a3142f66dc00e835,2025Q2,0,0.017970874265274474,V2
0xaf2e5834f658947068bed3da5f0ddde58d8bbf6af3bd898f4b34745689de4bee,2025Q2,0,0.017970874265274474,V2
0x1c3d6106393e34528308f42d5caee3d9d38e35286272bcf235822f4940e7be5c,2025Q2,0,0.02464094625857438,V2
0x274505b9c15c786063eb456f7a74cf4b65fff7784741f3104126833b909ebe3b,2025Q2,0,0.017970874265274474,V2
0x1c1a44bf2c5003c3011ddd2c8cf3e87ea3bc3ed32a47e66181977766e0a33b5e,2025Q2,0,0.017970874265274474,V2
0xab53ef40981b322cd90b06272dacbd778a427d77655898f1d9a741cf5b5e3d50,2025Q2,0,0.017970874265274474,V2
0x0cf398a65f9ba9de261de2e92fe3007e56b98eef52b7486c522c4daacc882f42,2025Q2,0,0.017970874265274474,V2
0x8c2827821f8d04a08addced7df2e2b69e21e54cadd83af51c8b9404c572f0a91,2025Q2,1,0.9803142087194381,V2
0x3ad0371eb2adc9174872a91c34ebdb45a2449fb1e3306b36ebda7544cef3fca6,2025Q2,0,0.017970874265274474,V2
0x631da48bd19e6259301be57529cc0442b8f872b64fe1e75620f7f10b27dd82b7,2025Q2,0,0.017970874265274474,V2
0x22b9b1f528f0e617ce84581d78d13536eaad4782c9056ac2521d7204213b5654,2025Q2,0,0.017970874265274474,V2
0x6ac410efb3f814c425e889eb52aab64f1d8b792fcf3348646b75f45c7800c014,2025Q2,1,0.9796656928892938,V2
0x77eb9557038e4c4c00315a2be92522cc8ba1e735cd1d9cfc74b53ae28bcf0dc5,2025Q2,0,0.04161424999464059,V2
0x21149909e80c13a5c21889b6d648671d4ebe40a87bca022fd7b7f37fba646af2,2025Q2,1,0.9554081029486562,V2
0xfcc351fd85fa292139857b3c63b3e5b274b2548477cd915e1baad2e921d4f574,2025Q2,0,0.017970874265274474,V2
0x27608fbd4e53ace4de7346888689002fda34b01654a31590016eb9039b588ebb,2025Q2,0,0.018191071330668412,V2
0x754e9fbe2731ad1b775887a7e83d67b92b0700546740cefb204a2499f076eafd,2025Q2,0,0.017970874265274474,V2
0x78fbe059685718732f1f584e2290f0e80aa7c5c3ddd324083e3bde9429caab2b,2025Q2,0,0.03277188237183392,V2
0x82962688c00787fce7588ef672b7c3b875db8ac1ce263f2f3cd64211bd2379c3,2025Q2,0,0.7305579161667499,V2
0x6f648aa9489693e792f3087938cb8979080484b0e98d4e0b041cfe4f64a76d61,2025Q2,0,0.023193646055317853,V2
0xca02f54adad0a5a3ab3a6a41dbd9a869d300043fd98038c886cad563cb6e6847,2025Q2,0,0.018265057178204043,V2
0x3e0587bec9d48499678739a44da2e8087011a05246fcae1562edea215ec857fa,2025Q2,0,0.0184887910012011,V2
0x264760b057978e8bf0aa5f31fd94ca6b6173e84a89075021f9a67995b4dd7eb3,2025Q2,0,0.018265057178204043,V2
0x2eaa8bce4ea7a229c9e8a3050914b044537d19953fa364b176f95e1abc27f5bf,2025Q2,0,0.8508930156625844,V2
0x33a04f72ab65a44bb924389e3a133e928ce5052b2511e00d2775cb30420002a1,2025Q2,0,0.7386179497572323,V2
0xbe3331b6df14def2a1c0e366e6f3ffc08fc6744a70190292a243a49695a41caf,2025Q2,0,0.017970874265274474,V2
0x5858502a7f850fecf999b93f2595e5eefa758634cf0506f4047de5ff83ace7af,2025Q2,1,0.16131541953593115,V2
0x20fe4b037a1dc0578b0d125b0b427a06d8666068e8b901b1c181e82bc844c45d,2025Q2,1,0.9783052982345053,V2
0xe351d100b5d0d183d740a185e7eb33b704fe76a644fb42c436f17d0f5c6ea4c1,2025Q2,0,0.017970874265274474,V2
0x12c8bd9663adc1ea11f46ca0b5873173db70c6afb3694115c0005f21e757acdd,2025Q2,0,0.017970874265274474,V2
0x24d7e5b6f30706c8beb02cd4e5220b0e53ee1ee7c2b641530146a0706ee15e8d,2025Q2,0,0.01917624686043419,V2
0xc7296b8d619bd27c229250207dfd025b47264a2754067fb0ee318e12016e7ee5,2025Q2,1,0.17281769521031945,V2
0xf5088153c033a7a79f7684478a268e644078898952664a86f86c45a35e5e2cc3,2025Q2,0,0.2404978349064548,V2
0xa1e32ad272213be058b49b5b25ea7eb859cf8b4dd2552b9b720bbe3b2ab688a6,2025Q2,0,0.3059311543780521,V2
0x230a2c0b88aa0cdb810506b818aec1e092c81ae07e3148c2aff24df2aaa0d2e3,2025Q2,0,0.049634732381725284,V2
0x445fda2243837cbe5b0fcde3985be1b2b0c88d9ef4c0ef599fed9056e502ca88,2025Q2,0,0.02754436569883073,V2
0xc3ede0572bba2901df68aac861e1be5a2de742060237d8cf85085e596d210eff,2025Q2,0,0.055172878453308115,V2
0x6a2332a3ab40273411dbe6302dd4e974285faf340c76eff4ce4a2e4851995ad4,2025Q2,0,0.02603569612103501,V2
0x3a92a26ce837b361bd044acc2c0b81346ad66e9a891fc5ad27b9a35e6701c6e7,2025Q2,0,0.023031224028429425,V2
0x834a4109dbd18f97695e4858b3a18d21fff19bc2dc7c055f18b96843ac1de17b,2025Q2,0,0.023980040377483452,V2
0x872c8e9a4e4808a2ab714c267bd8a93f63cb739c853d7e4de2b42009e73f9b3f,2025Q2,0,0.027610454415736698,V2
0xffdd774123c13df21ce755bfd4f65bde47a74f1377ea73c8b130d84c59831173,2025Q2,1,0.9865274545961634,V2
0xd347dec81fb3e6a4b990f0dc291a8083c85bf4ef16e43efbd41b6f249584ba0d,2025Q2,0,0.10022329004346779,V2
0x466fa40a6f366eb2e9e7289520ece51c00ba09b093a1170ec9245a3a5bf6b4dd,2025Q2,0,0.07409064568089206,V2
0xed3aa63a2efd82fe52937c45e1e1cb8b4da834831576e4e435d1e5333e011f85,2025Q2,0,0.05436027155594841,V2
0xc952d0cfab6d4cf566294602c0e81982def8850f1a6f713c634c9b686872990a,2025Q2,1,0.11427341695727888,V2
0xd6c22daa78afa38f19e23ca808052938cfa9388db1b628145587a80c47e6c733,2025Q2,1,0.03200408288148004,V2
0xcd6b8c35e1e11e19967784b0aa6811fc20a81639201203122de2c063fa9bb646,2025Q2,0,0.04399768293239614,V2
0x47d6505bbaed024fe49620e96dc13d6620a69d5db47b1df58a5ed5a1422103e0,2025Q2,0,0.1636069979172493,V2
0x87bc8e4ff0e0f978cc75c018774b7bd943eb152147be767140e7d5e1068ac1c3,2025Q2,0,0.02237211555449936,V2
0x26ed2c7b22d8bbf6789e76bdcd88c22b605df53e88c7b57fb3dc48b7ab259a8f,2025Q2,0,0.9151810913720416,V2
0x6b56f2d88fd3f6300722421389708fa07783db54abe1c1d77ee421f658cbe93d,2025Q2,0,0.02237211555449936,V2
0x629b886410c79226d96e2a5a81dee78652b775243ac0f5b2bcf34fd696543fd2,2025Q2,0,0.02237211555449936,V2
0x59076376e762b077dee421d5e54824294ebd31942a9780a9b96390728a6a018b,2025Q2,0,0.024450267378845866,V2
0xddc778f4e1f001b17cd86762ae466eecf2299bc3d12271a2bf825a9bd9b7dd68,2025Q2,0,0.02237211555449936,V2
0x6220c4164a293367cd40eba018dd6e67c78e4d48e74158845cc9361230bcb34d,2025Q2,1,0.14071008837389776,V2
0x750276bd94568087d1f856131d47b1ef7449c9a1c6afe218d86c8890a8846fb0,2025Q2,0,0.02237211555449936,V2
0xb9e2e79ff6dbf71efd817c9314536beef077c762927467cc759fbc98b4aaf1e9,2025Q2,0,0.02237211555449936,V2
0xb24c5742d0afafc0fb0820a5409b2d8ba61ea5547ac6f3612ae6210ad13bf7bf,2025Q2,0,0.02237211555449936,V2
0xffea59c51b27dd000038fb9e8f659bfb3ea3cb8a4283a9e774bdef9844a27141,2025Q2,0,0.02237211555449936,V2
0xd2055601def8961bea2e6fc911538c64ee181e7ae944f67c78f395e39df43580,2025Q2,1,0.982580192119416,V2
0x38b9b48812697c27c1f563c61c929d7a15a356faf55c48a4686500c37ed86ff4,2025Q2,0,0.61229871903179,V2
0x8253af27755ce4e4e8982497490a56a38cf7d56eff3d85413b1abb7830b0c9a1,2025Q2,0,0.2548914585696712,V2
0xddeada500febd733cdce995bce68c1baf8e8669b2c22be6643fcdc6ca451b472,2025Q2,0,0.034694438436101156,V2
0x3781472356e548fd9d7760119b34f93089b732774619046ac1fb98fd58c44757,2025Q2,1,0.9400786872655654,V2
0x0f4d9792bdf45a5fa5f717cbe55d78107878854816374b2dd741f46062aba2b0,2025Q2,0,0.02866820300173711,V2
0x4685c41276496f4f49094cc27abed3f22356851bd53f769c3750fb624adb70cd,2025Q2,1,0.9903778698252325,V2
0xb11173b63944f4f273bf31da413d07384284bcf7a3053be15a560a9b80d171df,2025Q2,0,0.026774601282729068,V2
0xb0ede82fa0c5604bf0dccd32d8ba909f5cebe1c594357754cb18a74d365f6e5b,2025Q2,1,0.9767263765335411,V2
0xfe4ddfdf4e6b6188967331f5932c8ec6dcbc815572ef9f3566b5d903a708b61f,2025Q2,1,0.9445704060543059,V2
0x447e4b169e62d6a0c3131c52df11a471b760f25e395e701a0c165f7b9d0cbad9,2025Q2,0,0.05161204244711601,V2
0x908e5007c3a04bfa1c75a3a9811451005636c627813642ea6dcadf444318e652,2025Q2,0,0.02948515798872305,V2
0x7b2a1f078cd5c664b5c297e3974065134aa1eda70a7b97abdc60c83932bb516a,2025Q2,0,0.030691504073455108,V2
0x7dfbb35a03a30efe1d4d179da323f81211dbb82a5f7261de4924379ac24de63c,2025Q2,0,0.027873233559028678,V2
0x7d332ec9356559facaaa1b694b8268a05e7ca41fcef827665e6b154097ec5466,2025Q2,1,0.9905341891741373,V2
0xb361aeecf5e34bfa760c3f715970e8b244f50d747e1843edd8698848a7fc4d9d,2025Q2,0,0.029603693566599715,V2
0xb3281ef2917217f999f2da14bad0913033306b3845b1804a4d4d5426cf59eb40,2025Q2,0,0.02798547577584897,V2
0x58c601a4782130e23c508cc8eecbd6f9c0e047571c2ac5c81f5a4bbe752b2e5e,2025Q2,0,0.05581268629541881,V2
0x1ddc0e7de1634d1204dda3bef66ffe18b0d52d8605c0a363755480de0dc81d41,2025Q2,1,0.7501150973176942,V2
0x14618aaf6f238e45400b1bb50857617f4b8d5a3a04e8dfa8b17de3db3b26bb27,2025Q2,1,0.9899757992913063,V2
0x48950c8fe2fb39bb1b310c4b37878187298ca9b6ea6a43f2aa126715ace2f989,2025Q2,0,0.027099693592539033,V2
0x3b40221adf21a481d1eb3c84bd52e828384fe2558a9889afa86068874f84f7b8,2025Q2,1,0.9864368508200809,V2
0xdb485c9e39cbb2e3a04d356343b906f81c717e0e6c0f53250afd93bc54b8182e,2025Q2,0,0.027208908039963942,V2
0x1b34e58c8dbc90b18f8fdee979a46bfa153a2bea35ac7678950d9ae88f266300,2025Q2,0,0.033249143936488534,V2
0xb34dea60466c534a9cec1653ef49fb94d0daa9a90cee58bbe3b31dca715b110e,2025Q2,1,0.4039319647230341,V2
0x0af4fc7fc85ce04980cf9193bd36111400d096cdf257e5fe7e0e3968137ada9e,2025Q2,1,0.9352479353797233,V2
0x30f5e92c0cd8f6eb8044b65665cb3ff19783ad6c8730d47566e05601e23dcd0f,2025Q2,0,0.027428621868581495,V2
0xb6b7ec6f7bfc0553df2d2f8552d219b9861c435e68c3c53fbb0453045f21b2c7,2025Q2,1,0.9902987542016841,V2
0x5412ae25e97078f814157de948459d59c6221b4c4c495fdd57b536543ad36729,2025Q2,0,0.02776142865828115,V2
0x68e11d8da6fbbfd7853effb7f5e3928de5fcdc255f520602bdfd5961347ff277,2025Q2,0,0.026990905360264356,V2
0xfeaf0ffc3e3e658687bcdcab297333ac981025bf9a4277facae81123af4708e8,2025Q2,1,0.9902189944936248,V2
0xdd95d7e22fd8c9ef5d61285b4ed31aa84e8fdf35192db24d8e7d8938ed4747dd,2025Q2,0,0.026347039144494513,V2
0x21c4ed93cba2c4e9ece886879875fa1f9e87ea5f27f706589a1e304d22f10747,2025Q2,0,0.02832484240752405,V2
0xd5a64f75a5d7107e53e7c3eaf52865624a0c79ad8c41379faef4285494991326,2025Q2,1,0.7008126176919985,V2
0x663bdcf8373cfa2af610ee93ff43f4451c0d0d07322129a6432b8127884687fd,2025Q2,1,0.9905341891741373,V2
0x8bb7b5188093a0de20913d4fae9d4bf3b513a69a329abf24c7f212950a8cc361,2025Q2,1,0.9544502213865296,V2
0x984d1ee788ff724a30af27cd77ef74455b49bf6382460aceabbec94f01961a35,2025Q2,0,0.029722691084388513,V2
0x34d650cd671bfe703a0bbb2b2aab0387afb6292a6cdf4a08836245246b4f7b54,2025Q2,0,0.027099693592539033,V2
0xc48215384852516beb6b234237ad5ed9cec0f7ba1836fb2f06791b3d05294073,2025Q2,0,0.027318550273370996,V2
0x9170008ce066642f6dfe51292fe526bd842bd9ffa121ec9b053de8dfc1444123,2025Q2,0,0.027099693592539033,V2
0x0e07d28fc57cf979bb6b09fa7ca9e7530c86fa5ac16bf0171a53d58cfd420e6b,2025Q2,0,0.026990905360264356,V2
0x64a87c7559aef832f6630af3e501919fb47a5d0107dbb1eb2236f71f910e5bdf,2025Q2,1,0.9828942998715715,V2
0xe8e3ca717d93be1f6fccea2cc168aeea15f2568466f37121d780efe32eae33e1,2025Q2,1,0.9901385855635877,V2
0x2fc8f8cc40668ba16c45d37f45d0bd8a3601c4d84d9c0d50f83bf3ded5f580bf,2025Q2,0,0.026990905360264356,V2
0x8cbd1eec9f4fec06441183d51ece9d314f9d90439b8faa1e9c3a56c3cd70a68a,2025Q2,0,0.026347039144494513,V2
0x2b66945981d5d95d7bd7e0ef4cd4e45ba62027d46707c56a6b345a6fec59e41f,2025Q2,0,0.18162756382966996,V2
0xf32e257000f1a5c494fb3e0ad7bc171bd23d95c734668a5fb9e8a03e1570820d,2025Q2,0,0.026347039144494513,V2
0x6e4a56d8073645a86354e47f82a70f8ccc1881cbdcb54e0a32fbebb954f2ce9b,2025Q2,0,0.026347039144494513,V2
0xb1364e10734364bcd65c76eacaf295c75c43c72463e186eb32f8aed906b179c7,2025Q2,0,0.026347039144494513,V2
0xfc94387205683d0609fb428a69b16c161c45679e29607af84ac897433812a2b4,2025Q2,0,0.026347039144494513,V2
0x97004cec761044f6eb772191377b3a352d3ec05ec0249a1bf5ca442ba1fac097,2025Q2,1,0.9362422272417668,V2
0x431a30c767aa1af96f29632f250e89dc533fccacb5be1ef77597304149e9b810,2025Q2,0,0.026347039144494513,V2
0x54905ea776fdd41043fcf0ef8828e8062afbc4cec663822302fd0ccdb307d8b5,2025Q2,0,0.03008247212978524,V2
0xd1610c1b40d51e192add0abdd693887b1ad4aad98c98198dd706f6bebaf2cde0,2025Q2,0,0.026559983340136113,V2
0x81dc62c84e8f1d9f2cfd4ca576bf0d5ef27d39e0bcf7b12f115a9064ed0c15de,2025Q2,0,0.026882541777288053,V2
0x46b3489f63d0ebd2989f4a2d63ace13ee99ef1cf8e73a4b3d91d736da51865fa,2025Q2,0,0.026347039144494513,V2
0x1b2b69401b202d313f8909800ca7e5b1c631de6782d0b74e7cc827e1873abfb0,2025Q2,0,0.034192046293513176,V2
0xe8545ea6fed1e7cfa2547777ff038fe800002e04d046a03241ac2950558fdf09,2025Q2,0,0.02765005947270033,V2
0xcda43b8984c7569551729a71eb35d204988dbd1f3a09641db33c2ef529968f72,2025Q2,1,0.9895997414431286,V2
0xa617522831505d1072fec355a8397c857e5570d6eb9156e11226eff9acd3c259,2025Q2,0,0.02666708232066767,V2
0xdea03876fddd85fb11aa43273da7bb7a0bd71101b55eed734e35d60174fd1bf2,2025Q2,0,0.02666708232066767,V2
0x32299bca681bfa08b6f82a37fa140b0023e46fc2795044db1401d270277d9230,2025Q2,0,0.026347039144494513,V2
0x12d7301c569d569d9a465d6edb5613d1f984019d8abb1d194312668687044500,2025Q2,0,0.02666708232066767,V2
0x4b1470a1d83fe0e9e5e7edfd68ca0517fdd1386e412d2203d27a5c2832ed60c1,2025Q2,1,0.9903383922044553,V2
0xa1997b3a88f85dfa1e838748cb5a00e082871276d8c057a7fa63cef88121a8f8,2025Q2,0,0.027539124406415354,V2
0x6fd4cff7d7e09e613ae8db200557ec8487dfb2200412e230619400b23d52b5bc,2025Q2,0,0.030938445714961366,V2
0x4e67f9c7e72b7f10427b8f152bdce42ab9b9bf9209bc5662dbacf384bbd2a4c6,2025Q2,0,0.02666708232066767,V2
0x2e902560e7751b52d4476446d503f88b232677703759288949596016dd3fa4e7,2025Q2,0,0.026559983340136113,V2
0xfca1a2c7262a3718b3079428b50dd4114add3f48d1e44f9692b34e1f4ebe32a6,2025Q2,0,0.02645330279510913,V2
0xcf4302e78728091bb050f1ba68cfd6838fe307386ad81dc7ada85f121a02b2fd,2025Q2,0,0.10276791814192324,V2
0x2b52c752e7565b54fdd0c60d6c6db006dd4422611a9799d381285fa1771395f3,2025Q2,0,0.026559983340136113,V2
0x4364972f0b5f33379092da7564811c02acd0069d45c7c3046cfb17f9f01cd236,2025Q2,0,0.02645330279510913,V2
0x30e19926d2527737d65fc2f63de20f2c1e37d63c00f801ac5ce527f043c47cca,2025Q2,0,0.026347039144494513,V2
0xabcc3eed397a203fbc9e4b99fdf37c42f7015fe3fe1cff090d58574d47496685,2025Q2,0,0.026347039144494513,V2
0xb8652114aba10ac01aa093e4135a070072a80908f0a0a7f0d6587fbfe55ad6c1,2025Q2,0,0.029962078675540346,V2
0x1dd8d6afc998fe922a00c46a2705c325f4bc09f9af750bedf1946513dd60c099,2025Q2,0,0.02666708232066767,V2
0x45dfeb8088ef684004f6da7ab453cb1e7cacb14330b06a4eb7ba556e47201c43,2025Q2,0,0.027208908039963942,V2
0x67c75f4852ca79f08a7766c60bd9edb7df7f353320c1e168514e53b8f6427a81,2025Q2,0,0.026347039144494513,V2
0x63a86e84ee38137a74b13cebd849a0ff0a4aa52a1e046d1470a4c7a5ecf67ef8,2025Q2,0,0.026347039144494513,V2
0x7de9348782747fc1f6a9e4d0ace397e72b5e64b0c62fc0f2150d12cfe90e70ad,2025Q2,0,0.026347039144494513,V2
0xf8b56301ef6e79875a783a89dbc4c1fe29be4152858a2f2c2d96fa52e8be5dc1,2025Q2,0,0.03008247212978524,V2
0x896e2fbb7fc0edce895caa8098501a320e0e11d23de4d81ec609d5e1533ce123,2025Q2,0,0.026990905360264356,V2
0x0e0c14b89cb08fd028364656cc41b4771323ee7e0fda9c041271be62b3faf468,2025Q2,0,0.026347039144494513,V2
0x2fe0ab8fc16c515a26369e5a6b8d93edf8651a20d297f5f5c5c1468d752c8c7c,2025Q2,0,0.027099693592539033,V2
0xcdd330cae61b17c8e88dc1376d7de966f39387427bdac9d6d100f2a1d92947e3,2025Q2,0,0.03762448634564949,V2
0xd25ff3223a2233f6cd96a349455ca3237931c64358792f90c5f02d8cc39be38d,2025Q2,1,0.9811436199848937,V2
0x455c0c8708d00d5c6eb84db8a6dc8771cf46d9830f8ee9a7b308333823388c05,2025Q2,1,0.9833064009178988,V2
0x6a67b9d828d53862160e470329ffea5246f338ecfffdf2cab45211ec578b0347,2025Q2,1,0.990057522234879,V2
0x9f66d14b441a5af47cf31c9f063114d67c92968174c89de7badb722e0262f6a0,2025Q2,0,0.026774601282729068,V2
0x00b2f3ec7c5092fab8fb54ae2451f888266d3c365742d865e07dcfc4a8c1eac0,2025Q2,0,0.026559983340136113,V2
0x896d1877ca71ffa3d43c046fdacd4470f1a8c0cf91e14ed66d9d0e0b3099dfe5,2025Q2,0,0.03008247212978524,V2
0x4c654e6c9ef8bd3b2cd589b62cd5ad44c5dfb9423c71b51bc6af1cf02baeb4db,2025Q2,0,0.029132306145481953,V2
0xa85c14232ef55745b1bcdcfe10fd55f628fcd8def33d4d112809b14d92cb8f5c,2025Q2,0,0.07838404134716592,V2
0x9fcfb9bf9287879a8f4b67ca9af614c819b73c299d63a0aa8d56d013e763005c,2025Q2,0,0.02776142865828115,V2
0x06dcf640b5f29035442dfa0472b72a641df54b1e99e186368f3c6b16ecab3913,2025Q2,1,0.863349560117206,V2
0x6614828eb735b658bb9c448b6d217f639f3ee17a3d0776cd41b1b86398491b3c,2025Q2,0,0.027099693592539033,V2
0x0535280a26955abf733d04ec594789bb6deff15b54c96dc62e16f808a6cffde3,2025Q2,0,0.02936708267326823,V2
0x72c6794d9be77f33287ba88554e4d153c08427c46216faea58de5eccd266a1da,2025Q2,0,0.026882541777288053,V2
0xe08edfc509b6e3e0b3a78a118b3c48ed23b96174af41a16b4d3b0d3a104a6be3,2025Q2,0,0.027428621868581495,V2
0x9b7176293bf3eeee0796786688a02d56a67a28dc6d9da9c0e904b891d82f895a,2025Q2,1,0.13751315445807932,V2
0x052d57cb01437fefba9bef4c0fd06c4cd97acd628d193697bbd11f6c8bd62d68,2025Q2,0,0.04188160864272157,V2
0x2a86b3971f01557db0954e47e83c29013333e3422e3e9b4716c136823f24f7ce,2025Q2,1,0.9855227621398656,V2
0x330f413895b25d8669861208d3403725516f6e3d66164bea64a8be41a4ccb0b4,2025Q2,0,0.2512544526818994,V2
0xaa6f9221b4c9dccf452f901c61539edf399755dc8fd4e411c4f51554d7a7a7e9,2025Q2,0,0.026347039144494513,V2
0xa6b3d50d6d1b60296fcf781134fb363ce9c6fe39f47fb03131b7d8af259fce66,2025Q2,0,0.026347039144494513,V2
0x32647079f2d533253ba9c24d421f828d83bd0b61d5a791091cdafe71fe7abd2c,2025Q2,0,0.026347039144494513,V2
0xdc6217bfb7b370163f7c427d693d5610bb00c1e767edaaa18d428a7aaf950837,2025Q2,0,0.02645330279510913,V2
0xe8b8c64c93d1fcc39e060a3cf7e32d7fbaae75597979074f83b8d75107064996,2025Q2,0,0.026347039144494513,V2
0x6eb92562df425ef6ddffa03fbf2d766b6816c9b5cc3175e799d439bbdb3d8c45,2025Q2,0,0.026559983340136113,V2
0x3b1121fddcadbd2b8bb2c96bf815a5303b72b8f90fa3145140ab607cec232fae,2025Q2,1,0.9904953467444961,V2
0x2158d1f83118f06d7399d5000e9c44f317eb8a0801a6f588d261bf2cf2310445,2025Q2,1,0.9904563464627776,V2
0x3b2f19935f2a969634a7aca52b69cf653d957ec6243bdfcb97dd830003e90624,2025Q2,1,0.990057522234879,V2
0xc0c0d4b16191cefab5c6dcda1797fc32cbaf7d495afb973bdb071d6dbea46581,2025Q3,0,0.023315002144089266,V2
0x3a49d807153c04f04559ca17dc25e8cca25504d88a57a5fda538284e882c02fb,2025Q3,0,0.2732729505962197,V2
0xcfaa7bc4cee131fb6e724b54230616a1aad023dc6044da6b84f06b35ada28586,2025Q3,0,0.3495235992598101,V2
0xf16bb5a97c8d13e41b51dec9024d55f69a39736d4a0f8539bacc993470cb02f8,2025Q3,0,0.19554931529864014,V2
0x9fb093c5361acd17289f7b9962d6e14bca8a0ce05618498f95ffbacacd64e77b,2025Q3,1,0.820618207189407,V2
0x8c601a3d990460a92b604488eb97a9d19d9218c39609ad438cbe788a1db653d4,2025Q3,1,0.9249828139838077,V2
0x2b0a07e75ef14cf292e6d93fdd07f333057acbe249f8a7af57bb1ee3c5a52b1a,2025Q3,0,0.5759313285886004,V2
0xf2fac7fa4a31542b564faa725649dc596b59beae296fecc436d1e40202baa5b9,2025Q3,0,0.03285171047260765,V2
0x07a49f044960fb16a4bb3ef0fb97ea3427092f4f860f6fbff74b829af7d64aa2,2025Q3,0,0.06430807472781748,V2
0x7035aa7555c84710f78a64c3f91c232d03a7153af0fdcf2a01f7838033204afb,2025Q3,1,0.9780118486813303,V2
0x3f6d0c5fb6274a88afa19b9e6f4e5cecd719324ade47c97aff7883002880d64e,2025Q3,1,0.03846511859824471,V2
0x69f218208ee7bee0897b5f683790ab945b7db5311886fd39641d476dffdd8944,2025Q3,1,0.12223908055045526,V2
0x93f4c7d110f2ac9752f56bc448d81f393c439ee96e4342898c9c5e535bb08e4a,2025Q3,0,0.026228793796807152,V2
0xff65ddeb5485e8d132a033c29b3022a68527396540df7265e285eec184041d66,2025Q3,0,0.026228793796807152,V2
0x812d8819cda5c57e824719de0381d8e207a45b5b71da31a6425f6c2f181a3fc4,2025Q3,0,0.03239891793754376,V2
0x362c61cfb577a719526b03e7596a3ef3d6d9aadf5292e2e2391c2cdf62892730,2025Q3,0,0.02426514809739235,V2
0x4a68d828f7263f34391484404380c34efa9566f12a08a88553ddbe8e285c3ae9,2025Q3,1,0.9791495133478486,V2
0x0d09f8cb4ac601074c02828328a893fdab030ece3ca682faaef89d82c43daec2,2025Q3,0,0.026014037033037563,V2
0x5bb02509cac2580d4b13ab17cef450011997faf52882059ca9a9611e374c210a,2025Q3,1,0.9840339160204216,V2
0x65e2de7aa9d97d3c1fa818321dcba2ead3a44c42a94f29df4b008d1cddb6fa46,2025Q3,1,0.9684207407222662,V2
0x4cedbddfde0872b20aac8b421b98d3808cd97d15bbff5d10602615c8476c68e6,2025Q3,0,0.04734190371377664,V2
0x779c11cdb2946b7330be75b864228bc0c67bed919f7e96590cd80594d1cb1166,2025Q3,0,0.024036448481193566,V2
0x43a0e99dec7bb0c6ae5a9166cf6df932a36ca721eb62f673eda5ea87232bc8f2,2025Q3,0,0.028709016612076203,V2
0x1ea32b75e1572c8c471d4600b05bfa322c5e1a5ab97a95fb2b047ea798dab2ee,2025Q3,1,0.9792749075265431,V2
0x9f9b80acee3dff860af4b12f2399b07a8eca79376143e2c3565bcf833a96b4a0,2025Q3,1,0.37677981773538743,V2
0x94db11d2f3d7508ae36589e92cb30b3c9d1032aa4a3b23f33d4940913ed5e035,2025Q3,0,0.024036448481193566,V2
0x2824d2633fafe8985a611c408b99505c18c7d9be4f05bd044e0a8085f9f2dcb1,2025Q3,0,0.02385107185558655,V2
0xe5ee25ddde1a96b51f26dc44e782147d56a4f401a8df9e1705e69c9c2ed45652,2025Q3,0,0.02385107185558655,V2
0x94b6840fd4789ed22141fe13b44d65b7a172717ee5574bab326657f2e6035d80,2025Q3,0,0.04558495471731031,V2
0x30be2fc500027e98ff6995bf1f197484e925674f5ebb69bea4a8ee37db504bd7,2025Q3,0,0.027837379776724385,V2
0x8546a59f7bf128e652ce9448597ad83d301f795c92f523c7352717f4760665e3,2025Q3,0,0.024317151022740482,V2
0x5d892486e700e4b7afb9b1726ce4697b0c3002bc086dca4bf1131c932788e920,2025Q3,0,0.024888176954437537,V2
0xe5db676ab771065e550c464def341222103ffd2c29d0a16a675eb420f9bfab34,2025Q3,1,0.9852910513579344,V2
0x3a369bc286924ad5ec7b8a6c906ebd7e79739d8b97fc1bc0ca0f629d71963a94,2025Q3,1,0.9852910513579344,V2
0xd76cd9ad15dbfab721504055b11298c6698aad9e0c4d0cf6f795048d95fe607a,2025Q3,1,0.984942167336747,V2
0x23cfb7f4d4cefbac8e464cb53717654d84f82f5ab7ad4497662c122d94bb658f,2025Q3,0,0.024317151022740482,V2
0xb8498bb4d013be50bd4af336c0cadf62ab0f2885cc968b742304d6edccfc7190,2025Q3,1,0.9852910513579344,V2
0xffc6af90d3fa254e5f511ab9e640bfcd656b4c728f82ca42a7b9db967760e94c,2025Q3,0,0.0246010490348584,V2
0x1b8547d064f8b849259c7f4e923775916b831b114066279a4f9e41bafd9d1fc4,2025Q3,0,0.024888176954437537,V2
0xf18e0785116e491c40b5a607fa69a451ae552a3f04f50a6bc51a7768fa581e96,2025Q3,0,0.05553261397124414,V2
0x0e5219af7f980cbd6fd8d4fd4233bfead6f2c0cc8aedfa95b0fdf9268ec4acd2,2025Q3,1,0.17933153880593836,V2
0x128f8900f9fcf26d6686566105a0bbb581813a0d3f16f1fa0a0324e56ed9c6fc,2025Q3,0,0.023522014430693863,V2
0xa3d646330c69637855b99af191c40ba980928eaa1cd97c1f6aa52de6de21bf76,2025Q3,1,0.9843065311712055,V2
0x448c358927e1010415b570d2f28fa15c2d5cda9b78b605a16c21fa116bebac5f,2025Q3,0,0.04903954956548416,V2
0x2cfdff339c1ccfb9b66f69916502bb0a5e2da61e845d1750a7fbb763f38bbf06,2025Q3,1,0.9798570038096215,V2
0x78554a269994cb47618a3f7583768a008a5c5e1396323b92e9bad4be17dcf7c7,2025Q3,0,0.284370510972096,V2
0x51179a929cf3bb4e4f09bb9d1387e90f7c7f91d101ea977d82d75ce15fb33cf7,2025Q3,0,0.02548148173505028,V2
0x11a367fea8169759c13b9dbf4547e6fb8aaecfd22f87674870f5940e86c90bdb,2025Q3,1,0.9661751129435245,V2
0x9b40eed84fbe8c057c2b520b181f5dee55b430cc3c46968d4bb2f5ef7c518a85,2025Q3,0,0.026897223990059248,V2
0xd6ba332e88335deb8d04b7faae06e1ad265f1e8ad464a2a906e7748dc8c7790a,2025Q3,0,0.02376752210422248,V2
0xed4615db4766881d064c19a6ca9ea6f3f3bc4d55c41fac513d1ca7a2f4dc96e4,2025Q3,0,0.03537014973302382,V2
0xa1f352ecc07504abee723e29badf7f4b629d02c95c82337c35ffd7f402afa6dd,2025Q3,0,0.02734215781268438,V2
0x6d20fbec2da69596c8c350ba463fb1132ec47a34c89d71d0294ca75b6c419339,2025Q3,1,0.04445041843012573,V2
0x4a8576498f2368190c72ee0536f34c30c6aaaf868ac6b72ab685fdbb5a4b0840,2025Q3,0,0.02423651832253368,V2
0x0c7d28659310de1bcffb52f14911f439094905e8a72dd1f341617bd0e20bc5e8,2025Q3,1,0.6741034287816599,V2
0x05a504fd23b9f673aa2a96d51f12520d9acbe842a706d103483f1504c06d38fa,2025Q3,0,0.0260416953006327,V2
0xc4c1335387edfaf4729f49cab9f9541e6de3299fecf11224de7fd4fba6e3d39c,2025Q3,0,0.044122235241301995,V2
0x48e51508835de42a12c7177cfcd45881590bdc9fa00baa1ca4173c441bb471ff,2025Q3,0,0.21183436061113392,V2
0x5fb3af0ad49773f85b9d9eaee0e169bda9fd90c13da2107ca01743a7bcf39663,2025Q3,0,0.04871998907326618,V2
0xb2fc36d5f9bd808e7e1c65b21da9f69cb112541d3b403034f66b0004e38172ea,2025Q3,0,0.02882753974307203,V2
0x461e3a6415a701a260c9f61ba726074e44c65c20d3e1f2ca916aaa10747ab319,2025Q3,0,0.0321046511921602,V2
0xdd38f1c91c1a1b90d4268afa7178d570c7efe3597ef3271594ab689d7423e597,2025Q3,0,0.02528289687091909,V2
0x9b384b7a56c41e7181d207e3a46e54dd1d1805200e976abfb8f621fd3dfd37c5,2025Q3,0,0.02741861101355515,V2
0x7c94bd32c0be45c73e7f42908d7b32b07203fbcfd52409297c60f0c7e1c28a69,2025Q3,0,0.02587599942428849,V2
0x78700265e4aaa5e73a4557cdbdad4ed768a1504f1c91bbce0c7ccffb4af175bf,2025Q3,0,0.02577621682266456,V2
0x46dc560a09f07d8b6989bec851262e4df92ea0dd909631cf987afc88c8b8d729,2025Q3,1,0.7095278622449624,V2
0x89f0c865380f678336c390ddc4fe63bd14b77852d8b84845b315715c73a41bd6,2025Q3,1,0.9858587576086832,V2
0x0c5ae6834bad46eb993926dd5055818a0a695f93940860247556af7ddc18377e,2025Q3,0,0.028606295766346858,V2
0xd513780a1859f1a5bd88054b3c98b7454557b4292bc07c52a008aa07dd87ab30,2025Q3,1,0.7840961816314332,V2
0x9101b7b2ad1dceabc9eeb8f4b152f6a796d5706404856f757196dfe56a0237d7,2025Q3,1,0.9860782292946882,V2
0x9ba0e12a339b01159f86cd697890e24ab2a25749cdaa8beb6a1a744fb4a93610,2025Q3,1,0.29077203398971285,V2
0x67f5f2ce94e999560348ba7cea12b82e032f503f572084756bd6cad0b1f5bb3e,2025Q3,0,0.02795240797667736,V2
0x27619d612e16ba61fd0c60000d6e1e17947f539bbd5fff7d08a1e0ecb3776462,2025Q3,1,0.9837237674094782,V2
0x640938ae857aa2dfaa5aeb2af07ec853ab0eec5395a5d4ab1c31842f1d3ab271,2025Q3,1,0.8437376441071759,V2
0xbbeea892dd7c00356a01ad562146236f8e4a48ab4852d119676a41832a9edb9d,2025Q3,0,0.025088154356739358,V2
0x6913acb3b4cd22d006de94416187e2fb3ae2cd56871aefd4cfd1c328548f7f5e,2025Q3,0,0.025976157996183972,V2
0x5f1b7eb4573875d73fa68974c4477550427745bc8aa0270ee71022a7723121e4,2025Q3,0,0.025976157996183972,V2
0x0de7d3a8cb29764fc91c5941a00e1cf010b9ee0f2f4b0cd82a9e0737ffed0c96,2025Q3,0,0.025185342249766318,V2
0xbf203db4288fb9d2644db867ba399900279f18026fbfd302fe858e539fad36d2,2025Q3,0,0.03113322376826455,V2
0x5baecd1f5286bb3150e6186b8cd6ca0468cbed8093cd6b8f4a1a8752d35139d4,2025Q3,0,0.025380819528232686,V2
0x27fa3741337f72bb571945794b5e0a2326d8830d324a3608a0cb994005f9f0ad,2025Q3,1,0.9855796173996231,V2
0x9339212e711a0ed6185067689c98e1e42159cf46d671c9f0da14b62f9b69fefc,2025Q3,0,0.02590387822457062,V2
0x187098977ed6bcfa0ed23dd28b5f1e29ae83556bf16a7ad2c09c57e263a959e7,2025Q3,0,0.02075383914455267,V2
0x0d26a40ed024d82761b2b07d2cf23f0045328f94f35bb3f95e73e544232a8975,2025Q3,0,0.035134045434916425,V2
0x129ef0a1c46d47760646aaabbc6b9c229355476b8c392e85c614540a2532000b,2025Q3,0,0.023447710004982573,V2
0x4bf553d0029cca7d97bf42b2a28351c271bff3c898f57421a3a5e16c6515734f,2025Q3,1,0.05891948137579706,V2
0x57a7c6a961ddbff6b58aedf1f479e4008a06263a076805b40005cb36af4bb457,2025Q3,1,0.9581394216013793,V2
0x3c56b8d7b69bee2c0d9ec5d8a93f632a6f27d147844c8dfa726704e1fbd08d79,2025Q3,1,0.3126360701550585,V2
0xd42095c555fc67294ee945b214b84f49f86b11e3274c325adcf0d49e09114e38,2025Q3,0,0.02386767894260965,V2
0x669b35203fbaaf260e1e5198b8ca2ebd7887d7ffa6985dab99abb0bf94ef674e,2025Q3,0,0.04392013765214105,V2
0x465f89319b903b7f8fa9080d6e31264a5a439651c9dde08a3b2913f058f4f00f,2025Q3,0,0.7828246603934835,V2
0x4970172d9dc6f25bcce9891906dd3aea3050a0e4e40ee74daf911a8e4a3126ba,2025Q3,0,0.02424008992748403,V2
0xa05e5a87b0576f0cd1929145fce0bc6a4ed33d90a08e0319950075c6c0f0a0a8,2025Q3,0,0.0456159875593493,V2
0xc60076b8a299000e668c354b5ef7f180253be03d6584bcd3657ed685cdd440be,2025Q3,0,0.04180531994287477,V2
0xa3630220bf7bacfbbee372ef8e0c9c23df3912158e05623f585d1f8ceac00c92,2025Q3,0,0.02386767894260965,V2
0x3ee86a850a9f5b495d65ad5e409e5903a1f14ccc78c4e8bfa82fdb4c497b543d,2025Q3,1,0.973971309206063,V2
0xda1e13b408a29f7e630ce1e20c31331e7c4a1a60961bee8bd96aae210e97e2b6,2025Q3,0,0.04919642454868959,V2
0xd65c4072e48a82a9cd49e8e6be332792fb13e8e076134d860d110427fc01d374,2025Q3,1,0.948254752911929,V2
0x5cee2245fc76fe3da2e33c1cc95746852ea193d587d2b8e43443e8f1b8fb3be0,2025Q3,0,0.024334074542675693,V2
0x46e434dcf99d7e1354abb5f2e3cbff811f3600928dc09e9d38a7128fdc577b62,2025Q3,1,0.6101816973699565,V2
0x14bf5aaa9c555faded1a58acff5ecad22c41eb20757145f14355766756c6ed62,2025Q3,1,0.6614902016613559,V2
0xeef3c14eb999ee70b3c7ba528d34a9b7da2a60bc55256374a7dc0bc0c6d955ba,2025Q3,1,0.9844308441280073,V2
0xdcf2b4dd27cbf8374209e46a0d7726359e29c237c77eeb2d03845ea7702510b6,2025Q3,0,0.024359462618240055,V2
0x6373a53f15b4db85d6ba64e24e75a39211aa12781b9034ef94ee0bcb630212af,2025Q3,0,0.02205876286354246,V2
0x410dae9e439d5943703e08bab74b2147f526d13e432fcbf3583dd351c3f3936a,2025Q3,0,0.0219733681874568,V2
0x07ff647adb4fccea99d476fefd88d31a09bd275748bd093305ae661e03ef2366,2025Q3,0,0.02163500968091503,V2
0x8d93791d7c262550cdaf6edde9016add94aef0b8a4a06bea8c6bd53b233ce0d5,2025Q3,0,0.02163500968091503,V2
0xbac49f234f6b0541c7ba0cd2c142ed93838f301c97f86619c81b19921e72d934,2025Q3,0,0.05918421543557578,V2
0x02dc46f4354c1cc447577db82ba62cca1bda737bd67b73fe966ce1bfe580868f,2025Q3,0,0.025813760588416015,V2
0x6c3d5fba5442f3e725eb89b7cffcc341ca3105cddaac09c1e4bc8e7010f0fe40,2025Q3,0,0.038339159052771216,V2
0x9f41a3e4a2ef548cf207c22a48dbaf73e28dda5ec014c145217f428aaf3769e3,2025Q3,1,0.9671152698497432,V2
0xe8d095422da9f6c3ceed727a4b6251177f618b002d2a698bfccb48716c7aa469,2025Q3,0,0.02219655990819286,V2
0xbe74c0cbc7b1cd812b5b68439b3cfdbce3e4148037e9dd4cf2ff078618e9e381,2025Q3,0,0.8258769863334042,V2
0xa372387ff2de628dd2097d889a34b5cf08a6fcdd8e59b254400e0b47506c557e,2025Q3,0,0.024643062234668372,V2
0xcd70715798fc5a4ffe5650f41fc94d6ae981cc809da3561cdbea3dac869ff561,2025Q3,0,0.022806251771128924,V2
0xc7e96db9aa56c83c19e7eb3d608ef821bf9ad7699c48c8864011e5caed4ebd3e,2025Q3,1,0.7778376318306991,V2
0x40b9b62e09bf8429a058dd94edbeb3849691b41f2545fdd93af0473234a752be,2025Q3,0,0.05774290603376495,V2
0xa74304523e0d5b3ea3ce9d44a7ec5e67cc2ccf15735d46a186497d23a5d9edde,2025Q3,0,0.024177134253436674,V2
0x6ba01b84505b019e8c3ace62e85916535bdd950c0f7d78a6c1c6077fcb9b625c,2025Q3,0,0.022115923360424318,V2
0xb4cf7ea4502155f89905021917d22b26b01867582abdc6104995517465c57d91,2025Q3,0,0.02436498186389681,V2
0x31f8d949361c237709f81890ed313b25809d8333e78e155f34035fe99b9b5d1c,2025Q3,0,0.02169109646885754,V2
0xa56afcf5b2db4531f9f339edc04acc9c29a777127b79164cf8850556d164f5ea,2025Q3,1,0.9575408936674972,V2
0xd189af84a1c6c02b579796a1eb08af597232d33455c42d9c0f5c98eccb4292cb,2025Q3,0,0.08648383363312845,V2
0xb21c15db48e4c5197b7fdc9bf946a277e2ba8aa2cd0f09631a4b440c689ae7a2,2025Q3,0,0.1368438596492462,V2
0x33e9820998c7f9d3258999bc1f1ab4341de836d826a8583a1457c2a8f834c2b0,2025Q3,1,0.9831053072626977,V2
0x656c4e16da2fee857f9b9c49a2a04821134a767fd69657490b16a923ecd64007,2025Q3,0,0.021191829118501537,V2
0x1859f2db5700c12c754b8d4c1f7fb0b663df1c90cf1c0b2a931744ed9d9ff002,2025Q3,0,0.10348945902952605,V2
0xc74c985af2daadd3900b337e128555d997342db0d724528e9b0eb5d9bf2691a2,2025Q3,1,0.20979417757669222,V2
0x715eb6357edc59dc38d9f7da929e63be58fa4d3b7bd1415d7950a60bd4317827,2025Q3,0,0.02464942418410322,V2
0x20fb0feea43045ccb4b74ffc4198626e4d8be04e689e4963099ae1ff8f929c5b,2025Q3,0,0.022812615309076453,V2
0x2953a5f45c2908c95bd190a782401cb61aa49c58f11efddabc79f3cae3a9c25b,2025Q3,0,0.021191829118501537,V2
0x6d250918ac8353e8aedd848e1c0934c0feb8ad1be05676f19414def48d4a914a,2025Q3,0,0.1853001133628834,V2
0xab03a5adc30a70d64279a1e894b94665583fcec6ef6d6fcfd2d4687968847ef5,2025Q3,0,0.08648383363312845,V2
0x94c99f6465739a323859e4bdcb5091ce6e064b67a956b5c603974e574807efe6,2025Q3,0,0.02299011087551362,V2
0xf0ef70a1bcaa6f14e19ee87c5dcb8949044875c31fdd42ee078d7b72296c2ffa,2025Q3,0,0.02186006116470816,V2
0x14a5086aa913c7146d1b532b67482eb0b652f13de41ad939259bd2084f1afe5c,2025Q3,0,0.021356989628372552,V2
0xc922c0b8fcc0898ab6ac49ad47f5e14977b4d68a45f4c54f04d8303bb0ed9df8,2025Q3,0,0.02493710227319484,V2
0x26140fbd80ec4d942e1c59f86472ea542f9ff3eb9c4015dffa381112f54ebed5,2025Q3,0,0.02263645835038601,V2
0xfae907b4c7d9b39fcd27683e3f9e4bdbbafc24f36765b6240a93b8c94ed206fa,2025Q3,0,0.02642525939209923,V2
0xa491ceedf3da3e6e6b4913c8eff3362caf6dbfda9bbf299e5a628b223803c2e6,2025Q3,0,0.02110971810303905,V2
0x3c0585e53f8a8ac29b1e81fbc89485dcdf451f0409648fa36417cc9f0487317b,2025Q3,1,0.6585560997677791,V2
0x2188d6a45be5d481c8910e16fefd9ee648dbeade00e5a26642fec71ea828ab4c,2025Q3,0,0.02186006116470816,V2
0x387d5a499328023ded8132ce272b4faf87eccfa6521737a85bfe09a01183c2ef,2025Q3,0,0.021274252582002322,V2
0x6400143020a976de8117a58995c44e4c440a0307143c4f391448975ac56a2130,2025Q3,0,0.02078437595396379,V2
0xe59adbed2626288ba876a53a22fdf96aa0764c024a4c61b4785c232ff04bb5a6,2025Q3,1,0.9811584027396136,V2
0x8b1cafab17aaa138174c8096872df64552a204885f61cc5c626f6fac9e4e0025,2025Q3,0,0.02078437595396379,V2
0xb38ff89ca80358305983b93c73fea18d3269d7776f3bb77bfd75b0ce838cae70,2025Q3,0,0.02078437595396379,V2
0xb292b340398d387138e2e902630ac9e89ca85f214ce6d5ad6baddd71679309aa,2025Q3,0,0.02078437595396379,V2
0x0041d01c1584d78d7eec83726e4a9895000ac039a9d31efab618124fa5085bf9,2025Q3,0,0.02078437595396379,V2
0x842e835f4d2061b9a6fd0ac84665b7b69e9ad06e6316b172f17f42d2ceeee9eb,2025Q3,0,0.02078437595396379,V2
0x01ef26bf9a5179ae2528a41ade585df98b12ceda486a6d7ef0a86697d3082a81,2025Q3,0,0.02078437595396379,V2
0x760edb46478e9c9c9f77874229bdcfb4ced817a5284d5c2eecfeceb8f00f3972,2025Q3,0,0.02078437595396379,V2
0x41eda073eeca4071d3a643a527bf8549851ff16c7e4b924a007671cb11920f98,2025Q3,0,0.021356989628372552,V2
0xeb005a466ab396190a47e815c0855820d554716e0873cff67a30a690f4174ba1,2025Q4,0,0.030858233980834624,V2
0x09b3e4c716df2579afa0ede1bf00edd84f8cbe1e335785f90336e7a909c52f8e,2025Q4,1,0.8649014522281226,V2
0x90394c2848abe272fc43ab6d3842efc6ebcf41aee50ec9fdca1980a6452ff19a,2025Q4,1,0.9655021289874502,V2
0xcf629b392cb6ebbb90575ddcb2a4510ed4cba795e061bdb730df6aaeb4554ba7,2025Q4,1,0.29172173968354775,V2
0xff48e9b2a1348205a430c941ff6a51aba1ec18ea34d0add5f82ba9f9ffd74590,2025Q4,1,0.23716437187400907,V2
0x04cfc9a207e0d14f1eb70b6334e7436f4492cd7e75d2f857a83984a237c008ca,2025Q4,0,0.04003143665801672,V2
0xb45dfe8c5df7e41f4d9b03c5ccb3ab6598a9feb1914be0c83daf16cd98a74ba8,2025Q4,0,0.2596569456425327,V2
0x680b5b8add0677e5865f4b6d6d1d90e2d9e818d7290947d3fffbf7991cbde08e,2025Q4,0,0.2299722234360315,V2
0x4d6c87358a0a8522c775c20288ab7df7c8ceb4ffd1abf01881ba343cdf45964f,2025Q4,0,0.4001381504910866,V2
0xce295bc26fb49a30737aba33d7333b719b28408a5a053bcf6b6c85d03cd5c3b4,2025Q4,1,0.1280617919736103,V2
0xbe79f22965635de887b6d690911d04ec6a9d86ada78f2323f1ed56b316ece79a,2025Q4,0,0.028037516886736898,V2
0xc4fc208787a6b40594f5236c754be025d52652c0c8a817ce4e2bb99ab980312c,2025Q4,0,0.052098816749398535,V2
0xb71ee44874e6128bf90be5d2f1c07a58bbebdf2518535143069992ac22e277d1,2025Q4,0,0.02421891388916255,V2
0xbe7305335831f9631ddc00515dcddf11c3fecf02b0bfe48c45d0acfc15beddab,2025Q4,1,0.1459072542973671,V2
0x0228c334b70792abe9e3c0f8dddf34b8a371837d830c2278c518338c6d4cde13,2025Q4,0,0.30091315102635036,V2
0x200369a7fc4dad910665c5a77e1c0c0d16237f79c637928bf0c5112cac2db708,2025Q4,0,0.034824355468433106,V2
0x14a3dfeba8b22a32feb0f10763db68bc4d2abeb5bff90e9ae20de53793b35a1d,2025Q4,1,0.026203757848083115,V2
0x60918e364dd0c217c3c1608993c2dfea7f1cbe66791670add299e4e104192993,2025Q4,1,0.17858041330659535,V2
0x9c02440c284eaa4798096be5cbde0c845d9962ff22664e50e2d7922a5d26a1c7,2025Q4,0,0.02529667226810529,V2
0x150c3533d57741847fbdc0ec3099ec4338ed7bc8f70050fd9d4c6ac665feea74,2025Q4,0,0.022480135243704288,V2
0x35aa60f14428ee91906728783c25864e69aa1da630d0a86408cf628f776fad0c,2025Q4,0,0.022480135243704288,V2
0x2df0f9131944410c596a5ec62c3c19d2dde36d97002e9a236ea5323ffe1a9be4,2025Q4,0,0.022657399101301382,V2
0xa9b4d63db8031fbc369d863e1e9dea77296ab49ddade6793f1938fe0c76e7d10,2025Q4,1,0.9803498449804825,V2
0x21c3ebd6f0d85a9a78c851ef4485d967d91e890093f5474eb675324c7595a124,2025Q4,1,0.987357805386742,V2
0xec0a4d2952cb62ca55e16a4ad879aae5c988309f71a8f16fc3c65fe0a8df52d4,2025Q4,0,0.02478241967794143,V2
0x27fa002bf1e91268fa0b4232b3d35892f15f7b6c26af17749a10ec3a8c218b53,2025Q4,1,0.5190327491154485,V2
0xc15a24d1576b84a0ae8896d2e2f89d33cf2ab84e20c358269945725204ba2442,2025Q4,0,0.6498962768075079,V2
0xaf2193cd6b091db90642fb9b9fd7f3c4a1c280373357081ec68c9841e864b207,2025Q4,0,0.024685499424641703,V2
0xb98af52160e844fa40409c12c1e205be748d71446cd653b7b7b04ec05d6da4e3,2025Q4,0,0.05972360392600559,V2
0x1586c09368022ef06b57487108ff99c83745309a79a7952ba11b916b606c6700,2025Q4,1,0.879177770421061,V2
0xb48372708bdfadbd7e045a1838847f5b2e80ff2c9aac5fcfb314c14168c5ffb0,2025Q4,0,0.1930142542728123,V2
0x2a6698afa34ebc176e1a7b31f5fff0ea300ad5032ff0f4b19c96779f910c7f98,2025Q4,0,0.02418993804515159,V2
0x488bd2aef34f16238e1329c5091832c91dee945ab87eec1bf37af9f119679913,2025Q4,1,0.9537249282748532,V2
0xb09761f564bc398ee978545973b85b952a5aca000557a49a3224895893aaf8b9,2025Q4,0,0.05797378561298821,V2
0xc6857fdc8b11b381c177706e3c2fac86fc71331a46186c3845a5bbb421435360,2025Q4,0,0.025887117533823906,V2
0xf8226ef2f458366945d8dc932cd4f55aa054de8897daffb23792105b745b2519,2025Q4,0,0.025887117533823906,V2
0x17b0a61b4bc527cce4fa8206014cecdbd40a0c15409270316da643c839948f04,2025Q4,0,0.025887117533823906,V2
0x6445e74d491dfb501ca19e7b9dbb061c07ccabffe074328b10f890f14414e6ca,2025Q4,1,0.36608420979820455,V2
0xaf7e245e4ce6fba15bb5d3161a3429c80ca9370bc91743f19c08e631c45f2b79,2025Q4,1,0.10375236368275208,V2
0x62995cb8a7c8c0d216a8882109bd1e05574b5df87d313f06cb3e1cd5593e6d13,2025Q4,0,0.026632400001645854,V2
0x937d7afc09f1d2a16a4daa1928798725ba97c809bccac841d0907117dbccceca,2025Q4,0,0.026841506885094426,V2
0x0cc0fe6b5a5a9ab2a7381caf7054510d8cc8035e73d2050866a2b2f0959643b4,2025Q4,0,0.026632400001645854,V2
0xe2fde77ec7e873ab1d0825880f6dea70d97f1510ec6184b886e55511e3f127a6,2025Q4,0,0.026632400001645854,V2
0xb54dfd7b69391e65fcdeb291e09606e2f3c44ef3a3e7b6dbd1d411a4ed4c2b54,2025Q4,0,0.17457760068303715,V2
0xb51f2db5996c86c3fdbac6d67d0fdead997d959ce0d86bad5203d16ee746da17,2025Q4,1,0.9216057386360691,V2
0x1321095e16f2904ccae2520e22e635b69bd4f25fc54afd3d0d838a3bf54550ad,2025Q4,0,0.026632400001645854,V2
0xd562bb4ace325b68081b92e594621294e0012ac39d3af48f2b1fd43cab925f69,2025Q4,0,0.9759171503105365,V2
0xb2976a6b0d3393b44546adaf56c9c1dd77f11cf5c859f4754f527d0907f049bc,2025Q4,0,0.026632400001645854,V2
0x1e3d9b0dd4ec88715195d7dcc4e5a700558c932acff03e10c1addaaf7f50d8c2,2025Q4,0,0.026632400001645854,V2
0x564dc4a385305c482015061537989c4af69f1556f40b958a7bd6e4cf84ad1e2c,2025Q4,0,0.026632400001645854,V2
0xd4ae3ea41585388982a6d4cb9b60f4314d92f24ffc88067c9442b72dcc2f2575,2025Q4,1,0.052977859500428874,V2
0x1a7d40a55ae60c5dd65ed758dcb503074916132eba2f93a701d25ab999a7a370,2025Q4,1,0.7097648395307489,V2
0xe84fe1887a4b01ad9bd837a4a35d7ea540110af706f5c4010192ab9ddde144ec,2025Q4,0,0.03739143595708764,V2
0x61ca1f1af4ba9c66bd3ead0ea599f61996f34f0d9400648d63709859fb92f53c,2025Q4,0,0.1574653817285698,V2
0xd8347fdfd47e2298171cf432bcfb491a711a16e0ff8da245a89f34871836941d,2025Q4,1,0.09280195931129129,V2
0x6ef34d5c7937cb8a1eb22234ddce8fe3eb1595e1f35c7d4f2101c58f3506e580,2025Q4,0,0.025432236320654132,V2
0x53f82bd52566e30ae3f8131cb92095dd92ecdf2b0204af0edc226ee194e923fe,2025Q4,1,0.9847652571120261,V2
0x6a8c775d3a7ab901a5c4595dbc33478d654dc3b293be2b80fd64500cabbfcc37,2025Q4,0,0.02474436629322936,V2
0xd6e0317cee513cc3afdc1954ac576b241ad2287536e88b17fd3a77b4c3d0976e,2025Q4,0,0.023793058552340745,V2
0xd63074a69db9fbe28c8a9f3bfe64d8c16eb39e302be281ad9e3a91081b7429f5,2025Q4,1,0.9807837840814253,V2
0x46172824696c98fa617d0e7e1f1e0a86625814fc4f6aa414892bffac2a2d2f29,2025Q4,1,0.9866426834243262,V2
0x8906ef02619ac44492cfdb44781bcc2848c32895d2c3c39ceef00a960fc4d87b,2025Q4,0,0.025552631459111824,V2
0x876e3f74017fff10b2677f8c0b9c7ddcf8f74f147eeee59fff71e7a1928edf19,2025Q4,0,0.024764366147703457,V2
0xf93c2cb39ae91f4d46ce09b9db68e2e446bf75c896e071ff90e83d16ed9bf182,2025Q4,0,0.027309640445726438,V2
0xf3714b6a1b25b3bcbf2bee6fa820b018bec57bd006fdb8459a5e6f5bd97749a9,2025Q4,0,0.0448503874294177,V2
0x0e65ac45d12af61673ed92b0e65866d7b7fa58ce395c71cfc86d91e10af26ad4,2025Q4,0,0.047686339590300615,V2
0x97c739bed00d60ed192e70500491d1a485c7c808d65cb131dd95a5d0b9d1f31c,2025Q4,0,0.027631663104833608,V2
0xbd6c9dcbbf279ec16536724b73336b1b9f27e78f0034e872261c590a01110bf0,2025Q4,0,0.024667514713100688,V2
0x7058f8abef2ca5e080b6febb7ec45da60319582619e89183b700aca3d8fb21da,2025Q4,1,0.9220178470510159,V2
0x7f99d8d0221a775ca04249b00d86c02da178a897c7847c1c50972895758fcb8c,2025Q4,0,0.03370379994858262,V2
0x27bc9a0246320133b3e57d9c698d1b94fb9c4f1924886b954960e8ac0b5514ce,2025Q4,0,0.04416691443301559,V2
0x78d6c8f900ef99c64ee123db009cf864179d4b659c5c898030c756c5e528d8aa,2025Q4,0,0.026781025034619536,V2
0x63c6bddf7681c31a5a6be4a54bc7c682f7d171be45eae0178ff09d60fee21ef2,2025Q4,0,0.024474918215238044,V2
0x3d16ed6f91ad7d3ffb1633e792a6b5595cbd30cf8a9f63883ade9e6e97c8bdc8,2025Q4,0,0.039348867794600416,V2
0x0ed1d3981a2067c9a53364b00d4342e703026926615de49aec9bead2cb2f8393,2025Q4,1,0.9813803142806874,V2
0x686d955f00b0a27a807d3fe4bebca3ef6f81bf25699a967d4156393eeb6c0ee8,2025Q4,0,0.040896081115141654,V2
0x92137f9e112c001cbef3e32da9aca4b42cd3d161f51c2963779ae694d45a48da,2025Q4,1,0.05346844207504102,V2
0x24392325f435e81d2d5f79a9e5ddd94dbbd59d7f2b43ba4c2fea1786065d055b,2025Q4,0,0.03130415670333408,V2
0x377567785c949645ef3ec315c927c7bca8fdf396b8d22479e28c45ab847f40c8,2025Q4,0,0.024379170489916738,V2
0xacac1a4b66459802a709b2f2eeed96fed8f8982a6fa6a782c3bc29556cc5b5a0,2025Q4,1,0.9858807064425097,V2
0x343bd70dc933edcae475b2053c6a3cf10ea6383ef2ef87d0ab70e31a045f8645,2025Q4,0,0.027096988147855987,V2
0x62ba158e174d930828d8fee32968f1c7c0e972bff94661e69c65c135f611f5b7,2025Q4,1,0.09701416498626814,V2
0x0873d893d590c648cb6935d27fe1f3c05d977814a8b91ec12e96d25ab4e97eae,2025Q4,0,0.02518564497875071,V2
0x08edb367286b5c3c9ea0bea943ab0749edd854f6e4b3628278cf079766677111,2025Q4,0,0.022655070218324705,V2
0x01e168ac93d7e3ab3cf472cb53daa1cd9102541c037ca94de45ee416df8e8eda,2025Q4,0,0.022655070218324705,V2
0xaa0bec393d2ed411398d4bd5cbeaf36d5dc2bf9d9b248ee7949f32bc6abee3a6,2025Q4,0,0.022655070218324705,V2
0xfb9dd816b88371cce8f1367e3eaca65957233d5199d96058d22e89532c3d6356,2025Q4,0,0.023195038458730048,V2
0x70322178742efe1415667480d0250b7e10125aa8afab7f969ff0dc16725cec48,2025Q4,0,0.023840891511138725,V2
0x91446872e083875e2315abb17c03854c178d65cef9e49e17b8c31352dbe2719a,2025Q4,1,0.2890030471855095,V2
0x83e670fd628dc76016696a01fd235ccca81b5796d0fb073a8d2672a56504419e,2025Q4,0,0.02648245773505866,V2
0x4312fc012e315252ece189e1b0f77dfdedf6b27e06bd2fbffb9ee8c9ff023601,2025Q4,0,0.02711111867117907,V2
0xa1324f2f9d9bb179df84ba70d1d2785dc58f3bfcfe632038579c97e3eb07271d,2025Q4,0,0.049569718069845156,V2
0x91dbde104fee004a34f638f9a49d7fb8d4e8bc75e213aab92cd853cbbc4c9c90,2025Q4,1,0.7607452286420469,V2
0xe5764e7d18ccccc39b1f342f7a7b5c8866538ad801af9eae13d39d5322199985,2025Q4,0,0.025666264011907906,V2
0x43bdd849294c7864a44abde82242ce8bd443323208c056d7289d9a86feeb0a25,2025Q4,1,0.71416432126732,V2
0x6a275bccfc2f3f09731fcde02291d06673d7540cbb120ddd0a56ae7a39ef0e38,2025Q4,1,0.9807845765366734,V2
0xdfd3d267e9893993f70809ad9d0d21e0a56c1651910f128c3a88d6377d766c9e,2025Q4,1,0.22054457394611074,V2
0x027eeeaba097b5f3b166eace64668b2e6b327acc7c6b314ae5f03b33b51425e7,2025Q4,1,0.9575888560512892,V2
0xccf29510341e7437f067af2cb107f69d617975a734646b4a6c86089242c8daa0,2025Q4,0,0.8306453841920739,V2
0xda8ebb9d7998b0e37f912b78d8f71a9e36b8a8b5b2afff4bb1f8106e29ae0604,2025Q4,0,0.062448056273919125,V2
0x6b9f192e5ddc110431a737aed515ed9ca5e13bc71dd5bab74f32a7dc68afd683,2025Q4,0,0.027417695207075155,V2
0xde935dcd837ab0430074a8546a629aa30a5c2db2e194d069d6ac655bae637ae4,2025Q4,0,0.035448401420528027,V2
0x7e433b52ffb0befc343a528faa81e633ff0e65eed370ea8608630e8864a212e4,2025Q4,0,0.1165107796406748,V2
0x34e00873d02218d0b1a288fc579426bf8d85f6dd1d34c09d2c135c28d46932ec,2025Q4,0,0.5358799124472183,V2
0xc0bb48cbe15ac8483d5111ac41360a02eb1a4ad516ba20dbf2862651079f78ec,2025Q4,1,0.08727849456864128,V2
0xed9964452babe1123739620fa0c261bf1976b0183ce64f06b5329d53599e01bc,2025Q4,0,0.023906865415363,V2
0xdb38635fa192748f48d28aacb7dc05f8c5777f2c8f529a6647d81fb25dfa82dc,2025Q4,0,0.030109668735750345,V2
0x7f1422bae9b959f1630d7ab931a1a7c5823263e9ab89ac3ac130ce3aa1cff2e5,2025Q4,0,0.023259267705967434,V2
0xc84cdea449f5921873a3f93ebca7a238fbe8723412d19c2b2698340e00ce5afc,2025Q4,0,0.05166968220460288,V2
0xe8d1a07af334e35411c7237ff531fd98905aa60204bd8ff03c080132f42ee897,2025Q4,0,0.025453820653544477,V2
0x9a615cbdd9d230739f633023c4ddcab6b38e37d9e7551f3d6297ee48f78eda2a,2025Q4,0,0.15388315592173618,V2
0xdcf2271b7c57b7de917ef6205de87a46a4c180970e9480c9290bc9d18b74db93,2025Q4,1,0.9305184923611985,V2
0xc8fb166d74a1221f109aa4a261129dcaacf40b2fed4a8a28c7edae2985019152,2025Q4,0,0.13883491488752212,V2
0xba5abc7bb2fe46c77fca1b934ac8cb4a869b81a2dea3c1e89965a2235649e0a6,2025Q4,0,0.05790540787471812,V2
0xa160175157af59a10b8b50ff8c922c781f45c72466a62754000a0f07999f2a1b,2025Q4,0,0.16463937759839972,V2
0x69b604e3d43293ee5aedc9fa00c8d8380cb7e5a71ef189503a532f083e2b8081,2025Q4,0,0.09737040793742424,V2
0xee1ee3d926fe8fd697485c6a057484a5814f3c02533f0490869fa4ca75abaded,2025Q4,1,0.9466438553418666,V2
0x6979dba3f5a7573f1814d6a5ee8f9c762e73b06fa81cef30086c547134ccf7b9,2025Q4,0,0.023627197203713292,V2
0x9e56a92abcf4996105ab15ce5612742bc33f4b9097bb6a4ec5f1468e6f2580c5,2025Q4,0,0.021249796965095217,V2
0xebddfcf7b4401dade8b4031770a1ab942b01854f3bed453d5df9425cd9f211a9,2025Q4,1,0.9764249549633779,V2
0x846ce700a217ec7b75b8d078450f7e88eb5f44c76c12ae448ca10039ef4412b9,2025Q4,0,0.021249796965095217,V2
0x0d846c3a844217f3f7f7dce64989c312af00451efc0d78ef6dcc690b12533eef,2025Q4,0,0.021249796965095217,V2
0xcdec3de1f9c73e9ade1d33dde14b96e7241d0cc87f04981e71a955d3dac56b37,2025Q4,0,0.021249796965095217,V2
0xee44d5936019f87f0fee643d930ac34139e7211ebdde3f3d27c290bb9fdd5929,2025Q4,0,0.021249796965095217,V2
0x819c78a2541fe1402d06ff9f52d48c58fa09b783adca75d4d4eedf4a27d0e928,2025Q4,0,0.023259267705967434,V2
0x61870556c0637f5696a33075581854ba8a8108948ec9f554919cf839d25b5bdf,2025Q4,0,0.021671665786660705,V2
0x76c0c20596c22e4699dcce0970e0bafed1ebe22026caf4626d7d9a49c3b3b6f9,2025Q4,1,0.906637242534021,V2
0x28abe56a6a3d7135a58c2e28e835ce2cda826fdce3cf2a71dd329a79cd482584,2025Q4,0,0.12950319774884303,V2
0xc40cbb2d7f5d2c43c624bd5b1d0b18cd3d0682b3937363ec7c1ad1d13bee107e,2025Q4,0,0.03242081214703693,V2
0x0bd2cb9ae2503784fed1110b9ccf19375b9cbeb420ba0f0ded93be0093f14543,2025Q4,0,0.021249796965095217,V2
0x21caf8776c903a31133ba57f63d2a23c33502189372f3046786876fd037abdef,2025Q4,0,0.021249796965095217,V2
0xe97744bcb7f8a67743636ca4cfb4045326af8c9f572bf10d1b6c9c18b078ca69,2025Q4,0,0.03130543179199231,V2
0xe5820e25ac4cdb2e53b98f159c638be0be99ab68e0efefa4b3507920be345fb8,2025Q4,0,0.021249796965095217,V2
0x34c989bada239153e86a009b3d25539db4c86fc4df3e01d320f0bee58a7aef45,2025Q4,0,0.021249796965095217,V2
0x85b11ae5afabe30013efc24d983a6145b7f4d2f187cccbdfbd763aa268c16a55,2025Q4,0,0.021249796965095217,V2
0xbb50a8be669052c941c30a8892b48ba104fb09ffd7d82f963b511f3db855e0a1,2025Q4,0,0.021249796965095217,V2
0xd7bd58d09efa1ff15be61cf30587e79444971ab125d55b2a88bf6ec04623a0d8,2025Q4,0,0.02158664192619946,V2
0x20464980a22be54736ef3fa1fff8e1ea3f0d0699f63d24a723ca0b414a97a177,2025Q4,0,0.025255243885959316,V2
0x56a161fce05c462bbe64fdf80b83f720406150b11ae2d35c94907ac3d0eace80,2025Q4,0,0.03022722534899161,V2
0xdbd27ccbf033a106d88ca4de2687d24d94d98baee6e964580bbb50635f50045e,2025Q4,1,0.9750948140769272,V2
0x32b691277b3126baa3aaeb2482846651cae4690f2832e9ab915248327c731413,2025Q4,1,0.14707758325722264,V2
0x804a460fcab8a4e4b887fb3671eec3b1fd352c673d22c09d3d41ea49f28e6066,2025Q4,1,0.26221499937002096,V2
0x2cd2746b18983deb67d1f42e9fa6821033b71d44d146d3721245cd3ef6280d20,2025Q4,0,0.022874305755249454,V2
0x16ce45a17a663196c1512f6d2350f2dbdc2a2ef65a2182ecc2409938a2a669ae,2025Q4,0,0.422805510168217,V2
0x7598bb913bdd098d3474aef994b875061843213dda5cea3cc53bcbd14ebdf5ca,2025Q4,0,0.7584590575613422,V2
0x3bb28ce9b8247f8a76d24c15a6d8198880e8aee27d07e5666b9498428ea93b16,2025Q4,0,0.051474516411408815,V2
0x3c5f88a130c95b8eddb33a8ca7444139a9fea357f7418ebae316d6bc2113a855,2025Q4,1,0.5348873804693038,V2
0xd59d5b6e8e170415fac435fb4d7b072c9c4ab7231fdbf3292334a722ee93a7c1,2025Q4,1,0.9812341928560224,V2
0xc9c9981f0e84266a1a585be19a5af57d2ff11e44a1eda6323c4efa1d5f582361,2025Q4,1,0.3309302217325408,V2
0x3551d254cc2a7993ef9a6ac7565d7aeb1988523c5086f23fc5ebb877135fa077,2025Q4,1,0.06962977101752701,V2
0x1135dda629230378abb04b2725ee55a55572ee01352cf925a0168688a9c76136,2025Q4,0,0.04266810145575304,V2
0x7c1444a27b951af117b5f5200d06f59fd45b1a61f0a7313c950d38fbaf9adc74,2025Q4,0,0.025654612111801395,V2
0x020419fa798598e8bbb6a084432a1c8d690b6528f1cc6b085666ad1989b4b5c0,2025Q4,0,0.03294890110961668,V2
0x13de42d032bf66c9cbb5b7e00687c665fa253605228230a05de26cfed818c2c4,2025Q4,1,0.592950520992759,V2
0x566d830e56572831055d5283bd64af8a300945636a3d6a4bc116c55886298706,2025Q4,1,0.9850682795992263,V2
0x9b2042734243b3fd1f411f98e716367052941d574dc95564f2beeda271917280,2025Q4,0,0.021238120055758595,V2
0xb1403fbf43c2b75920fc475e8471cbd71060a6e86802ebd746c143f05c413f36,2025Q4,0,0.021238120055758595,V2
0xcd431b0a6ae946eda6891f3ef73156b4a917c97d85d3ec35aff79c62f00397b6,2025Q4,0,0.021238120055758595,V2
0xfc53b987bb73eea0705fd7b13dd4c61371953f992e1c10e3566479049fe8723b,2025Q4,0,0.021238120055758595,V2
0x17cd926896aa499bea870e218dc2e32c99f102237e6ae90f49f4b03d69cac4da,2025Q4,0,0.021238120055758595,V2
0x4037ced85ebd734a30727e948abfe77b19fc2ce7ee0560a933d0c080fe076516,2025Q4,0,0.021238120055758595,V2
0xa13265b2c87f6eb41889cd992ecb6629f7e787eb15b7c36ed10792b08cd58e60,2025Q4,0,0.09557042944468593,V2
0x9f04b866f714b3b43134e094da90ba156aef6e47629d431f5bff0f1661cb512f,2025Q4,0,0.11645298443021351,V2
0x4f0268e24074470f4939a0df435dcbd5256ab2a20170f6e6864149db3f86598b,2025Q4,0,0.032277462390232055,V2
0xe1386710b61e8f800a3b27ed14528c4bc4756572451c7c97d140c5e8d8030f55,2025Q4,0,0.6626143732249559,V2
0x4937cdfa8aa40cf520986cc6328c4305f275f18aee12cd2fdfba6f54b3aeeed0,2025Q4,0,0.6258024558401413,V2
0xd548f81d61927511b75416bf486b776287dad0d4af12b2cc4a9dc6d1ee107189,2025Q4,0,0.028269073469997897,V2
0x3e061f5b4ddd7bbc6a56111fa51934ab59394345de9f67c077256775078c6e89,2025Q4,0,0.029624084781467264,V2
0xfa9cc2fb4031c1a8c2a2501d09f2d2f1e7d845846c29975c7de1a365e87d40b0,2025Q4,0,0.02583823310242404,V2
0xb7b513a7bfa5665ca9ecf24dd545418e2c1c4ce84de50df739d2d1c7892c5ae1,2025Q4,1,0.02445950986227635,V2
0xd5132cdb02885ac64344973395ff2c8585121ee5f2827d13ca4d8d5453c52820,2025Q4,0,0.02379730689931832,V2
0x8f8783bdabdd500dc401caddd12fea4bfae91543a8ea4458fc38e0539ffd3cb9,2025Q4,0,0.028594551170204742,V2
0xec21462ef58f792b5c1ff07bfdc66401b631c6fb42562ccceb2de279f0e73788,2025Q4,0,0.023146480715526958,V2
0xd1e72aedfdb18839ca6532e2dbc95a89ecb93247298f1953d1d4c02e7889b1f4,2025Q4,0,0.021736626290501188,V2
0xed414619d02a7ef323aab82bb305feeccbe89dc09e15cf2ef4da7bcd9ffc1879,2025Q4,0,0.021736626290501188,V2
0x8581d02dbdcd59fac4439c0df7d9174ed27d37e993647a423da36872f4d0a3c3,2025Q4,0,0.021736626290501188,V2
0x5f7adbfb99ad4c6c05ccef88d6a3cffcdb7c178911865b8c21b8b636b3bc5fe4,2025Q4,0,0.2614487575698073,V2
0x55a469ea12fc89bf6b12c38fc764e35c05b4b520485adf4c8716d6369b38ad8a,2025Q4,1,0.9797560669587136,V2
0xb1d3292c18099a0f8d246f4741bf5b42e53fa144e037f0af7c39e83de0bc449d,2025Q4,0,0.3996153530529468,V2
0x9f5c624ebd59176bff519d147041052677cb2a4f0877b3e67f003534c402aee1,2025Q4,0,0.021920482532947955,V2
0x9b792b2218e77b4c168b8cb603af34ad3703f2753d326f0f444de3711228116b,2025Q4,0,0.025845887895051656,V2
0x26205b37b6a134c44549b98178c5260ca8a9411d9bbc8ac882b91d6ab15e7713,2025Q4,0,0.021920482532947955,V2
0x65cefbd604199df7a761b2b4eff0b081ea54ca4245575f00de9fcfec01a76514,2025Q4,0,0.15020773989122754,V2
0x28bddef098300d985d7d68d10d7d2a8661db61b059e8ca013ee68af7542b273e,2025Q4,0,0.023341977476960457,V2
0xdfd869fb69e5cb5352ebe56cf7ccb4396151dcddc8c284e74d4c33711007717e,2025Q4,0,0.9202417156241378,V2
0x7ab8f18e4d76f2c03f927571c65b3e17a4a9bc9ab203cab0949385c210b047f2,2025Q4,0,0.17189488461111704,V2
0xbdaf24dc4de4c82c57e6d95fa3a52b67404d9e0ce85df59eb253b8d5fc83c109,2025Q4,0,0.021920482532947955,V2
0x069274e4970955a64b5fe0656875833610665d54912ec16aa175d3b3e55b4189,2025Q4,0,0.02166353577290713,V2
0x04a1462e83c415194ac700181bd97f97db149fdcfa4fd3fef745795cfe3ad975,2025Q4,1,0.9756644976936698,V2
0x6759371105c771777d5be32c98a7fd8fcb71004ff8f2ae636cb8b85cea519309,2025Q4,0,0.022355362243326484,V2
0xfdd1e93d6de891bcd7317688268f81882d9082ba8de09b592e53b63a90d43267,2025Q4,0,0.029288185050742654,V2
0xddb66024ea0bf7c7ea00880ec00d576b4b964cddfe260c4ee2cfe5d942ec24de,2025Q4,0,0.02166353577290713,V2
0x1dc56b0273b8de5535f64d6643800ec029501a8606b68f84f3dce232e47b2db9,2025Q4,0,0.022006791724666814,V2
0x568d73d79cf08c672892850e0dc5e172d589b01108e46c7033c7e9429737d330,2025Q4,0,0.021493876563778817,V2
0xbc12b9cfb9b3694dee7221b78ea7c1723ebfbee683efeabc0e047f3e547b4170,2025Q4,0,0.06629572853074076,V2
0x6d717d8359889a7808ba3feb8352db829801b635ede02f5497ea8b0b680c5fa9,2025Q4,0,0.021493876563778817,V2
0xc54a71bd4624262e1b346d575b52994c34c69bb2111397995459602e2dea239d,2025Q4,0,0.021493876563778817,V2
0x1c79659a36b6a3ddbcc4359225cf6855063281d92efe15c7f588e9e68646f788,2025Q4,0,0.02361835129283942,V2
0xce7a9f6d1a66e1cb28ab2837aea30458e7dabc33d98603f2c6ff2d464fe99ebf,2025Q4,0,0.021493876563778817,V2
0xc68c21f8497c9f4edf6127e6215aa118fd753f8bef0f2f3dda469e6adad43b21,2025Q4,0,0.021493876563778817,V2
0xbb0e4120b64af4ff962dae9fda5e73f3ea14c689dd22e4099adeafe69700e546,2025Q4,0,0.021493876563778817,V2
0x6c928844f37566d8bbba8eef7e8136de3ccdaa12171b772a6a52bc8680e794c2,2025Q4,0,0.02554413014880586,V2
0xaa5041ca3ea8400325d726e0fb44b85180c4d6211dea960d7a3fb4600d5d6c76,2025Q4,1,0.8378146686397769,V2
0x2e4cbe59f45ed80d8824820176d434eb7aa3dbb2d6cf56e23d676ef7dcf45163,2025Q4,0,0.06555348778759032,V2
0x83858eafc55348545c8c41494c343508a2c8fe7d9c8e0314300263a3c66924e8,2025Q4,0,0.021493876563778817,V2
0xa908e77b6376510856d9a22e3f56cb99f7034681f3b0fba5376c19adc94523f2,2025Q4,0,0.021493876563778817,V2
0x0cd947fe9f2065651071f520e0938e0bb3db009ed8fe3024b7f2d664da1ff4e5,2025Q4,0,0.021493876563778817,V2
0xd32534b0564971fe6f3fa622a196d4006cc8b464f40bf748caf57108c54d0f5f,2025Q4,1,0.4809552635553052,V2
0x0bec8a350b24975b0f28366399c4ea04044c8d795b8b2cf2d7fdf8f21824302e,2025Q4,1,0.3016157849050744,V2
0xb21ea818dbb4e59594eec76d5d490d63195961d1fdc78ba840a9443f0bd87899,2025Q4,0,0.08026612212728691,V2
0x67cf70277c7adc7c1de3bc26d5867124ce836be8e7cf120269406e2bef788caa,2025Q4,1,0.07508654475100345,V2
0xa0f77edc0e9515fec0aab13b5db959da2e1d9d36c27396c147ff953489aa171e,2025Q4,0,0.025779680979472804,V2
0xda770c5f7a96fe68b58e89b7df9c5a5f901cfede62d8e213f90635174c6977d4,2025Q4,0,0.0838983016625144,V2
0x5a4b4fa8bd9e0e40ce46f65bfcf720bf714761470d3451c3a0109cf6aa18f7bc,2025Q4,1,0.21152756333869097,V2
0x113b388d6e9ef1539ac9b7914eaad093570e206992c61299436fb1d2736ffb89,2025Q4,0,0.023764097629965165,V2
0x077fc0c447abfc7e094713e86d62acc20480560a6eb60bfbfc86a1c5f00b9339,2025Q4,0,0.8700595817200585,V2
0xd7b39f912814f41c7edc9a7693d54487611f4abee1ae4ab6cdf1a704be8a33d4,2025Q4,1,0.9856258524914631,V2
0x93cb3616632292f873370cfe0fdf4f71f0d378f497fd7d237aff316ac9cb93fe,2025Q4,0,0.02188332420655231,V2
0xaf2da7ceff23ae3885f8fca5d468fae77fb364b489b3fac9839e86cf0a342ba9,2025Q4,0,0.02188332420655231,V2
0x6125a113c40ab1030b56d18bf73d84774a994f1503a484bbde6c684eeba6cf7e,2025Q4,0,0.02188332420655231,V2
0xb1b435a884d16202f2d8097b20389357e136929d420325155b5344f438660d9a,2025Q4,0,0.02188332420655231,V2
0x5b89708834367c5f918830088e5d1aa22e0f2189ee94590b69bbf30a4c5a8ac6,2025Q4,0,0.02188332420655231,V2
0x680f7b23a5530b558ffe24268eb281fee6446352c05c3710197cc71f984165d3,2025Q4,0,0.14744321664308604,V2
0x3a7160fe898d4771ebcab763f7a6447b5341619de45a1b866d7aaba9524046b6,2025Q4,0,0.02442539960708026,V2
0xf5c7ccdae83cc78e5a264374b0aead279317c95a1883f8e27912125073314d40,2025Q4,0,0.02222998354731186,V2
0xa51c63586746e56232cad39561b1b088aa1ddda75e6218622e9fc7a62b5da291,2025Q4,0,0.024139815475851003,V2
0x5d5d2f850188266727bd60d2fdd288d6d645fb838d64f0454ada125739dd5e24,2025Q4,0,0.06923153066683313,V2
0x59d1576e8e85c4ffbd9bf9e80e56b72fafdc94ee465290523a9c78e999f8fa7f,2025Q4,1,0.03942233625097365,V2
0x8cdba4887831155f8d31de848806f53eaa2525f32eadbc0fa9b3421a7e430bc9,2025Q4,0,0.7033271137708739,V2
0xb0a3c1828bb630cecac888eedf0631eb85c66d3b51fa9e94ad0086af07bddd73,2025Q4,0,0.020297475752856654,V2
0xbdaabd5cd63551f73e6f046fc3fadd410c324ffa92a755660a4cfd08d030a619,2025Q4,0,0.07210027923714546,V2
0x688d445b4a8b43d6a9320ee5d82c4daef1b967e48edf4326cadb4ff645c031db,2025Q4,1,0.02640213072499132,V2
0xff21f6951a1a4fd0e9d12d1bc641e49943e81a0f54487d20e8967a84ee39ebd2,2025Q4,0,0.036330652255855016,V2
0xbc9a89cbb1c02ac468c1f7f8fd2cf56c4713faf8d3c97577452c58f4b69c29b5,2025Q4,0,0.12431564496005504,V2
0x1358bc2b631c8259dcf6c7e996d8c3f00a7de8103dc8294f3f88cfa029d2eb75,2025Q4,0,0.023752305506515692,V2
0x2f676f8d85d60dd20ce0e0ba14608825b970a0491b419d7dedfa81bcf646af2b,2025Q4,0,0.0669663706579649,V2
0x2e956c939e0bee2fc22ccea7f3122635ef6a829747a9c16207fcdd594c694dc9,2025Q4,1,0.059066123251892984,V2
0xb2ff2e50f267b1c2b22813fd36fd3f36b8fa7ee691e155a57876d4fbcc14cf48,2025Q4,0,0.11455912363660947,V2
0xa22f66e9deb9f2b7d17fa59ab7b3c277772bafe39ee3b4dfc5c34c99419108fa,2025Q4,0,0.043536342893261575,V2
0xdd6e227ece8a03ca2c5c96a5d566a8c89be199ee5a6fb1723e822b9b3a0ff088,2025Q4,0,0.07967405449035436,V2
0x023e46ac9f644a03bcfcd2ac9cc382163cafb2a3bc586c21653ed29548558460,2025Q4,0,0.027444110158179002,V2
0x2242de865e2979f2bef7b3dc255b44970ea26f799087eb0bfbc3e5c3ba5f9a48,2025Q4,0,0.14137442546726492,V2
0xf61d48b12e5d65ccc832051834cd39f6f507c6f8969ceab6569af64c7b23e17b,2025Q4,0,0.10665700387975334,V2
0x494eabe3d2d59a3f8130994cbc21944c5d44a32e10531436ded7b91d02afae80,2025Q4,0,0.06441630719606342,V2
0xae944562a6dcb72f34428155b89fbd4d97ae8f2bbfbf0b5909a9ab66cb54fa7a,2025Q4,0,0.14137442546726492,V2
0xada495fb682578508a25567e8b7580da89f4c2a6abf28191ee4192529de1c949,2025Q4,0,0.028648727333142502,V2
0x2fe080131f61cd789da37bfc8df9ba1740067b583fa81ee8fe843d87c04dd38d,2025Q4,1,0.04370395886667772,V2
0x12802d302fe57107fc1b3f691c04e4487998f654c76d16aab39dfe24a6b634b8,2025Q4,0,0.030971659206413267,V2
0xdb7d5152831846ed495837d7b96ee5f224abcbad75ff786bc55970800862fc48,2025Q4,0,0.02628721088706357,V2
0xf997dca922180bb38139f3435673d017c610f30f80eb0ee96212a96fea4bbb24,2025Q4,0,0.027766024937633936,V2
0x5ca4b979bc764b3e137c1e73d04f967324b0c3e37407df285227a8bb58320bce,2025Q4,0,0.026390249623543836,V2
0x016f0eb7684de2748aea07d967003a087bff3c79d2eeefd601570533c054a9ec,2025Q4,0,0.027335448857277105,V2
0x1fc2a8443ee2edace495659774b89963222351505a2b9bab7d4856b8638e5dab,2025Q4,1,0.9824669697278825,V2
0xf00886b051ccb78c519871e9c3a89a39121e0c2b28bf616171cf2a7a32a02002,2025Q4,1,0.07879023971349865,V2
0xdcb86d5bf312d4887b7f14328e76c6822d3bfcbf7716ce70318fbe1756ce9ac4,2025Q4,1,0.9872250473374429,V2
0xb050c89e1e5738c79e117d28da1f057ac2f193511aab87a01b517b466c7265dc,2025Q4,0,0.02712260120040961,V2
0xf831ea34f7a6cd4bc96cb43dc53f087b15c25f515d00c9251f9c546eaba4840b,2025Q4,0,0.20196345820854422,V2
0x3d8f4aefd2ee8568c15c35e00187214b66d8aea2542c6dc7d1b40c90c2544e9c,2025Q4,1,0.9879632375607788,V2
0x3dff91ab1bb9077c5f7aac0abb908394871420e2c182f2dd0b4e4b9d70f54b13,2025Q4,0,0.027016782398568136,V2
0xbf8d3c113339a9212ca0f263aede776db4a34762aedc006f70a8703215954863,2025Q4,0,0.7888355239163221,V2
0xaeb190c9a31c5e7f8ac193393ab05e55a9de86f0a945aac59feac0576aa86fc8,2025Q4,1,0.05839640461465462,V2
0xbea5d5174cb5355eaf0f8cee780e67d0b22a6ff614ef7ec82cc2fe6ce8f4b111,2025Q4,0,0.046468242295830325,V2
0xdb696d4fe889e38e950b9ff13d15f6c3f7fafea2f9dd8265f630385eb8c15367,2025Q4,0,0.17151013512087915,V2
0x954aeeb021a1ba197d54f1734a856fe8fc27b693591f9467bb44f58880f23cdb,2025Q4,1,0.9774416882457307,V2
0xa068761026b778d901bda82e3fc1429b6a2922b68de80795ef7afd9204430a0d,2025Q4,0,0.03506999037996531,V2
0xf0982dec078df24338886583eeb3567b6a1d07b6092c20a7cf4a089a06d7ba56,2025Q4,0,0.03295837739839872,V2
0x0f90742078c0807d6d17fd6808e187504989b6bd1aaa68aa9521d9499275025b,2025Q4,0,0.026701728852651662,V2
0x137cbb1e5bbb4eb571c18a6dfe2777dd3cd7e06a6fa25afbcb75206918e3776f,2025Q4,0,0.031701543559049264,V2
0xa953bea944d7264285c0a2cc1f92809a7d9db78138b1c3de9cc23d8917f14d6a,2025Q4,0,0.02887148410539125,V2
0x38b4857b4be08493cdb6aad1052332b57fe58d4e16b2f1979434ce2260433358,2025Q4,0,0.024746682798808286,V2
0xfb49ab21eeb7c15d59882cb00062a61d5215070156fe7706ea1a651fc4c143a9,2025Q4,0,0.024746682798808286,V2
0x4d51d65695bf66a3f7743a96ae9041ba14fc93d3fbd21b9c2a11fd0e3047e01a,2025Q4,0,0.025735113739205517,V2
0x555b6636484ff3f6cf8f1e139ac492b4e8751477740a387a32d24b6265e61893,2025Q4,0,0.025534399975694542,V2
0xbdbffeb5cfbeeea9b09253c86b3c8401f8db93850db681f94b2005c20a0424ee,2025Q4,0,0.026761941178118188,V2
0xe35dba72c626cc2e73143f3da3bd525c7e98bab1392f544faaa3105343420da5,2025Q4,0,0.024746682798808286,V2
0x9bbd4aaca039b708e2c0c3b6324d3037be46c44db49541e6b0fc38c8ab719f0a,2025Q4,0,0.022351680317741103,V2
0x9a57495d16e7035c335dfb1e512b9851d49a2477b116dcc16fcfb2f3e05d4f51,2025Q4,0,0.054261503397109404,V2
0x22e626b785354df961f8cfd33f04de94f4f754829c64a528eb9fd58398211a71,2025Q4,1,0.13685931055512673,V2
0x761bd3e1cb91938afa149e84ab73f3604e852034a2f5ca8c829eb8020cad101e,2025Q4,0,0.16073313649063198,V2
0xb494383beb8e77443d24b504e0b19e9ec252407074222fab67fa802448a92bb6,2025Q4,0,0.026977876861852396,V2
0xa4fe504db468ac55c29bb59784df6c94e4c54977347b0565b2d1f972e47badfa,2025Q4,0,0.05066756118504989,V2
0x8b16bdbabbdc938265aa48c9810f99ab45b41a33869c6bcbae8009c567f9a6fb,2025Q4,0,0.022351680317741103,V2
0x5643164887403da23bf20c0f7ac21dcf56acba71e41772f4947eedda9cda59c5,2025Q4,0,0.08564812272050547,V2
0x0e36217f0015745a5d762c1fd4fc90ea2b6fd9de13a51359a26d9bd71746844b,2025Q4,0,0.026146824332867757,V2
0x6e49c30d1d8d5cc632a19cee18355a5b6fce100087222c86f448ec22003cc5e1,2025Q4,0,0.03316793073739243,V2
0x050e617aeb25a5669c45fc3257c6e507cd48b72e240565aae6a9ee34e4a3b793,2025Q4,1,0.9266803159241831,V2
0xda440234b0f1fe76ca6fb6f66da25236ecbbbcd9a6ff274749dde9a5f3583c24,2025Q4,0,0.04110720338629021,V2
0x4de0df010d4ccab51d7c171a7bd426cff153d2caa998851685ef83b71869294e,2025Q4,0,0.09748554548949225,V2
0xe1d6004e93f576e38c5ffdd544c4a69e7b5ed2ded0930bdae66056d55440f20d,2025Q4,0,0.037760872327923294,V2
0x55c0e63b0f117d7043ad7c8b4eb3a676710dfffea2176357f58fd476d50347ad,2025Q4,0,0.02766799550881015,V2
0x7e764f4cf42745c6d1523a8c6c33797286884d61df708596723a56fa3e5442b8,2025Q4,0,0.024125909874635972,V2
0xf1d825233c46fc137681fbf56e26c34f8f2069f3e1aa75c794fa2fe8fcc532a5,2025Q4,1,0.08738285400061607,V2
0xcd61b9865e4254a50be7fdd06288e4ae45071338920edf5eb255858c323866da,2025Q4,0,0.04110720338629021,V2
0xf5bd04e6c5fb5400dd9deef7f67f2658b32430fc148f3ab52f011acf779fcb41,2025Q4,0,0.024888396783579955,V2
0xd5a6ef58c1af0f6f4b2a01f5405f6a997b097a8b6786cc0ac7da544619af45b9,2025Q4,0,0.024888396783579955,V2
0xef5880e94212f24f17d45b756c9aa42bc7d39c3feda659fc22417adae5e22d00,2025Q4,0,0.03804492971015619,V2
0x6c8a58fbff19479adec1e3f4111bb5622398e5b5ef3cf0c611a41cc234c6f8ad,2025Q4,0,0.024888396783579955,V2
0xf86b5d640c385a42a621554ed9c766647c494917532a9f91d09241a440c5ed89,2025Q4,0,0.025182608410586987,V2
0xeee36eb4a7474ed4415c966a86491a2880d799479c776776a0e1b06671e3b690,2025Q4,0,0.024888396783579955,V2
0x1f33761f5a417f33808137eaa3f8e2309be95cb5d9eebd8ebc49e72841ec9894,2025Q4,0,0.13422397241905198,V2
0x2017c048aeee624d3597ffd0c2273a0e2c2aec4dfb89ef7505b8e08715636c3b,2025Q4,0,0.024888396783579955,V2
0xc09535a2f39877de8b488263bcb271868e36a55d21bc25ba4106ec0f14b9754b,2025Q4,0,0.050745308520706876,V2
0x8c866938d6598760f8d18bd624d6ba822b79f7e23604573f52cf8e769614fa5e,2025Q4,0,0.024888396783579955,V2
0x13a659b2dae1c7a69768804cba47ee308d443438efabf743a2e19b136c6d84d1,2025Q4,0,0.024888396783579955,V2
0x439eeb61c9ede64b9d7d3741542dd6e8e1f4ec862c2de844c0a36628ed1d9049,2025Q4,0,0.024888396783579955,V2
0xc40ccfa556630ab2202f19086f58bb2c0f4b5c563f7fbf575168744505f14dc4,2025Q4,0,0.024888396783579955,V2
0x44dcfd813569f30bc8ecda61aaa47d94804c2e2d3614189aecc0a8dd0c164671,2025Q4,0,0.05580808714212324,V2
0x57cb75e61d901fcbf810652ed1edde7d0c9dde42260a55b28dc2a0e6cf9209cd,2025Q4,0,0.3970732275457987,V2
0x44657b0f69c77975c2f96b0dca666d1fb2fbdfada141ceeee562ab8345f13949,2025Q4,0,0.024888396783579955,V2
0xfb8ccee80a22958678bf7fd99fd020f1b564d564f261d573db58dcf2736cb415,2025Q4,0,0.024888396783579955,V2
0x70f21389361e24c1ff0a85dc73882a5bf8093fd33f8a0ac770b58233daf3e20c,2025Q4,0,0.027126140189067775,V2
0xc8d4fe249823708e621af15dcc0bfbdf158e7737b37bd75a284fdea3db526b96,2025Q4,0,0.05372831486237931,V2
0xa3d631bd9ccd7d044eea6cba1ee8ae44e852b8a085a40dd64796ea03a2f3ca20,2025Q4,0,0.024888396783579955,V2
0xbfd817dba69663fb4ddab7f8eef795c0aaf58f955c4a9598997454fd078f213e,2025Q4,0,0.025084163336649836,V2
0xd7f71c4b6c3cc713b5a0881677b2520949522aa839597d041511fa57fb12081a,2025Q4,0,0.20069291062729833,V2
0xffcdfe69121723210a5dfa24041fce6f4b99469fc434afc99bb3ff7a270d7fb3,2025Q4,1,0.7060105739808157,V2
0x30b3f2c188a692ab2a83f84783a74703357516e7c656e42cfbb6ed1da247dd3c,2025Q4,0,0.024888396783579955,V2
0x1bef2cec162d5499c60c1acd8e3c5a3acc321aee580deda1f01aa40dadbda374,2025Q4,0,0.024888396783579955,V2
0xaa4803f1ebb163af02026e4689b4bb498900ab7c4dbe230c332cf12f218e959a,2025Q4,0,0.20198507419755138,V2
0x9b93c610b88d5af6cf4b346bae27e92645e36b8f4d45a86ba6f9287e8765fa04,2025Q4,0,0.024888396783579955,V2
0xb048df34a7473f53be1e8d921fdce23d7a19aebcdf5230a33b48ca492471a4a0,2025Q4,0,0.024888396783579955,V2
0x7ade676047c9b15c9e8a7ead24ae2a55935f00ebd3ead699b2c7f4dabeda52b5,2025Q4,0,0.025182608410586987,V2
0x41aa36e7a0c5175fc3805d97677eb8c878ee8ba633af5edb52ff292c926e82d2,2025Q4,0,0.024888396783579955,V2
0xbdaf3dd8e58a975c841f94fbb7633ac6938e857ceb7dfdacb2c79d5786be71bc,2025Q4,0,0.02615955446044566,V2
0xfb9b1cb704ec2399eb8a20b9affecf6bc23c095b0baaf18ce6871e7e7596898a,2025Q4,1,0.02362599348509618,V2
0xcaaee5b9c0f092fd3c703e96a09e74c24c256c6e4b288e14d3c9ce0f73d302f8,2025Q4,0,0.03517289586318122,V2
0x42a5d359a118a3b4f6b436b3983826d811fc0ee1e4dc5cb802b5c7ecc81d41fc,2025Q4,0,0.022274932245064275,V2
0xd8eab112e4db08dccc629ecced62aa64481fa976f823b3004b815425a7d9798c,2025Q4,0,0.022274932245064275,V2
0xad80444fcc03cf62f072b79a9f0238c29abee65c187fdd15189d727e1c2644f4,2025Q4,0,0.022362605129982144,V2
0x4e15b0243d5d093a18ace0f518b7598b92753a447f8b446d27e23d59d140ec1e,2025Q4,0,0.022716680549393905,V2
0xbdccb1ae8d9cf2b226f2b012bf51f310048ddcedf33eb14fc5317dd348b95794,2025Q4,1,0.7731769098036071,V2
0xf461498d1b6c25b57eb9e2a61d33b6410593f6d48d891f2e0d8ebf23f509988a,2025Q4,1,0.6866210357837063,V2
0xfcd2fb666c5a346faee448e63267346a3ec394a52bce4c199877559da91cd2c1,2025Q4,0,0.0205459287483573,V2
0xdbeb72564490bf3b0213dfff3181d40121ed898775bf9026886eedc373b568ba,2025Q4,1,0.8839024631413835,V2
0xcb111226a8271fed0c71bb5ec1bd67b2a4fd72f1eb08466e2180b9efa99d3f32,2025Q4,1,0.972259121544404,V2
0x58f4542341fcc66a2197877b7487ebe901b689ec42bcdbb0a070f5536d91459e,2025Q4,0,0.03376246011139404,V2
0x6903b766f5fda3d5b02f4472a6b4154419e78b7fd126c0b29ce17bb8e20b20cc,2025Q4,0,0.02120283786761675,V2
0x03b75d6d495cf6abac1757ba3831992264d0a05cf2ff199c1f8e78567b35cda9,2025Q4,0,0.0536442778400712,V2
0xcbf62e4ae8da845fd51ed3c444357536ba7e81c711f7b8e55ff79244aac110a0,2025Q4,0,0.06055875920912187,V2
0xe88c4c46a4f3adf75597065d1e0186febf0459724d0223c33a24e9020cc26ba8,2025Q4,0,0.09350439783194868,V2
0xeda6b1f61168ca6363e1cf8b60777197c5b6f88e5c2fcf3153cf9c2442943dfc,2025Q4,1,0.8568181170806694,V2
0xe0778557b71d1baa6927ce3cd165b6d111ade46a87d4b6fc4012f07ae0e38051,2025Q4,0,0.021655192832106648,V2
0xe08eb518255c3ea54811eef2dc1bebb56290947cccce4b1cbe7ab5cd8cf55671,2025Q4,0,0.038569192146357914,V2
0xc72a9d5b3221905539ede69f52a5e990a7325f1610216b2620705cf2a3cd6472,2025Q4,1,0.05764437579046528,V2
0x5d9635e6927996a0e44f960b7586625e1777630c1039282e0ce1ccf7b8d9a991,2025Q4,0,0.06702114742715788,V2
0x4aaef8e673ea1b62cda0231b6e9eb0c82c444c872967d859cedabba9f5d49beb,2025Q4,0,0.0567775253315882,V2
0x4d5e4e3be95f7e887e70d913a899e20b801193cea04c6fbb5e072265291bcb7c,2025Q4,0,0.02243470805979559,V2
0xa4ec08ec8caf4cb5033716dc452e4c0ba7838e675396507b77282ab31d3609a5,2025Q4,1,0.6990556533254446,V2
0x8c204cf57406ba2f01099643569c6d3c7e934972148b86c6e2f19078937d9e71,2025Q4,1,0.9850775491800118,V2
0x5de0a215761ef66927625cbb224c5dd296e74c9b93cd698e0e4b78be0ad8f996,2025Q4,0,0.025158209779191625,V2
0xb8dd95abf4e54a9c86b51afa71291aafdbf46e74d36632aaef6519af6ef2448d,2025Q4,0,0.027526881865578046,V2
0x2bd3a810b3a01be3adcd82039e570cad3cc1f9b753d01d930e363455a9da7498,2025Q4,0,0.02467018204195402,V2
0xd655f923c9f28c34adb0f18a90b1a940368d33692329a486e6d987c35b2b3b9d,2025Q4,0,0.024767043683285146,V2
0x1c34f23b09af46894553ef3931239a3f27dac27be5b6d1f51bd0baf8d016a242,2025Q4,0,0.024477565241048986,V2
0xa2be19548b54cefd4a5c99309125e088bc0543b4e7f49ec14cbb7f590d22db68,2025Q4,1,0.05286723451526112,V2
0x44501530df2048bdd3de60bf706597e31cf9940e0e0685dd1e88a326ad1130c1,2025Q4,0,0.0420180729089747,V2
0x7cf865948bc448776a466dcff9831f9a920cd7f6f82bcc277f6331f9052bcf77,2025Q4,0,0.024477565241048986,V2
0x9d5303049d7f0e9a9c8a440200e3714dd5799e50602ab6cfbef0de40c06a9021,2025Q4,0,0.024864275933792895,V2
0xfd1be0a51cf37565b12c7522a4da65dd9227e8fa13fe4ec87e1670e50cb7a505,2025Q4,0,0.02467018204195402,V2
0x385cff65ea17ab2d69888d3bb01198a287c664375dc1376384e9711173f30215,2025Q4,0,0.03131466597218335,V2
0xd4a37f712e744966be81ba4a59b4bb031d66bc650a464e7beec228c2b7adad62,2025Q4,0,0.401365488027236,V2
0xd2ae4a02d708c97bc6f3a0dc7180918bd346f105a25f3b1362e4c94d05ebd190,2025Q4,0,0.3727784445404088,V2
0xf766cd8d4336b4a06b7fddb60574058e2f8631a2ef95d0598632e46a505e5788,2025Q4,0,0.0612171648047912,V2
0xd30162fdb150667fd91c0c573dc74b1cb251e216e089fd20859133b5cb2ae5c9,2025Q4,1,0.036242478513735917,V2
0x21649e35e2374274c137b4bb2dad5c7e41a5bbf1ca5bec85fc42511e38a2b9c9,2025Q4,1,0.9788242594104271,V2
0x7793fb95b191bdc476eb4c18396735ac57da1164cba56670f4ba709925647a04,2025Q4,0,0.9674387033907469,V2
0xe8ae7799f8d54ff80c66a8b64355f09f7930c5d9cbc872ee87dff553916c9ada,2025Q4,1,0.08361315127861896,V2
0x02a03adde1ec34279ffef1712b19aa317454e412422ba1fe31212168844cd706,2025Q4,0,0.051733597873378175,V2
0x2abfa485e413a2a6c754911ef612e02fe96bc1010da087bb5b0b6127bebe4a8d,2025Q4,0,0.11176813023029632,V2
0x591429e105c0f49aaf3a2d4d23586ec278eff3dcbe4c37bf71793740f0ab8607,2025Q4,0,0.07482889713849097,V2
0xb4646534ebb6bdbc1db6bb2053211721eb70fb01e4c6ce54c7f8dd67122c4947,2025Q4,0,0.05753924461608637,V2
0xaf20cff72c753ab1677500d2c11b201441ab87033035380e3a54a8343d2c08dc,2025Q4,0,0.022836286885714336,V2
0x8e6ff03d48ea73396ca8c8eac6a8cada2a7507545a78901c4769776be351eaf5,2025Q4,1,0.05896519123468024,V2
0x3a17af0a20c160507cbdee8f0755e76bd21d2c09375f186a31c1aa456632c0ae,2025Q4,1,0.2530298220459883,V2
0x327c6cc636c64068917cc30cc76cfb87eac264ae01cff278c970990eb1544bd9,2025Q4,0,0.09907651852814175,V2
0xbcbde2dce13f472b3e43683225d416cf2089d5fd51fb4cc8389e9b42c7e26e49,2025Q4,0,0.06358536769270251,V2
0xf445a24e8259f33334f87c133b7eb59646b66c38b7d6dbaa32723720bf43a391,2025Q4,0,0.03724863240058599,V2
0x1afc8f139d24904e7281d72dc5732c608bf3f3884a56ee4e703a248bf668f073,2025Q4,0,0.05322587277378983,V2
0xd6b19dd35ed589165fd2e75724a9a10ba1a401a56e30929e0443e2dc76f6ac37,2025Q4,1,0.07954088454582497,V2
0x0b1d3e27de49ea25b72057d6b8d209379a1d7b35bda69937489a6e6177de51d4,2025Q4,0,0.0738527989587347,V2
0xd304e9e13e6b0bf28faf314d5c92f119bacd7c4076b8567d93a03a6bd445280e,2025Q4,0,0.7340906378569619,V2
0x4496ad0f7a077241de0dd0e72268b1a1236de27f13d86a114d18039ac881f0b8,2025Q4,0,0.2546759374173099,V2
0xfdadcad423c4a5945a8c70d2473e07aba1f8988b1a6b78605a4956d0768f3bdd,2025Q4,0,0.02476121625195503,V2
0x84f5d68d1b5ba7fdf37fe3a9999d633356e58e3f926ef33d38676f1e724237ce,2025Q4,0,0.29345147620049056,V2
0xdc3883290f848c9177d1017303916ee8cff8b6b2966d97b5ddd70bd4ce7c85cf,2025Q4,0,0.02935933945072221,V2
0xf58839e71d87543dce4c3e4a88559393e675889b626271d5c8e7f7f96d885124,2025Q4,0,0.11032849520199584,V2
0xb25f4263382d87638c80ba3a8900d1da108e75daf175c98c68a986c31b801d4a,2025Q4,0,0.08879289086355459,V2
0x9fa71d8f9795c72c4573baf18a30dca215b9a4a7b7d9b8eb54ae6a02889eb1a5,2025Q4,0,0.061211628663410185,V2
0xceb2529e742e9e1b17114e168ff952d3ccf83afadfcf32072589eb18d0753b39,2025Q4,0,0.03825578644253662,V2
0xfab3a84226eaaa6d8e0ed8427f33affa524ae7de6feaf46c5191b38edd7efe23,2025Q4,1,0.03250849546377486,V2
0xc3b988316fa9f96c6a1f0c97f9bf479acbb28b80c3acb2e179a78a436220189a,2025Q4,0,0.029264231870226993,V2
0x5c75ab978539f93165f2c26fe49ee1f49163147a9f598a346fb27cea5c81bf5a,2025Q4,0,0.0284757455831871,V2
0x47ef94e2356aa6875931cb1ac7f2e9a9d01e1701698db38cd21e4f23bfa1095d,2025Q4,0,0.1460456308582845,V2
0x415fd8fd1fe843a0cc164cabf56bfa867f0d739f029db04dc083880a2f27ce65,2025Q4,0,0.02342721014343506,V2
0x169e70c922deb614f22617bb6e6816398141c13db0041d48c953be6fe73125bf,2025Q4,0,0.021828401201921352,V2
0xa9efd5215406c5d54c37f50adc57b2b3006b14bf38f2ef5e2c4d1a3fd121f387,2025Q4,0,0.022087259250470708,V2
0x4a2fbd6b2903641f940af5165b151d970915360667a8af3ab3e24c94f3eb002c,2025Q4,1,0.6016383498306215,V2
0xe86442b3a3269c67960d2cbb5f83246567c8ff2992c0562a98058140854223a1,2025Q4,1,0.985589409013034,V2
0x2a8972708633cbe7d79e6b66f14b6654bd72b4329abb82e28fd9a62e19662f16,2025Q4,1,0.985589409013034,V2
0x2bfe9c30b3adf09a99271ccc9cec7a31e03978478e8912e234ca853b889b8950,2025Q4,1,0.985589409013034,V2
0x8195ceb3ab6fd94b2adf05993501a4ec9a95dd5eca2590ebf9dacbe200608718,2025Q4,1,0.985589409013034,V2
0x3315de37bfb5e6565dec1452a914a9160afbe18512aa29a89abf1bfe9c263c7b,2025Q4,1,0.9816604396725838,V2
0x2c3dce8515854f167dc523745a6b9d98d22ec9266d9f4921f62fd3e4bf1cfa1b,2025Q4,1,0.03798157530676261,V2
0xd5e2c76090cc15dc1e613fd61b9a2cee9b76c9097a6c313f256df55d2df5149c,2025Q4,0,0.022261495692582862,V2
0x77b4a1d4cd398a86c18b6bb9b5218917dc9f04b01a3cd4bae1c71ea345f15fa8,2025Q4,1,0.9854748308709631,V2
0x62269c6566f665f2a232e1c7104e1093c8c573bb57e7ac7292f5ca94a2168c0d,2025Q4,1,0.9850074751794696,V2
0x3d95c6d70bad806cf5cb76b2563308964a971a18ac7cea044d61785cb2ae79b7,2025Q4,0,0.022174210217595396,V2
0xa7bdb4e554de13129dc429dc030e780661253f44a60aeed6a502a6d9a06a49d1,2025Q4,0,0.022087259250470708,V2
0x5b2da90bfa4e369ae96f42a2ab96f8cafe8ed95b41b9fb03b4149a99dea34d34,2025Q4,0,0.05721522960636639,V2
0x24b040251d1121196e5d21f479c33a869d0c7b3e35a41571a40690e3aebd54cc,2025Q4,0,0.022174210217595396,V2
0x28709e4118598183c365037c26213dbb002999a26b5614429a1b81c4524972c4,2025Q4,0,0.022000641569781623,V2
0x3d4f2164f42a69e7583c4bca9840a4703f1c90c897611281698f0f3c2f0190ae,2025Q4,0,0.08627027622077614,V2
0xd85d61234bca7dfed426bd2440b8990ceeb455ddbba8bb9257d5d861066b45b2,2025Q4,1,0.9371737132388743,V2
0x433f0e14de07b6a841021ec537ea1bc64f41146912966af74f347aa8f5bee013,2025Q4,0,0.021828401201921352,V2
0x3df9aa7b133ece96a33d8675a7accc5cb1165e319803bda3b5f020578a352fb6,2025Q4,1,0.9851256842951664,V2
0xf564fdfa282fade9a343c2b8b02a9cd25b9adfd491abe494e04233889e3cb9fc,2025Q4,0,0.022000641569781623,V2
0x2b31e7ad9f42753434a1703d157a1c8414c92b6f1ea2fa35acf6df90be9d777e,2025Q4,1,0.9850074751794696,V2
0x4bc0a746e6ce6c096d4f6b052f74ac6781afa2bb12af3c0e8ce88d447920336e,2025Q4,0,0.022881963678817115,V2
0xea3c3d537c0495872754400b9ab59755a932d3e2b6115e309d62ed236ee1b612,2025Q4,0,0.022174210217595396,V2
0x734525c64d1cdbbb45574cf3ef7f2496bf019d80e4d13c4663f054bda1f28ace,2025Q4,1,0.9843406012204389,V2
0xb26a5b6abcf15659bf295f767226876e4b87f01abf4acc4804c0cfd7327f6513,2025Q4,0,0.2568758242107207,V2
0xf4b2d2cc364a536813bb400a0aac9dce912e8c880f4f368bdbcc59256d50a3f0,2025Q4,0,0.02514011324337195,V2
0x7bf5ded954ead218fdef195a4ffd085ccec84ab7ac854c8855d8149fb5900362,2025Q4,0,0.022000641569781623,V2
0xd25562868f4159fe3758f3fff2d0c8d1fec6f9643c05579473babcc1f393bb8f,2025Q4,0,0.3561355240690142,V2
0x2a429e6999f56ed4a01d8d0d5afe5e65b6dc68c888e80e7b441fefe413cb596e,2025Q4,0,0.026974797525537598,V2
0x396b37233d7c36883428a540f848e4b655bd8bc8b169cb9b5e1c2f0a36a09f2d,2025Q4,0,0.022525371438974994,V2
0x822590e516b60893529d1344366f45f7a97ee2874fee905e8a5432db1ff36ac6,2025Q4,0,0.022174210217595396,V2
0xf74dc702c52c37ff6654148cbea82cdef18209fc8a702fd018c54c1619bf789b,2025Q4,0,0.021828401201921352,V2
0xc9d59f87834edd00b75981175f05d9236eb8427bf9668c38d5ca4dd2bd1daf45,2025Q4,1,0.985589409013034,V2
0x521c8ade9d59c45f946774716cf55aab0b6b95ef0766387f8ff21effb7f9b592,2025Q4,0,0.02729298265846072,V2
0x702dcbe5b0f73dae060f2ed0fde1ce7aa8c9c01a8068dcc7ad375d85364eca8d,2025Q4,1,0.9820894475033217,V2
0x69b7dca69efadef48c5fb13417a3fb5d6cef85eb4f4af07fbb7e6065cab8b1a0,2025Q4,0,0.027722908895018765,V2
0x6b5ecd887aaa99a4c2745119f36a23e2846e3f6407ec74f77ad675ea90c3ef2a,2025Q4,0,0.022000641569781623,V2
0xdac55cbd27e9a0a8fc8af153d6f584e411f401a054a5de55c2f6cafc06d1a8a8,2025Q4,0,0.02342721014343506,V2
0xdd603911e52e7276589c87ab3cbf34f30b685a2f450e8bd3b4ab4c9e07a0be5b,2025Q4,0,0.051049800513802986,V2
0x155c85b47875dd5e8a77680325c5a5fec62642707616bf8cede73972287f61db,2025Q4,0,0.029856490114147243,V2
0x9a2ad5e4c81d21930b0fba7e65197d660ced56ccfa7999cc88191b76bc3fa3cf,2025Q4,1,0.9646060540877894,V2
0x3b489d201869b9e813047955884c846bfa69c768c7df1d5175e55d6cebe63310,2025Q4,0,0.02398513017485393,V2
0x6e2a4b6c85ab696a130e69a768b5b045be55f11d4cbb337c10c8633060f96429,2025Q4,0,0.022349116900855375,V2
0x17aae6dd6e7679ceb532fd10f72e0ca6912ae8d6063e7aa3d3dda7d1b6e600b1,2025Q4,0,0.022000641569781623,V2
0xcecc8bb7906099b97d3bfc3890c0640cca8e934d66f65c5f185b0c1b263e0973,2025Q4,0,0.022174210217595396,V2
0xafdeaa4b9b41a2eb8b450360f190b7c129f8de71de8faf8af8ba53d0db4fa2f2,2025Q4,0,0.023797731531668764,V2
0x1d2cf8d200e14ad27fabd93f654ee999fa6ef413b902ddb0a71db21c45757f63,2025Q4,0,0.024364255398898943,V2
0xb20a98a26ba3b1d1d29d37f80469465bcb103604b34c2a01ce1b9742ffba9b26,2025Q4,0,0.023062321341617124,V2
0x3e99377c7fc3381de504432e855f67251ec32d0d3307e34624634e192cecba10,2025Q4,1,0.18000815505340545,V2
0xee784c8b7f486432b010dca9e45ed33bb3364edc72394331a3517c8dc2ec0c66,2025Q4,1,0.985589409013034,V2
0xd0766f4f45e377e80b50661fb6b6a0cda84840548a69c54f0c39c520490cab9e,2025Q4,1,0.985589409013034,V2
0xf8ad779f49fc9051a44de57a22b2ffe8608b0a2a7de46f728cbd6bce81a5bc54,2025Q4,0,0.023335463086072875,V2
0xb0eccbca0ba5fd07efdfcb09b99abd59ea11502969c0587b979d29900dbcc874,2025Q4,0,0.022261495692582862,V2
0xd927ecf4e9411796dedee1c6905d4ed41cf887ffc4274bca9582f8effa21062b,2025Q4,0,0.03355284416848499,V2
0xdeddc78c2b2adb95ae35d7796e989d38d014ee481a0e6f0d52ab34711f4ebcc9,2025Q4,0,0.023244066782016792,V2
0xc295b3779bd5923f7a7179b4e422a02760a9a43117f536465b1c05dbb12b93d5,2025Q4,0,0.02426892982472412,V2
0xafe1b7be515259388df5bf5123dfcada1345866aa04704b5703ea8dacf5793e1,2025Q4,0,0.02398513017485393,V2
0xe4a2b3d43921a62fd693cbaca54249feec7b52fdcd5c7dd8c809a38179c1cbb0,2025Q4,0,0.02624632920586134,V2
0xfcce7516a6edb3293fbd8482b69bd0543ac5440689a743d4dd14543f3958d002,2025Q4,1,0.03501594097514001,V2
0xd966b3c2f9102c0e87883594e5523bcb83609d1f64f44f33010927060e0f3257,2025Q4,1,0.985589409013034,V2
0xf06a54d7176d2e19f000b1bc41af74d79a22619648d7a8ac74ef231cc537850f,2025Q4,0,0.022000641569781623,V2
0x2b8b7aa9b685cd6b7b935a822d693a87578050d898535e6d128cb172eae099bb,2025Q4,0,0.022174210217595396,V2
0xeabe357efefbd2510a34d6d7b5c1b844bfff0d104383e86d30ac6669bf0d034c,2025Q4,0,0.02279230211208527,V2
0x8d71eebfeac93509b5d1061725583b8df364823d816be3b2284b07cfa913f20a,2025Q4,0,0.02533780829378929,V2
0xf52029a0c6c0706e911cd30c15cff8d6393a1f3130305300afb34158e5966177,2025Q4,0,0.022971969669423328,V2
0xfc4453f83b30fdad8ac707b7bd11309aa4c4c90d0c17ad0c4680d4142d4471f7,2025Q4,0,0.022000641569781623,V2
0x62b0cd598091a179147acbd4616400f804acfdff6f76f029944b481b37cbd45f,2025Q4,0,0.030443911431074572,V2
0x9d8a88abd5a103760c22e11551c7ae59f861326fcc823674fc02606b63560cf9,2025Q4,0,0.022000641569781623,V2
0x07a0819d15876d8566e6e252f8c74fa7a71d7baa6024cac65e572b82ef32f3df,2025Q4,0,0.024846385438511132,V2
0x6a4fb41f0a5a6a18bcc84a7b168cdb928a3e9fba7f5903a33bde22db8bc418bf,2025Q4,0,0.022261495692582862,V2
0xf8f345fb0909dcfacf5431e01c93d1454df348fe1cacef706297931b8e4b2cff,2025Q4,0,0.021828401201921352,V2
0x052a356ea100e7c57c79b80a9a29edd378e242c534f6d9cbfa707ef3d4e696e2,2025Q4,0,0.021828401201921352,V2
0x89ff77ee1c11d6c8a480bfaab11eefd6f87b8f2076a065be0706453857dc0958,2025Q4,0,0.022174210217595396,V2
0x01d5f475cb30704216ae9906d369c0b2991cafec882ab4888a66ff11eb03e569,2025Q4,0,0.022174210217595396,V2
0x220e7bb73147e5df24c4ce15cec6e21d19eb9f46d61f1d4b823e6e0d0c6ff65b,2025Q4,0,0.021828401201921352,V2
0x784d67eb3b205e7f6543b09d8737d5dc1c2a14d43a102bbb59f7f4f94fc56135,2025Q4,0,0.021828401201921352,V2
0xcc4e7542c6b9b0c0a5069dc1dc16d27fd60c4654f3a36fbc1db96ca74939a580,2025Q4,0,0.021828401201921352,V2
0xe343e905d4a805016123652e4975a0bb01461d210c2990c578f53dedf5442012,2025Q4,0,0.021828401201921352,V2
0x81fb3e948db1f5645556dbc01b96f50c319f1331ce8b745701197b8264c1d344,2025Q4,0,0.022174210217595396,V2
0x44e58e02fe84a64444a78665a92568c1639fbe024a0157ca5022c3dd80d9b70a,2025Q4,1,0.9213926834864465,V2
0x01c85fb55ff4f1a406c951dfefc03b55c3455ed027e5443ba682efcdaaf1d000,2025Q4,0,0.021828401201921352,V2
0xcb1531b00e984865530f13e4ce35bcbc7d71615af98827b5e9aee2ca2984b626,2025Q4,0,0.022000641569781623,V2
0xab6faa3e66abacc484bbb4bd31ae5e2a56d6f6252b5023631f1bd9e5299fa2f8,2025Q4,0,0.025637192844121102,V2
0x5ad810c8d042f53c457a413241175022503d290593c54c8fb713d4ffae5f9cb7,2025Q4,1,0.9013497134229992,V2
0x8e5dd56e494bac55a67a36b7044cefd95dfe7bf8c893f7d82a58c9681990100d,2025Q4,0,0.022087259250470708,V2
0x8c673122e07691335ddca322dd41013711b9eb28dbd0406309df8a12ae353a2a,2025Q4,0,0.021828401201921352,V2
0x2df7bb9bb2d044408af2a3ef947fd1eb7f5a167d7322cdbb410588af4974ab4e,2025Q4,0,0.022261495692582862,V2
0x5193e1dbd548e792d51bbf361e419e45c3945ca3253275fbae82cfc13b2355a1,2025Q4,0,0.021828401201921352,V2
0x5da735d02685c478a4c702dd31fa4b8ff4d82bb4fbeda3fe5cbeb8d4b2534e93,2025Q4,0,0.022174210217595396,V2
0x56030c3b4726de62df7d8ffe81f194854e89a3e0804ab1fa8b376a6be6bb3851,2025Q4,0,0.021828401201921352,V2
0x9645a29e64ce8d9612cf700b1dd7a3ca1ad10d6f60c99fe4edc3670844cd02e2,2025Q4,1,0.985589409013034,V2
0x5a54c2fe06f97a6abf5f7790d9d19e42680ae1ca61b344360deabaab28bd0f30,2025Q4,0,0.02270298371558298,V2
0xafc235557ace53ff0b0d2e93392314a7c3f3daab26a79050e985c11282f66df7,2025Q4,0,0.024943921207626132,V2
0x641c8b680947405e097da700c54f344556bb59e2093acdf1576c1c68e795bddf,2025Q4,0,0.022614007239724704,V2
0xf759fba6c4fd415128bc840a1bf99708244720d7e613ef4ca02f0e15157b2f14,2025Q4,0,0.021828401201921352,V2
0x49686d26fb712515cd5e12c23f0a1c7e10214c7faa3cb0a730aabe0c33694082,2025Q4,1,0.953643416738917,V2
0xaf9d0e448129a9f657f851d49495ba4742055d80e0ef1166ba0ee81d4d594214,2025Q4,0,0.02315301995718918,V2
0xc9b993cf48d5555c7a3ad07c82a3505a4d21c0e577707589ee24eb5d7a93bae6,2025Q4,0,0.021828401201921352,V2
0xe969e0250d4ce4fef1922710f4ce55218aa8b76ae46c69741444de9187e8c2d9,2025Q4,0,0.021828401201921352,V2
0xa9fcdaf248a0560f83cf7c7e75cad23d3151b2169a22f22b316eb822bdc27329,2025Q4,0,0.021828401201921352,V2
0x3a1a1cb37faaddf37ef72e2ff43ad3ef50d2151a2c0dbcf7a787ae60de627a4c,2025Q4,0,0.021828401201921352,V2
0xa4e382494285a0ba4498623710c2e21102f2ffaffa532dde564fe83b2e616251,2025Q4,0,0.021828401201921352,V2
0x40c02fe4023e316f5ef4c0a5afd3e5eef81538d9ee98b315f503f2d1326fc7ee,2025Q4,0,0.022349116900855375,V2
0x689eb479c285abbe526ea31e32f3b300c8f77d7f144e78f3f2d35e200e52c2b6,2025Q4,1,0.9184328813186017,V2
0xd51b3d7c933d2c1310825bccc2e0e764ae050f8b210e9293dfad76d2c45dd822,2025Q4,0,0.021828401201921352,V2
0x5a2c59ffeb6d19ec30d9a1a689b0a2f50381d442f9a159ab9dfd2a2aae0948bb,2025Q4,0,0.022087259250470708,V2
0xb608cf26e1081629f346a99372add130b2b97e7ff74d8396c5cba79e66e4c3bb,2025Q4,0,0.02191435595808676,V2
0x50b8b0f741566a420756d975faaf4cc4716229cd5183c3a35b3b20ac2b5050ef,2025Q4,1,0.05508607746121139,V2
0x4f6be3a3a4d10c128211a0a430e44de4b66e7e9f7ab02a0393f1f4ad924ad980,2025Q4,0,0.022881963678817115,V2
0xf78b84e417dec6b34f6cbea7002cfb4b16df21aa1cecc8eb701e2e58baf3fcdf,2025Q4,0,0.022000641569781623,V2
0xd8dc35e690ede1455c476595bc9bddd5c354ff86c8455a2d530ad94673740d7a,2025Q4,1,0.9843406012204389,V2
0x1b6f76e5b8587ee896c35847e12d11e75290a8c3934c5952e8a9d6e4c6f03cfa,2025Q4,0,0.02270298371558298,V2
0x80026f98f9de40aea8dba02798c4f0067942bba401fa3715209ee7c27482640b,2025Q4,0,0.022261495692582862,V2
0x9fcb9901d142b5046467b4ea329508bdb19274eb1fd0fc833ee1916edd11cb73,2025Q4,0,0.022261495692582862,V2
0x8ee2f1640386310eb5e7ffa596ba9335f2d324e303d21b0dfea6998874445791,2025Q4,0,0.02426892982472412,V2
0x324d699420ad881471d0fd29acc86e664e397bd6461b3fa440dcd3efc514ac79,2025Q4,0,0.022087259250470708,V2
0x5916b06ac023a9fd380b05d469d508d0ad722aae7ab9c5f3efc7aefa2e8fd39f,2025Q4,0,0.02533780829378929,V2
0x185dfb6e222f3e467a98f39cd70a0083aa200425798efe9f1b2d9fb6dbd190ad,2025Q4,1,0.9853012787660214,V2
0x4bcdc5f24786e4ea5279a4f859d8879cc08b98cfaa2924862947c65db0f010ae,2025Q4,0,0.022349116900855375,V2
0x29f5d34ac7112f90cf206ffe22f270450cf16c2690be2f744b5a1f2cb016db91,2025Q4,0,0.022174210217595396,V2
0xc0531ca3aa67e9aec21f8265fdacf39f960c24f3faed1a3e5ac9b4613e6fcd98,2025Q4,0,0.022000641569781623,V2
0x0d3c9bb7a98510a5f5097be77ac7f66a122256ae60b5b15d82c6a75eb6ebb60b,2025Q4,0,0.021828401201921352,V2
0xc52cb22f2ca2fff02170862d971fdeafb7c0ff13fde292a2af508546b337aa4c,2025Q4,0,0.021828401201921352,V2
0x5fc28bfcb6f16080415695b53f1f60820f403a94ce16696eea2f0085d823bc92,2025Q4,0,0.021828401201921352,V2
0x995206207b19045aa5cfb42f5338ffd2642a851fe682363bc0c5848e6b1b6072,2025Q4,0,0.021828401201921352,V2
0xaf51603d78545c838490bafe178ee9ff4c23d0c2161f15e0e530d3735229ad3f,2025Q4,1,0.9855322317023081,V2
0xde69f3a4ea109f797c51b5c166e78ffaa79efbaea7d7f64c74638cbb529f7fdd,2025Q4,0,0.021828401201921352,V2
0x614be8366c44bee32b179f13a1653126b28fddfdec74690c1e195989d05f5975,2025Q4,0,0.021828401201921352,V2
0x820c249986044ad3ab808a4fb401f355a97eeac28d1e905ea37c849700e9cfd4,2025Q4,0,0.02676468080944572,V2
0x31ffd9aab0ebb5be9ec63c29f42bbe1d6c7a43c246612ce3e42febc8658e242a,2025Q4,0,0.129427762696394,V2
0xcc248e5b3109197192b15a3fbc98f84887fd5b2e9baf2b72d94fc66b5102b760,2025Q4,0,0.021828401201921352,V2
0xb17868a887f1f40595b2433c741b81be879add5f0a54a14f8a7cc0684dc4a0eb,2025Q4,0,0.021828401201921352,V2
0x580174081f344662e6f9873d1a2ae03e665bb663aa18c53b249dcdabf9080a9f,2025Q4,0,0.021828401201921352,V2
0x35d6cdbd289215d1282caf1481032969d080afb42334ca0735aa6c42571554a4,2025Q4,1,0.9854748308709631,V2
0x5a3dc97b0200aaea720be8cbbf196e3f7660d589a8fe6e29029a3139d154c21b,2025Q4,0,0.021828401201921352,V2
0x48c715b695536243a128b653e59f8214262a454811a570c4b019226291c0fa69,2025Q4,0,0.027080456458767634,V2
0x95436050e102daf4b531e0910799be2742a7a8769f98f4f833363e4afef791d2,2025Q4,0,0.027614814473056228,V2
0x735a2a984e13b28aa5e0c540d99fb8d798b2f6825bd0b992679ea779bf0911ca,2025Q4,1,0.984948024175855,V2
0xbb4eb4d4619272869e329ff787bd9fcbf759ff5552409b742f5443ad959c73cb,2025Q4,0,0.022000641569781623,V2
0x635e9e233a8a58b771d845c90a51d21602b7caeabe01c07fa1192cc8e2f72863,2025Q4,0,0.022000641569781623,V2
0x777c48a36a064675a0a95112c12f54cda0b1caf9a64f7450fde31a8a8212af5a,2025Q4,1,0.9803120256150833,V2
0xad7141bbf5412101b40b30c01ece77146390e73f72efbb6abc1e1dc963594515,2025Q4,0,0.02191435595808676,V2
0x308fe0ad95520768ec0b794c7c30b3469bbdd4dd2feba218153672745ba0f6fe,2025Q4,0,0.022261495692582862,V2
0x876c137bd74bde1ffaccd26e29078355a63c16d1f8182f39cb4bb03459dfb1e5,2025Q4,0,0.022174210217595396,V2
0x71efc09081b0e1afb01434ad7d626e22673c90494cbc64916e7476c707bc8bac,2025Q4,0,0.022000641569781623,V2
0x4bb6de97e799c4202ab568e696667519bc9877316367da60c852ab6b29e826b1,2025Q4,0,0.052629595293728654,V2
0xbc313b9d1136eada02794b4299fa04bab53da830001d73966fb9ca1e7ffbad5a,2025Q4,0,0.045168831834906095,V2
0xe13ed1b2e0a0f4276534a9c0e3343987aa244d94cb1b60a1c3d6ac1774cec9c1,2025Q4,0,0.023611761634966165,V2
0xad060ea1394b5b608758c7894b78102fea337251f9065ac3db96e1f8fc211abe,2025Q4,0,0.02270298371558298,V2
0x310856dda37a2cc0df91c98d55b4af046b803843a3255cfa6f3549ab6edb0920,2025Q4,0,0.022174210217595396,V2
0x7c0cea4d74ffb2c8451f8834fc9f93e72479eab3a4a98b75127940f5f60f1622,2025Q4,0,0.15749207260657305,V2
0xe3cce9907c9cf32d35a376fbb581d97beba2e2cea485bce1840e23d0af42f9c6,2025Q4,0,0.03032553845691676,V2
0x94804ca845f8a47d7b57ded99651443836d4b7b10ee8ec6ed991b6c88eb37216,2025Q4,0,0.02849116065293456,V2
0xbf94e0a29a7c5f810c79be85579bcb7f684d8dc12f660185a970c564fe2b1f36,2025Q4,0,0.03515195879880817,V2
0xe36af7728445b62f1e06a904041d5f1455f9c290b07b91fc903696d08db762be,2025Q4,0,0.025940020692800658,V2
0x1e6597f4cb7216d962f60555fc1c37b06bc5fed9ecda9f920e2ed70034169684,2025Q4,0,0.022881963678817115,V2
0x14197a2979391a7bb1e6918582334640f309c22c7718f824c9fa1e149302662f,2025Q4,1,0.024459946014719125,V2
0x021e618c946d8ff51cf4e690809295b218353b5e635b905c9c27e779e20d0ce9,2025Q4,0,0.021828401201921352,V2
0x7a3fd81ababb31b0090abdb174f02c551d1a21328f9482415d7ebc2e1c6c4b6c,2025Q4,0,0.021828401201921352,V2
0x726f839c363681d34a3fecc8ceaffead59da9b3bfb71a64040f4ad58fa02bb37,2025Q4,0,0.021828401201921352,V2
0x2135c61c38d5a7bd7fe24eb35b920bf92213573d33373a80e4ae9a7b3b2f435d,2025Q4,0,0.021828401201921352,V2
0xe64946cd8d2d19ea559c78db03cd93688f842bc6277fbbf921a1423ca0e98f6c,2025Q4,0,0.05942150124080778,V2
0xfa24ff31c2cd56cc9a0b8a72586e9be9b7661f76da9a23481219fd461e1650c9,2025Q4,0,0.022174210217595396,V2
0x96f6aed94facad5cfeca5507e1a3f6a5c6500dac44df4b373bb829ba8fe0b5a6,2025Q4,0,0.021828401201921352,V2
0x19f72612d7e2e92adc3f2ac2d75806b37bd9788b0dd6999654474da2d67e6956,2025Q4,0,0.021828401201921352,V2
0xdfbdc5331baaf33996d442f543f7c0fe3391dd067cecbb90899b8339e927d05c,2025Q4,1,0.32899948925613987,V2
0x2865bc483dd523f4a36eb961f7467c8635ee9a13f39748bad55f645ce1f61512,2025Q4,1,0.985589409013034,V2
0x3fe28ac4aee597a761ce00692605e9b8701a544365eb781ddb7453fb10ae31fe,2025Q4,0,0.02426892982472412,V2
0xc2e5f441b24c3bde052635a5ca1d10a7fa8740e4efb8df6b815276e887aa979d,2025Q4,1,0.984948024175855,V2
0xe4e5cdc4135cfcc3afce62f24687609ae42b67982641015eda335828772edd08,2025Q4,0,0.021828401201921352,V2
0x24e4d8b6fd60c9867d9accbdd88ba2ac7212aeb03dfc9d6b10bab06896049ff2,2025Q4,1,0.9855322317023081,V2
0x97f7ac6f9488a6c3470e8d0305bbde37f76692a78374cbef803946bdeac07e48,2025Q4,1,0.9855322317023081,V2
0x63f7f0cae6ad5f914677dbcc2e806b94c0898573258e1f087c5b296136aa8d19,2025Q4,0,0.6843653628934517,V2
0x21baf6d500df8012399972c6229ac577af80ca39c67315dfce62b90968de9010,2025Q4,0,0.045516673540715764,V2
0x1ecb710da7d97b76c1c99180d8f3d2afe052d09b68eca89b4cf3ce37a7a0a426,2025Q4,0,0.02426892982472412,V2
0xdaf6aa41c877b0a2f21f670e0b2b23343e24ea6743c7ddb5b373ebb1ae8e7915,2025Q4,0,0.021828401201921352,V2
0x7c2710a7af9d9d7da6e58b1edbb723215a852b87f587e204246f6a01ab39e1d8,2025Q4,0,0.021828401201921352,V2
0x21d5b50fd0bc5013be79a7cdb4b3f0917127071cf27a324804c030f6eb06f5b4,2025Q4,1,0.9823699631951475,V2
0xfac98674a774531c2b7def1ce530ef2eaa78a1c444f794923826f2660b1eaa14,2025Q4,0,0.022614007239724704,V2
0x35ae72ecea68142496d891d6b74c3ea7069e8ac7b066542298691b43d74da891,2025Q4,0,0.022525371438974994,V2
0xdae8eb120cc18c5f8fe9fc1863df68d0f589c9db0408d9d248b934e57f7e1b81,2025Q4,1,0.9797618015925295,V2
0x54f2d63a6512045645b3789b498f95227b1ce57801b1f9d0c9f9fa9f4d5dc7eb,2025Q4,0,0.021828401201921352,V2
0xd640f9d87fa9c64980a6e6609e66a5f651048345d2d659887d23c5426fc6e672,2025Q4,0,0.9760365028926705,V2
0xd468704d23b31e2ac86df6cb3ae8e3b25434780cfcfcc1db5c96efd84328d04d,2025Q4,0,0.021828401201921352,V2
0x4b4925cfe0431f35c000320bb1abb44dea1d18982a914f9bd174f29464147a7e,2025Q4,0,0.021828401201921352,V2
0x5e1df4ad3d4a4640f57cdf11e23f26c16c9221d9614d4bf6eada4db6f34cd059,2025Q4,0,0.021828401201921352,V2
0xf026cce8acdf7ef3c52908d58ad8780d6e7ac3440189945deffbcb042aca685d,2025Q4,0,0.021828401201921352,V2
0xeae2edae4d49434c915134a9c279eb417b4f48a4eb3d369971c1baa8d17b8edc,2025Q4,0,0.021828401201921352,V2
0x62aabeaae60b94fab9672400f3cf536b44ec085de18dcdb5e4fd273a11e196f1,2025Q4,0,0.021828401201921352,V2
0xe42745319821ec7c531d38afcb0cb9d8a53a414efc3470824b4103204bef7c97,2025Q4,0,0.022525371438974994,V2
0xbc89401b0d892987a1696442b97f736fab0a683c925eda4032cebbc3fb587759,2025Q4,1,0.9854748308709631,V2
0x493720f91c0b4d1273bd744c1412826c4b23469f25654b7f918d66f49e266745,2025Q4,0,0.022349116900855375,V2
0xdec77e52349a9437f290d79c93137f413a27ecfa3fb2a2845100bfcadb8403d2,2025Q4,0,0.14215020642536486,V2
0x187309dbf4aee9150fff005a29ccb02b9a4d221cb00cd85211dcbcb8e867fd9c,2025Q4,0,0.9518344726754607,V2
0x5374a734024814a7e91a50b025cf0924bcf99756f40384beb260ede9322ca28f,2025Q4,0,0.022174210217595396,V2
0xb54e92a9f3edf1bfe9ef0f8a1b1ec483527f482b1463a8691024ced348ec498d,2025Q4,1,0.10573674674850564,V2
0x1bc4d3f9cbe31ba83b60990788eda66ae06cffd42e548266606cfd4fe3bc4525,2025Q4,1,0.9835147740018243,V2
0xaf97f60cad3509b019aab16568bf05eaec5bc53f91ea2c66e2a76ab467c754db,2025Q4,0,0.3469765489943316,V2
0x0742e85e568235c6bbf715556bd9b26f32f76e5946f21a000d387c0e3b846e20,2025Q4,0,0.021828401201921352,V2
0xe402f72914cc259e93379dd581f5df53f959601fccbd69b1c55dcdfa6d2b080c,2025Q4,0,0.021828401201921352,V2
0x37f329dc3878b26f5f2d7f4f57fbc3b74b594657fd705eb07c748023d78abcf0,2025Q4,1,0.9646060540877894,V2
0x5bf005155ef085c7f79cef880b60e208551fd3f66a54dc94a11c75bfcb5e8f6e,2025Q4,1,0.984948024175855,V2
0x07555b0e89abe017ddde72e5d04f26f6b26a7f221cca5fcae54ca99dd984774d,2025Q4,0,0.024364255398898943,V2
0x06eede5999a7a67a2b56811f81c7b352d17f8a6df556527731a95a1f4e07ff96,2025Q4,1,0.027722908895018765,V2
0x1fb7ed3aafcd80a2112eb687480c4a9bf042dc2d76663dd13785323c8be898bf,2025Q4,0,0.022174210217595396,V2
0xfb35c4b75b932f91fd543651473976d1124c6eab5e204050dce7028eae44ea8b,2025Q4,0,0.022349116900855375,V2
0xf2ce8d3897ac5009a131637d3575f1f91c579bd08eecce6ae2b2da0f32bbe6f1,2025Q4,0,0.022349116900855375,V2
0x28e1e883c5e1043c31fe445bb35552c8628bc0d4156c6f1f3e8060489f4243d5,2026Q1,0,0.04690782807716988,V2
0x9778aa7639001067d7ddfc3212a678c764352b3ade5a6130100468ecaa46abef,2026Q1,0,0.030738827318843844,V2
0x6831e2d6108d2316252466bf828cdb02aa16c5e8152ff428d2c0a035d5637e60,2026Q1,0,0.028922387711794922,V2
0x824494c789b70bcb571591f8efdbcabc2bef578e0498ad9d1348a1ce9f94b8e3,2026Q1,0,0.028922387711794922,V2
0xc6a69fe3d71cf548179aabdb4d8d1eb29241c48b1ca5cc1e023a181910bd217a,2026Q1,1,0.04075827830549746,V2
0xae3f85f20d56983c7338111e097d95d494c63594ea47e6df95c20c7f006e7675,2026Q1,0,0.1302066858910336,V2
0xe6a6dd7a8654925d425b1ea24904ed8d373f8c540b9348087de684a162719ddf,2026Q1,0,0.04694215037698938,V2
0x73d67ee4076e87bde2a863880f945e7020dd52e00a1a0e740dcb389810c974a0,2026Q1,0,0.0841984272699494,V2
0xea3ca9445b5d17bb4c155c87c31d04a1bbaa10e2832ed6de7115837e46a3f824,2026Q1,0,0.04018462130752241,V2
0x505b7de22623130613df93f722ee6b9be7583a4188207bbbc6d6e6b996565841,2026Q1,0,0.03933861954131284,V2
0x8a834895c54bef19e6ac0a7ad2a4befc2e9af747d6dd1d52eb219782a98b2120,2026Q1,0,0.06037785319053367,V2
0xab90fa9ab957bf8457c6dc61a05366aa29125d504ee4edc27abc3841cd99118c,2026Q1,0,0.04252665718042184,V2
0x1bf94c893747f1822edb6b06e670071017042c833dee92b6a8a35af468a50fc0,2026Q1,0,0.03864669109206469,V2
0x48aa1228e2f719f1bba2f5acfb3edcbd04003e5cb00863e1c81a550729271439,2026Q1,1,0.14212632128689048,V2
0x2bf00860d0daa4aa11d5f6e5aba62407c5f82225e652f6405701d9ddd83c5a6c,2026Q1,1,0.9014091062572688,V2
0x8a175eb42f31b198faca9a77277bf90396bae30bf065d3a9898aaa8105657ab3,2026Q1,1,0.6679225288096693,V2
0x166ab6a5f3e348dc7b6d732b0848f373b042aff0290a5d7754f7628db6e4dc0f,2026Q1,0,0.2837032173040708,V2
0x6615814797e1f3be7a827c70a94c674e9e568bfc7f1986c1f9257abcc5624d82,2026Q1,0,0.0687887256798121,V2
0x80bc4392bbed4cd5a93a13073b9b501072368e3d6e7cb7c362774fce9d2ec11b,2026Q1,0,0.047335169373760075,V2
0x0e9a2900fcce6721c816ed94c6ba98973f3eb6b264fc1255bbc532461feb2025,2026Q1,0,0.04834448768600577,V2
0x0e4f635c4fdb0fbfe986ddc93712388065abad3bf0f19f07e3171196f75c3c8d,2026Q1,0,0.05258949024574392,V2
0x46fbdeffa6619cb7e6ce94ba9e2c8c316ff278e6006bf557dbb5adbb3b268e56,2026Q1,0,0.06215538874009851,V2
0x79f248793183427a38eea310c14fb01b2a4b52df380d6e7cd650ffac9b400120,2026Q1,0,0.08661260219826222,V2
0xc3dc290c6b0e3a312529dd5a4c05dcba287ce57eed62258b0076b68daefa99eb,2026Q1,0,0.10136596779828236,V2
0xc7ccf00d77e843b86ea9d9027e6c1da91c52f8fea154658d740dfc0a15bc6a74,2026Q1,0,0.056787910925697974,V2
0x2b392fc0a2674db229607218667c129a0ff27186ce4b303c3c8e54402fcab133,2026Q1,0,0.06324052785869363,V2
0xe25ae47970ad8babbe3073eaca65d24ee73f685fd49f74e55d2b75a965639695,2026Q1,1,0.1058237446639153,V2
0x194c3e4cb9a244ae92e2adeff092076b13fe039cd217b1bbbb6aca6cd4d12df0,2026Q1,0,0.04750198734230295,V2
0xd45883cf53da8e88ae995e10bf61c287ccb7b44eefb57ee4825ad954344d9e3f,2026Q1,0,0.08719871988543954,V2
0x062e5937100103295e98f56a99926df33f05e3b9f1a1929780aef1f4c46d73e2,2026Q1,0,0.048709074264412434,V2
0x277f21a0a26b1a2ec9c4980f91f55708880a7cd4c5ab68687fad0c2f6efba698,2026Q1,0,0.08753385531340634,V2
0xaf9f82c55c0bcdbc4bfa99fe4a8ee9040361c79071754b299797480ab95b262b,2026Q1,0,0.06415194931586402,V2
0x2474fea8345b414b9f1d9279b6a05b2dc0882d850c376a5efe885446576407da,2026Q1,0,0.08462868792966119,V2
0xf835de42f566a714be49df12ba436279ac3b06a8b570baaca49835cd0358c916,2026Q1,0,0.17775379586281978,V2
0xf96ffb10e7b715bc06d5be34c70204f2a01ff6e7985adcd4dbc8ab5808dcddf5,2026Q1,1,0.06111691848544814,V2
0x88f8790926f05d2b6ce8097499cc0bb9a6b0d8dc59b1bd34dccbe510006b963e,2026Q1,0,0.10482778720592638,V2
0x53abb32b56a1f2c6800c52769e82ed630bb847bd4d431418b6473f663fb55648,2026Q1,0,0.10379265656831357,V2
0x888c776fa101405df636c12ad9860151eda553e1e76a237b742a6ab8178b71ec,2026Q1,0,0.09679694590833615,V2
0x39446dcc0c3bf7c56209a0f7cd7a82802381b17a9bba47baaa6c33cb7757e685,2026Q1,0,0.07137799537855731,V2
0xd9daa9c0abb5506523bac5dee937313cef0f3e4c86995704acd5af07c7bb277c,2026Q1,0,0.05882697563359855,V2
0xf8455f2bf006c1de7244ced9b0cf2953ac2b9e32d1124c61cc519acc4c3e252c,2026Q1,0,0.05801438922979569,V2
0x80f018c1a36bca63cd6ccff97d48028c34592893dbf32659115bffb95adb2bd2,2026Q1,0,0.11172296069314623,V2
0xd1889f8050ae7b0a2ebb5f972a645826a1a40b0a54be855501c82101c129d552,2026Q1,0,0.06810629745702437,V2
0x7d5dc9aa59955996da410825c00c8b05213540b622ca7a3a1ef756c914f102e1,2026Q1,1,0.9192601316310715,V2
0xf3cdab0cc84ccab80c8e06f38ab2580077a26d67f07dd98e7777e7b00058c838,2026Q1,0,0.042625524590205126,V2
0x79992ae60d488b649e61f4e9b0d3c6e8045f20e4e01040f28f7d92488b1125e4,2026Q1,0,0.5105427595613427,V2
0x12f85b250c4943bb6d17804ec6c5d5e6b46dc3202f207acf7e56ce83d7319c5f,2026Q1,0,0.7662116786655686,V2
0x35743117468978e7ddd6647790f599f21263d948f2a51fa78df47a6793fde562,2026Q1,0,0.45526754675038655,V2
0xaa330505b64202aeb86ef486b0a0505efeb5c4706a7fcd9fe86d871567f75c7f,2026Q1,0,0.034447659881173494,V2
0x5cfb1f7c129ec106f22a5586d20993e4eb351b24ff0c417b2436f252253d386e,2026Q1,0,0.13734149681291657,V2
0x2fc0edebd6d9de328bbc65d350bbe92c83b8727d4cc6211cf2931bef04cd0f98,2026Q1,0,0.046357587154308356,V2
0xd5db778f7930696bc1891e9bed63ec5e6bc0587746d513c40eb67e52509b955d,2026Q1,0,0.15617119509420757,V2
0x10cf4927827e9f1377d41fa4565b4d34deeb78d783ab2c8f8c8ec442edc47941,2026Q1,1,0.0860508496021294,V2
0x57bac058325f2354f86c437addf47e18b663cfaf86efdd919fff2241cdbb27f5,2026Q1,0,0.0617415384683867,V2
0xb26f2c36379675980d5cfcb1acff62b37824bc5827775b0e1eaffc4f5db11008,2026Q1,0,0.04155117742103819,V2
0x9dd958416ab05e989cbc2bddb8fd6e89692b675e126cc0a89d9518634acf7cc2,2026Q1,0,0.6555120548788861,V2
0xd54661b68eaadaff6bd146181a61901d1775abc49e1e018960b35cd61c4659c7,2026Q1,0,0.18360924040363608,V2
0x3b4b3c1b3c57646192cc82d219b984ba8ce3f659277e114d08066bfd9bfb935a,2026Q1,1,0.0751265409596385,V2
0xd1cce43b5fded07d49b457f473f49d921db7053a9cd98dcfd5c3271a53e6713f,2026Q1,0,0.07522805942440333,V2
0xdf05643dbc763608d34bc226b096250bf1a84138c8cd0dcaaaf17e997255f38e,2026Q1,0,0.14096096460696086,V2
0x0ecea38a53ad7cfdac4626773ade7e33e948eea9bc42644cd035d7e3bc5cd511,2026Q1,0,0.08912488572205862,V2
0x639dd659a2354b95cdb8657cfb0757520ff1dabccbba24a44c77d1804601b7c1,2026Q1,0,0.08472887325018748,V2
0xd6ca78602333a284661831a5ec02c66e1f433b345d595eb913898f0caeb33b57,2026Q1,0,0.03496507275587599,V2
0xb9db6ee9c30a47c485cd38730cf47ff79c62632db47f529ac9e5314a3b294a1f,2026Q1,0,0.06334740402492091,V2
0x5c5d29108e310c971310a90e986725427c920eb622d1f16eb38ac05bccb5c77d,2026Q1,1,0.07783795957408943,V2
0xc7d10df2ef151fd7d5d9f66fe2694b13f9106acc7b764804d0ac37f668870f43,2026Q1,0,0.09310010745620073,V2
0x861e8a874e4e06e44092a9fdef549a520d56ed851fa11e6547398ef1a8b24a49,2026Q1,0,0.08330780803319586,V2
0xb93528c16938552872f79ec03b736ab43d01cfbedb4aa80d780070f7593d3338,2026Q1,0,0.06787391733856639,V2
0xf143aa3a6c93f0a82e38e242d7b0ae7bcc8ffe0f7fa310a0960a6025312c0277,2026Q1,1,0.05433528134206977,V2
0x09178d8baa54118e1899a03f04b5dc64d0a3062683fd3d31fb6fe07c791ed251,2026Q1,0,0.0405452652818456,V2
0x9a8cbe5e07364992850ceec04c25304476828a7a7383321eb0c861eb7942a221,2026Q1,0,0.23030387934033608,V2
0x9a4b70d49c610171ab3d1d86774bb328e05a3301c8d5969577795d98ddfe9c3e,2026Q1,0,0.08694969651004886,V2
0xfb898f62944858cd90a18655f393c456dd2c0d4ac17f1bbb4d06a2cebc8e1e72,2026Q1,1,0.5214851314015265,V2
0x95d998baf8752df3cf78ca73965bf3888ec5075188423db8d6028cbd78dad1b4,2026Q1,0,0.03455168596769743,V2
0x3c99905e19ccc0f3c4621eb8e5e293fb609859dcb81a460f901c3139fa97c7a9,2026Q1,0,0.03455168596769743,V2
0xac4c8f562f7c6f4a191570b07a6cd8926854205a91d6da197a43924bdc4659a3,2026Q1,0,0.5398790498885042,V2
0x6da4b3c400d1ca5d9a854367699f9abba26e5e25ff03cf223f8a8d9e8880f1ca,2026Q1,0,0.059641293186699834,V2
0xe9520dc1f9b1b3ad6a3b8e65df0458148de02582df35434c9bfb480b29b83422,2026Q1,0,0.07538413449087217,V2
0x8075c371499b9a42b89a60f76f8065d9ee27461028efa5360401fccf6e949b34,2026Q1,0,0.08900709775161528,V2
0x0d2f729e0695089192568fb1c6cea4ecba9515d98f508c1e98563c215f8545de,2026Q1,0,0.03554372489291034,V2
0x41fb9c8712354c0407a7a768c8c933bd811d440e9de8e65ba16d080c4bc315c3,2026Q1,0,0.032279375819842374,V2
0x09c7e0781a3a3884f2c886ef25d28c3ea4e50039080158bf795a4b0226423728,2026Q1,0,0.0820771485738149,V2
0x4cccd259335236ebbbb018f21219bfee84f2d37a2890813a59f3027dc7b28794,2026Q1,0,0.08263535105250967,V2
0xeb40432ed5d4b6adeee133904c9f240dc74ed641030596f05a13943e9aa5d9c8,2026Q1,1,0.06778212481687207,V2
0xbab21ba7168ad7d6d98600d40d3d69f2fda42fc10863d00e006a31b990b22065,2026Q1,0,0.044598066132522374,V2
0xdc4696c01c081834beae55f04eb852cf46e911fe63f779440390f753e9025fe9,2026Q1,0,0.030483712836227098,V2
0x5475a91387df16bd7f5b5fd5937dd2305365c01d6116c071d6859b377882f403,2026Q1,1,0.7238627337731527,V2
0xcfe1f3828ee14f8346c2c6a5f298c31d35623251cd10d8189ed4b83f636b33d4,2026Q1,1,0.9492548108662077,V2
0xa7b0b1e38f95c9925f2c4e04b3501b4b0d8b5a4d3d2b3b9d21dbb516c52cf32b,2026Q1,0,0.06663871863929283,V2
0x3b51eb6137b7691f7ef6cb9cbdd19bde90bfc7fb047bf50827bb7b7895a3a120,2026Q1,0,0.041563662147762755,V2
0xe3b11d4bdf2926eb9f27339b1b8ace1415a22742250569def18871b452858d72,2026Q1,1,0.9837043146432467,V2
0x0ebfa3375f9106999f107f7d7f4175e632e823b29ff8196dad62a692a3daac26,2026Q1,0,0.0412704178089992,V2
0x2d3973a4de88a8d6635637cd5de0c1d62e3850a65dbd19f0d1230221865d20a7,2026Q1,0,0.040979153939021004,V2
0xf693ac2455c92bdaee75e8e443116f890f2d59dcaa2ca054962a48ea2c4bfaaf,2026Q1,0,0.04215614103788571,V2
0x1ceba14c1ab80a63be4bb6345ee7f091a51f60a51b69e10b19c23d7d6af64cef,2026Q1,0,0.04382736159944764,V2
0xef1299d5c2697e3e8d7af37ae2cfd36f0eb10a5202010dd6b7c906c447503e7a,2026Q1,0,0.049055632884924115,V2
0xff40cb875da374ab79703b1ef7171cff8b6229c12c2e86852bde73eaf817e9a1,2026Q1,0,0.05883073069142075,V2
0xcc5b0e5a38b1e2b0bf057b3fdc0c72657d1deca1678d30b3bcceae13c3b8c694,2026Q1,0,0.07162768418661677,V2
0x5f1516c99e9235d5f179aeaa1222ee950ac15ae614026773ec45332a233cc111,2026Q1,1,0.08902550805861427,V2
0x7789f75405a56d8ce8412ba1a48b59ef102d3a61a23054ab59d053d6921e8e4b,2026Q1,0,0.1172158548654164,V2
0x9a0c2cff156ee4e8e53e2bdb2114bbcc70fac1048b8b16951e2e392478a86172,2026Q1,0,0.10978629681877568,V2
0x4d6e6494ea7b1062bcecafda77c2bf46b18b6ec41f9d82fddc1722a210ad3637,2026Q1,0,0.08406347601892411,V2
0xb27d0893ec4de3c1b59d892906a65e69ea466f03fa93f889a20360842c82fc27,2026Q1,0,0.10978629681877568,V2
0x6c8f5b40bbfb4162d14b15aedf52f3b0a92a78707d154288d9849bdc7b91d2c2,2026Q1,0,0.07336590754605148,V2
0x8113dd964f245dca0debc781ad2956e1a016d368f99f48ef16a91aee6f54bf65,2026Q1,0,0.05206872036505196,V2
0xa355b428bba7888ea049f39827a9add26c1b4d8ad5cfd58d598346a257b96e91,2026Q1,0,0.03289340520075873,V2
0xec5f006a67dc2d3b757968aac03b9d6c82b1314e7e43bb484c01f3738648e27f,2026Q1,0,0.03289340520075873,V2
0x55e0fdd3ea720a3ffffaac32a37e795f21560eced77a2db1f72f21049ffb6209,2026Q1,0,0.035705399348624045,V2
0x09c729799fba39d2d21ecd5dc104e9e03aeea536543cd0a560230400218fcf94,2026Q1,0,0.03289340520075873,V2
0xd8ac9f489f38e440a89c11fd0427057599ce7d2f7fe5bbc5f204ec47047ef60e,2026Q1,1,0.9668713663072723,V2
0xefd8315957aee006f55959623d07c897f4511699988ffb276123b5e83c7ec806,2026Q1,0,0.03545195800566989,V2
0x72dde577d8cb545ee62b45178820f450a855990a5a7c190ce8aea3ea781b49b1,2026Q1,0,0.05174390082581586,V2
0x5de4dac5750688a3ab6db801fef8afb9f069270bf6e211c8ef2ef3c13d4e6734,2026Q1,0,0.7401995891912955,V2
0xfbfae05057e0419e82f0b712dd21f8b37886f8cb9b1409ec044d27e24ec5d84a,2026Q1,0,0.05049004444320817,V2
0x2a74a7cd29971c3a320eec0595c20a07d9a2cbc501c99694d34963e38a196682,2026Q1,0,0.03348591503355158,V2
0x0e34316a55bc233e7a3413a93c42c66072b7ac502d76e2bc66884b3816ee6e07,2026Q1,0,0.033725792833996994,V2
0xf2995999537ed00a9e1ed196dac5a34c8362b9e454200968eb123c60d21530d2,2026Q1,1,0.9617989693229875,V2
0xe8c0a798faae1448aa0a038657a14dae1ba58a18e3ad3f38b5231d3d86057a0a,2026Q1,0,0.03301109129297868,V2
0xc30a8d604d0cf4d62c816a902c14ed0db890033a7334cca6f4b941c1ec3b5640,2026Q1,0,0.03289340520075873,V2
0x2bdb09e4e7a2a4037db2401d2788e2565555db63967ed3e7c276c128d8e56f9a,2026Q1,0,0.03289340520075873,V2
0xbcb33ad98c8141b10f2350ef687eddf0660484ecc15be42ecdae64339e64dce1,2026Q1,0,0.04072054250136838,V2
0xdcf89266de269fa8d785c5a6218c482f08cf26f9987d879fc97d6a335238a08c,2026Q1,0,0.03289340520075873,V2
0x28101208d1076b3dc8fca84aeebe55cc8505b01f40c8e1d5c5fa3209cc395120,2026Q1,0,0.03289340520075873,V2
0xe115524784ad092f0e7e078973922c5010f2a1c38c2fb8a9bce309c0ca79f1a8,2026Q1,0,0.03289340520075873,V2
0x0bdf73e4f9d1f9bddd76011f7c7f70ac2a7bf02858f6e724ff17fab39cdb84aa,2026Q1,0,0.03289340520075873,V2
0xc9dc3221d327cdca2401a80e8b138e6f81e17e7aabb0ae4915ec744e37d89fb9,2026Q1,0,0.03289340520075873,V2
0xe90b27f08082e17740308fdc957528d29a3f334a9ecaeefd056a3427a4cfdaaf,2026Q1,0,0.03289340520075873,V2
0xbc4e5a49c32f7d9cc55654ddfbcf8f75706edc07a11ae327730bb877750bbeaa,2026Q1,0,0.03289340520075873,V2
0x87fa1d0200cae34d1abb2796b73a23a0434cef9eae9af694382d2ff63fec804a,2026Q1,0,0.03289340520075873,V2
0x1d5827b0448938c4c40a1c6747abc61e4ff690ac3d7306e0690c1741eb6dcb0b,2026Q1,0,0.03289340520075873,V2
0x18b1dc1565575cb2ff48bbc078070170ca3278691860cca7c97131fc657a9530,2026Q1,0,0.03289340520075873,V2
0x3b1a3232b14a029f96a3e1b04a5d8dde31575d74024389b53631e73b4a494480,2026Q1,0,0.03289340520075873,V2
0x1a550f4be5469a1f7f19a6a87eb1d3c5aee638dd4b325cd7e80c94fcb69a4325,2026Q1,0,0.03289340520075873,V2
0xbc4e7ff877a14d8e0dd44bdc0f95ca7a1cf0956fdcfeaf57828a9a9761f95f91,2026Q1,0,0.03289340520075873,V2
0x35fdbb84a6a3c45466deea33ee0f0500e70078351ff8b8fb0576d361bb2eeed1,2026Q1,0,0.03289340520075873,V2
0xa062dea464f0e8fc3381176494198cf45574ec190eca77a40f49988320fa15f2,2026Q1,1,0.9767808669105803,V2
0x2b1e18ef56cb7222ce2fb03d6cd9fb8fcca06d80b64d0dacbe6ce2f00ab31d00,2026Q1,0,0.03289340520075873,V2
0x2bd06b3fd416fa6bbb9cf2667ff62977754e49b6d7966077173d266a71a2f240,2026Q1,0,0.03289340520075873,V2
0xed888eb64bffa457086fb5904e9b2046da9aa31c5db36e9d4a303efa7e850d76,2026Q1,0,0.03289340520075873,V2
0xa619cefee23be0abf807ea451642fe20c497ecb2fd705ee645c3d96d8d11637c,2026Q1,0,0.03289340520075873,V2
0x1cc98e3388b008a494448ef05c62bad301d61b1e73192ea563f646ef205209d1,2026Q1,0,0.12125588166306853,V2
0x6a63460b31d0caa8bf884dd2fb44529c04b2b710bea6551d67830bf3c9bd1982,2026Q1,0,0.48931803815644875,V2
0x663ab7bbc3ea3156a3e81a67e341be33f0000183ae294c0e2061a7821864322c,2026Q1,1,0.8834391576914833,V2
0x2c047808ad884823f6d5a7e28cc043a34d1e89139ab752e6498b21421e01e7e0,2026Q1,0,0.05724371749391278,V2
0x20685afcb4751f212d0bec51c769b174c2be1f951a8c5a5ff93ec3fb61fe6b02,2026Q1,0,0.07752241614186373,V2
0x55aab6145483b77745c771248eb02e3a389d5ea66a1b849a778b40eadda7aa6d,2026Q1,0,0.07492223653917658,V2
0x7b8a75fd7be63604b15b8c3eb3b5464a52b792a6a3fc8669b106d3ea9076efab,2026Q1,0,0.0659845558583374,V2
0xb2762e4242562e6f86f72868b42d126e0b9ec40d32df031bb62e583bf53da1cb,2026Q1,1,0.0646319667713104,V2
0xe93c89c41d1bb08d3bb40066d8565df301a696563b2542256e6e8bbbb1ec490d,2026Q1,1,0.9783463378108614,V2
0xb21be382d4d6ba6417ef0b3b91c73e426dbd216800a42ffa62c1cac392ef4fd6,2026Q1,0,0.9012838005491887,V2
0xb2fd17d2e40ae1383947568da2ad2437369d87952aa443710f9d11a189322656,2026Q1,1,0.9428091114715973,V2
0x7c6c69d91b21cbbea08a13d0ad51c0e96a956045aaadc77bce507c6b0475b66e,2026Q1,0,0.03011570259137658,V2
0x35cc41270f5cdfd59b45e68ab85dc51b0b900d286a6c74ea006b8572d9ff5934,2026Q1,0,0.032349644006837,V2
0x17815081230e3b9c78b098162c33b1ffa68c4ec29c123d3d14989599e0c2e113,2026Q1,0,0.03011570259137658,V2
0xfe6a04a131a8032f3a037ce82b3200dfd014f76fa2002360b69301fac646807c,2026Q1,0,0.8797414807167911,V2
0x3b5d5262ab3a35b2fc7188626b89304899b8f11ab5a6b80adc038309fb7508eb,2026Q1,0,0.07189011738752768,V2
0x42336b42be8f44b9d4dcc6312e87d2cff5315e624ddc492dce5ed80222324d61,2026Q1,1,0.08522715542594951,V2
0xb41dbf64ca0c88f2fe9b19721211de85feeccc5806b4408d3413a7cc9d5eb0df,2026Q1,0,0.09943909401676143,V2
0x8de87ebdfcb1d9cca57b54589cfbcb1284cee46cacd18f7e1a34e81489d198d5,2026Q1,0,0.10279558398542363,V2
0x25769d222372fbe04f44acb4f85a821de608389a29de6e093cc1b8bcd92489f6,2026Q1,0,0.09055479340308324,V2
0xc3015d8ad564ec256b226f29d4665eff1309dba1b8096d871542ff34fece2e7b,2026Q1,0,0.07567508788539878,V2
0xb232b902eb9d8aa18cd7923e1f35485711d9ee4434f41e99cf2380269bff0b7a,2026Q1,0,0.041479113138090225,V2
0x05f907b44dab22edd2f7596448b888dafd2ad3124560855c6107bfd5364d797f,2026Q1,0,0.03989369980642655,V2
0x5abe3287197d0a924707ce99130643c92751c209fc0e376c6700d6673b43ada5,2026Q1,0,0.07602662447252147,V2
0xbbfa1cdad9819acdd36bfa2fac3d2f1ff64021c3d4a7459661010ce9ff33cefb,2026Q1,0,0.0365037561608561,V2
0x70cdc92881a74fa13b6d861aae79f3b153989f29b285f234bd8be08f723812a9,2026Q1,0,0.03975248558924075,V2
0xdd7e180aab883cb74f958e78666a2a2c456ca4a5e02252ae152b3edc976b24ff,2026Q1,0,0.03291831712060783,V2
0xbb4bb3a55254bcfb15e858e6d2e553d24016181e70d604c739e0b3e99fd144ca,2026Q1,0,0.03624486098132853,V2
0x39504cbc120a8092f5df3d0ba612976a0d97a7aa2b699e73fae49010cbc31f1d,2026Q1,0,0.03291831712060783,V2
0xe74d60861ae1460d32415d9c4176559c1c4a9bfc64a85157e5a17ef4d0e6ec6e,2026Q1,0,0.03291831712060783,V2
0x63bb7fc1b5b53a3fe498fffadd8171a7f0914cd86275dc91c6a539688d31021c,2026Q1,0,0.03291831712060783,V2
0x12d1b41c90a2ff07173ab2469aad97fb9e80f781b36c32f99fbf4ae28a28b42a,2026Q1,1,0.594603363826646,V2
0xa8b744720006da3c08b4dc8a61a5ce930542f550fcf8d27380ae898de636799d,2026Q1,0,0.037291158978920214,V2
0x43ec78527bd98a0588dd9455685b2cc82f5743140cb3a154603dc03c02b57de5,2026Q1,1,0.9121664246207953,V2
0xf9acb73448000e3d6366d5394430a6bfabca5ee1a8bf64fed5c606ca1f7298c8,2026Q1,0,0.5126594049905359,V2
0x6813d99ee682de526bbadddf904638d20616455321eaae1ca60c49da82edfffd,2026Q1,0,0.06185065596208102,V2
0xba8a448cc9d7f859ffa5280014cab3f2973a11211cdac77925cdb7e93440abed,2026Q1,1,0.9799934498590478,V2
0x4524095e8835d504c29f27d2af982bffa70373f2f7fa1bc40adcc3ad0964408b,2026Q1,0,0.041332528530197296,V2
0xe53ae76973ece475c9e375ff9aa80bff1bd1119abd8ab38d7d689e76d9238686,2026Q1,0,0.03291831712060783,V2
0xe55f1c68e8ff508f8f54e5ab6f20e2769da900e5c7499b917547498bce4f40c1,2026Q1,0,0.03585982894793583,V2
0x5387de10b12c52e40eb885344a3723caf3d973f21fc588853cdda23d7ed754cf,2026Q1,0,0.03291831712060783,V2
0x972cca09b4853ac28330d5d2bfe8c8c4b3c0eefeadef88c920739efaa50787e9,2026Q1,1,0.8854342761476697,V2
0xb8c1bd306a8a4cedfb280e114e655c5092b3f37edccae05cd877d7f21a5774ce,2026Q1,0,0.03387196117772526,V2
0x1bb040197f0ec1a43a4fe5973135b7225a4fc1ac937d30bfdfa7ab1b99b9ee40,2026Q1,0,0.03624486098132853,V2
0xb9ba106337ce14da6d516739659513d573e35ec2ab4d1a66818216bb2260a925,2026Q1,0,0.03291831712060783,V2
0x5cb15a6ad5db73f234b494077e358b716a9eb9947e742d17cc86e137313cb9ed,2026Q1,0,0.03291831712060783,V2
0xe40929791ddf00d7029dcc258ff18c90b578e8df0b257c1afd5fc1897bef58a3,2026Q1,1,0.8737065250591324,V2
0x4cca07aafd4267f7ceeb16e4ef7c7d5587cb906a13f5ab404275dad21dd6bff2,2026Q1,0,0.03535257482652868,V2
0x77b9b065f487d1e18d005465d221ec6c84ed3babfaf6ecf62f20baeaa9fc3038,2026Q1,0,0.03485223667471608,V2
0xfda7c9a4106beba4799d4e38ce4e8df14ea2651bec78cdd12b7295aa3cc42268,2026Q1,0,0.03375131316424286,V2
0xbfa45527ec959aacc36f7c312bd4f328171a7681ef1aeb3a7e34db5fb47d3f1d,2026Q1,1,0.9819888057825888,V2
0x4f33a2b3938e0ee4cfad64f1ade11579d97f5b0cbe10945790549e713c04fa90,2026Q1,0,0.03795977634331542,V2
0x25ac9d2a86cb02a5db4347478f025703c9f2c8a6fab61b35d2ddc21de67058a6,2026Q1,0,0.03315426838500398,V2
0xb46ce3cb5440e8f4de4646d4940786c7660271bc961ef8108645438b8ba7c095,2026Q1,0,0.041479113138090225,V2
0x88352e2e5e5305c202da7c156c9642837bab9acb82dd2468cbf40edeacaf060e,2026Q1,0,0.03315426838500398,V2
0xceaaf9303fe9f12febbb8c11ea834422c0ac0a81e730af7753143895bb3bca21,2026Q1,0,0.03535257482652868,V2
0x8a3b0aeb1043b701cd74342626b507468da35c944909517b435a152c1c0ef1d2,2026Q1,0,0.03291831712060783,V2
0x705b8c1edeff1e28846175e65b5effaff746c446737aff52440c4211f49dadfc,2026Q1,1,0.9668964319422493,V2
0x23fd2b26c4e095465ba0d2ebce8d5eda57009ddc59aad8b68ab19ca968b41eed,2026Q1,0,0.04844333976885774,V2
0xfabc0ff190e456ad309ec0559554b4549f90aebcd636d9a6293a89abf5c78722,2026Q1,0,0.051963960509698336,V2
0xb75c745c6d2d6031875955ba01b62af90c622b22852af00391d45fab49ef0aea,2026Q1,0,0.04282093639833159,V2
0x5299a291f2aaafadee5c937a76bc7810c6ac27c7ad87b223cb885258f2e0a320,2026Q1,0,0.03315426838500398,V2
0x7011cb54689f777d1010d94178451ee3c03a6b892e2ace8787abbe85e762bd11,2026Q1,0,0.03585982894793583,V2
0xb02e8bc0b915c7d6fc79363f84ca301edeb3c5cd7a7c30cf9517cb4a49a96e35,2026Q1,0,0.2578285384756447,V2
0x76a213c1f24dd30025a9f20355341a7a0fefcf1499b7c015ebd8493f55794d7a,2026Q1,0,0.03387196117772526,V2
0xbd3fe5cfce44f9c884390f0aa38fff07ec2625432609c1c1f0c2dd03d0da8dda,2026Q1,0,0.03291831712060783,V2
0xaca2f1e173994a7b314a32e13db77fb5cd3b909ba15da5bfd159ba987ce06ff3,2026Q1,1,0.9618277212924718,V2
0x7f752d99a74379bc4a8466778fb5cd0b6037101a3173591fdbbed18762a68c25,2026Q1,0,0.03598773337843122,V2
0xe5ea9d130ab1b9fcadcbe1d0c64457448ad118536cfef7a2032a7244a7fb630f,2026Q1,0,0.03315426838500398,V2
0x01b6f748bc326963f1f4cd24add622c83ac1a0656a07129d90f8226a6ec207dd,2026Q1,1,0.9818577009923396,V2
0x5042639d633cc7933351f5ef667281c701816588bc47bbe4c86489abe75200c6,2026Q1,0,0.12524931125894426,V2
0x29678f23b6a77db6c99e320c2ed2709652e01ec14e9c3caeca5f4b692d735173,2026Q1,1,0.9604484206926085,V2
0xabb86b080e9858dcb3f46954010e49b6f539c20036856c7f999395bfd58d01e6,2026Q1,0,0.06402858481118802,V2
0x3488f31e6449f9803f99a8b5dd232c7ad883637f1c86e6953305a2ef19c77f20,2026Q1,1,0.4941968057581934,V2
0x843913ab7d12cd0603524e2766ce3d128997bd0f64bfc6385a4a579552ecd152,2026Q1,0,0.043430525275399805,V2
0x843fc1f23d8cfd3df343031312a8a3f0a930ad118c0c0e81a56c21f0ea9ff217,2026Q1,0,0.03850294657255563,V2
0xebb6eccd872f55e23da6aaf653a3460299237ebdd0a71bdb58681685fd95eb05,2026Q1,0,0.0407511325421379,V2
0x42911c6ff6bc9f36adb99592a9ecd5e31e14e7dfe9beef7c2b18c36b0db23cc4,2026Q1,0,0.04827338349242293,V2
0xd1047755d35a03b7ceea9923daae56ecf67784446daa63e87eebc471b4b9dbd9,2026Q1,0,0.03363107992592652,V2
0x05beef793157deb1cc34e2d3159539f461b73c7eeaa3b5348617c10eed5509d0,2026Q1,1,0.041332528530197296,V2
0x6bbdeb8773a1470ba1053959a446bb0912b38f6091c8794583612bfa76a81a15,2026Q1,0,0.15160782823871685,V2
0x1c9a2a68c5e470cff041f2633405fd8e7799dd599dd30c20622ec7c7d9032f6c,2026Q1,0,0.03624486098132853,V2
0x580adc1327de9bf7c179ef5aaffa3377bb5cb252b7d6390b027172d43fd6f993,2026Q1,1,0.9819888057825888,V2
0x0832d2eb8afe687701554353e1794adaf6bf4663ec3116df80286338d0716615,2026Q1,0,0.03561298001622887,V2
0xec01b68b417b073c619cb6f676692268dae467ef37be560375d9d39c8ac03223,2026Q1,0,0.035867529678617185,V2
0x3b300c36b9c836df7abfc11d27e3772bcb43697be2c1ffa3bd8f614b500298ca,2026Q1,1,0.9822521140893764,V2
0xdc0bd6f9e7c36da2085c3f7444405bd4dce3298143f69b7f5f23677e91171cc2,2026Q1,0,0.03574003662675179,V2
0x8e3fcca11554c30c3da27e4c23c50c4449e52651f3602beb2a7c51937f0f6906,2026Q1,1,0.9753377071482389,V2
0x39283deae2beada4b6c25f88f726ee11930bfdb195d2b26361f07329af484659,2026Q1,0,0.04119523540552858,V2
0x3288bd6f375b24c8369d5e7c4079723006a682840f9fcf703d6c5a312f8a385e,2026Q1,0,0.037034835647044205,V2
0x6bceb0f2be7d25f62dc9edc582ff9002a445d199ff0b1f53ae4a5f3f548de1c4,2026Q1,0,0.09068207638682482,V2
0x56cb1f63d508262c16a4af7dd4a5d18d07288ebb03c1e8fb5242a1692692b7c5,2026Q1,1,0.9827598955727848,V2
0x56ce01f177aea60f03d6eabb711019d26d052a114b03430acbc4280d732bcccc,2026Q1,0,0.1736474638281735,V2
0xb4bc113c6da82db67b6b17d39369de522e61425dd3609b9bf9306d266230b3a7,2026Q1,0,0.13680235993150835,V2
0x4a947652039643c2213a0052acb12541d094dbf3e93b0be5cf4759e913bc86ff,2026Q1,0,0.13249946097225548,V2
0x662fbb2c1fc3e921cc0896cb802fb83792641e9b836feee50b55a8c4f2c60628,2026Q1,0,0.10206511056193211,V2
0x28de2f5ffeb53bd1c219c9c800f7054f0a0fe447cd4a90922c220b484df8b077,2026Q1,1,0.07185282510255446,V2
0xeedadeaebd9bf558d89e4ec095a2d81e5d9bcfc1cad12a550d39a6c070fc18d5,2026Q1,0,0.044910189872307174,V2
0xbb800b7bf4946c723d94b10d159fa0ab8460b0ad1ec1d40eb8b7dd8179153093,2026Q1,0,0.03617921567374577,V2
0xa9f0b0c67a815b423a435c523dc9358d98ab5633de5108fe44e203e8d6c2f062,2026Q1,0,0.1121799915880862,V2
0x3f0b36655c1fc649c82c6c9ee6702180a053afc82bd87ed25eedb14702a978ef,2026Q1,0,0.10503164786733277,V2
0x13382fc834bb2ae4dd4c5cd5d0ffaf846c3461e1d5fbcecf52120267df27f74b,2026Q1,1,0.33132187071642427,V2
0x6566b377e5784da0caecdd79e5e5c8812561be714911e01173f1936db9ca437c,2026Q1,0,0.16444901350238222,V2
0x248d7306736a1b62827ed2f83a24993d1586b7dd9cec3b31f6777de8ee8d14d4,2026Q1,0,0.03202925325198353,V2
0xe300bb11ad99f542f22f87f0b96a9d667fe16abf33681576149971657c2bf9a0,2026Q1,0,0.03202925325198353,V2
0x00b7f0b221b7e80b23195016ff6cbc30292ba6ff652b2e7136fdbf2938f82bd7,2026Q1,0,0.032840515573102635,V2
0x3bed62b0b7e3eb52c1f0d8a5d11edad1f74989038fc1cae2889cdbe96a248dfe,2026Q1,0,0.05148168184533418,V2
0xf1ec6d2668853ffb52b9befd5e97118a152bc4dc6bc2ada45e0492974fa36efd,2026Q1,1,0.9581003518221607,V2
0xbe79255280c0c7150170a57b0ee2f6caa749bec1ce6f93ced9ed12994244a0e8,2026Q1,0,0.03765362698386434,V2
0xda9fd182ee2e2f4ba7a0feb3f01fbf25c4bc9637476e1ad524ca3b62ab2a0d95,2026Q1,0,0.0485662594563718,V2
0x7a02ee04582d8a572c4427ecc12d1beebeecaa50220e9ca5e40373ad6fe1db21,2026Q1,0,0.14222422122351738,V2
0x896a6af4a1a2685a17612cf42474151a68960cb4c1ffbe013bf4984eb63d8b7b,2026Q1,0,0.12676275871617462,V2
0x105a672bd5932df5db79b35909fba8578dcbfc8f051400a9b9893a5ac0474dd8,2026Q1,0,0.09118913110832319,V2
0x50d01a34bec98cbbdccca27ce177d3643c95d95672036a9528f491bdfcbba974,2026Q1,1,0.09461218967879366,V2
0x3e70559be16abb4ab098a7c1c93af871e844e342a041d5e70c01585724d20e43,2026Q1,0,0.04736053091703078,V2
0xb1bdec9996bf5d7c1d4aa6021fb6698611f3b8e4472a9a31d2070d9adaeb46f1,2026Q1,0,0.040833648108150204,V2
0xa816bb43d3a6922fd376af2f85b4159d5d4c9ab96ba7d3687d3fb2a3d0bda88b,2026Q1,0,0.035810778795628474,V2
0x6a79204ace08d896a72cac89c3c2b4c64b90218838c213e9377860596dc77ac5,2026Q1,0,0.8531019450260376,V2
0x47648295841c2508d7ebf8e1d0e28b1c25cf338cdf3f21cedd46141cc7c7a6ec,2026Q1,0,0.03334606136459323,V2
0x91fd3b7cf10e925f169ff49dd657baf9794025b241965fecd0c1b9cbd9c1e115,2026Q1,1,0.2389546419598034,V2
0xb62321e23190f4d23687b67371eebc3de87bcd54b65ba92467f88d05ada3a5ba,2026Q1,0,0.11088849530014179,V2
0x096cdfe215f3369bccf6c39d06398de75d69af9ec84678319794a60addc7c604,2026Q1,0,0.03334606136459323,V2
0xb773804f2f8ce39e6f27487c5778506d95149ee41c194cb674a2254ff1193331,2026Q1,1,0.9239848384913667,V2
0x37d7295a17db461c15867862afe90bfad6cd46436b0d121a7c96c37e166103b4,2026Q1,0,0.03322722212231766,V2
0x0fb480eb418fa2fcf9a360a4f55d0688a02413a4c7ccbf9703b63f2fa370cecb,2026Q1,1,0.6572822378815183,V2
0x276b0a06595274f60a004b6d1de663b270d3c92fd42052d895d9fa0bd8b46750,2026Q1,1,0.9816337085969687,V2
0x07e93796cdf81c9f6982d38f03aba01df60ee516cdd8a98cddc5756fba4c4c83,2026Q1,1,0.6057827961098603,V2
0xc277431601c752feb6d191da24e9dc21cc65818aced543da7eeaaa217bd99ec6,2026Q1,0,0.15285447252636325,V2
0xb856b719378120d10d93e78a52ad10ed553132b17dcf51c2daf4e9f90382661e,2026Q1,0,0.03322722212231766,V2
0x674027b87e5eb414494aa8e3d981969d0d1e4cd7ae8c7b8369c38d724d12760d,2026Q1,0,0.2579623934520358,V2
0x9c24d1c7e584b910eebd6f83e3b4a108d6a78f4b29013f5fc0a4bd29d01c9f13,2026Q1,1,0.09962024649880018,V2
0x2d400980d83c5c85335efc5b195676371e1249fb5d6e041d522f47b08bcda13d,2026Q1,0,0.036615689121487986,V2
0xf5bfd7e8ba95d9f64c3cae369c568d90e7eb3a0a5f134992d16e3bcba1732ff8,2026Q1,0,0.10185199947796982,V2
0xa90efba18a797c85610d23b1da4b99ffaad4c39e3d8f69e7040e8864eb597d52,2026Q1,0,0.03174684817045551,V2
0xcec474b0b2f696f75454f7ca71648e7c8e566b26e3a2d781f471836ffa1aff7e,2026Q1,0,0.03197468022777515,V2
0x9b4b6d0fba8860423c65e62045380878bf16e8155d5e58277af99f65c625509c,2026Q1,1,0.03337522477908041,V2
0x9b73c757bd60caacb7f97e832f930f056902f705baa7f69c6be3cb7c3aa76074,2026Q1,0,0.03337522477908041,V2
0xce678abbbf423f648e3ad0f936340bcf565117f63872976da9e33df3b120d25e,2026Q1,0,0.036615689121487986,V2
0x3f752c82a3eb085bc332d3c3a8cafb1f6624583ce604eb0c09d72dcae228abc1,2026Q1,0,0.04219869442364576,V2
0x76b3f3b93dc807cf9afa7924b1d22f456588323873e4429f8a1b311944023847,2026Q1,0,0.057472576727470207,V2
0x6ecd172383cd873332fbd17657a49b4e37a4756bc7f167e1c547c2e934c2310f,2026Q1,0,0.18008867420042385,V2
0x90f39d21d57876047c75f87431c2b6c5635447e17e9c6d8552fd7b7f1ec00a48,2026Q1,0,0.13522687749851336,V2
0x14fb29dcf268d5f6f93fbc70d77d0c58b24135242e0a5fe0272f031d4d2ff6a1,2026Q1,0,0.04131211568671409,V2
0xaa4afd87e72eec89c2f8679acb5c299ed8569aa90ee90f7c9ae354a68580f6a8,2026Q1,0,0.07835741298821337,V2
0x279c035eafb32b99bbbf50ae790d22b8dc721cd350f631860876307edc292363,2026Q1,0,0.032204092946103303,V2
0x450b0cb5a57eb174aa3afca1810b810f8b9e7532c941a23c046f096e753bf440,2026Q1,0,0.03174684817045551,V2
0xe162833f35f03acd299aaf72ec2cc4da4ef8aee209da3bb63a5e3148fab3962f,2026Q1,0,0.4523278770990435,V2
0xe628654ec4fb2435952024d040a39f31cb03b93f4e2eb15d05b1e2a1a3fdb77b,2026Q1,0,0.10985905990717527,V2
0x36f83a594b8d82801794bad2063f2861a99aebe28cf2cb55c3fd722d1a6d071b,2026Q1,1,0.935350108176652,V2
0x96340ce434329e4a80a0d52307e748dc2730f6d1caa986026c03e7f31be653cb,2026Q1,0,0.04086342235358143,V2
0x54e3d64b727472e976d84f9f565d393814f83e8a168ca976fcdf739a1fbe5f8f,2026Q1,0,0.043549862966692006,V2
0x41e47408f8ab39b46a9d9e3c9b15ebd62f1d795eb072ff46df3d376c09eb583e,2026Q1,1,0.9793289219458846,V2
0x4605980f66bd74872dd99b9c59c757cdf8fd0d1e3ec82e15ef393e974b6f51bd,2026Q1,1,0.9793289219458846,V2
0xc5285610c7f6585fb7606b0a3225f21619c8b754e750fb540b2f334164eaf90c,2026Q1,0,0.02872873050427295,V2
0x6707843955ba066cb5d444325b31e3f95bfca72c31b6253df332f1ed858d1b6c,2026Q1,0,0.02872873050427295,V2
0xbfe3cbce151bc2998ab7fc5c571bee622da5bca634ea911882adfd545b189eb6,2026Q1,0,0.06015177436448458,V2
0x1f25449e1d10ac6139f395358479939300f7d355b15d4ec1e26ea5005b175bb3,2026Q1,0,0.03946709163491431,V2
0x5d426699f328a13c562844e563edeba9e8ff7e827a518be5bef4435dca6ea345,2026Q1,0,0.09280793158752729,V2
0xf44be44443ce01401fd5f2f90fe8564d22ac66c513d059ad6e1d204cbcf1246b,2026Q1,0,0.03497275884983754,V2
0x2e56abf38080f33fb82ce3676c03989b7f93fddd6b3deea492e5a523609297a8,2026Q1,1,0.07099016190021959,V2
0x4b78de44ea49d0eb8d5fee85352294b6f679a47c56944c6ad5c945e9a2ba7211,2026Q1,0,0.8592971206146958,V2
0x6036f178fa884664fae572c12fe4e1ead6004d6fecf04e77421bb0bff9781caa,2026Q1,1,0.9569773886471674,V2
0xe5734d988f2e429c8bf13f02434f23ab8c95a865b6e1e81a2e43c6317d68749c,2026Q1,0,0.03438840124484552,V2
0x747c04462642f9e51ad7ada416b4bd56db8331e47bd533894f89837191080dd0,2026Q1,0,0.03914925052678344,V2
0x67a6e3228b394eb8a29663cc329d4c727d32dd0034e990b11c9f74663815b839,2026Q1,0,0.2763956886192793,V2
0x7ba30776ac9e5c90e3266d25ec8305c33316999581e0a80cf7c569e08bfe15b0,2026Q1,0,0.04446853912802544,V2
0xbc8d0415c38d2f8ac1ec5fa568015534999b79353aa21ff6ababba7e563647e7,2026Q1,0,0.14288701747014562,V2
0xfc575fe49537c923f9aabf87f636f4949360bc6bab41b0f60b4f0f12ad9c98e6,2026Q1,1,0.06741168145101982,V2
0x6c1ca8f5007f4f9ae14ecfbf490d616501952ec828face21cd5896d123769f2d,2026Q1,0,0.08219088876969258,V2
0x0833435364858b75e88280c9eef252b0f1e4a5ec69712fb341e7e797da8776d9,2026Q1,0,0.02924364113292018,V2
0x572f1d8a2c90becacbab0e83d1d91ccad0b3c8671947f660bb39fa4f03d9ec67,2026Q1,0,0.029454055332802737,V2
0x64d7f6e57312e4809cafdfef68d39963285773c0bf3f597071b4bcd225122989,2026Q1,0,0.02924364113292018,V2
0x9eb4b3079c91c3ec73424e4fb92caf53b7707b86edcd6888dad7defbe0539369,2026Q1,0,0.02924364113292018,V2
0x3f8073c44a79813b72c16004af48235957d9278e7613e0d3a4e198f199957849,2026Q1,0,0.029454055332802737,V2
0xd4e871613d07149542805f250dc8749230a7d9a64b3c0d0494a78c84305b444c,2026Q1,0,0.03031048517861178,V2
0x4d0f2be1446da04bf5a27842c27820728a4e73e8e7e21790997a59c874ddf9a9,2026Q1,0,0.03496699430842157,V2
0x00b9ee910ab3f57cb442d775a41fa8af33e8de6b7658c94d27ef6286e7c4f3c7,2026Q1,0,0.04725255706218393,V2
0x8be5e2483a67e35acdf7dd73473818b57cbe5b1d9a7f1e68953f6ef8d10cede2,2026Q1,0,0.06467841400162197,V2
0x634606b564832072616d792f8b6f0ba0dc36c5d32dad545ffd8aa90a1ce3e456,2026Q1,0,0.07025177935922873,V2
0xf7ddbcf3f56543a8fa36cad800d0390d1e423f0cc049cdb5a14592eabe87f3c2,2026Q1,0,0.050668677132707056,V2
0x21450e1d9c581df3cb90cfb1da5694af1d425f62837a2f39bad7e8f4163cbc17,2026Q1,0,0.03739364965857881,V2
0xf5a4671c186af316ee0e4913d996c51a1fae12a5861e9eb25654a764e0593e69,2026Q1,0,0.3108996956861219,V2
0xd9fdac0c56dd484b80f806fba550407c399186d48a1602548d8be2fd4ea0c454,2026Q1,1,0.3949372732512671,V2
0xdef7e4ce6b94668eaf51785afb6978740cb24bb7cce67880615d37b00ef7d5ba,2026Q1,0,0.11167610460907193,V2
0xb482d8783530f5e158b18b3ea0cc5e457337aa8f131cee54777bbd64982f5142,2026Q1,0,0.08730260836744504,V2
0x1f14be72544e1f15d1ff65f1086a2418bdb595902d091ed48590ff791893b331,2026Q1,1,0.06645444441177545,V2
0xd6544bb4119990c95f46bf155efccadc9cb5453961f4c644cf874d074bc10533,2026Q1,0,0.050310458668679114,V2
0x332e24ee562089eb6a807487dde3fca6e79980da9229102c015c0e98dab5f375,2026Q1,0,0.04028766359436234,V2
0x3ea5ad627053badcfe244c13ca5724c5bc31d902d975a5b1193140de9370b084,2026Q1,0,0.029649962289936074,V2
0x56a83aed3b55721f710d28e47e3b9712e77b068e9e14275396d27b57dbe57113,2026Q1,0,0.07806760055359768,V2
0xea0f617bdce3b71d67cdddd440296c02bce98c6db76f485c7c05669260291e0f,2026Q1,0,0.09718998920807624,V2
0xb5dd9533834c4f552754f7f8a1df775d8b1ce38661b9a03061c1da7bbf139aa3,2026Q1,0,0.052120168386777584,V2
0x0e1503701cdd563065ccc331e9a953603f79cbf610cfd88ec098db474f619999,2026Q1,0,0.03169369166053182,V2
0xef4860353148f9bd10be4ba84282384403e113942244f82c4d0dac8a2be0612f,2026Q1,0,0.031807226586146715,V2
0xc2bf490a52deaadd7df632e4f45f2c8230068e22795e5e817ff6883b4a132436,2026Q1,0,0.03169369166053182,V2
0x9ce29db59a285f72505aa3369a54453e5010597bdd4641738508f0cd60f8b1e0,2026Q1,0,0.03169369166053182,V2
0xda5e93ecce25875195aeed7d427f16e9edab7296ea5d02d841ae733ba2a8a89f,2026Q1,0,0.03169369166053182,V2
0x687aed0bc6b4ba07493c86ab0927edcbe38e4db5885999b7313770ccef994b29,2026Q1,0,0.032150196252861314,V2
0xbad9a24d2bb5b97f3e64b8466b75c7d6eacb150011587baf72b2a71aa67c379d,2026Q1,0,0.03169369166053182,V2
0x4c42e80712aa1905009b3014b7d622fd505b4d87dd9d47854a13cbd2a5ff4ca4,2026Q1,0,0.03169369166053182,V2
0x9dde2865d61deaeae5e1ed23c3cc2d3645f354f807d46d8108df293f8681b9a2,2026Q1,1,0.9807322058108057,V2
0xd50ca47f04ce40f641eea0a33451484ef5a3a2eb5e47264ede3a62f5218c6b4d,2026Q1,1,0.3339840982283431,V2
0x346e8afb46835a9a9eada865f4a93cca93848a442c0cd3c0586be2aa4fde0454,2026Q1,0,0.03192115481533219,V2
0x35bb21df72dfd9ce9bb57e14fd449ff339f51dcb6a91e3604b1748ccf2f85b1c,2026Q1,0,0.1333085822859458,V2
0x4413ead4b809809217039b9a07e7d982485d0c8c4814f909caf7effe68f202c4,2026Q1,1,0.8571777215402719,V2
0xdf68a861e1c61b9e36221d751e1277b0e941e6da40d6f5301cc10d003f4bc430,2026Q1,1,0.748448134927048,V2
0x08a042be3a6c0324f4c5f75573cf9497b43c50a5e66f66286e21f0b0da555bd6,2026Q1,0,0.1218602098308512,V2
0xf893395155251ed22fd9f9dd099e955cffa29a7a1f2a2b639dbb1f8b96175e9b,2026Q1,0,0.1945104640815476,V2
0x290d12210eb22e590dde359f968f421b5c595571c0c4830476a6b8aa7c9bc5d1,2026Q1,0,0.04170363592046699,V2
0x38dfa2de75cfe3d28917237db30b7ef55045c8b000922dca1ac96aa27cd9f4ed,2026Q1,0,0.8659839130792046,V2
0xc192b7a27fdc74f8e77ba65a6d553bcfa88723cbae6bcbbb2ac539b532ce9db4,2026Q1,1,0.8571777215402719,V2
0xdb93abfa2dd2026687b138417b8ba86c7f3f9729e288781de5688730d70d26e6,2026Q1,0,0.5959603719186676,V2
0xaf1028426fa2b9c594a06239665c75b9a4af08c3c875e3cf51e75d9fa7be42a3,2026Q1,1,0.8616396173188677,V2
0x710193727ac6a09331ee6e4ee1780bca7bff716279591a1348bcd9510813931c,2026Q1,0,0.06217829504581885,V2
0x86cf498b6ad73c7631c08157c654b7e8c44ee33dfad2c261564aa375e3394578,2026Q1,1,0.6967427477478779,V2
0x310cf1f2674f74a68f19e9f99bad1bb59354984a13062ba9dc5f25383faddcf0,2026Q1,1,0.3440245190369098,V2
0x01dd8795176ff3add669f0c5be2bbba86ef480fe25ce165ba1bda063d91304f3,2026Q1,1,0.11417434894512322,V2
0xb99884b3f3cc333e3951aa35c4969cf5f5ac0a550a84bf07f6389d66010e30b2,2026Q1,0,0.09205096562699666,V2
0x3e73cc5be5299d0d78b7bdfae2c9384c893cbe24f6aec9ff40750b3ff6b2ae08,2026Q1,0,0.07015603858750402,V2
0x4abbc28ee5a65af88110086fd9f39defd717d952b6641b11dc2775c255831327,2026Q1,0,0.04082701482662508,V2
0xf23a5dd4195664576da9963ef016ac43b3154da408f608379848c25b99c0828f,2026Q1,0,0.06217829504581885,V2
0x96aba876fd78029e7dc00382d77cd0092b6c415ea0a8a1ca7cff5919eac0551b,2026Q1,0,0.09360594251289608,V2
0x1e44df4eeb94b60d036f8dcfadca06cbc05a3d4c2a017528cbc7e021e9bf3b7c,2026Q1,0,0.05638839875421118,V2
0x6c3cc9c0df5faaf87b515e0cfb6f43066d5ac0cf11a5c27625b0af7e04976487,2026Q1,0,0.2008050918271498,V2
0x3712962b5dec4f983b9adc2344d7ef270268969422dc799a8a9ea79048ec80f9,2026Q1,0,0.03826756555660206,V2
0x2d62fd0b35a3999aab9ffad1fd0343bd21cd076b5e54b4e7e47e7153f8d67285,2026Q1,0,0.037861890319802256,V2
0x3665b772dd8584986e4d5dc5c576497a067f11d851c93916b78f2f6adcef1269,2026Q1,0,0.06453356878828252,V2
0xe4c65268d62785ca4d4d76da6f17a1386e228eb8997de3a69471258a5457da13,2026Q1,1,0.09702850852271597,V2
0x07bb25076dbf7d611e95b2ac6adb7c2dd1a63d04b950168b9d5a9761b46e923c,2026Q1,0,0.21292092835720863,V2
0xcfccc88efab064a1d0f7f106d410bdcbcd3bd39598d1a123acea420a790c5b94,2026Q1,0,0.10717833304987748,V2
0xa379b8ee37319494f5eaea63dc538df747e36f0a2b8d26ce8f0ff9c049701af2,2026Q1,0,0.03523898599945589,V2
0x44c7698903ec4787ff00bf74bba257c8803b11e4afbb74d2d376a1299c4cee19,2026Q1,1,0.9807115982648057,V2
0xbcbe59b228605e5a7c53123ff56e8facc0b6021a186738e3cc536ebc70875ca8,2026Q1,1,0.0839274979130939,V2
0x0758aa7db63be1ed058d237d8f502a18af9b9d5c58c1939886416b8c21f778a4,2026Q1,0,0.0344933622635647,V2
0xb3d21b788d04e02a26029c54218973692da58fb930484c42a0a745fa81297def,2026Q1,0,0.04223397119037851,V2
0x4f7bd51376ac212cfdfba705d083ef7664579951ff5c85fa549e32e88c461468,2026Q1,1,0.3961069465579376,V2
0x599446732613178835897ddf521458d210c41f0bd573faf17ad8c5b72c18277a,2026Q1,0,0.03340338264911596,V2
0x88c9d4dd72fe2af21e36816c8fb1e5729c5705fe8693f4fb4fdd769a45f91a7c,2026Q1,0,0.0336426898047556,V2
0x3956eee805da67722c9fbfccb3ff049bc151f47a17298fd18732d1d2f016de4c,2026Q1,0,0.035490960855161485,V2
0xf95a086db3bd2b5c79d6211911504b09b11eacff3ccf0a028b9149cea6f517e5,2026Q1,0,0.22544756098480054,V2
0x0e72ce28c3f56e4ef9b3770e03f0d2cf08c5db1eeeb8d1c0a0d9b1d3865c500b,2026Q1,0,0.29631943631944196,V2
0xb3ebf217cf2f393a66030c072b04b893268506923e01b23f1bcf3504c3d319c2,2026Q1,1,0.06449420763434689,V2
0xa2b6014de38efec2b399cf5378923c3bf899ebcfab35ddbe23f1f038945d3b1f,2026Q1,0,0.033762963098986284,V2
0xb198e77cea694ba42a24240369f02f22441eb8c617cdd09f7c573034c3061c7c,2026Q1,0,0.033165719311503056,V2
0xc680fb95af936fc7fd2c5e8a1181104484540b963f8923e7c9593710711f2242,2026Q1,0,0.042684413308229925,V2
0x822876c98a1802ef3f2f33f7e480ae873f89c137ebfc0ede980565fedef998c5,2026Q1,0,0.033165719311503056,V2
0xea4d3584864651860c0afd2305b63570f42e1204dfda86145edf296b6718bcc3,2026Q1,1,0.9821252516383676,V2
0x59f9a885a22e30da427ffc288e7fed0d33fd254cefa9f437e20a91900b5ab224,2026Q1,0,0.040334055446270355,V2
0x0c942cca8f85fe8606ecf5d90d3d4155759f753ffe48f8a45d82ce845d1a225d,2026Q1,0,0.03677708045711257,V2
0x05ecb044518b08a7423aa61cc76597029963e7d8e98d3f5b52b731d379951376,2026Q1,0,0.033165719311503056,V2
0xee4520e0dc6e83786f8ad5822656d6d44878ae4077548295f0009f871e784ce5,2026Q1,0,0.033165719311503056,V2
0x05e32c8390a4d25a5d169df53b32ce8d893c24e837104c7c6cd550edeaf238b8,2026Q1,0,0.033165719311503056,V2
0xe17e195955e4331eda3ec30f2eb210f8ce61dd575212b0e71f5694b89cd65964,2026Q1,0,0.033165719311503056,V2
0x1685c8da893250409e66eb37e0a6f4582e5ece40e7aee1fd7e5e55091439c010,2026Q1,0,0.033165719311503056,V2
0xedb53f2f0fc426eae1d3a27dbb05718f03de2ec88078d6d49067a928a5033c64,2026Q1,0,0.033165719311503056,V2
0xc1c208cec4da139c9bebf834d44e691a2fc96dc4aedfd062c3f10baf9b200416,2026Q1,0,0.033165719311503056,V2
0x26b9487d59e0907306b923d7d12553d2aac0fe379b243b1473014f5e8e4849b8,2026Q1,0,0.033165719311503056,V2
0xa699018223c711cf05cfd64fb0a688bbec786514fa13006ada520edea02f1797,2026Q1,1,0.6733007775936001,V2
0x60c7d191ee2808417523e00ac85a4682324af4f1d887243f9f69b388524d6942,2026Q1,0,0.03340338264911596,V2
0x7b637d4f3a4ab4bace4ec5777dba0885116c5dac5a52e6db2bd3d1dd05752e82,2026Q1,0,0.033165719311503056,V2
0x4e32e01144b8b92af76c80f31f7b984757b3d0a689d74617c6ec7b64566e0ff5,2026Q1,0,0.033165719311503056,V2
0xabe05aa3efb620cf283a9a7f967eaced0aee898b14f3b170347a3392d7401f03,2026Q1,0,0.034740197553229914,V2
0xf0e8d9b598385b7af803427463b94377280cfe1b58f045fc61c8d4530af768ad,2026Q1,0,0.033165719311503056,V2
0x5f561abe30e2f1c1f418b707c08966f65706efd49e4ba0ba60d17afa45035217,2026Q1,1,0.9815991276593224,V2
0xf7f72f4aa935744918cf3ddf3fc85d10762a7a0adec293957dafda85e233f334,2026Q1,0,0.08478325435302761,V2
0x481657a00b8ad571ec4ac87f26c6911ab43b234da326b298da7d663b8ffc3b3d,2026Q1,0,0.15260649508722332,V2
0xc5947a1e1951772f607ee00db3d2427fd49963bcc6a595d639f957c2ae225d6e,2026Q1,1,0.14329787712072672,V2
0x9b0bbdedf52788114787e3a00d6f982eb18c8136485e7abde7ec311f0ccd0f72,2026Q1,0,0.03424821855599842,V2
0x7d1715bc1b4444f0cba5ed1b4783776f548e1030d09cd1b98ccc35f60bb850f6,2026Q1,1,0.6893354865992839,V2
0x2c3e740697e50433b0ecafdadcb01d7e2e5d4dd61459733a39b5dd25311a275e,2026Q1,0,0.033165719311503056,V2
0xea48854a5c19a29c6c38956685ba0607c95f93ac9f927a4810b2d428561141f8,2026Q1,0,0.033165719311503056,V2
0x85aa838bb6cfcc7c70ac1ab6de0aff9ef53bafc994865b9571ecac1df0376f43,2026Q1,0,0.033165719311503056,V2
0xc8a7d7ced51ff0c00dee61e0a98d192db2f206f1eede15c8d2e1af5bab04d5cb,2026Q1,1,0.3445010263190279,V2
0x9bf7b961691a074e9887886fad15acca0f783af1c0207671a5a5af014d2e3283,2026Q1,0,0.9212109778738314,V2
0x627432726041308b873adac030c674542d1ce920bab336eb3ce83334c8324b4d,2026Q1,0,0.04613057679691611,V2
0x462d0b4bc0be99b5ab5003f858e267d6e466198648716b7533e128cf90082788,2026Q1,0,0.03797282182513819,V2
0x50c82867c36c90a807b56e403e4347895cd85d18cc0799a9f8d07b443ebfa210,2026Q1,0,0.03461656778904245,V2
0xe5e57a570056e363a16129a3985cedcdfcb484d0d799a5f527a43baf31a11bf9,2026Q1,0,0.033165719311503056,V2
0x895c592288d0afe678bff18bd0c74e6fad2200a0ec7b25c1cc0c24476e2e5afa,2026Q1,0,0.07922490303075432,V2
0xd314c3116f5dcdd029f915cf2f420061b37989f7f3f49ca4ab00bb217af4515d,2026Q1,0,0.054209363347631226,V2
0x8f48b7a8bca71c288587bc51c7ee67479422e90bdcbe868790215cec7887c468,2026Q1,1,0.04984048394395592,V2
0xd9bb53d1bb939149caafae1e2a584b6b702c1a674796c71e5bd66ab2f955fbb7,2026Q1,0,0.05832594371225657,V2
0x069ba516b54b2e18545097211a510ec615758a50953255ba5e41dfab0446dc63,2026Q1,0,0.07151025127758893,V2
0xb020e45afe4e743ab2628c608795dfd1e719056231f57731a9fad40d521c6673,2026Q1,0,0.05613432150319538,V2
0xd4bbf7f6707c67beb736135ad32a41f6db41f8ae52d3ac4919650de9eeb94ed8,2026Q1,1,0.038790637280545354,V2
0x74634b7ee56491ede6435a342e83ff2600aa6308bca3d3ae7b4ecfc095a36baa,2026Q1,0,0.054209363347631226,V2
0x80695ced3a5ed1749057e636b36c3d28700696c67b1d84a267c79259f8c30111,2026Q1,0,0.7200559193148549,V2
0x4fbd086817445f575f5ca39d650d5f2f98761b20a8fad60bdf6d75f1a6024d63,2026Q1,0,0.05613432150319538,V2
0x1fa1a6c43ce50fce4334766ef08f265ef5e0f8765ad302c0e318895a12b1040e,2026Q1,1,0.9671433862667617,V2
0x291f0f6023efa933d36cc80fd55f9d176309a92b61b9567fd4f044a8b21873fb,2026Q1,1,0.09069316422713647,V2
0xd5a74540b3e1cc65af6150bfbecb4d769c99adef982556c79fe21bd5c2fe7985,2026Q1,0,0.05234675490822755,V2
0xc4aec4f07c0fe2c89c13d7fda7c2795088f728bb76488bfb5995e472bc0b41cf,2026Q1,1,0.9821252516383676,V2
0x6acea3596be0a8126e8658d39ecc1ac44bee1246c162e51a8062b380bcf147c2,2026Q1,1,0.9772213891709262,V2
0xfd94efe3bbd624fb6577ad51cf5639dcbbcd0eb5a6f03543d98a8e4fe58af27a,2026Q1,0,0.036908131288535165,V2
0x7130b8d9bb59393ede189911ba57783debc1900dffb8143c3cb0027952e2f7df,2026Q1,0,0.0366464772458245,V2
0x07c96dbd0f70e5a27a0e15c22042abcc57bc6acc7f740f7935e0a08cde5e5138,2026Q1,0,0.0344933622635647,V2
0x53700c2b2fa65e0a3775c757d0c705be4bee8c265c49d283ef50a0dfb3bf8894,2026Q1,0,0.03400475571966082,V2
0xcef0979ace4c878a23587bc1a9ceb9ada9791787b60e1450206229badee0ca39,2026Q1,1,0.1597843575219099,V2
0xb01e7889e4bc668ddeade5a079b5a225b66a323244a8ab87ee1080f0d14a8143,2026Q1,1,0.2922917126486803,V2
0x21883719d5a0ca76297e4a933b6158c7caa64a7b4f5b538c4a9da51821838f01,2026Q1,0,0.2699112183522187,V2
0x75ab390f9e1b64bcd46f48a5201b2b7089972c380b06aed5f8c81013108eed2c,2026Q1,1,0.861842682198807,V2
0x92fa9bfd28ddbe07c035e2dad8defee4be3ffb945a2da25768a59990603ccb94,2026Q1,1,0.9796313474001564,V2
0xcde9e4fdd35c536e66eed196a71d592f0c38e34b51b128de2e469b952c3088c1,2026Q1,0,0.03387715326619277,V2
0x23386629b6b0a5d2f8df8424b71162c73120efc01e0cd0984d2c03d254b22d72,2026Q1,0,0.05995881277042588,V2
0x301357b52de467d3f71833deb600bc43346aeafe09b7c473a82f436699b459da,2026Q1,1,0.8644843802835331,V2
0x38837354d63a13a8b8707988d10343c0b7c0bb4ed6b2208a1167cd134250fe2e,2026Q1,0,0.21031445378735306,V2
0x4091bf71e79a78c76242931f80ca94ae2ca9340ccc7a607667ba96e09d9c5730,2026Q1,0,0.03176757068163344,V2
0x4800c2fc26e10916ced5a329a66215b191fb37ea13df3d5df2cbed06c480724f,2026Q1,0,0.03424165308916285,V2
0x15fedfabbde4e459d2b180fc754d56e29e0585fa9d6cb983196ff004d1090bc9,2026Q1,1,0.9699482848215729,V2
0xc5fffea43cca905976bd62899a4d5b3ef37c4f1e156b28ef0f16fab71ed3767d,2026Q1,0,0.03176757068163344,V2
0x0799f444caca148ef5f550500a462833c39b9935ce9bc61375e18319e08a364a,2026Q1,0,0.032340478987482046,V2
0x26fa23187c3d1666d6d63e28f4f405ccfaa57c2edd6cdb8354c91dfe770134cc,2026Q1,0,0.1450963432080686,V2
0xbc0c2be2a0b23f24cb2a9ad3e19d1d35297ec1455c03e88844b3e39a0a3b7acc,2026Q1,1,0.04644788801475798,V2
0xaeb4989c1b4235ea5b3b7b838a74415fe5941eb8b746c63d65ab33828f205981,2026Q1,0,0.03535798556586373,V2
0xbefac6b04fc5afca7986d01810ccb1bf27c5fe42123fad66e3ff0966be306e4e,2026Q1,0,0.03245625320991072,V2
0xd19d790ae7e1779d7b3c80dbd3c60caf680dcee0830cc2baabc69eb83222f45e,2026Q1,0,0.040757334624919705,V2
0xbc3afd7382a138956257bc27fc769d9f0dc4d5336b9e685e5d286eb2af91bf45,2026Q1,0,0.031541166276632344,V2
0xb49175d2387fd7b6415b5570567685e687e5601acb82bf245102dbd877f45865,2026Q1,0,0.031995546540328046,V2
0x8fdb10f25f59567b60e1dc38f018d81a0d8ef8e1ada9e9b78dae86904dccbb39,2026Q1,0,0.031541166276632344,V2
0x7ff89b8166a83cd74a1ab5fee348a32d22306188dba9d206cc8998b57f7f86bd,2026Q1,0,0.031541166276632344,V2
0x73de4d9d13eb94079d2e707b34ad3a6c6923a5d5a27775127f9139946a08152f,2026Q1,1,0.7585406585705141,V2
0xb20081a082c4d15cb478c250c86c99064075ffac321b2e04a0860bac7b048b33,2026Q1,0,0.10164247918530547,V2
0xe0a6f7188e0ad397075975f673bf8e13685165a0c3fc7b2cbd60d90c040b692e,2026Q1,0,0.05260453654494293,V2
0x7971c1427c8fb405b03774efe61de9abd937c83e74944c09f2deefd66601f8b0,2026Q1,0,0.05242078557496013,V2
0x4af1e46936a9f721b5f3729e332062ab9c8aa2b3f739574539d31c32a847c85b,2026Q1,0,0.17557483099351154,V2
0x15b7e4ce1cc8226a6d4b4531214d8b1c68284d4de1c83d4ed3900433aaa51572,2026Q1,0,0.05223764106809227,V2
0x7f627fbebdcf5aa44d836db655ac845d969c44642b25b110aa5884173e9a3a61,2026Q1,0,0.053159445830435186,V2
0x8c40ea75eecbd88998a0c145a1a59aa407edee40586e4c0f131acabf9de6ca1d,2026Q1,0,0.23621429778092726,V2
0xbcaa021ed4f29709e42964b8ddc6e0dee4e7f1b6b935486abca8edc09824e875,2026Q1,0,0.06047633214826556,V2
0xb60cb0ba47014c1a6329024c3ba74842726e1605ad288b9949b5ded9a89004c8,2026Q1,0,0.19858931026563292,V2
0x4dfc31e647a10fafdc77e89826a93a85d1420981b7978ec8ce9ef04351ad1ec9,2026Q1,0,0.9237795577308693,V2
0x4e3337fb44d6c7a5b56f38a647cc288a8eee242e97870213a0e902ac4cca9d00,2026Q1,0,0.06532999612978145,V2
0xd7ee0528c04c33761ec545da538ffeabcae04602bc19c9e035cdafb697dae325,2026Q1,0,0.05647349762738042,V2
0x2e6e835cc8f97093656d73592d322dfc3332f1d43dc39ff2c6ce6a1ca53d696e,2026Q1,1,0.988894255335467,V2
0xa6397cb04d2e20f63b589b9dd37e8db7db6a33ebda189d1123e4ff191ac430c1,2026Q1,1,0.7486566923410223,V2
0x50d5ba4a47a1efe738da33723781f842985f406e26f8f4a29a78551fac1c51c0,2026Q1,0,0.741643762937101,V2
0x535144ad317cdc4013ea477a2184ee2743a387e16eb14c89f4ca6942d80e3f0d,2026Q1,1,0.6397835725531457,V2
0x71da12db4aea759acbf68b2777c44b21caf6a5ee9ac335106ced647b53fb9a40,2026Q1,1,0.9671115062144963,V2
0xd0f7f38de53e4ed1f1a33198491c848f90ac2f41e9086ffef58c64ff3eb63592,2026Q1,1,0.9844730315952779,V2
0xba580e15cb600f9fb9a70c7a04a239e4df64a1d5c13780a5192525e4d1c71eec,2026Q1,1,0.9847527834229226,V2
0xaffffdcf1ac14c2b3d6888f5efc76c0ea1aa5db4891588cc6e99f6e37e938acb,2026Q1,1,0.9763654416317494,V2
0xc4cf7a48d20d95b2f74f966922dfd3f5dc8c755576758073f66482a7d8d6fbb4,2026Q1,1,0.9831197476439294,V2
0x1dbe370933194e449ebec13b96fd1f5d2fde064c880d6b8db100f2730c50357c,2026Q1,1,0.9842455980577974,V2
0x01baad69976decb8226da9fbd5d3984f3a2aeb11a391f0345b4c675daaada837,2026Q1,0,0.038897414207576725,V2
0x55a6b420ae53bc6d7739e8a33c3984ba1d21538d31fe3459a381e366b850530c,2026Q1,0,0.038897414207576725,V2
0x959629b6a311f82d1d6bef6dfe4cdb08c303fec9e0ce4c1372c63113c2aea76c,2026Q1,0,0.038897414207576725,V2
0xaedadf4772051419ed3cd9a787a1989ac6f2ab260ce76283dcfc8a3419177683,2026Q1,0,0.038897414207576725,V2
0xcc13952621419105f803374a9c05ee8e79b14fcb4918d4638c3dc38d9326e2e7,2026Q1,0,0.038897414207576725,V2
0x6fbd4837e709e999c3f82eb22fa68fc08c424fdb41059aa0cdf3405d06773a0d,2026Q1,0,0.038897414207576725,V2
0xcc1635ab47d7b8edbc0ec7877bfa8f94d511b5d239419367fb01ff6e3c0a05d4,2026Q1,1,0.49458401080984815,V2
0xe8bc73364757a1a8fbf62e984698ecdce8fbfe1a56e3897d56d695d7d80dd0a8,2026Q1,1,0.4336948964426125,V2
0x786f607c0608743fd2a66530c4df1bc340be493f4b2c1068fa5f84a3029196aa,2026Q1,0,0.27518293428249296,V2
0x9fdc84c2ec9402997b5bb5d0b977de745768b629600625c376f007825640bb67,2026Q1,0,0.05995931665381813,V2
0x4c4fb6f271915e60c899281b74bf13876eb9ffdc5486527863900f1c35b673fd,2026Q1,0,0.0770827814318662,V2
0x960d6a09b40f33bb753bd042a1c7db1a349fcc5c3ca0cec81a18c3a732a493a1,2026Q1,0,0.05872247123949002,V2
0x3ba0d281712a7df3cabf1d641af2f269b4f5a4932887e635793d6fcd4a09aac0,2026Q1,0,0.05995931665381813,V2
0xb7b4de3e0320e86b89e92893a477da097b6e5dfa2b5c54cbc47f2791e5d2702e,2026Q1,0,0.05346089619096285,V2
0xdc8e885b8d8a00cbfa2ca9ee1d436dabf9210dca021a56163fa43231f6f9047c,2026Q1,0,0.05955934702625251,V2
0x03a629ada87bbe4c08a3cf23314f79127750af55dd810d8c25ccb39c50bc8459,2026Q1,1,0.8569363998674,V2
0xf7fbf61a0c895d7466ef299db9436ccff6af59cea208ec3bfdfb01b4d52b1705,2026Q1,0,0.822233933518331,V2
0x9f5abf425562ab4c0308c2b799294eb630e5ffcad090123b8c5a2a8076608f02,2026Q1,0,0.05755480322764274,V2
0x482770539bf90c1ce461ad13c2424a0f807fcc28c28cc67faf6cbb507aae2caa,2026Q1,0,0.042710756087103584,V2
0x9133a7c2abc25ff946a40572cce99b91078287817e513359fcf00bd8cdfacf1a,2026Q1,1,0.8266592667920268,V2
0xebfb0486c055d27950a481ae92fe58888fd1d3432ab7869e7362048eeb432d01,2026Q1,0,0.04211082511122417,V2
0xf4b99bb441359f1dff8f544f53e63bc1850ea4c6ed27bd52d15667859c9d9932,2026Q1,0,0.04615894383471351,V2
0x25aa90b3cd98305e849189b4e8b770fc77fe89bccb7cf9656468414e01145d38,2026Q1,0,0.03990073866539665,V2
0xd6c49a94948e365aa74c09eef54d907b7ca534b243c387c375305d5cdd1afef3,2026Q1,0,0.03990073866539665,V2
0xccb5d0ddc702fdf00e9f3dff8a72eb370cbf86a6b0849aa3544ab23d0af4c17c,2026Q1,0,0.6971519496722676,V2
0x5a3a6491fa79368fab0e00757cb469dc5eff96bbaadda0b5bdb6b58b39f7cacb,2026Q1,0,0.11437044148657297,V2
0xda882673997b5f279b79be0b406be449f511508bf3a22cea0294d0028a4b58c9,2026Q1,1,0.8831705492490327,V2
0xf74a25ca00930e1b6bf444fcff9ded49cd7765d6e198a9af9c036688edb5a4ed,2026Q1,1,0.8291520484326593,V2
0x0b35eb5df8e17d42cba0909d8bb78e635cb0d014e6fba6322c173cfea6337cd9,2026Q1,1,0.9499008527380839,V2
0x5d36de3368b7d6b218038429039c3375c2c5524e1b9559bb883d341bb3aba6ed,2026Q1,0,0.16285913517448483,V2
0xa706623e258521235d3874904d77b4dd4d55a9b092c59eb5c5ed4759882f657c,2026Q1,0,0.51542643715931,V2
0x379914c8e1309261364e9a8f7888e99004ca398a9db6737fe821505cdb153bf5,2026Q1,0,0.05088299847293482,V2
0x3424b6158c22be5a65e2a3bf6b678e1a2f46196261f79e05fc3dbf465c573a80,2026Q1,0,0.05088299847293482,V2
0x9fbe1832139c5e67dbf93813aabb9ac67ab8dd3d7d32fe86957ff761a8fa1532,2026Q1,1,0.8388591531874274,V2
0xc28589f4effa41509c87c36535208481f7ab8878a4926a1014d6e525816df729,2026Q1,1,0.2893621169257839,V2
0x64d6a172e63a085198fcd8032da984cc42398e21d8984eaf4813ce6e3f0469a6,2026Q1,0,0.9187376486068481,V2
0xecea9731a89eb63695399025d5d3a8d367f4617c945587115733796c6876d520,2026Q1,0,0.09219743133769537,V2
0x5bf2a9800247508b9605272056bfeef40b4e5eb9f49ffe481a9b8a6eb00b1dc7,2026Q1,0,0.05269641958215498,V2
0xea06822828e9c9e4273d8c4941c9b3e4fec6dfe594c6908c91ba38c338765bcd,2026Q1,0,0.058306195502755995,V2
0xc5153775b1693ef577a567cade666e1cae41327a48b3ba3d7748078d8181ca1e,2026Q1,0,0.06447251394077137,V2
0x6be6c8aa318e5061d661b7569f5eef1b0e7e475a101498e9cfc9a69c36a82c9d,2026Q1,1,0.9834699159422604,V2
0xff0f3a4c6d7789c73b483437801249e6cbc51f5c5f1e979062144ce77a410f99,2026Q1,0,0.046538217900300265,V2
0x18af6c77626be130410fa28fd8b4535b72d40e0e970c25da822329cdb6a73959,2026Q1,0,0.04670236494907138,V2
0x47789995e883b89bf00bb1646bc7eca8bed257b7aa7218d18f5f8ff74bc66d7b,2026Q1,0,0.05134788964206398,V2
0x6a9af49e4d04d69c1d8be844267ddc798af37aec44c1ad06d09c16fb19c0846e,2026Q1,0,0.047032312226029487,V2
0xbb8466d31cf6be58c5664c0eab55ad29946eecee7408791ac5c0cbb9df9e3993,2026Q1,0,0.05311312256567102,V2
0xb1621719120f210181d8f27e411d987ace6408dd3e0243cd0de518ed18289a91,2026Q1,0,0.10823528056987941,V2
0x7d10de6ae70637b277d59ff7158940c0273935b74155c78e00c0c9f7219ca075,2026Q1,1,0.9304162506936692,V2
0x77827aab73e03ec293ea4d0fa1c03f288068ef82cb6a63f2406c2cc799caa139,2026Q1,1,0.1328990090087898,V2
0x35bf8c7a9e19eac180f1f69d74024841d09a782eb1e7e6f6b7f0e7223d2f778a,2026Q1,1,0.9847453085938204,V2
0x9dd53abf4c8b6b25961ebcf61c5413900ece7b3cc08a9511d0c61b3ef9e5a6e3,2026Q1,1,0.874006289494265,V2
0xbf5952e2f44f1251863da558fb625484230648a9709807eeb39fb08670a87e01,2026Q1,0,0.04071308711434376,V2
0x1512828f4c735012fde09e2424f033bd2cd128a1a84e7aa7769440b66a1dd7c5,2026Q1,1,0.9788578087595714,V2
0x862a23e2ad5445d1079e3252217dfe8aaf15288ee7cafa8f9906088176f136af,2026Q1,1,0.9789341034598388,V2
0x4cd373cd35f29c39a4fb45b7c31f8619d142aec0b4f863245510d1b3169c5502,2026Q1,0,0.04100254073810614,V2
0x0e2c1d7a29fb3ecbbbb320ea2d2261b141197ea28098a548271644b40b9a6fd7,2026Q1,1,0.9685948132014099,V2
0xa506b4f34e0b07f982ab96ff05ce26902ed772ca6752909d0c927d1e1e37ee6d,2026Q1,0,0.05865941922453793,V2
0x306d10d4a4d51b41910dbc779ca00908bd917c131541c5c42bbbc736258d2d56,2026Q1,0,0.12313497705542367,V2
0x88c4aba5a59b33313d41e9fe4f06d0005199bcb12b421083a9806e16a3e30d49,2026Q1,1,0.9852366479579993,V2
0x3f6b3dbf83c18026aec29f4fae2108ab635d683d0b4753ae44ccd7fafabc46c6,2026Q1,0,0.03999798967456,V2
0xd507350c6dbbc2473d016d58a2ea36b57ecb6a12100736749d3c7739c88f2839,2026Q1,0,0.048059427177100336,V2
0xd2cf2ac9bf4caf3995f8d8ff4649688430c6733df13ab2d03e3e0756f36f2acb,2026Q1,0,0.03999798967456,V2
0xeb0f640f8e6979495efb462bca18e491a8624c07aecd89b9cea0ba62a4164226,2026Q1,1,0.9851288264247584,V2
0xd5a91c9ee50ba80385283714f2a66b1e16d544a682af2af06a8f57fcf1d0233d,2026Q1,0,0.13999308310293707,V2
0x90d15ca9a35a0cef4d67b2e4ec79a77dc98621536af438bccc6f016a59eb0f39,2026Q1,1,0.9846339546162627,V2
0xdc49ce4dc173d079b23921f8d6394121d9b3fcb5112c43fa3194340535444463,2026Q1,0,0.03999798967456,V2
0xbb8bfdef9052b2709557a6f8f28b23551e3134bfb86eca800211e2191703ee65,2026Q1,1,0.9832944582321805,V2
0x5dd9b16786f9ae30e87d2b109a016cfd1741906c67659957d8034229d556de5c,2026Q1,0,0.03999798967456,V2
0x28f1e9218bcd41ced05faf3c03f026721d87712556bf2828337551f03cae0a01,2026Q1,1,0.8018124713130148,V2
0xc5300759dc2089042380795fe7384010a6b6ebdf9e6da7ed3f786d9a5f61c563,2026Q1,1,0.5845380115533029,V2
0x9b2241e5023cf5a319268637c6b525b29527ff627fea24d7ff11bf8dbbbce515,2026Q1,0,0.054711351925565865,V2
0x4d0d43382de6021ce0e906774caf6fc73fbe24078c9a75c6d7ae07b04299f8d0,2026Q1,0,0.044949119335885676,V2
0x22fe0f993bb899d3ae33bbdfbeb7f7d06df0982f578ae26592b55cf581396376,2026Q1,0,0.058455823161193556,V2
0x5354a2c31fb09cbd45d2ce6aba4d65c2b4fcb778e4702d8079025338f9ab3141,2026Q1,0,0.05320329759095459,V2
0x101d521eea2a04b8bf2c865facd18dcdfd8c7751a759ca622e512bbdb3896610,2026Q1,0,0.04623463310051049,V2
0x2701e5a5b751418c5c5bf0faaafdea60ac9fc893eb75fd88e902cd97458d375b,2026Q1,0,0.04028257273468053,V2
0xf33e075eaf25de7f6026e4d2e96a1a98a3a2147ac60aa15bca7fac3b0efce409,2026Q1,0,0.4985695152561367,V2
0xcab77c44e435400dba6d3ab41eaef2a504bebd7e2d080ec18d14cf45ddf41784,2026Q1,0,0.05865941922453793,V2
0xd59eeffdd1e495d93841cfa5b9daacd3ff0e0b61ad134642b56fd1875562620b,2026Q1,0,0.32205483252161765,V2
0x2d8be7926a1a23fafa01e8e0e558d2add531e8fbf6efc4b7187f98de0944fd1d,2026Q1,0,0.04085756851831887,V2
0x473867b4757ef6c9ee7ccd12c588ffd28b273c2239cfa64d34bf4fbd0ccb09f7,2026Q1,0,0.05119369659872467,V2
0xf8b730810252255fa217a2828b46b7a3c0ed63b702c817461270ce9e65b5ec25,2026Q1,1,0.8834475254666042,V2
0x3e7d87625777d9de933e0e5c89b9c1cda0509ec0611846b88357514539bf53ed,2026Q1,0,0.22715440315539326,V2
0x027b8d3b2f68a0f78ca5afec04ef182f3a6e9dd8a35dc572162dfe4483c89542,2026Q1,0,0.07726451684857104,V2
0x24026080b17f4e88729eab0ac2929ee37c13bfbb4a159179ec63deb4a242d9c9,2026Q1,0,0.04354364176033323,V2
0xe51fea7e9afd8de5f46872f028483ff6fb32fecfe0794b9b71822c6d2d896d95,2026Q1,0,0.050128026889220245,V2
0x92d2f5f693619c0154d55538a84a3943e787a8ca67907a8e7e5064b0048c83a7,2026Q1,0,0.04203121653895907,V2
0x705479cc3e7cf2907997c62b4245356c48b5133f7d82a47829a2354dd77a7c51,2026Q1,0,0.10316890389358056,V2
0x1ca1950d0483c9c33796bc9114a2364525c5b638a48004383ddf2926626109c7,2026Q1,0,0.04558756160708145,V2
0x8698572ca0243d41683c62f45ccb6ad17b6c90393188d48e54ea47c319ba5c4a,2026Q1,1,0.3467057513918038,V2
0x19858b84600b9ce0c64fb5b2a127921169dad7c8a216a0260f3d5662f2db6b28,2026Q1,0,0.0444758884472597,V2
0x2b1435f47a09615867ade05d314485b7603924199ba0982cf28678b88717b520,2026Q1,0,0.04323705824726453,V2
0xd65dad10d2c1955bee33f1baca2ba1d91dc76335e19639a9953d992867a17e66,2026Q1,0,0.041148005285285894,V2
0xf64f880b571d7a70d858649d30f0843aa57307e304aeb617349df74ce34d044e,2026Q1,0,0.054520665225459036,V2
0xcb0ec1a3c312524cca8015c0843aa1f97d0f6375be4a967e0882303b68e8d8ee,2026Q1,1,0.9789341034598388,V2
0xbff854d97ac4e37be63672f50e5e08b8ee7dc3e81b0e06dfe18231aab06b3c67,2026Q1,0,0.04463310187488063,V2
0xde4e35d9c11c61db828bcdb303ce1d431a0aaca2bb8ab5c7719e59d86ca76462,2026Q1,0,0.07216022586340429,V2
0x8447c9bc496834cc756de1e49652abd73481347209ff29991d3b81a3d976e8bc,2026Q1,0,0.05264795600788616,V2
0xf6890c707d1e327b006b9511bdba8c98ec4e4978646c6ffcf3ec8750c26a666a,2026Q1,0,0.21694838964018975,V2
0xf963ec4b153e66668dd9e038a2cb258a3d228fde87efdcde95e1e3e8fc6ec56a,2026Q1,0,0.04574851643999735,V2
0xf6e44da63acf52f67bd2d370468c3ef297f064c50f660370151d6c8f08fd586d,2026Q1,0,0.04085756851831887,V2
0x09e8f0db05570a5048fdccdae58a52c608aa6cf640ced2190dcbeb52ce52f491,2026Q1,0,0.04056909501814682,V2
0xc10e534fc502ef71730b3bd829c51d1d73d2caa40b547b0ae3899f23a23223bb,2026Q1,0,0.06287343664391858,V2
0x45ef931481efcd612937079d4533a2feff45e720719dede6ef7b129aefe315a6,2026Q1,1,0.9674517572452742,V2
0x5fc8cba7cc06011dd02a09513a93b2184c3aef48a8be0c005241e89308bc9cc8,2026Q1,1,0.9319088911698212,V2
0x3faa0b1404c38363b50690273c9949074510c6311853114c2271b3cd5ad8692a,2026Q1,0,0.04591001221613184,V2
0x585aa78a05bd6c9139af09790550b420e900da53e92d1d1b355453c1ee495c48,2026Q1,1,0.09913995131431216,V2
0x01ffd0acf0d6e42558a7cbd521efde937166a1bf09f3a2dfcdf36950c2dd3635,2026Q1,0,0.46171347398004536,V2
0xfc9ee9c25abd5b966088767214c22dcf3ad1c72548e9a1dbef9d4328c170e5b5,2026Q1,0,0.04056909501814682,V2
0x9a983bfceb49a764b5ac7e6dc7bac62281642d78abe8b90cfe58ab1292dad6cf,2026Q1,0,0.07726451684857104,V2
0x814657a16a3c5b39834864251372e30f68ddcd0f040c5c6a83a52cddb2c35226,2026Q1,0,0.11020608241495582,V2
0x70909f0ba8256a89c301da58812ae47203df54957a07c7f8b10235e877ad63c2,2026Q1,1,0.9852366479579993,V2
0x38ed72557a134b4fd9be1c7edd4b963dbee7931ec0e72d571fa692a41f9653ea,2026Q1,0,0.03999798967456,V2
0xbd237bc177d934486e7d31df298162e04474017d528d609971d6928e09aaf4d4,2026Q1,0,0.04071308711434376,V2
0xbef7266e1d7c2adad3d7c6ae59df817d653c872802415a369c761ca75601f5ea,2026Q1,0,0.9553513499357906,V2
0x6aa39e488afd5dd8e1cd995258c28c3c485dbc4d467d4eb4d94fc6f30e172833,2026Q1,0,0.10805188145066551,V2
0xd14145c56e36be13dccb37c63158c3bc8c691e8f13993816af24afd4b3fa702f,2026Q1,0,0.060732250542930515,V2
0xda660a5eb2784ff0532094a5f7a43ab6b102206ca4e03d9814f9e5d5bfad5656,2026Q1,1,0.961107562961077,V2
0x480bddaf1d050a3adb9a9f1e0e42f770f133906ee428850a127944c31f2c7022,2026Q1,0,0.03999798967456,V2
0xf5e48d50c65531036b7cb5d34a42ae1f5a88a5cd1624f0e0772434968d81bd8d,2026Q1,1,0.9364489014556047,V2
0xd1d8fa26ef7ad91590dd77ff463f1b5577dab3bbcef61d2697f797491f553f3a,2026Q1,0,0.04173481710366159,V2
0x3ad10b05e536a030e250fa6f19e5ffc95133d87d34c084f8cd2075e129332cab,2026Q1,1,0.4073253674245617,V2
0x61ce3773237a948584e422de72265f937034af418a8b703e3a860ea62e59ff36,2026Q1,0,0.04173481710366159,V2
0xa17f9ca943405227c65e4f6b881d01557b4cd4835229e0c07190439c0b8b617c,2026Q1,1,0.982613876845648,V2
0x99ccc2e019a8421742621c9896982f90fa4e73c3d490d609fb3687d56861367b,2026Q1,0,0.04203121653895907,V2
0x6f41f28f3e160d0dfcc6ae58996665092e94081ef0b0d53d092582d70ab59ff1,2026Q1,0,0.043852299543846576,V2
0x77508b9cb5962ff587890f79e3e39a1789384405b6ff530afbccb9d70743352a,2026Q1,1,0.9852366479579993,V2
0xc49142a0a94b68377bbc3f2e7f7f53a400274e2dcd4536cfa343be55a3c1fdf8,2026Q1,0,0.06736851834825103,V2
0x149e2cdbf5b3df3142452412c4c9f4e8f39379020ba1bc25c1811a3f43c8ad27,2026Q1,0,0.06508488180511987,V2
0xbbd25d204f6666004598d64000fea1bef677767e3268026fc57f4f9e348dd96e,2026Q1,0,0.11920259900117172,V2
0x8b37b96c32b8b51e02dda4d63ae5f93b3172205766ff40778faf17df4e6b0265,2026Q1,0,0.3061444270799702,V2
0x02f0c60b4f9551c97fe67bc6f02df357de52ca969f0e9159e06a5aca69cd2bf6,2026Q1,0,0.04400741022766033,V2
0x1f546c61f76950614e91a9552bb63df94f1ef3fb6f00c02abe19c9069a4b50d3,2026Q1,1,0.1069887192564092,V2
0xf87bd9aaeb1d05bd460bf540f6cdaeb9b7e04400bcf6b2168fd8a17bbb65b0d3,2026Q1,0,0.08269768196353938,V2
0x1e17e60a28b3f9ddb668c5fac7b225095a5734a3825cf013659166045e94322f,2026Q1,0,0.04056909501814682,V2
0xd50c434c6dad84b1a031daeb257303530cde59ae6c4414cfada1d3869c760162,2026Q1,0,0.10454376092520903,V2
0x467176b3079c10574bef26546e834f5d3c1551bada9ec1d43ee5814651a0baf9,2026Q1,0,0.04028257273468053,V2
0x9e3035fbfa8992dc9e07df9194875c5fb4a303e12b8485a9dc6c01677207fc06,2026Q1,0,0.13999308310293707,V2
0x20447e3ad26fb76147e2171326942189247dd7997ba32f8c25d79572c0a645cf,2026Q1,1,0.6590443496425534,V2
0x5a4bae5b326d8ad4ef51e29b140afd57dc1dfb3c44e1c805209eacb65a656dd7,2026Q1,0,0.03999798967456,V2
0xd83bc063d59a6d7fdd4adf3d57baabec66f9252ba8c668933677a0e03025db83,2026Q1,0,0.17947648660297622,V2
0x569d909807a5d032aac3cbb3971c503f72552bb49378636fc2812820158c7a64,2026Q1,0,0.05048089451725986,V2
0x3da8ac5a617e2b32fbda49cbc5060917ab770abe9f74b11ffa36dcdb5b7a1195,2026Q1,1,0.9849108515076813,V2
0x6055a391e4b71183be85fb246f1527cb235c0662e09e5617ce2901c97fdcc9ba,2026Q1,1,0.9819715760487554,V2
0x7d6e384367079c316716325cb08697f96ccc90a1b165ee8e798b580b31b4313a,2026Q1,0,0.7836165365211903,V2
0xdc2132b6675c25777c9b93c5bd6b8c1c856fce18cb5b80fb0fa7cb8b0e72e322,2026Q1,1,0.9846897312675198,V2
0xdc169ca8e998ea2531440c5c10258b77e22680ce701f9f46edec84903a16cbfb,2026Q1,0,0.047055765978987064,V2
0x9de11706e7f6d31eddc745b50cb521c1536ae59d123419dd87e11421e3f5d208,2026Q1,0,0.052832458882098074,V2
0xcc9c1e331f1a11433ef7944421339e45c1871eb0b3204afa4588d00892c56ff4,2026Q1,1,0.052832458882098074,V2
0x47dd8effe5d8fc842045c1a893b66a5b9c104a97f48ab7e11f17d2b4a2bc1ce5,2026Q1,1,0.6506976663772633,V2
0x5a200d7d560169d60dc82cd16bb14c16f36f029fdf609dcb92d06a554f9f0fe1,2026Q1,0,0.050836113157955644,V2
0x8658f913e63080886a9da58d2ac9e5365cea530997c7fd6ea8aeef8c2c22d69f,2026Q1,1,0.9685948132014099,V2
0xc645f98013096b0de16e4686c64103b157ed1c4d5674620b8658c42f2efd1f78,2026Q1,0,0.04028257273468053,V2
0x3e3ddc44cdb765771c07b5898b9025c468c908f22f185810667f4fd88be24cea,2026Q1,0,0.04129396367498478,V2
0x72086374f19e11b87557e81dac266b2825257364ee9ef3fa1f10ec4cf94302be,2026Q1,0,0.04042559072523988,V2
0x18d8c59309811ce5618ea941f9bde2a96afa5d876a69c42fba2da4bcc56d3c5e,2026Q1,1,0.9852366479579993,V2
0x0b62ca57f1de8b89add79078aaf413b129eef8315625b2fec1ffcf256d8dece4,2026Q1,0,0.04463310187488063,V2
0x19ed51210cede6932e559922cbb832a0a218d45383feba376580e6ce2ad93853,2026Q1,0,0.0443192030916222,V2
0x2cbfefb1c7f083b083bbc123b164c05fc13a9baf298063e9570fceb0ff1742a7,2026Q1,0,0.05030416768624523,V2
0x7ffbbba15f3b295b1aa37c323874ca36a5dcb87f280033c14e12f2c83b387abe,2026Q2,0,0.10557829264594555,V2
0xc653271dd2430252e32987b23d083cbf125b02ffa8fde56cc84051477e429856,2026Q2,0,0.03750010498053956,V2
0x2d88926d45bec2e089ed072b14afbf137cb2085cfc50d598a343b43a2756c26e,2026Q2,0,0.03750010498053956,V2
0x6791ea58d6bdaf33dd36a9194a8810408b44a5e4eac836209c950ad46893bf6e,2026Q2,0,0.04406847257409399,V2
0xa158db8eeff5631f5b1dde5bf231dc15b6258916ec39f79c2aa1d243e05789f2,2026Q2,0,0.0433588557254846,V2
0x5cb20a760bc2bba3b87fae547a25cbac73f702abfa30e4a801e65f8b9f15d8ff,2026Q2,0,0.03937848584163174,V2
0x3bf2955dbfde4496dff53d247355bf74cfc41397538b8678587b3462b6584451,2026Q2,0,0.07469309404507767,V2
0xb8278c6c2e467f39c982a3054081fab22186a6583a0b9c93c611325804ba20ea,2026Q2,0,0.13342262330504728,V2
0x4c5701bcde0b8fb7d7f48c8e9d20245a6caa58c61a77f981fad98f2bfa0b1bc7,2026Q2,1,0.07556302194738178,V2
0x8183a221622f2d5d2b46da86c80d55a61f43d35829589e03c1efae9d072638c5,2026Q2,1,0.04039319387846252,V2
0xf796efc04b4280e760fcb777ab8d33519ff777e36c680959ebb4fe6b84cc99ef,2026Q2,0,0.03744268657488817,V2
0x93ab6cbb3e85d16b5f06859f3e0a368fb38402c4cf3d851829749fd56a007b48,2026Q2,0,0.10816547014955792,V2
0x2957a612a6bba277168f7b52d3ea7d2c44628bc130d841063f6cc1b158c4375e,2026Q2,0,0.06198081482918507,V2
0xecf63047b28b4a9a5a94782e5b2c501348303de25a6ee78f08b02d4f2bad1748,2026Q2,0,0.044999136139148486,V2
0xdc6f95f94d2db24a1904537cb8cf83e0b25fa47bac926112891eef0df8fd06f2,2026Q2,0,0.05502243511280513,V2
0x677740d692753fcb0f1227e99e564afebd643e9ff09ca32f73aeb1ae335cdb0f,2026Q2,0,0.45019275587501284,V2
0xc0cb9ecebd7cc0c9db22a4f409e451e76522819e339330c803766891b0b22c0d,2026Q2,0,0.041590852006736206,V2
0x1563b185a42f2f5ed9f686cc6ea156b544736ae6becbf1757b65443fac89ec43,2026Q2,0,0.230789720848279,V2
0x0e5a27334244a00baa67a520cdf9404684d2e6fb3610bd8f1d918cc7faec0903,2026Q2,0,0.041590852006736206,V2
0x0258f47973df582d7e9b659ce402024ceb3354376d95c1ba035c89f0f161357c,2026Q2,0,0.041590852006736206,V2
0xa312499c150a1ca94b788c99f6ae721cbbdfda7679b5d25580fe79d514fdb930,2026Q2,0,0.25723938739444663,V2
0xde38c515193b3b7f826f65e85fb50fc77d4fb134e56f3c36e9244ee812d75089,2026Q2,1,0.4770649877002363,V2
0x0d5e405a7ad802309508d4f2bc3c04b8d6e6e3b6f632dd91b94f5995f3aae630,2026Q2,0,0.041590852006736206,V2
0x13496fa2338f07e366c573f3e274ba4966fdffcb8dd76d5aea98d35ac36ae783,2026Q2,0,0.041590852006736206,V2
0x4adf64232c8b91900e0b48a81d68b3f08c0e0c57da9bc575b890dee39df219ae,2026Q2,0,0.041590852006736206,V2
0x814cccd741cec4b0d042acb0e67101c7c9585af01c10373cd44414b118331ec6,2026Q2,0,0.041590852006736206,V2
0x281b216205d45a69ad0abe777df68a68547888e0f6222d44cb0dbad76224f449,2026Q2,0,0.4064197642211651,V2
0xfcde02af15efe40e336d67f0ef9aa49e9d40c37b92961fb890afc4afdbfe54d6,2026Q2,1,0.8635766741979309,V2
0x613e429931f3073610c3a54c5c80c592fb9b949da3d5fbc8375bf5e9f188fc20,2026Q2,0,0.10903130575615648,V2
0xb60ff6bafcf4a93f264367439e27f6efb179100008c9b4e50e91c463e4100a6e,2026Q2,0,0.25723938739444663,V2
0x426cc911ba800b7de5de27ad1e6363733bd9fc9411bff8032399792ebb882ba9,2026Q2,0,0.230789720848279,V2
0xcb85aab42249e733ecffed7618b419df1be5da1874ce7ffe35dac66d8a9a65bc,2026Q2,0,0.041590852006736206,V2
0x67a776c285676937265be323be8de1021dc3f44bbb0ded250d7e579b8411bbb3,2026Q2,0,0.04173407963970365,V2
0xd4717f1118a739e898848610e68d74ea6cdf6ded0fedc3940143b9f3d57ff254,2026Q2,0,0.34753443973215126,V2
0x01510d4f36a4055795345072479f71f432533d2c2bf2f3265eaa142d34306914,2026Q2,0,0.20049223083936832,V2
0x8153292497d6fd565744dcd34791082fa8fa5eafa8f55c8d017e557af8133002,2026Q2,1,0.08139605107058728,V2
0x67ca01f75ad56b885aedae60d2a28c4569a69cf4e5814c356a95be28fb47678d,2026Q2,0,0.07875378564622036,V2
0x83e0999fad067bfa7213444cd7dd55f4480d381fefa3656c38aa13ee0deaf970,2026Q2,0,0.042311721086176826,V2
0xbd4ca4d153696bb74db5493b27138eb1514ef16744befe4eff552168d5426c36,2026Q2,0,0.04015907466447072,V2
0x38f455d58244268a4adff6b5787cfbe21cf584883db31d4371523511d5313f61,2026Q2,0,0.04541772888307948,V2
0x950cf1c7a2c2b731389374697caf126fe71af6f48f7fd729ea80cd7445c4cf1e,2026Q2,0,0.048136186785214356,V2
0x46e6e6b6166e36aa34595642bb5c534c64c6d8d6d86ea5c8beece600581efce3,2026Q2,0,0.038643271660446676,V2
0x46f15cb064fb468e39de360f14f5847898ef9b1489d15e9df702b92f1836598d,2026Q2,0,0.14935391249595076,V2
0x5c2e6aef8af5931e9bfa3750364626d754531d2fada2885d45c356b175962a25,2026Q2,1,0.6799350753161009,V2
0x9e570fa9b5258f954859874e92e2de4be636f377d9968150915670d9bac09100,2026Q2,0,0.05331033091070707,V2
0x8cc6aa69d3f7ce4d302ddff3981207a6c898783991cc5e6887c9d161907c03f3,2026Q2,1,0.06248890142191787,V2
0x2d859e9b62672ab0e90238495c1799f37759f8a2e96b67e240ddbf679428e7c8,2026Q2,0,0.08710449847640055,V2
0x773abaa5fe55e5cde51a261f444b7921652a4e059ead6b3be9fe56499c2d4609,2026Q2,1,0.05459194313282348,V2
0x68beecc857017df8663fa36c0c86310dec7305aa88fe830c94651391314afc1c,2026Q2,0,0.11279225478020376,V2
0x0939fff091b132b98cf3e3d7998d5033c60fd20f41999f7f450846653fc32642,2026Q2,0,0.045578140367306265,V2
0x835293fdd731fd51f66f18e627e58ce4022ffb4f8db7a64f9e068a4c9bb20a66,2026Q2,0,0.07439406286212963,V2
0x299730751090165592bfd5f8f12ff5bb316cd3dac7f17223128e3d4024622bcb,2026Q2,0,0.26361388817166054,V2
0xd81f611670339738cb6ac259b94a54b5b08e372f19c063a8ad6fb2a8c7fe3ed8,2026Q2,0,0.16285942971913234,V2
0x1da3b067be31eb471516bd0ae8d1f85f8f6770747c34f6cbd761438fd58397de,2026Q2,0,0.09297826211685976,V2
0x40144d050887a9e17375489e7a176f5c53712b75753db33b74be351621992ef3,2026Q2,1,0.11278893727063016,V2
0xc64b0a947b10179c675fb093e0565af6a522edef28423175541614eaca9646b7,2026Q2,0,0.06682425495314075,V2
0xb45e08056a9cd66a37d8097eb47a1c97517934bdcabfb490d177166df7314ffa,2026Q2,0,0.04464194701367611,V2
0x9a055ff77bd43b6fa1f097a86a9e87f5b5bc6aeaec3326d943b01c8eb7aea7d1,2026Q2,0,0.0402705772137063,V2
0x73d9fc56285985bf2ce99fc8f501a002651b55e1cf644af26db80692c6673343,2026Q2,0,0.04040944987918496,V2
0x9dd27666ad05dbe8ac5547e79d634fc306578b60b71f96ab4347f020b46e9413,2026Q2,0,0.3969064194314607,V2
0xc0be7b1f19f9b658778c2be7e6bc67596a00f347ab64392d0f5d387534c7c3b4,2026Q2,0,0.48509314446635715,V2
0xdb7886829f415e00ab97b695a28b5747c6bce1f8ab09635a51ec6480e5d50314,2026Q2,0,0.1727448638525063,V2
0xc8e9ba9e25f5adcf7e159e62c24ca3bda9a5245a049acb94fdd534e67ed1969e,2026Q2,1,0.9672049125864363,V2
0x4f8bddad85712e2b46756f71c753380a1417bec8049e4a45742e5182c3a5c015,2026Q2,0,0.7272396432157685,V2
0x1507c50c86fb307e4f1acd9d740b2be66d98773f90d161e94907d8ef2c5699b3,2026Q2,0,0.24974876512701621,V2
0xd49b9f68568892e828085f84a31e811a24f4481aea5cd08ab62261810ec0d402,2026Q2,0,0.03694660217446342,V2
0x33403f2501afbeafa3372043080e5360d714a9323b264cb76c3aaafc335304a5,2026Q2,0,0.9017765886842052,V2
0x5c3e77051639ff3cc2cd1735d6667d15514da142558bc198bcd9e73d1feb2a7f,2026Q2,1,0.054409339292550124,V2
0x22e03dc66d5294670263027439ea57f15c9602bbcd4c4801e5b77d30f509ad6f,2026Q2,0,0.10581378947698643,V2
0xbe26cb4271d859584f3acc2c8f8ea9ae872f6845d89b3b1777ab100918f08906,2026Q2,0,0.0603466993509459,V2
0x6d6ec53177a4feed9f39944e98d12e78c8c59571832fa8e9448c4359f99a3ee7,2026Q2,0,0.3980298432583374,V2
0x0baa8bbb7b974a19e8b91205be112e064df134c7e4ae90476ca50c247c82daf1,2026Q2,0,0.046141663887432974,V2
0xbc692175b4f15cf690207042084c0b6251f6263e8516d999306d431a832c1f41,2026Q2,0,0.16024739928599124,V2
0x37426c459b51c7f10b550f643feae2788516ea46261c862b5f6883d8b4314a4c,2026Q2,1,0.5163691267211021,V2
0xd2ba0333139cc904c92b7741b9457b8eaebd4964e3a450217dbbd8dadc882551,2026Q2,0,0.0367182675496223,V2
0xd72622d154dfe65b9c019d6afcfe75a55717e5c502db611f555b101aafbf6ec5,2026Q2,0,0.03600460078561678,V2
0xf480b4ea858af172baf1d8c4d2d0281ee8d2694ed9f40b12b3630c5328dfb3f6,2026Q2,0,0.42925363681424683,V2
0x0d14f5dc9fb3250ec888b1ac8d9fe9a0ce06f9d3ea60fdf138e8690622fea84c,2026Q2,0,0.0362544471307002,V2
0x1d8d0ed997c870e00a7b13e39ff94fea8b3e80b6f728c33f936da4341270bd4b,2026Q2,0,0.893380559182513,V2
0x36e8ca24d2a13435f519f15580d42b45cdbe3bc425fb39a7c2733260357af0fa,2026Q2,1,0.979188580969638,V2
0x49e0fd35e25a3c075cba2ddd500e0a69369c88a7ecf8971304495b1970d98017,2026Q2,1,0.7055337978472497,V2
0x5d07dbbd43ea9f1a4f585a4f22af1019f9f82b4901341910925ce74ff7b9b02e,2026Q2,1,0.9609067298145029,V2
0xd4d00e5bf8b960cc37c74c1ec19e41e00b0706add203ddcfbb65ad006c5c223a,2026Q2,0,0.0362544471307002,V2
0x813451b970c8aae23a9b2441fd9be8367e8691a636323ced76f6fd1914c1e0a8,2026Q2,1,0.9769893210162172,V2
0xbf245f51ee0cb5020ffc948b2e63d86ca112c2691665a043a2e139f0c9d4d1f1,2026Q2,0,0.043273009368525815,V2
0x036f32b7b18291ff94d09f0c11830d8b839aafd0148e644207be97a4f9bd5a8a,2026Q2,1,0.9794334811293085,V2
0xf220061c0e83defd413070f97fb55660485ca8540c43be13d9e71082ca2cad57,2026Q2,1,0.049788005563524765,V2
0x6f9143b5c37be6829a0cd89127d146cb7eccf777e17bd355b06641641a14192f,2026Q2,0,0.04224524900776968,V2
0xd63b3697ae273e53e575d6e4cc833b28bce923167e4b8065235143babfb4b05d,2026Q2,0,0.28819460974041544,V2
0x72fee40790a2efa4a9a0fdf2be80d5aa47b62467ab69f10456a5ffe6b9afe9ec,2026Q2,0,0.04372074930535585,V2
0xe05bfd5efc54b5e3cd2ea7cd3e83298839620bfe9fa5986ff4c531cc008e55e2,2026Q2,0,0.06525753018580184,V2
0xea68cbd27fccdf53c0bb89cab89802d1709cbcccdea7ab1417efba678a929c7d,2026Q2,0,0.035432494888415836,V2
0x66a07d808f8c2fc99536b277c509c6b415ffb2e17454f95bbd811f1ee65da389,2026Q2,0,0.03680612145557385,V2
0x1407ef3df88eeb834f5acc7c83dd1a52a62fa2c79a10a4c1184c585936e9faa3,2026Q2,0,0.059592372810813574,V2
0x58cc4219cc5e48ce9594245db8942caed74a131a824ececaa2df6c20ded6319b,2026Q2,1,0.9574490762948226,V2
0x683c00d1a271b8316d5851fe4b07508ebf230b2aa9e94b4f455dcbb4486b6ab5,2026Q2,0,0.07968067873568757,V2
0x7483dba1fe6fbf749c05be4c93c61867d9bac16705aabe104cc5e2e30fcace3f,2026Q2,0,0.10714393881166563,V2
0x055e4a40d880f0a821b131d74dbb170952b41988cd763f6baeeb1fe72770abe9,2026Q2,0,0.03770676605695772,V2
0x18dccc229331c63d8360d1400ece2355627637547d8dcd54aa5f7f1b5580686e,2026Q2,1,0.4147034769763089,V2
0xb2a02ec1302923548722a92a0d21a0c440915ad15c429b5a61e825b4b1c82047,2026Q2,1,0.8917879920413526,V2
0xc7140ddb5ae5dc94d4553fb05d4600816f33ff024844cebe8326f4c41c4a1a47,2026Q2,1,0.16547607543164672,V2
0xe443dab97ad8b7f58558cc7a6a3932d156031e962a451e0461e9a4578d78fe84,2026Q2,0,0.036175508674555816,V2
0x807ba575f84169bdb061dd05da3e8eb314a129aa152e31518c2aff9979d5f986,2026Q2,0,0.04166847555705798,V2
0x24f38479176af2d71f64161d53bde777aef49ef1c03066510174d43a8d2a43fe,2026Q2,0,0.03567851815943168,V2
0x01f06ea4973476841e60b3b8d7df8ce339095a065c7466c7945f40da51b38788,2026Q2,1,0.9794334811293085,V2
0x61bf787148448ac7dc3ccf1b42177c841c2a61766b962f406ae6a7aa9fac0c84,2026Q2,0,0.035555301576014164,V2
0xa6ddb7146f48a12dbf73456d654211b01d7493829932c31b7fe85d82120d338f,2026Q2,1,0.751139932730165,V2
0xe85db2c1843ebf5eac87613544d8a7e062039ec023d60fcaab2c9bf6340de110,2026Q2,1,0.7161284759941509,V2
0xc0c95243591db57e82d43cbfdc12bac5cada96127c304c23cb87bca5e964a3fc,2026Q2,0,0.3669225864792933,V2
0xf419325a81813bb603985baae6952ff43cc4fded835174c3a6c2e4a855579f4f,2026Q2,1,0.35042145569646077,V2
0x628e335a6cbec4b2dbcc89482fe594cb91f273318479e6930542d3cffc02f68f,2026Q2,1,0.9360219504510098,V2
0xb4511928cdf7b9a387cf3f18b19a0a842bdece1233d8575f92d15efdbf168baa,2026Q2,1,0.7950778566664133,V2
0x7434b22007745d99095c102119fdb6b975d34869212e9dda4c6c5c48db0683a7,2026Q2,0,0.03642649618434123,V2
0xf02a0f12219339e7cb16489465c926bbedc5767345aafc3679683141c6cc7c41,2026Q2,0,0.042829649329011864,V2
0x574571e4e87444e0078b7b991a43eef929be16365e607a7d9a950b6df8f02752,2026Q2,0,0.04493643202460061,V2
0xf0519224d6082069e2f4d63b7b8c463a174679a739e75b8c5c57d9e6f75b53ac,2026Q2,0,0.055133142911512355,V2
0x77791e343f0c9befba6344921e846af705e5b63937c475d105707dd24a758902,2026Q2,1,0.8427275408931643,V2
0x79a3155deb0060fe904f446def4d0c7b0e32dbb0b6ec1d29900d2ae14a171e50,2026Q2,1,0.972972554036239,V2
0x02b4a096c4e3115d67b3eb05663b29ee5c982be66f53029ddaf16b22c9ce84c9,2026Q2,0,0.03667915878908419,V2
0x9ec068d68055cc7e14d82b67da6f8069423ce64d4cd3549aeb50116156a622f0,2026Q2,1,0.10342713877645095,V2
0x8cfbeb1d72b72ee16a05865b8b2a328c7386f1f544975ab58c9f33d825994f6b,2026Q2,0,0.03930019648103884,V2
0x12b07f4fa02263c8d93c220e006b26b7e072c1ac54597ac5be6e4aab052927ae,2026Q2,0,0.04478272780974929,V2
0xaecd38f0d1b839a2621b54a6dd2a69d1f37d39c812bc2f1f1432ee79555623f8,2026Q2,0,0.03770676605695772,V2
0x14d4b7687586f20713394670dd33875138c1b8107f62f54a6b3869c7d1b1c861,2026Q2,0,0.045090638883641364,V2
0x2f99c403526da9553c4ac68218acbff90b1d63af271f0945996ce4a8efa1dcd7,2026Q2,0,0.08510307671403909,V2
0xabf5cc61e402873d84f619357c7b4673994b302f81d0cd4adff234f9efa5e37a,2026Q2,1,0.9720130345674776,V2
0xb115de5476741ec60696e6f08ed2ca791f3156b324bebe191f71e1198d38199b,2026Q2,0,0.09085804795322097,V2
0xe566a096b545e9e1ac3f2c96e3fe5b03153ec4c1e0803cada1890d78fafd01f0,2026Q2,0,0.03630079368172069,V2
0x724d7eaffc5b26082105d7a9aebd6b729fe0e87368b8d7e5ea7a9926b3077ad0,2026Q2,0,0.18570983275525366,V2
0x6f19d9353a050b75146deab85790798008f71b699232e5e237e2f46d2cb5dc2b,2026Q2,1,0.11751026419343605,V2
0xd08544f6162283dc8d0a82f16362aab837a8537379df9bbe604960eec9cd4618,2026Q2,0,0.04268282927110382,V2
0xf1f7d2cf64386174d05522499b147e18e60bbf7e2749967879ee8685b15c98a6,2026Q2,0,0.03580214589750097,V2
0x5d66f71e5a3bc66ff4894c7fbf59efaaa4c33f3689089ffaa7e0df7a139c3f95,2026Q2,1,0.28089201236947103,V2
0xb32a8f9d6a33d17afda204649706b6a6e2684f5b4a983b3713da55b51fbe44af,2026Q2,1,0.9616239165169134,V2
0xf05a4a187e05875b6d26389008dfc68edb9f026341ac98b5becf455276af478e,2026Q2,0,0.03984555129906904,V2
0x05e6062cf2b571580bc4bc39ccf243a015a1f4aaedd3e29910c371d8648b889d,2026Q2,0,0.3107638744553701,V2
0xa3b848a002b85952f7fab6337b26caa15612674b227a6246026d3c35d76fe464,2026Q2,1,0.9683873857286034,V2
0xccbfe9aaeeb3639ebae86443370a955d5273ee47e43bd765bbd0a7306d3bce3a,2026Q2,0,0.03630079368172069,V2
0x858071dbcd97be6e31f8467cba92fcb09d1d767d46da407e4434438a188b04a2,2026Q2,0,0.04478272780974929,V2
0xe6939069d36ad63a9f7fcafa91b627a3f373a3264ab0347c1a5e042c5f7d1f08,2026Q2,0,0.04166847555705798,V2
0x5a9c2289eb4b06d03df4df70aa4f853054bc168ed632650aa9dbe8e0be5c947b,2026Q2,1,0.5694554354363922,V2
0x6d0e09d0f04572d9b1adad84703458b0297bc5603b69dccbde93147ee4443246,2026Q2,1,0.9794334811293085,V2
0xc5675bc58c8117391cc243780c1b709ce1ef744aa27779c78ee82f3dc974ca1b,2026Q2,0,0.05703197434238931,V2
0xaab820131c1a98cba47b21aa12f1e8549827d489340f2685c6643b2966782657,2026Q2,1,0.8564708358443095,V2
0xa571de6630800eb1dcd9cf6a39113b6e436f748335c7bf88e126ee14078177d3,2026Q2,0,0.035432494888415836,V2
0xfa59099fbda1e0f0058ed3cbd57e939fe90ab6d9b57d53bd488bcadf75c191d4,2026Q2,0,0.04618428502597095,V2
0xe816bec99ca3380cf2df2a50742fbad4f2af679497298b93eb0c626097966972,2026Q2,0,0.13263584652960667,V2
0xbcbaf0cda0371263542ae37e012a021f0f3a1ec85a4e674f95cdfeb18fa39d0c,2026Q2,0,0.037781358310505046,V2
0x6eb70f72edc1698f445e6ad2a7392225f175f4171288e62c637f09c86593ab97,2026Q2,0,0.037781358310505046,V2
0x4b4a00cc1b9a54b43cf79dfe8efbbf66826ce9129eb9d73f2a47907072792444,2026Q2,0,0.037781358310505046,V2
0x1ded9738af1bda018e31c11e35796a2267b502aee17629829cf757425aeaaa81,2026Q2,0,0.037781358310505046,V2
0xa8a38708979d953a914860bcbd64093f7e532f300a04565e516fcaaa93942d69,2026Q2,0,0.04103884662479642,V2
0x45217673671bd96b4449ead71cc5a2cce050254142ca078d1bdfa044f60c2293,2026Q2,0,0.14110938814824345,V2
0xcb06c7dbd4aa4a8d95861b8b69dcd7d5d0d42ddefb3983fc143fdc99fd3499cc,2026Q2,1,0.6239622998742196,V2
0xe65c106aa601e254aaa51c2897d1d99be0d0f753f642422656e6aa1db940f6ac,2026Q2,0,0.5810383011991933,V2
0x8730e1eb7a53c8ae47f700f8233851cab23f1a8fd0ddd80bcbc15155ebbf5a84,2026Q2,0,0.5983951127521618,V2
0xa36f7e7b009f1275389f8ba46852ef83b8a412705a2c45c3098a40a18460bbd8,2026Q2,0,0.043420298509877116,V2
0xbd5d1e406ef6afdf1bbf2fe3ccb2b936f3bac9a163a291b58c01cd03d830288d,2026Q2,1,0.975576871767027,V2
0x0dd54661592b361dd215f93c4e443621ae49d43c74e45d9ab7580c84f3b20a2c,2026Q2,0,0.03822958898469042,V2
0x7842b4eed48ae877d51805b0b09aad798e7ce12d52ba67f0b7e90ca75a3a6e76,2026Q2,0,0.03783585853111972,V2
0x4f9c680b7637b5e0a338cfefaf71086af79a95abdd6d906c4f9fd0c134bbf404,2026Q2,0,0.568009349222888,V2
0xd73f60114a0e7169a55082daef1228cb27fa50c939eea22cb0589f6bac6ce5d3,2026Q2,1,0.9800287228913318,V2
0x4cdb2e75b2faf7328f3a6de172d72d4d312069484b667d13f96b5fa8ea50122b,2026Q2,1,0.06711009595864406,V2
0x962120c2418a0a31003eaaad240201cb998c2b19530d7c2e2a18540b33aa32af,2026Q2,1,0.23200118335522862,V2
0x89c30df2073bc62ae8e0128aa3bbd6642ac1a91f8fec7c97f3eb11f04898e3e7,2026Q2,0,0.036724369582770804,V2
0xa9937410f8aae98cc6440a7480ad832be5a1a998afcf5a6e77c6f5aa4c0f259f,2026Q2,1,0.2943828559963653,V2
0x57c1e8de9d359a76055fe1be95e46a1e72d0537811dcc2ccf070cdfa73d8ba33,2026Q2,1,0.251726062160871,V2
0xc567553c26e9955a40bcf3c6ca948b32be9e65c836e4178356dfe7dffa23f3e6,2026Q2,1,0.9663913023294419,V2
0x63eed4826f75272a6ff68e0d0d6d0e0e685407a75e5dc9dd78236693c4ab1741,2026Q2,1,0.3908550311210331,V2
0x3fc804e4d893f86d49229eb42492cabf6150f5bcbf36c1b66d1e8f22bc15ec6d,2026Q2,1,0.2797026579328332,V2
0x43edd40756d4dfaa633687ddbfab445cdd21f9083a45289871e95b5292793bca,2026Q2,1,0.913279292964179,V2
0x6a4d97b6b54f49991f3984998fc8423668b09e9ea21de7074f27ab7dd4953ba3,2026Q2,1,0.3095024746806877,V2
0x98c0aa27e741d5bfeb0a06e68bddd256b857fd27597c76c500250db1483c51aa,2026Q2,1,0.7075613415746671,V2
0x7320a31f5b0babc0c2c99e8a14d120f577affb38793379307b6f56efdb849f49,2026Q2,1,0.3409742597787434,V2
0xeea3c1ef1764cffd540a50c7c85513ede593ce3d4bfe452aec6a0bce3e3b4d62,2026Q2,1,0.3095024746806877,V2
0x81b06cb917c9a2aabc67a7765bc3c640e88a699bbf451b29915049c0766cde04,2026Q2,1,0.4966881825951958,V2
0x15aa3c1259a716915e068a0d63c3885d2301d29e8982cbb1717ecb9b63d02d95,2026Q2,1,0.2015863345098278,V2
0x797d586ad45522306490b0cc9b2f21bdf957f3843476fae99f3bcc2cec83b74b,2026Q2,1,0.880336681383778,V2
0x824df6aa7e270678a5239d697918e918834a52cc6e59ebc25b650b2df649ac82,2026Q2,1,0.47876457873163963,V2
0x23408daff185f6c89d91bd279ce97142c573454277d72ae882a9d9fd1ae79af4,2026Q2,1,0.9784997121076612,V2
0x5bc23ef1d55fb8d4a1b21b7c8780aa1b6b019262dda806da8a79dc8ada217f33,2026Q2,1,0.9794592244149031,V2
0x136f5a0c27a62cf9a2e40a4f48425e43d61b9571a53a2529372c0065f3218a73,2026Q2,1,0.9800287228913318,V2
0xc69075e9555b2da95ac78ccea9431b89549c30181cfde6520571ff5c3d52e6f1,2026Q2,0,0.03647140733652529,V2
0x1161c3b9969ad118659e604b2442c858bca0f76d1564e277178e5cf628dac974,2026Q2,1,0.16915256329912548,V2
0x0a68368782ad0b7798c3802233513ce20004906f69d24431a548e15a19bc2891,2026Q2,1,0.9753507514682066,V2
0x4b02efe53e631ada84681303fd66d79ad615f3d2b6a28b4633d43d935f89af58,2026Q2,1,0.8371120731352162,V2
0x2e94bb8dd09931d12e6e656fe4fe6ceb3922bc3d6eab864bb6cd24773cf67269,2026Q2,1,0.7821379072818794,V2
0xc84dfa2ab4a808d1b96a2cf439f8b88a1c5c37762253280deb7663a195d9b859,2026Q2,1,0.6611298682344903,V2
0x08b69086a3dae8a5b0547c0dba3c484719649684cacad12a690f26ace873b89d,2026Q3,0,0.038725204890786784,V2
0x8e945cade307304c4579f17acf4750f1c3e5a68225cc5f24d54226e2db742725,2026Q3,0,0.038725204890786784,V2
0xdd69d77168d6820d90f89550bb21bba1bdbe52e9247373105ce1a5fc9f55d4ab,2026Q3,0,0.038725204890786784,V2
0x6a71af556bec47f82e288799a073b8d5155954151b83a099265daef730ada942,2026Q3,0,0.038725204890786784,V2
0x8be38f21b6c39fff2de0258b1d18fc9feafdef9e95f14d7f81db3bd3d7effeff,2026Q3,0,0.038725204890786784,V2
0xdd05f5d5996df430308d5566a83bba6d5dfb96081e6cd9b08f0d722eaa84c264,2026Q3,0,0.038725204890786784,V2
0xe072f983b87320ae039b4987ec8da0c19c00848f57611586b5ceafbc6007b7e2,2026Q3,0,0.038725204890786784,V2
0x17414b5654467cc23ac6e5cba7ecf87952ea12ea08a8e09fbfef5f3b218e2bab,2026Q3,1,0.9797193160018481,V2
0x8147e29f9e0d127ddc8578665cacdf885f3b14b84b21f5b3f5d9494c3af4bb62,2026Q3,0,0.038725204890786784,V2
0x3f24b4802bac08dcd85567198b079804e2fe914d7391e78fa55bb96d06abc3b8,2026Q3,0,0.0392613388562781,V2
0x241196e643e4ee235afde589a4c8a4eafadf89677e0fd212791f72899498821f,2026Q3,0,0.038725204890786784,V2
0x2e74dd2439a9b97a8c62e54e8ba07671e1238b7addc8971949b1b70b50e33de7,2026Q3,0,0.03953206868803363,V2
0x7d4d6916fa50ad0be01c1c065a6b3ad95f5d444c18fc6b766a99d31173469303,2026Q3,0,0.0400789075941459,V2
0x974d4abaaba1707d0ce5e9b2db8df7d9e3e9a5ce3c3c28fc52df4dcfc72d467f,2026Q4,0,0.03855235084242844,V2
0xb02bee7451a745aa0f47d76ea8b15c2eb44b63ba78d122a6aa4d8f60ad4fda22,2026Q4,0,0.03855235084242844,V2
0xf981fb146169eac1cf8bd6e35a2102cc4f7efe92369ae1c413d532dc51d1cfe0,2026Q4,0,0.03855235084242844,V2
0xb89a21f2452a9fa13b9fcaf8361e805deaac21c5f6788ed89e32e635fdd1b90b,2026Q4,0,0.03855235084242844,V2
0x94877b77d42e820573c761e94565a75b52be2a60f4cb423be0a8ba111f26e57b,2026Q4,0,0.03855235084242844,V2
0xa0347c613517147c30296e44f3b7657c594bec7af1e69a29c8a418ed78d827a9,2026Q4,0,0.03855235084242844,V2
0x56c45af8a9da0502092edaa3ca192d0798fa02460c838f09764c90d4635b6577,2026Q4,0,0.03855235084242844,V2
0xe2abc7b99067945a75cc308dd009e27e4191e09df00b77b3d314545287eb6cee,2026Q4,0,0.03855235084242844,V2
0x09762a2578a898ecf1ceb11c4a062352594152b8e9aad445cbb57d98599e9e4e,2026Q4,0,0.03855235084242844,V2
0x9244a2a2fe4b9646eab7bfe81f175b69bc912d4c786c8eac988e74f34f224b8e,2026Q4,0,0.03855235084242844,V2
0xd8aa2c026c5679e848832520aac2ed4592679b39a37678c29c23425555747834,2026Q4,0,0.03855235084242844,V2
0x87aa0528695acd3266625acb21e282379e8bd15964a729576015542af3b36b17,2026Q4,0,0.03855235084242844,V2
0x13badb4becfa64ea1c0c07d372304abdcc2c5f3c45253537cbaacd8e10e7a6a0,2026Q4,0,0.03855235084242844,V2
0x1f39be217d3f2a907e0d978e164d9ca0a607f27267113806383fa81e47aa5d5a,2026Q4,1,0.9809525906345032,V2
0xac916b490bff5080b326eb4086a4281a0da1f678fc6453e1dbe182d03d40505e,2026Q4,0,0.03855235084242844,V2
0x32753521bd6c2cdf48284a4b0df3e8e686e65c185acdb72f075e43f4b81f91b8,2026Q4,0,0.03855235084242844,V2
0xde7d04363a3ccbb4a2bd27b052cb045997d87e0cf2f2f565fe18021b94860061,2026Q4,0,0.03855235084242844,V2
0xd6fa28dce85f3fd0c3a25f6eec7980775a9c1e321e1f988c9fbd91760908be8f,2026Q4,0,0.03855235084242844,V2
0x3d12e34161b87cc1d700f490c52dba1f26a6ba378d8a29aa59d571fc586b361a,2026Q4,0,0.03855235084242844,V2
0x33c6c4906d923ac54100a3c760965ffb7ba9f49d9767597eb2358adaf89f9817,2026Q4,0,0.03855235084242844,V2
0x981ad338d789a187680b653c2b24ed6fbb962599c1347497ad5fa209600e6a5d,2026Q4,0,0.03855235084242844,V2
0x6a642e9f63da8d3c1fc1ea5f027c9b1433b99731dca58a27e01b36de965d1d67,2026Q4,0,0.03855235084242844,V2
0x682140227736f5237b11edceb93cbd4e70ae967c16fc4bd597db938cfef7e0a8,2026Q4,0,0.040874364315484024,V2
0xa3bebe9029f1c1d6c470ae4a6ee6e5d806df30f56a80b17dffcd80b3c225af2f,2026Q4,0,0.040039927840567535,V2
0xba969da61cd51a1bc5fc2368f25d15b45588dfa87d7dbffd720186c771be7eb6,2026Q4,0,0.04101504619816851,V2
0xdc1559dc50cf439c5f97050984e11a3c0906712a2d536586df2c19dfbab2b9eb,2026Q4,0,0.04259343875269915,V2
0x089f3132b49c8db05df452752b6f3036a9e8f893e4a032cd8683fe16f85a75d4,2026Q4,0,0.038952710217677426,V2
0x3725dfa6b17797bd51879ecc3893142bf058be6c9e81bfd72f309060bb387f85,2026Q4,1,0.8531840261086694,V2
0xdcc87b9ca36015e396bd0eebca29e854a136ed2b0b701049d1ee9da6bee3eb35,2026Q4,0,0.039087047665830245,V2
0xb6bd48fa92be4a8bc52b307d9aa34b1fc79adbf58bc3ab1599a9aef0b4344495,2026Q4,0,0.03855235084242844,V2
0x674073445ab7fe8eb5a97f3624bfedc62a0482fa1fbd6e4bdfcf26060c7a23d6,2026Q4,0,0.03855235084242844,V2
0x914477a1f73a2dfb37122e5fbb2117db8d9656af85f4941e036e2fc3def9ede3,2026Q4,0,0.03855235084242844,V2
0xff7290e188ccbc8fe771b65215237d4c33ced5a9ef819f3d574abe069ba84648,2026Q4,0,0.03855235084242844,V2
0x6019cb1669ec7dfeb2eb0c7a39a3b8f806192d160467a070cc5ecf1a1128ca48,2026Q4,0,0.03855235084242844,V2
0x2d91cf8a20085e5abf4154a204cf234c1a8b6b81b351fdd75596bbc7851791e6,2026Q4,0,0.04453365988080922,V2
0xbfd4bb8d6a1e16404dd95d2e5c4af005f11f07d37da91f1e9e442e4dd9878e6d,2026Q4,0,0.03855235084242844,V2
0xa3c415670913335266c2f895ece9c9c8c4924bea9b626ad364b4f9093ec4b218,2026Q4,0,0.03855235084242844,V2
0xc8d4e2c302e248cb5cd7179c589281e93b5c594baa57e04d3f0b934bd8df449d,2026Q4,1,0.9656478698637537,V2
0xdc4b9ecbfac2c8e98fe18b35c4578a3c64e34ddfe16b1cf8a98ab3ad9d06c088,2026Q4,1,0.16688873850546757,V2
0x391e2cca67a2d49030baf239fdebb1d428b732a00d0af46a0c98866a0a8eee8a,2026Q4,0,0.04259343875269915,V2
0x38c0342fb672f38ad0990e98d6cc81d021a0c210fdb8c23ff086742b8a873c51,2026Q4,0,0.041725434678469245,V2
0xa454a98c451d635ee4d928ab690d694541868169b296bb3a5d01c9383fd8e438,2026Q4,0,0.04303388573910154,V2
0xaf8805982bfa850ee297c49d93f8168d1a273ca73b252f3c588ac2fba6f0ae08,2026Q4,1,0.9809525906345032,V2
0xb377882b1358774d40e246cbb18c5539c837ae30423f73dbb0fc39f8484817df,2026Q4,0,0.03855235084242844,V2
0x4ccff8c606ad71080c7611d28f1593a528a8ca6c11c1fb63bfa24a7eb2ad30d7,2026Q4,1,0.9806829798595079,V2
0x2bea5055e9824663f02e4ef6f9d66b22650dd9be675f42ba5be9b32a5931b8b1,2026Q4,1,0.9789111806349299,V2
0x2d8eafed91122236a8696e51ae582f5c04c1281fe8c6a8c36dbb9cf8b2e96f02,2026Q4,0,0.03855235084242844,V2
0xd054d5a23d72e41369a4bdd3a7170b9a55ea1b8023cd579588692ec0a7601288,2026Q4,0,0.03962885472921215,V2
0x4a21333b027a3b8fe9ae5ea8113d288c43aed57bf10f283e5466a4f2eaa5158f,2026Q4,0,0.03855235084242844,V2
0x2eccb9409a0a88eaadb64cbe5d229e471299fd6c73824ce3be05ce0bb47ab85e,2026Q4,0,0.03855235084242844,V2
0x7c08d2e1c19790f9376776ccbf3113340fb09f549f7f288e19af68a3a5e7eaa4,2026Q4,0,0.043627918153015914,V2
0xdce4939db6c189a46fd0c04eb12d026261e589664bed83fca8697192353ea6d5,2026Q4,0,0.03855235084242844,V2
0xa15d5b3e1047ed397cd5285d6352cb7d1552c9759dbefcdd0d61d9f17bed6882,2026Q4,1,0.9808182496697867,V2
0x50c135bba33e8484c8425ce834d9afa56506dd9790538c43d994b11eee9bbb01,2026Q4,0,0.03855235084242844,V2
0xc3496089277c2d5d9951ad652461b1b9cc9778ebbf4c82b661d23d7aa958595a,2026Q4,0,0.03855235084242844,V2
0xeff97f3499e9446493240a92a098b9f7aa9529ab1e40b2484bf590b97aab9d66,2026Q4,0,0.03881881581931273,V2
0xca9d229eb89ebbc44fcee5469c9ca9c9cff9c35dbb451cd2cf2321decc933536,2026Q4,0,0.03855235084242844,V2
0x7ec3aeb17ed772301206b766dc42fddb75754dd56ba688bb714e09b0bf900f38,2026Q4,0,0.03855235084242844,V2
0x830eb792fa2f2a591b5a0610a76400f80228629105f4f5896434be777665265c,2026Q4,0,0.03855235084242844,V2
0xc11dd6459a3a82ab0563a8fd7b76a5f2249c2607a9430ed66f8f2194c70a5982,2026Q4,0,0.03855235084242844,V2
0x5bbabd359667d5bbdb9ee690bb959c9aa4cf4b08b2ae6592118a59753f622d78,2026Q4,1,0.9809525906345032,V2
0x705371444684d676041d1010a94cae3a657340fa4809b4307de3c173a35e0957,2026Q4,0,0.039087047665830245,V2
0xc82669901de7cb0be25c1d8de39fbbe8e2ddc0aacba0a30a663ed13c3b9eb06d,2026Q4,0,0.03855235084242844,V2
0x46d40e851b24d9b0af4bc1942ccd86439cae82a9011767da14950df0ad997adf,2026Q4,0,0.050699190155070774,V2
0x998acf9ed1bbda06d59df70786441468872c72b2de59cacbea93625b14a5efcb,2026Q4,0,0.03855235084242844,V2
0xcba397f49b319dccb5f1b92c3710518d1c4f8f1dee86577b4bb243f3ca77e389,2026Q4,0,0.03855235084242844,V2
0xe844e12246d8504b8ec30c1d461718dbc9645fb73487ca50e5e716eefbb2bc63,2026Q4,0,0.03855235084242844,V2
0x22d3d4722ce79dae5b2594df2ce89b1c283e3227b78718353bcca2e854d115a4,2026Q4,0,0.03855235084242844,V2
0x60acc46cda1f0619259acf3ef8c77bf734ff08cbed256ca3d1e9444138e21266,2026Q4,0,0.03855235084242844,V2
0xfee4b6988b9513dab72118c97abeb4369f0d9a7c2290337ca5d5c2f116a148c2,2026Q4,0,0.03855235084242844,V2
0x94947a23e965124fa382e3ff89827b7bb00c2e2f3f9c0b92137e639d4cbfb080,2026Q4,0,0.039902451452145604,V2
0xdb1ae961e30733e7857ebb425b5f6449fa8032de13f32c1c6e447a0c3801ca04,2026Q4,0,0.03855235084242844,V2
0x582c62c350aac2720711abeb30b16c41c5cdc9b342bfa30da380b6ea6bdeb1ac,2026Q4,0,0.03855235084242844,V2
0xecb8543d8b5072ab44f216f0d18830d0276bfcbb6b51bfd14c62540560cc7a88,2026Q4,0,0.03855235084242844,V2
0x92291ad59a105b0fb205f8aa2d3d2dbba7ee249ad6532672c854eaaf79fc135c,2026Q4,0,0.03855235084242844,V2
0xbd603617895e199d4042781ee55a7a9614af3130ca8e90d257424ca246f66197,2026Q4,0,0.03935705705981107,V2
0xfc6eace32f283eda179c15d447fe61f0426846bace5c583a967ddeaba58c2f93,2026Q4,0,0.03935705705981107,V2
0xdc609df6c167499ecd2beffda05a1ddaeca7ed3269a805f7b9a4afd5e96cf2e5,2026Q4,0,0.03855235084242844,V2
0xfbb2046e013da7b66ecedf3a9de63ce446fd57c23ccc77cd019991f485522236,2026Q4,0,0.03855235084242844,V2
0xc71855fc12bcc7fed8448d4eb863a3aab497e8bbd135ee54d5a8ddb03c4ea1f9,2026Q4,0,0.03855235084242844,V2
0x95657cd92502a3b132163cb9c77f5f16771dda1faa33a3977364f11a945d68f0,2026Q4,0,0.03855235084242844,V2
0x1d0f90b6e67d5e574780c98d42b0d339d4b17e945215fcc555ffd8a31092d76a,2026Q4,0,0.03855235084242844,V2
0x3d83f444f62b2afe0cb28485073cbf3617400d58813cd351cd4d242560ac47f2,2026Q4,0,0.03855235084242844,V2
0xc830d19ead001f5378792cc0df36004ddb1b312bb26fbd5c4226aa698c41f808,2026Q4,0,0.039902451452145604,V2
0xe4b9a52d2bb336ff9d84799b70e72e8e5f4507df881af60f3f4daeb9f541a80e,2026Q4,1,0.9809525906345032,V2
0xbba38c85da94f7a5e69f49408fad5331ca169c2f0ccdfb0aea5279dc5b63e1d3,2026Q4,0,0.03855235084242844,V2
0xcf0b7161e61ef3464827e233c06c83a93b459a939f2bb309842da3feb878ce96,2026Q4,1,0.9809525906345032,V2
0x285908f7d6ef04ca37e4650ebb8ba9b6d323bbe5ab3e33d8162a80906a552e5f,2026Q4,0,0.03855235084242844,V2
0x78a7554bdf3861f7557bc637ae5298d948fbe26632e10042b34b8a0f6724cc4a,2026Q4,1,0.9809525906345032,V2
0xe6b7d4d8b4d2ff7dc8c9e5d6dd70b6eece210b8cf9e34fb45f9b9516cc4c76ff,2026Q4,1,0.9800626052634219,V2
0x61b66d02793b4a68ab0cc25be60d65f517fe18c7d654041281bb130341244fcc,2026Q4,1,0.9692543372039916,V2
0xb1d2cd56624ec8bb3d8115d50d503d0e8578bf32d754ad5fe3c0e08a73186c57,2026Q4,0,0.17709010589554236,V2
0x42164a5a57cbb1d68b26b4cd4866a7e6574fdc0ec65d881a6d6cecbac8aa2a3f,2024Q3,0,0.034508363892308824,V3
0xf8c5951cdc0168a64adbe243b468250e70a251ffea4556e7775ce430c880bffa,2024Q3,0,0.11452252894585731,V3
0xf72c6c1e44bcf0108ad3d126e41e5dac1bc27336d88edd13580b6cb0e38f2d93,2024Q3,1,0.7829061548257319,V3
0xdf4d0baef31895effa199e618abe9ae3a8d6288bddcaad4e6ecd6df09594c25e,2024Q3,0,0.023717665080798953,V3
0x238b1d5bd9d37fdfb4b840be41984397d7b39320bbdf08b21ecb50cbe100186e,2024Q3,0,0.021842347000539983,V3
0x458a27ca58fbbbd96f0240b2aa4b5dac0cce9bd5e87409a4021624edb2786ad0,2024Q3,1,0.5727236438064066,V3
0x8cbe7ed53c15557150ff86b7cac54cbb469fed06e2afb82990c1d364b2b0b442,2024Q3,0,0.02166874954378091,V3
0x7bd5fb93fd2e973a5d0e8c940fb1fb3c9a910fc321cf565d6fd3d219df62969c,2024Q3,0,0.02166874954378091,V3
0x6619837b206286f5a61d0c4e7a675df4568bab2995a1c15f6da3064806cf2898,2024Q3,0,0.02219363044625621,V3
0x999bb2d458e5474e2102ee237af3673f9c9545d3a17a0e4364723add23d63c22,2024Q3,0,0.02166874954378091,V3
0x9481768ac6a92513844183022afe2f4093f38245f427cdeb291c0480f9dbbe51,2024Q3,0,0.024746148966086963,V3
0x427d1daa59182e7a2fa46f70e11c2f17d301a97cabfacf2c5c3512d991f31a6b,2024Q3,0,0.005961218838091596,V3
0xde4cff1a88bbe308aef0eb9a8b64925f23e58d8f1279d08b071c865181844ac3,2024Q3,0,0.02166874954378091,V3
0x35c34c1050c238e8d0f1fa908b24e9651ab7d29f9bc453cf321627f9764b03a9,2024Q3,0,0.02166874954378091,V3
0x73531e600541608053a7fb2fc3261821485fb0d26450dea661af6961c65bf440,2024Q3,0,0.02190051442288102,V3
0x78102af35049c87167cf4b257ed731e01852d13d5c95f05f1eaa97daaa0430fc,2024Q3,0,0.02166874954378091,V3
0x7f7582fb2dc722552e873177aad2028a8f77bb7741c79451fc037d2260291f83,2024Q3,0,0.02166874954378091,V3
0x4cb0e4f9b6d2d2a11abde7cf3746cf413e263c22f9e07b65a9f9d09850f04581,2024Q3,0,0.02166874954378091,V3
0xcaddc7b29a7f6346cae62c0833ad548c5a609f214507e5525572d31e238f4451,2024Q3,0,0.022791408736940858,V3
0x2a50cf762e53ddd52a0ad58815444feca5e22f5e24285c112d1e6dc2bb488ea7,2024Q3,1,0.8275235146777351,V3
0x8ce108abb02936b3a5b76a80d0eb7192586189cfd75dd5d254ecf2828260fdb1,2024Q3,0,0.02166874954378091,V3
0x90cf5a30dbfb33d2a6c8f3335f891aa20e5d52c6b0d6365e04e6c11cf05d6a0d,2024Q3,0,0.02166874954378091,V3
0x1500796e23793afd7d001fac0699956955875e1b2dfed19db418c3c0f4f6628e,2024Q3,0,0.017547463684153795,V3
0x9899c4405ed4cb50a2e861feca6aba3864d738223380417f2f4211bc6ba8ba02,2024Q3,0,0.01921433945806424,V3
0x5997cd6096c218411758371421538280a309fb3d465acfda751e3f37944e8ed5,2024Q3,0,0.025267562165364802,V3
0xfc93f92b41376c8caeb67fc389e8901d2959e5a998a94c102209fe34b7eeaa7f,2024Q3,0,0.18622413881869826,V3
0xa3bbcd8fb3be5275e40d789906b5731f7fdd799a977528b3d018984ad05a0276,2024Q3,0,0.03298937304462965,V3
0x325038359610a566c0963c9f0ea2ea33b2ddedf7808898c4ed4166787213f1b5,2024Q3,1,0.5323217689297616,V3
0xc11e05cc1d5aadc7a35ca4d152f0e6773acd2a38503d5129e7d988d67073ee9a,2024Q3,0,0.12428945425883967,V3
0xa88a783b0926a90c5e0a3e6543293570c16f620392f12bfc08dd194c614e7e00,2024Q3,0,0.020702814555434674,V3
0xb9d41ef3258af96296561356a8c8ed53c1e4de935b36eac5e41c4b714e2755b2,2024Q3,0,0.007677629299994096,V3
0xc0008e6082a3557c4b6274e51c8a59c3b84361d6928cc43a7379388baa95ff9a,2024Q3,0,0.01605086842989556,V3
0x911d086ef50a087b694d40ffa105b8a384a3275aa66ff4fa66e55da1ff91f6b3,2024Q3,1,0.8373506608408416,V3
0x98373b521fb96a8ac01b352d38b3095c21c8d30eadac1fe3a7e69f6c77eb2c66,2024Q3,0,0.017505390242639564,V3
0x67686aab5b3f641d3646ba30151c5e16cb296c061e69a14bf96f0b2f31ff9e93,2024Q3,0,0.023056158070702007,V3
0x82fcf854517d37de1065b18afe55d03fbcd51bdefc9637f5516ceb05e977196d,2024Q3,0,0.062035769119552685,V3
0x874113a400a67fae988f00d1b78d3157b6bb8a6c1dc9fcb70f140de7166bea6c,2024Q3,0,0.023056158070702007,V3
0xcaa9d35c440bbb0e9b7484370c990e9b7f56f19b8761b4a06178c1e4fd57cfcc,2024Q3,0,0.02324060659664105,V3
0x72ecc5173bf5e4b886e2389435e9a12c2d7b075fa925672b870b6e7dd7ee36f5,2024Q3,0,0.02418466680296485,V3
0x476e1f0459bccd6d5243a8b11510548eab856935e82319cbaf0e19c3ee17a514,2024Q3,0,0.023056158070702007,V3
0xa3e0185c69a933ea5a47b6b188570fa711ad66914c70f9149a1ff7902b1973ef,2024Q3,0,0.14967328800394392,V3
0xa3f413434b7d308752ee86c92737947b02f18ad43883afbbe3b0124fa6e46d14,2024Q3,0,0.02753639062769553,V3
0x8617f0ec3b1bb510d731572ef786a6349727878a446f033e5e16d080f5ffdeb9,2024Q3,0,0.028498886049977,V3
0xf3a50db56417990d37ac405f01e7312f459ec364de3a4692028f3c4decc3e190,2024Q3,0,0.023056158070702007,V3
0x49d1276beb1d2ef560e9b4dd8df8a447e18bc39bc41da9eacd713d10c0476661,2024Q3,0,0.023056158070702007,V3
0x10f8cf7270b1c0ffa724d3a4da8bed6c19927f886b455e58f97f57b74b3cc79d,2024Q3,0,0.023056158070702007,V3
0xfda85d79dff5b52fee724505bb32f3301c8d58109cbc7ea6ecfb044a741da216,2024Q3,1,0.380734372354037,V3
0x94c36af6e044a8cad438dba7db63d413a2ffea10c4681c94cd15734039f8b6e3,2024Q3,0,0.023056158070702007,V3
0xce1a96773f2e9c75fb318a636b12543bb3f1f74ed57f53c78922a1952884738f,2024Q3,0,0.023056158070702007,V3
0x624894c23b387e4bf886f1db7947afafd2f8bd963e3cdb69b8366f206878392a,2024Q3,0,0.009148043886510623,V3
0xa326973ab56abd02f43b4ce2a0532e03daff5a4f56085bbd5b0f029efbdd8dc5,2024Q3,0,0.009098883512388826,V3
0xaa2b2ed16e5e09e355cb9c023b08ebe35671531d5007c3d66e75d0fec5f639a2,2024Q3,0,0.009550916994603767,V3
0xdbf039208c7ec82f5fc414680ce98f0ce7e2bf396b12ed43e18519a354a6d7ed,2024Q3,0,0.009098883512388826,V3
0x4e4e752f13a3313eef2577a99f3aff16ac7b4f2543fd9edb0c61d8405993211e,2024Q3,1,0.6666625725536272,V3
0xea4baf07ee2bc2f92f3943bbcdb2d7b50237365586f0e98e68df32b806111fd9,2024Q3,0,0.014642964798254431,V3
0x72857b3b967e7cdf2e85258e88c7077ba22e6a3b0c1c30b6bd6fc7ee7b7b51a3,2024Q3,0,0.4068486134083014,V3
0xa267dab4540df43726f82e371a31c2eadf27f7fd9b7ca37f1dea287936a45d29,2024Q3,0,0.015505084651975035,V3
0x811b419c2edddef15dafdc687acc62643a00bb31012f29224e2efafa429a493d,2024Q3,0,0.015463634841503753,V3
0x6b695afb2a8a7365da46d41863107d09f6756f0e99a7da1da49a558dd0dff586,2024Q3,0,0.01584064328009805,V3
0x55094f77e9dbc107fc354a9b8a5939cd0b4d0cfae24c7f892dd778b565b579c4,2024Q3,1,0.08401089685532452,V3
0x74f97b1c6caf682f5ef9ccd325b3344959bf8fd38fe565e5398ecfebb827b4c0,2024Q3,0,0.01827285872868292,V3
0xb124766234e1f19bc156a0edfb492f8c4cc3fa25303e722ad52780b66a3b70df,2024Q3,1,0.1441157781482756,V3
0x3d08c5e0b1017c1c25c3ba4ea169c16bd1c8ca2e965fdc820e506f9cfb2c4932,2024Q3,0,0.018617438122127825,V3
0x2e7ea15c11abc5bdc429ab3784a156741accaaf584057a3fc3a45f7f39bc527b,2024Q3,1,0.4695169025433708,V3
0x9ced49b3bb85caa25de45a49221bd9f0ef0aca2eb80dfa2700dfe0ac37f799d5,2024Q3,0,0.017508583649561787,V3
0x2303e7d877d176ee0641ebbd6b1be54f2c312ef5f53243e370c8e89cdcdc926a,2024Q3,0,0.017276250785343342,V3
0x0e01611dacdfeb89e9e02d4e74e5094e25b6334cc0c5842e84905e1b2704be13,2024Q3,0,0.022324390440302957,V3
0xf5875410202b3545491774ab5e712a6e05a0ffe780c52270cc8d70cc95164411,2024Q3,0,0.09398268238633103,V3
0x08fbe3be22b176f9fd7a915ccd5b23470d6671747a05a4500346897f2834113e,2024Q3,0,0.03832727318052807,V3
0x3c1b76f77f93f19371d3df801047c0fba2e6ca4c4bd489dbabea990ea68f8941,2024Q3,1,0.8920773031483831,V3
0x998e4fbf82476fea77c8b150d62671c65b44002d79b5bbd7115aa910c00c3884,2024Q3,0,0.03685199833655954,V3
0x1abb01bf1b40437116748b2f30de85404349a9b92c14d21031990698915e99f9,2024Q3,0,0.2890013019864388,V3
0x8288d2d383414fce6bc4b7609ed5074c86bce99cb0b13ff01a23bad674901998,2024Q3,0,0.03886724862768543,V3
0x217a88ae576acea36b63d791fbdfeb3707d326943015136d83739e3fbbe1dce6,2024Q3,0,0.04835760739273045,V3
0xeb6e3bde4d9b0b0b171a37cc5f439b55197c8bdb16847367e760aaca572a67e5,2024Q3,0,0.03886724862768543,V3
0x2705276ea71dbb3e80c355ae99b38eb9593ecc35f27c00b1de69187b254bbf76,2024Q3,1,0.8818193759186027,V3
0x92791284a7b95ca8909afa02a41769ffef3012693f6567ad5306119abf0efc3b,2024Q3,0,0.03886724862768543,V3
0xe47fa246d7910a7a6bb1f5bb32d0eb26b0637be6d921d63f363557b8ca0c5add,2024Q3,1,0.9402428125229901,V3
0xbdfeeb596891d9f498540c0aff203987c837693a805ac9e4d171aae1d2ee715f,2024Q3,1,0.9382256272164381,V3
0xd8084b77d5386b0c907a3e82567c737896ba0102af5de7ab7295aee6023409b6,2024Q3,0,0.43566131991188195,V3
0x653483009043f1663360bc35ed8fb542d3f9453916082d20ff025adaa2fe7032,2024Q3,0,0.018371245961305575,V3
0x3faf3dbf90050968deafdc980118910ebe8d2410a573bc265ba81fc4658c793b,2024Q3,0,0.018371245961305575,V3
0xe721d257bb72949a6c61a77847b7880519a6164a8211e815da15eccd750c4626,2024Q3,0,0.03192220098656609,V3
0xd6f4c41fd20b8c6d5b48d528ead981d8fdf3da99d05018443e2d5bc60085e3dd,2024Q3,0,0.03209067999680928,V3
0xd28eff5dc23bc2520042f8722add1afc39cdc9ea00650262e75a5d3bafeed06b,2024Q3,0,0.03192220098656609,V3
0x9e9071636d176562592a98dfede865385ba0cff7864cfa01f0479ca6e9e26e1b,2024Q3,1,0.8769030411953658,V3
0xea236b37f6ba053c48240dafea9b4b745ce43aebd44d8911df35302d1ac951a3,2024Q3,0,0.03192220098656609,V3
0x2d606a51f902a4d934a4b810dd77cb28bb8e40268f42354057b5a47f9799efad,2024Q3,0,0.03311974804727499,V3
0x9b277b355e9fff465381229667e064abb97ee74934af5e1a2278293f41e69708,2024Q3,0,0.03192220098656609,V3
0x3dba4e07efac6d60b8ae1b70b25f87cfb811e2163a4a63a5e4a946fbe47932d8,2024Q3,1,0.5434728244929099,V3
0xbddf0dade2d66c4f9e56a2e6dc66765fb949c603e62d5a9ea8b79b8f76839e50,2024Q3,0,0.03209067999680928,V3
0xbd00b7bbe9cfd644555601eab5e6839d300f157655c7398e52363d65ca31d60e,2024Q3,0,0.045553572009801334,V3
0xb09c298a97522ee35c0e1e7e398ba256b11f5b2710ceb3ba4ecff06d3b15b12a,2024Q3,0,0.04885691255405664,V3
0xeb609d779a3d8102fc22c158b3fa6750bcfaaf574131cb72a0a15db9cea0d90c,2024Q3,0,0.04885691255405664,V3
0xacffe24670465bcb48f8c4547ea5cb1280cd2f75997f8d920e948ec6de4eaed1,2024Q3,0,0.04885691255405664,V3
0x8d8b17b92f0e7bfc44ac151b16899f92cf93497bdcaf2b32c285d23a760bdf26,2024Q3,0,0.04885691255405664,V3
0x5b59f90975e0fc9f5d29d7fd9011fe3abde15b71da5f4eba76aa32e70a1abce8,2024Q3,1,0.9167135548148322,V3
0x158bef7cf4b9990e61297fe952bc6359fef06361d56604ef467a48c2055fa8e0,2024Q3,0,0.04885691255405664,V3
0x8646077009a28c44746ab87f46625d67b61394295c6be28e9ca7778c29ef10ef,2024Q3,0,0.04885691255405664,V3
0x4aa64e62f39f54545369c372da7de8bfc6b2e178b5c0f121a0177a225eca9eeb,2024Q3,0,0.05157968229044162,V3
0xf4cef13ee0ed433972e45b5e8a8571f814a3b220870aa9cfefab972ffb32bdd8,2024Q3,0,0.12885921148814647,V3
0xceab7a42131f7b315aef27a5ba8dc9c850afc0a86ed5010e895192496812c116,2024Q3,0,0.04885691255405664,V3
0x33a1fdbf5a1aac32f5d70869f9ff0763004e0a7b7771140c4ff852a36e33958e,2024Q3,0,0.048983418690928704,V3
0xfa47c2b394332d3e96fc8157621fae32203349623f17bf802e459ad1e7841473,2024Q3,0,0.04885691255405664,V3
0x6a0247276c9245e24ace51b49c3afe5cf151ce96b4c338750a69f1ef406d14d1,2024Q3,0,0.04885691255405664,V3
0x6f333e6318e1fd8abb6740f71f7ae4cf362b4a5176676d845bea4d2d78af5712,2024Q3,0,0.04885691255405664,V3
0xc483b69c792573f9f551de647f7125ac1e32007e32fb6207d8ab4b25f167fd6b,2024Q3,0,0.04885691255405664,V3
0x56546e150010381a0b35589d2a775fc631329c07578f6b582d287323f6f364ca,2024Q3,0,0.05105022702513438,V3
0x416f73f19a2c2252a4310fd01b4d07b81c078ae743711bca2ac966c5c2199b87,2024Q3,0,0.04885691255405664,V3
0x4343a0071bd2ec75b68b58706931a71f7c66d26ca96ca4c81125d234cab9c2ea,2024Q3,0,0.04885691255405664,V3
0x616eec0613cc8d5de5fb019edce3f088c63564b402ec6595d369382a8224b227,2024Q3,0,0.04885691255405664,V3
0x29e03a7268dfee85e3b102511afb05e65061eee4311e96a8c7752ab264f07284,2024Q3,0,0.04885691255405664,V3
0xa1177936cb7d29544345a68374111557d773b6afab82ad592a3b067988ae1f3d,2024Q3,0,0.04885691255405664,V3
0xeeede9bf71456ccab79adb1f9e02a1c48c26ff084f1d895c7d7bc300af54bbe1,2024Q3,0,0.04885691255405664,V3
0x1115c00bd814cc2f621c497bc3d76e18446cfe559b0786c72422dd6e663f4dbf,2024Q3,0,0.048983418690928704,V3
0x57f90c89879a5b5e69fad9c2a261fa6f44f3653001aa3a02446aed92aaff21bf,2024Q3,1,0.2846783479273154,V3
0x37630dcca267923467e502f8218cc99deec4435ea8e9230992630c707f534aad,2024Q3,0,0.04885691255405664,V3
0x6b81ab9a87c537bd7fa76c93fc0271880f73f8782a4f8d23b810446a9bae295d,2024Q3,0,0.04885691255405664,V3
0x2f4dc2d6eb4d8385899d543c44a994949a260f34a3f6df2e9ef5d8697ddfa7d5,2024Q3,0,0.04885691255405664,V3
0x8b30c71fafd16c5271f7aeeacfee58e4e58342e9c4ed76fc633b9a76b1a1c0d8,2024Q3,0,0.04885691255405664,V3
0xd83c13f14529750b296d6d2b327cbcadd34c2c3e673f4242c1be94d462a36617,2024Q3,0,0.05402709777679283,V3
0xd17fb425586581c0ca95c4b5029d3c9866c3ddbd54cda63f814a8a5723c3f3b1,2024Q3,0,0.04885691255405664,V3
0x596659abde2aa38d8fab1231bfcea2ce9a66288f3ae4c7fcef0a8d4c74240287,2024Q3,0,0.04885691255405664,V3
0x8d42a9ba7c39659bf1401fc6e192b47aece6cdf4e615722d2678037bcfaa631b,2024Q3,0,0.04885691255405664,V3
0x2975406109ebf92cedda5862edc43997e1e5464fe5b2c27d4ba9f1cfbd39b8ba,2024Q3,0,0.05144683368916585,V3
0x708b0ccc7ada9c78ff4d1de75d58518440102029e195e28fd131744dbe052d1b,2024Q3,0,0.04885691255405664,V3
0x89e2bbbd8edfbf77f96b92db99f854d7f1384842a52c5bf448800bd6324a0b6d,2024Q3,0,0.04885691255405664,V3
0xb9d3b6eed7846a5f8a570db4ece3fafed6a666b4eebed1b0ba509e76f42b24ce,2024Q3,0,0.04885691255405664,V3
0xf8f125be86218ee3a8e982e4cf41053dc671e74e0d542d220aed66d0ff5f84ea,2024Q3,1,0.9173342238115074,V3
0x678de6f4dc2befa069fb01525e1c936b228866d4aae59653fbd9153c62226534,2024Q3,0,0.04885691255405664,V3
0xe64f063b9e2b02f8ac679ebacfb938088c1ddde2a953a1ebfd4a92b802910371,2024Q3,0,0.5855683851101992,V3
0x4ee4ee07feff48d430938dcfb6ede634403c9474e7158fefce2387aec3e8f872,2024Q3,0,0.04885691255405664,V3
0x1b60fead57018405d3555612030acdf7f46a35955bdc697445708be31188cd71,2024Q3,0,0.05514964213985378,V3
0x67d4918c6c8cd6c1c831e1555582d6e39c0fef1040a44bc3bf3a9900582d14a2,2024Q3,0,0.08676678508908799,V3
0x6083e93af7bd4b4d45d6cf8d7059815fe073fcab1df2d5e0e08f53ce54eadc14,2024Q3,0,0.0717302166402478,V3
0x50f6877cec5baf47454a2c29395050fe48df421e4425bcc71925267452ab4fd1,2024Q3,0,0.031327964959675866,V3
0x2fc417b2e4f3be9d8007d48bcab0e9c3015c4e988f0faf3d081f08ffe0317503,2024Q3,1,0.1584892284810714,V3
0xe707f17bb93a38e0d23ee211419fc70860c1aeebd9cc9141b8efcc0ead78526b,2024Q3,0,0.029640825057315506,V3
0x229c4674926a0d042e5f02f74d6ec4c6afe63847b0fdfb6c63fe18ae338b2628,2024Q3,0,0.032589581978589514,V3
0x05f242284d310c0face95345a008e80a530d41a706ccddf47167a7ebf6b76717,2024Q3,0,0.029797634034001055,V3
0x0590ee8929a1178e5490b8a98915d2e3697b5b67ec7872cf3d102814db65e5ad,2024Q3,0,0.03174316285050615,V3
0x59b8ed567c7e887228ce8a4e262317049841346f9c9f0d39bfdcc1108b652033,2024Q3,0,0.030113667712304962,V3
0xde20ba1b4fa2f2aae4e0c2dae0e8e111986743b094952272730607dc9d4cd8e1,2024Q3,1,0.874793105553043,V3
0x3538387b73b008cc3948592999d43fc03d9191a8c1bc9963bcc4689dbf7d71fa,2024Q3,1,0.856140789956577,V3
0xbe52d055406efaa3252c8bdb4fac57f3e3e0179f4abd7feac32425154ef40427,2024Q3,1,0.6276481172676587,V3
0x7ab9c0b2396b72fcc4643dc03c835cd2dbbcead944b261e653de7d0851a2493e,2024Q3,1,0.9401271839019678,V3
0xd013360f1511a7cbb64b70aa0089ce9a0b3f4ebc23dc4a6892e6d38aa8132ea8,2024Q3,0,0.049532280123038175,V3
0x6a031c4888fcfb886861d3616cce760ea284dbf46e355b197400c2b12a4c37a6,2024Q3,1,0.9225996374875529,V3
0xdb1c6497f967a07e89f2956f10edfd3289443e46c6453058f0934ae32936d3a4,2024Q3,0,0.049532280123038175,V3
0x5acad359612174a78b4815a95412aff62fa35ef3411e1bd59fa2fdf7b7699601,2024Q3,0,0.049532280123038175,V3
0x590559163a05c7e4d56713d51639e94a0c6ee906aee788098cd5487d8bd1836d,2024Q3,0,0.049532280123038175,V3
0xdc0305fbe2b2851d4820af3461fa70c43641cbe4fb0e74dd79bfbd6dc89f170d,2024Q3,0,0.04823187826012763,V3
0xcd97873041bcc412c9efec2af8db063bac7f8e2038ec500c6e9af3723b6324cb,2024Q3,0,0.04823187826012763,V3
0xf0abd3a7cc2e06aa79553f8c4e92ea18f8bd3d5e075cdc2daf228a16e9ec4156,2024Q3,0,0.04823187826012763,V3
0xbb651bf09b0db35efe77e9323eec6f09fbd14ae8b64e118dfb12ad6aeb581682,2024Q3,0,0.04823187826012763,V3
0x99c0965b13b8374737bf087337afe310fe9fe22d0b2a35d7972cae10ddba2711,2024Q3,0,0.04823187826012763,V3
0x952e08c11823ace3e9a7c00c2f08eea5cf7d6f3412a2a509efe3dbd16115d21b,2024Q3,0,0.04823187826012763,V3
0x57b8a07a436c48ba108848bd3197e1109257dd93b38669b8250bd98f45d71af6,2024Q3,0,0.04823187826012763,V3
0xf637b48cfbd112e298d991930c77340c78eb58ee4824b6a408287dadb6663d8a,2024Q3,0,0.04823187826012763,V3
0xcbd8b18d2be8101ca0f467e0840adcc52381c03fde07884c4b1ec0ae8356e0ed,2024Q3,0,0.04823187826012763,V3
0xd898154718493ff0aab781ee5db2fbbb44a5712800b571629a5846cdd570cf8d,2024Q3,0,0.04823187826012763,V3
0xdd866827787d87ade4ac9a515e1e748a2ad39f374f2c522a16ee8faffef4eb4c,2024Q3,0,0.04823187826012763,V3
0x516926e359f14dd1e7b5d2c54948253a521597169819bd896e80e11223862e04,2024Q3,0,0.09263404582899294,V3
0xa72e30261eb4eb9f5b463f4cc0a20c833e8530be9fb37fdb37f5c735539e5931,2024Q3,0,0.2545179992453629,V3
0xf4e6589ca397e61af654e4c801569d41b4fa9e97a25a846f625b833d9f964bd0,2024Q3,0,0.0367684127821629,V3
0xaafae2f4f25c0a1785d421d152b2a30cb04042d2370e5a04762fe70abb97d6c4,2024Q3,0,0.0367684127821629,V3
0xb0f35ef24df5dedc6f05d78dd5227d2d2a9a8389809cb09dd232ab5e52db1cc8,2024Q3,0,0.0367684127821629,V3
0x31aafb7b283edd5c841086cbf43807f2fe53fd36638bfb09e2edefd3b567cfbe,2024Q3,0,0.0367684127821629,V3
0x4b42c17d638e0054120d84a48212d84cfff94bec59d7249c2283f12119861c22,2024Q3,0,0.0367684127821629,V3
0x6db528a803c762a17e401e751e59c6dd4776e510fb4cc093d2c28f8e1028a945,2024Q3,0,0.0367684127821629,V3
0xcdcbe22d75154a6063c32f42319a56d51b72cbc51952f574f0477af36dbcfe93,2024Q3,0,0.0367684127821629,V3
0x0317ed1eeb46a4f7b517925b61bbf94d8371ba45c58a0c2eb89d447e87aba711,2024Q3,0,0.0367684127821629,V3
0x3addbd9ce42c7e91ccf7575fb4ebb8b7168d534a7e7d91312746dde58e0a9275,2024Q3,0,0.0367684127821629,V3
0x951cc014c30d4d9f18f4738905e44c8613356379da583fb76e08b60855037a03,2024Q3,0,0.04923008920870434,V3
0xd93cb2d70e5e00e804ff2115f59aaed64cffe4af275264e9a629e1e4ad3dab80,2024Q3,0,0.04923008920870434,V3
0x41190eb9336ae73949c04f4900f9865092e69a57cf9c942a6157abf6ae8d16c6,2024Q3,1,0.921156968509774,V3
0x768603866bc5ce73836ccae47d72ee47cdd605d41320d3894ca41412f784d775,2024Q3,0,0.04961329461420331,V3
0x12a0cb60174abc437bf1178367c72d11f069e1a3add20b148fb0ab4279b772b2,2024Q3,0,0.04961329461420331,V3
0x757fe19cced3f2136ef1dc0e0163b9996a68a330a8d2338835e3b81a31fcac91,2024Q3,0,0.05038820180195665,V3
0x3648ab7c146a9a85957e07c1d43a82272be71fde767822fd425e10ba0d6c0757,2024Q3,0,0.43850804158213497,V3
0xcc8129a275417b0df7e73e5cb6ad066861b949fbed3575195bf6ef0c44dfd663,2024Q3,0,0.04987033374817952,V3
0x6541d506c7a337b80fb9e4ed7487347a90d8c59071136e7caa11dc42b3755eb5,2024Q3,1,0.9148139453361354,V3
0x4873de62c03e7ee0776aac2c26e32d9466b631af8af0169e2cca03bafccd42c6,2024Q3,1,0.31822128361374513,V3
0xffaff77c56cb9f1e322129b8e1e525ceadd1d0e8dc2a62a4b33f3cb23bff9572,2024Q3,1,0.5479888085118191,V3
0x0a533c938200a10df86423dfbe621a2f36bfd4abc457615cf4992ed721c566bf,2024Q3,0,0.01440781457052972,V3
0x6cc501fa617e3a46ececf6e3990fe1afeeaa6bc897d3c7049c005fd1bdc42c2f,2024Q3,1,0.08689973249189611,V3
0x70357debf15a956d82d8b2022aaf5f868763d1d0716d2c6e5ce35712e49a3b0f,2024Q3,0,0.6866084286400501,V3
0xb20072387cd12bc73f3a6fd30fdd5aa1644c8f72f958803d90fc05c51db0ac49,2024Q3,0,0.06684633838512556,V3
0x57dac01cc866bc75c238fcc14f8a0d2dbc524a4d3378f800d640c15d11d7c545,2024Q3,1,0.8135584286214077,V3
0xbe2b2808fd555bc847b54dd65116539f79d1639d27a17da5626cbd31e2835683,2024Q3,0,0.022859790801372938,V3
0xc61529c5988583ee3a6f753bd15db17b81ba19548a607e00f5238d48eb38a10b,2024Q3,0,0.06732434015724811,V3
0x4727f17403578f6dcde55e284c0c62fa2b773bf14f9ea1478426b26f0e5a439d,2024Q3,0,0.06237969555206541,V3
0x4868359ffa5253cc5b4ced05612845ec5bd7fb4072324b62332033a8f895bcd3,2024Q3,0,0.06547044004827104,V3
0x687b8358ae0cbc82595c58a9f00ab1f12ab447c63a8940eaa3f522f10685dfcd,2024Q3,1,0.9356079004948917,V3
0x0a011ae478add880492d6d8e5aa98213405b7cec1e1cb34b84bf4c1bad055b2c,2024Q3,0,0.06415208418172066,V3
0xab66a7d5745fc4da8a30a67665ee1de894b740644e643a6c6ec39b17212e4df5,2024Q3,0,0.08420440617454378,V3
0x006ee68a0b2273785450167ca50b8d27f2149946ac513fde4e86765e53e35d52,2024Q3,1,0.095298011386149,V3
0xa66d14ad94746e868fc81a76d3f67cc4583a2ab08a5056e07e4b3080c4ce04a9,2024Q4,0,0.8002291958806779,V3
0x0dbfc0ff56a16c101cb521819a4f84a3e1066f51353dcf9a4715619445646961,2024Q4,0,0.012165896083808978,V3
0x15e0b146150e82b933950410f5b55f6ce0dec34d3f49573fc462e9a09508a6cb,2024Q4,1,0.007109639937061292,V3
0x8dc441a58abb86dfa3f97d1e9d1fb81b3ff4dfdf387e86e9d52fa07a2c7b12c0,2024Q4,1,0.5825480096429364,V3
0xaef532e27cdf2efcb16c3ebbf779a24634afe30d74e005c20aab3ec09cf5e476,2024Q4,0,0.061964070335471,V3
0x808dafe4b275bc66788b6a5a56cd1ab8cce1e74a19cfbd999fa1267270abde54,2024Q4,0,0.057867523858914756,V3
0x8a795ffd676543bfb778c846ef581db319b824cd0273966d2e0c1773d9f58d77,2024Q4,0,0.035823181651208263,V3
0xafd8bd9f9f4fcf42dcd1a159990126dff2ffe8b3afb9543b4a4e565c94b0d0f0,2024Q4,0,0.02352761348419396,V3
0x208721a1cf3bf7ef63c58140d47054496aaa9dc0feee9f3bb0d95f8bba375230,2024Q4,1,0.34153392222221973,V3
0xb49048083ea92ebf7a9a798f553ccde94ca107acd996dc5dfabc6cc9921055e9,2024Q4,0,0.04781600180885098,V3
0x9233fe6628a1aa25492294ab5774bcd18ad6accc00d883da620b27559f32c11d,2024Q4,0,0.026655902853785152,V3
0xebe18843b0e316b35f4fb6b3b8017d5f0a5b84fc8289bde7c696550c1f3e628e,2024Q4,0,0.18467485648234988,V3
0xadbb278b8c577de6faa2247dfdca7455576119c5452cb0e410823f7ac74d09c7,2024Q4,0,0.06211567636329806,V3
0xa334392ed0a06006c57dbf787ee9eaf69d52535ee8b8d8786ca271592a7f46d9,2024Q4,0,0.061460728955477294,V3
0xa7f3e4ee9cb7cc36843b0bb41117edb5fe02e8353b0bf3805e84d9177d23443d,2024Q4,0,0.06167832451588339,V3
0x1c1efa8eb7818fec6bde890578a2c6efac5a8555dfce507d5410d792e190e7c1,2024Q4,0,0.06167832451588339,V3
0xe80c03604e9055bfa5ed975f54f0e49b2846048a15e65541a066a8cdc984f139,2024Q4,0,0.06124385094788989,V3
0x8a579cd0c850c9d7ad0e4e49aa987a1a14a2c768c40e9f0f7210edf19692b23a,2024Q4,0,0.10556148203776294,V3
0xe12d115758e9e24fc40fda30fadce06aa960bcb5336cbc85071918a5c7fdfa2d,2024Q4,0,0.0179671062022495,V3
0xb2f7ed87460c653102e97db0d70e9fa5a8dd65d8ded48a6cd98ee6991afd8c0b,2024Q4,0,0.46483007468601784,V3
0x111a93cf9000b6d7f004327c60e01374596e3e3718d37054e4b525151916e38e,2024Q4,0,0.014774818929025725,V3
0x9a6aae9fbe7ebfea1527b25b0b83e7fcf22ccc6216deb414c3e830266dfc36ec,2024Q4,0,0.014628277156545882,V3
0xc41d35f42f51f45b2126b878f4c81c517a67c33d6a0fed11a77684d9ebb22dc1,2024Q4,0,0.02369666077669964,V3
0x2093833fcaeb0d0dde38db96c9ccd9ed95abfccae6e9d661ac1598ad51344a70,2024Q4,0,0.022800141034547194,V3
0x360f2bc551b4c3bbe5ff9b3ccbeef7902dc57c35fda25cb5581b6d8cef9e51f3,2024Q4,1,0.3106949258343957,V3
0x457a6133557b924bc6ffc9d7d3831334072ee526b209963629496fd1b82ad500,2024Q4,0,0.01668948367778433,V3
0xdccfe732bdb97b0c9157d27d5f8f5f8b51fab0d4453f0885882b0f73fbe18b32,2024Q4,0,0.030739439798740692,V3
0x942327fd128651b66c74c380f3de60e31cb7effc25dae0771699048b50a19839,2024Q4,1,0.9503223350065825,V3
0x626436e51a9b7486bf356594f29de0c729ae4e88b4c196e58d2eb9cc8d4105f9,2024Q4,0,0.0318490260668433,V3
0x3b692dcdd40f9bfdd313e251c0d5fa4b7cfb60194f321d2e81ef2c846523543d,2024Q4,1,0.9747350244993249,V3
0x8565c04b7cb5c2837d6c3347466a430cbe678a7d6428a48e5750749a26fb815d,2024Q4,0,0.02639270297870964,V3
0xf55d2f81238a7cca0879dc152c4a5a51566c7a27f5fa4e65f7a04ce2ec039492,2024Q4,0,0.02978127107821326,V3
0x37a570f13c5e78f85eef34de2430736e15691dca8f5820946388bc15b9d956e7,2024Q4,1,0.9802622668902565,V3
0xbb977da314aec0e32081a1a74823f9ebecc726c2899fbfaa5c113b2932ad0e8b,2024Q4,0,0.02808867394258963,V3
0x0c7d74eeb5c8e9ee6f642a190e445ae853f54e3e36d9e290de7dafb54f8c3feb,2024Q4,1,0.9797456979911757,V3
0x825979da04e73c1f0df28132de975b19a53b54faf7e672e822aa10c9031c1201,2024Q4,1,0.9789847075564985,V3
0xddbd56dc728feb63f3b3276bbc23be9241c1adaaa4eabdc5733f3a34de33041e,2024Q4,0,0.04996855974941176,V3
0x2e57c29fd4542e9dd9588966f198307890cef3c06225afc395acd9c8ffa31d74,2024Q4,1,0.9802622668902565,V3
0x037f0d4493a455779744fbb8154f729462cef4f3d6f28fe4f95ddfbc6559f5fc,2024Q4,1,0.9773778819436642,V3
0x0644b8969ea752fb1434d720f968832fd51cb4485771ed6fa18029e9972491bc,2024Q4,0,0.10221428661645883,V3
0xb9998922e9b800d3c8dd65636a4f9905bae8d587f8cfd78d06c6209b33bb46cf,2024Q4,0,0.038987391393712975,V3
0x7ba7837a3ae2e0aaa1a5e4a4f2b8ece8855ad0190e12d4cd0d372edd70174dd1,2024Q4,1,0.06997183455092561,V3
0x285e4aabc9c3c3234e3bd8f1e35aecde7dbb7cec879a53b231a2bd78831a3c63,2024Q4,0,0.09230245091336495,V3
0xac5fc54e2b52e942afd4e10a0239df729e4bd9c3c60361f7f7eaae9bbf81fc0a,2024Q4,0,0.02020498718575581,V3
0x7edb08c2696bd1380e7c9db88298afeb36d856a1f59cbf3d02b64f13506523dc,2024Q4,0,0.09959171580796915,V3
0xff5f61bd2d5522549b203694503903a1d65b21436e2736077e88d3faff35bfc7,2024Q4,0,0.12176639947893633,V3
0xe1dc4ae259d47a61f59c76462e1f087e94cd027a3c79827f476469f1cf1c1982,2024Q4,0,0.01766207226357551,V3
0x868de74d879cb10116576295577b377122fdbf45d400c723ee739d17ffa4a68c,2024Q4,0,0.01766207226357551,V3
0xa744830d0000a092e0151db9be472b5d79ab2f0a04aaba32fb92d6be49cbb521,2024Q4,0,0.01766207226357551,V3
0x972520d8ed44dcd71fff95b44e2593750d0e44323a5ccd2ce4bbbc540427bce9,2024Q4,0,0.023334543342378163,V3
0xa78d39676ef44a148c1b847597eb7fb318649b91cb4ff16af97909e4b4ede082,2024Q4,0,0.03502023055227723,V3
0x34a16f264fee640f237dd321ad1aff1a754406a09f6ad8e428c9bee89d302582,2024Q4,0,0.024208404404017905,V3
0x52a9a4b7a35c757a59ad12148cfb59c2eb31b95a52067fc6ee30e31c65469195,2024Q4,0,0.023334543342378163,V3
0xfd87909158fa8139b8a11f3ae2af8f68f42d5fa7a17e892b984e43b76ae51dac,2024Q4,0,0.024566815502669596,V3
0xdcca092aa2cc55f8053437e3f71ee853aa89f28582ac98231b0625a8609df32d,2024Q4,1,0.9774166698394751,V3
0x8ec05d89f299aed5c6513939dc5f2067ac6e7b3139d3671a54d784a709cf79ad,2024Q4,1,0.9769124808550095,V3
0x75b11a483569e10a365536325111eaad75ccc9b02cfa7f26dd4695772943f5f8,2024Q4,1,0.9779100972335164,V3
0x6689c157a7c57f0ee8ab7feace215061cbb8828191854fe81f17976ef33b023e,2024Q4,1,0.9748759934332298,V3
0xd3075114225f4516ac3443314200c9324cc3c8ff16587ca6a01aa7876c8391a1,2024Q4,0,0.023334543342378163,V3
0xb99eff637eb58e40828b38d07e3fc60d5dbefed78abcd50599e2e86f4a6930ae,2024Q4,0,0.024386967981945038,V3
0x38c7a14f589e49f43e6bfa9ed465441cac588d2d1c7c1415945df80e111fa5da,2024Q4,0,0.023334543342378163,V3
0x7414ed5a8062029b6c25257247ecea29227827578db089960b7e3ba1c203cb60,2024Q4,0,0.023680330693438466,V3
0xa172152ff025922441a9ab090b09193c5890800b1545c08faccb0ba37a67e3bf,2024Q4,0,0.023334543342378163,V3
0x19c01f1f32c93f71fd8a12deac61cab575e239eaf595a38dbafa5d76d5b44f26,2024Q4,0,0.023593417946860564,V3
0x90f5098954615b11f095156ac37913a70f8c7cf2978ab6b61d8d789bab1cf2d9,2024Q4,0,0.023334543342378163,V3
0x78234aafc88ab34b177109a5448cd90d7d1fd4efea1983d19fd67eee78ff0239,2024Q4,1,0.9769124808550095,V3
0xc01816a94cf33dae70a037ed4e1ba632a5a32bbdb1d6b802ede5b375f88ad91d,2024Q4,0,0.023680330693438466,V3
0x848a2388c956a70178e0f87e21cbee5c01b68789398a52fedc4fbf998c8b85d5,2024Q4,0,0.09680199424516858,V3
0xdf6d80630b1a593fd771ad168e2c02dfbda514316ac7a316595aba06980502e2,2024Q4,0,0.023334543342378163,V3
0xa6189bf3578eaf477e1af4cf60253cde50c66a6db9f311d8e6d4424734bd602d,2024Q4,0,0.023334543342378163,V3
0x600cf95bedf92ad19b05f4528595e8b4e25cce738b644646f9a49e4c84081b41,2024Q4,0,0.023334543342378163,V3
0x76dbb81a9fd937efa736aa23e6c0eb33aaf0f2ca4aa6c06da1d5529ed236ebfb,2024Q4,1,0.9772498135041595,V3
0x2d705e1f43d6460d03dd62f0161c21d685332b419e075a7b7e1b6ab95e9543e1,2024Q4,0,0.023334543342378163,V3
0x92b8d97f175b4461fdc7db0f2bff9408e0dc03a23b2d51ab64f9f808c41aa3d5,2024Q4,0,0.023334543342378163,V3
0x55f8995a52478c39481ebb7b9c9cb78c2ca69871c226e9404f55aa0b59a1e920,2024Q4,0,0.03820640255723097,V3
0x29b319d3719e9c4f6631bb95a31a81b6e860803fbfeffaa250b605804fe464cc,2024Q4,1,0.9779100972335164,V3
0xcc78239da94906bbf74b76b71cfdf05b653596c3f81580edfeddad9a79c48488,2024Q4,0,0.024839013312377266,V3
0xfcb031253ecf0d6b9f75e3630dee3033ab6c8ee9cce0a3e47285b0d15d717b32,2024Q4,0,0.05150404554691546,V3
0xba8ded3f29006bb62e05590ebe5e04dc24e129e5c9d01e66e2943def1f780806,2024Q4,0,0.03876382443736263,V3
0x40e783a12a83c36df40550c3f5a2433ba55a9cd312c31d808cc0c2c3ea747b1d,2024Q4,0,0.024208404404017905,V3
0xbe3afc95f538c106696a2b76a1eb6e2191b622b224ae9d888343ade752c634f1,2024Q4,0,0.03116816462595868,V3
0x9c9c47de9c871b6cfbae8956f3586f09ae131c44f73e478bc824c106489dd930,2024Q4,0,0.04273548421866935,V3
0x2a9c818392b7e213bebe13ef773d2ecfe637221dbe04c4b9f47a3ce890f1cf4c,2024Q4,0,0.05959099751307143,V3
0x8651d7d8b6f27328ad61fab52940f3e689c73695d622e193df138b19685da421,2024Q4,0,0.04019172221534545,V3
0x28f66bed374181b08fa7b7eead51d69a4a1af868f8e7ff6944c649822d76aa03,2024Q4,0,0.02972324073722078,V3
0x26c0b0cbc44517dfc8ad8c750ee24e048e5ca733155515c0ac4bce686317bbb1,2024Q4,0,0.025673356607227957,V3
0xf32f38434f2192f5135e007f2bc102a6c7dca299fb9b7e71b76542891161f6a1,2024Q4,0,0.024386967981945038,V3
0xb11c064ef5aebbb887ad14ae1e5555eb5f997dd2182907d8999f27ff5ae04fb8,2024Q4,0,0.02429752624442773,V3
0xd007d71fd17b0913b9d7ff198f617caa96a9e4aab1bed7d6f9abd76bb17dd507,2024Q4,0,0.02834334236320524,V3
0xb0a06b05d49947a302d0c3648add3b6d6660380de6bdb6b79f0007f18daf3adb,2024Q4,0,0.0251141493960719,V3
0x5605bc5d7557217f5ebb00d00f639ac8b9da949016b8cabcd7e9183ea1cac060,2024Q4,0,0.02429752624442773,V3
0x831ebc7fa8c94d42d526bd6ed622afde66cbbaaa2f14a480072d7b5e58f0c7ec,2024Q4,0,0.0251141493960719,V3
0x3c3b3cd604871d9247512a0572c49dfb46c6e5d981f9e35e3018fd91051e1272,2024Q4,0,0.025206519549259846,V3
0x729d6207e0e0093ab731cdb1c476bca1739280ba91cdc702b0ae53068ed65198,2024Q4,0,0.028866554530847018,V3
0xc6485bb7ea46d7bb89beb9c91e7572ecfc72a6273789496f78bc5e989e4d1638,2024Q4,0,0.275641524265918,V3
0xa650b0fc83f8b6063ed31d2fcee2c30c60405e7215341a5563f1236f5542a14d,2024Q4,0,0.02394294743630283,V3
0x7da35195ac3c7bf167f88ab0c27067a99020e36de67d39968b71d9debcdd925e,2024Q4,0,0.023334543342378163,V3
0x3ac961dca3c4f0fc34bf94c661962012ab5e8bcdcadfc99affa06eddde00b29f,2024Q4,1,0.8170954361386221,V3
0xfdcd333ff42c2908a1c1ba56435e9de40969c32c1e83a1c2bc76352a74c5c0d8,2024Q4,1,0.11096449299587814,V3
0xd987b38ecf3bdf4cb69734004c51238875411e0924dd0e9b30e3b31e623c4f00,2024Q4,1,0.953392409887055,V3
0x272461ac34da7a85f4c7f6cad291b10b9268061e5813cad8c9cb9897cf0d94a9,2024Q4,0,0.034140191826916744,V3
0xff5c1e73e31ad495136fcafce90710a3a1771a96f07116db60aeaae095c0ec29,2024Q4,0,0.026828367825366642,V3
0x4215c8a5b70a185b1b808fa49411a83c02e22bc35d48bd8d61d141c3365f91eb,2024Q4,0,0.024208404404017905,V3
0x438a3a56964f33c393d34b0e57f709bc1721a679c962e81642e5487930e4dc96,2024Q4,0,0.023334543342378163,V3
0x34b8fa269775d034f3d98b6848e0a7c5212efcaa0c98e6f8fb54c5d6f72b3705,2024Q4,0,0.023334543342378163,V3
0x8b6d62510907ffb835b26f6dc52bb0b1effef6a5c9139c89ccc753b9c58fc482,2024Q4,0,0.024566815502669596,V3
0x23df7c359c5641fceed71bd62edda6a4a4997b66566d137a5e639434c8444b2c,2024Q4,0,0.029506786216821398,V3
0xb26fd99a7b7bae4e13c9bb3becf65353708a805f9c1aea74484d107e6ba512cd,2024Q4,0,0.023334543342378163,V3
0xd01fe5978b6bdd202a82abeabdfd6a32552c15de538a8f17e4ca18af3757f9af,2024Q4,0,0.023334543342378163,V3
0x475e0fd32b211c0cfe6755638efceba2373d01a7224c7750f77f978db104f639,2024Q4,0,0.047263428633424115,V3
0x14a087f7b1b23b9a3c32799255edf18832d548302d6657efdba816a458a18d4f,2024Q4,0,0.029506786216821398,V3
0x70de1b06646805d289744df352ed58b5612fafb3d0322e483243c32cb110f8a7,2024Q4,1,0.977582330475765,V3
0x768eb43d1b7a745e0df1bb6050ab54aa3975fbbde6e23f4aa04cb527f5ffed2e,2024Q4,0,0.026437856671955303,V3
0x215625b9e962f3f499f832c77dd4caa400bd8435369b5fd65e8673c8b2c4da66,2024Q4,0,0.014032670066912067,V3
0xe32b258020c4663576e22423fb9792932a44fd5986d5081bee13a7c7c684281e,2024Q4,0,0.003641353888901813,V3
0xced9f9d90c94db9f1e1dbd7d9fba82fe4fa7431c0d4e91e28896c8ac2d6acadd,2024Q4,0,0.014032670066912067,V3
0x40bbdd26dc08406eedcb913efee7f7faddf50e16fc21caedb4972d57fd71e0d1,2024Q4,0,0.014032670066912067,V3
0x696baf880832d000a37ea87cc94235b1ac58e7e9fe7a144ccf5d141877629134,2024Q4,0,0.014032670066912067,V3
0xf6106065ec5d5dae7eca350be64e5246ae331b35937ea55b64152f65fbc0b37f,2024Q4,0,0.014032670066912067,V3
0x3120827dc12167d09fd9f08233e2b540054a2ed90aad65c023bc1da9d38b29d9,2024Q4,0,0.014032670066912067,V3
0x198d833c085ed0c858165192e9fd446c5392dbcdedd1132d89c578c0b5c29b2f,2024Q4,0,0.014032670066912067,V3
0x08f5fe8d0d29c08a96f0bc3dfb52f50e0caf470d94d133d95d38fa6c847e0925,2024Q4,0,0.014032670066912067,V3
0xb92f22143e7b48609a82573fa8197dc73683a15acb467b0f51ee63da7e3f520b,2024Q4,0,0.014032670066912067,V3
0x37658cacdccbb4d2d6dd4cae8cfd43b268e695aab51973a70be339f1b90d9a94,2024Q4,0,0.014032670066912067,V3
0x6d617a838210e0710a2a946814d1f26ed6bd3ffb76d0ef49959e0d2f75556944,2024Q4,0,0.014032670066912067,V3
0x55c551896c10a74861f2fd88b4f928694310114704cc74b29b9760d1156cade6,2024Q4,0,0.014032670066912067,V3
0x73ac4c1e5be0a89685328c9f5b833d828ffd62dfa07ceaf8536edbc43aa5f51e,2024Q4,0,0.014032670066912067,V3
0x547171b466f04230c9a6bfd13a71fb24de3442e10ce5cea95232d970f36fd5bf,2024Q4,0,0.01413726385363468,V3
0x63634b4e14297a748923f86dca4fa0c6c659db0f5fadeeb8e419e48e20759c34,2024Q4,0,0.014032670066912067,V3
0x21dacbae08cd922e9fe1e5f3a4b2ea09820d36f2ed368d6b53683b0fc1f16fe1,2024Q4,0,0.014032670066912067,V3
0xb80a8a4ecb9344bfe81bb620638fa2882b5f57663bbe268c4bb2b97ece7717b9,2024Q4,0,0.014032670066912067,V3
0xf3a7a2365b6ec113117184bb2d1b020577355a1028fde0b32671c4cfbbbbd589,2024Q4,0,0.014032670066912067,V3
0xf75076205d589c02ac13263b0d59041563695a7518d65134f8eb8c61dda22262,2024Q4,0,0.014032670066912067,V3
0xf488aacaba74914fe181c68d8b6195e13c4ec8b6c1b215c299d297666297200e,2024Q4,0,0.014032670066912067,V3
0x534da3946b8da84a8687e346e735fcc1d7c7078c057b1a7769cb9991b3e67968,2024Q4,0,0.014032670066912067,V3
0x4eb8e44c37e307a2125f400b675e98861d091f9e50f5be07a25304c930cf85aa,2024Q4,0,0.014032670066912067,V3
0x0c12d7b5322f432a0c4ac8806b476c7483c4d44061ca1188b6f749ec9db34996,2024Q4,0,0.014032670066912067,V3
0x037c9d29c04a2f6a5373ae7db7779cb40a751ca372de1e55999397a8f571c67e,2024Q4,0,0.014032670066912067,V3
0x230144e34a84dfd0ebdc6de7fde37780e28154f6f84dd8880c7f0e58d302d448,2024Q4,0,0.014032670066912067,V3
0x01a9eea306780839c5cf9a15a572a438c23af6c49b57f67e8a379f5e48e0e4f8,2024Q4,0,0.014189848532278927,V3
0x1b43e21dc696e34154ba0d0a9b351264a86d773bf381ffd0eb5d2124ee783b33,2024Q4,0,0.29596565686252313,V3
0xfc1c0fe6de97b694ace35cb972c6249f88bd3736ded927c8951e5abc30fe6d5f,2024Q4,1,0.006884814645564774,V3
0x4aff2043986794ec80ccf4c6cb2f2848d902a570c7fe166fb575dd491758e546,2024Q4,0,0.02828608705422196,V3
0x9fdc4c7b35db7e7299a9f41c2b76644dd9d2923852da5881035f0bbec2d5e1ad,2024Q4,1,0.14548906904373793,V3
0x663547d11940a254fb40518c6ded62ce8a96b8ac317957f6168d618fa526b023,2024Q4,0,0.01445567717963372,V3
0xdf36fcc041cadc34d517a8548330f8bb0312c9acef4f621c89fee89610cf995c,2024Q4,1,0.9459241838455794,V3
0xfd17ee27498ae7f11983620f9e7377a25d94a9046dd75eaa00b8b30b600b0bef,2024Q4,0,0.020244912035902285,V3
0xb467b29463dfba230ccb24eca91c03c53665e9febc746cada108c63830b7573d,2024Q4,0,0.014295596876750406,V3
0x47aa18816785d40fb11c68fa6a66a426a35c9bbe82643cef8eab21bddf78781e,2024Q4,0,0.014671867916254593,V3
0xb1de4b144ba2d4beb2a1983c2c9a14268f5226bc9700b7e442884f00396b7178,2024Q4,1,0.9496500414062392,V3
0xb6d19c0a24290dcde7ddaae53ec13a97b7e808bdbdda98ddf355e643fa9abcae,2024Q4,0,0.01839128922528155,V3
0x03ae1b62fa4eea75c286e9d461afa30d943be864f61dcc1f86f6764c4ec099c6,2024Q4,0,0.01413726385363468,V3
0xcd1b6b71a1964f15e2c14809594cbfa0d576270e8ef94c8c24913121097e09e5,2024Q4,1,0.1328631821650281,V3
0x265366ede72d73e137b2b9095a6cdc9be6149290caa295738a95e3d881ad0865,2024Q4,0,0.7108835984406542,V3
0xf8965140c41f13be11ee4c7d10f2ca021ed4e5e0ea68274e88eff7e2d7f13c74,2024Q4,0,0.014242625978118437,V3
0xc5beee218c5ebc772faa7f53a7196a3d1ba16dfcb74767586c232c2e3c89ed3c,2024Q4,1,0.9560687735943448,V3
0x25e48d2f5c66a03982f233e67f8131159e884dc186e6a55cc2e413d07e74830c,2024Q4,1,0.8987936423807285,V3
0x2f0bae3cdd6c42468ebfd30df5a93adcbe666d891674116b990bae8d11b7f511,2024Q4,0,0.03910872572119056,V3
0x20d95e0fec7d27f3072f4b9b72aeacfc2e54bd70e69ad6e03380feacfb5c6c84,2024Q4,0,0.01413726385363468,V3
0x352ac53453f995e751d2d90c7d781441eba9d1c4c7ebbc8e738fc570a543665b,2024Q4,0,0.1551052751839574,V3
0x98bafdb1a843ad1ee3f10222f43c8b675940922b119c0e0364a219281306098f,2024Q4,1,0.6715368808967761,V3
0x163854cc14ae2580e74e10bd1a5aecba0036c893a645f280c0f820dee470676c,2024Q4,0,0.014242625978118437,V3
0x5d7aae2086ed7e3ea82b65f5d8ed17ac4fa241c92a0a167bee0b356ae498f802,2024Q4,0,0.004075122019657365,V3
0xc1a4830eef6f60d9e0f05ecb5aa81b11d7d361e1a869c0138219840af849a986,2024Q4,1,0.09131602867253988,V3
0x0a006c3843ea6b6959b46a46b7a0cdc52ed8773ba19d769b71d0d8b2650476b5,2024Q4,0,0.00473451432737055,V3
0x46f808f72183b93d6fc32a519b02a6ac87f2478d51615d099af8e1ba4b5f6902,2024Q4,0,0.003852160844585357,V3
0x2bd564bdef719d33ddc1c564c80bf0b6da83632e902150e587964a91c1152ec9,2024Q4,0,0.016397995867070116,V3
0x78dca20ad6401138b24acc0d953b58fd2676128a92afb515f257dd334da9023c,2024Q4,0,0.014781154598051164,V3
0xfe7d8d88ba361a47853735fd80825dbe00a0b7912b8257725d02f7123c4e2411,2024Q4,0,0.014402121786194355,V3
0xc8ca6de72307c6640b479edd36c7fa2a72aface0ad576d923f3404e69c798fb9,2024Q4,1,0.8920965502675411,V3
0x9d455df75bf78e1b541bdbde04322a94940a9c2513c1f6a937fffe834255fa30,2024Q4,0,0.0438976977795645,V3
0x6a425b7b03692e2409f1c9471a9de354c1a9d5989f56c5dae0ef66b15f589de9,2024Q4,1,0.9534672258078485,V3
0x67749947d4e6a3041b36a90504c81545710fe044e0b1ce4de513d43b243357ed,2024Q4,0,0.23049372874643825,V3
0x38bc6b9fbc7f22b58a9b83330709e2fbb15ddbed7f2277831c8c3df0ee20475b,2024Q4,1,0.28818249165499576,V3
0x57dc89d2f5803961a1c72add5969c2887f9591821d05421f2819fa17b664dd59,2024Q4,1,0.5187215189835724,V3
0x7eca3eee73a4d437797aeb9a1815aaf4484403bdb926791f7e5c435a7f05f0e3,2024Q4,0,0.27297824614867033,V3
0x6679ee3522c4fcb5266bbddcf75973bc2735d9c80c517e7c179c035680a01cec,2024Q4,0,0.014189848532278927,V3
0xa4d3d05f19370519b12ead7c0c33b7c3f9c8b4a1d0020040ffd13ca01d6c0adf,2024Q4,0,0.017079723551504007,V3
0x56b4aec4a24e21a2f82a3db32085c851ef03db7337f757d0647f6eefdad072ab,2024Q4,0,0.014189848532278927,V3
0xb8ac153a019048d4a963017c64725c5d93dc8baad3f67870bea8874463458b53,2024Q4,0,0.01839128922528155,V3
0xfae4fdaf7036a338e7ec27b790ed39e7d11b64dc0bd26cdd5e8ccb01ffc433b9,2024Q4,1,0.9512462067033668,V3
0x8ee7186b5c39c64efc6ea96a4025afe2aa58fdeabb37a062b3f9517cc3a1657d,2024Q4,0,0.014189848532278927,V3
0x0dfa89589bd8ecc00a593f1bb85dd8dfce41df5ffa16426fb23ba5ceb3daf241,2024Q4,0,0.01445567717963372,V3
0x521a7fb05fa539cddc4b5c573fb3888a143b1262c394cce452189e67b53d0726,2024Q4,0,0.014189848532278927,V3
0x5b6ccf86a766f363d0c3d24f17f40974c706d85c67827d4f3dcaeae4b90070c9,2024Q4,1,0.9542955720532006,V3
0x8525f7e85bf8ef24d29899a79bfa74b2fd6b9b50283f21fc003677dd8fb14705,2024Q4,0,0.015282948845983243,V3
0xf6b7915ba50b1b67039083b3f6f681d59205ee60b132d23deea171eca171968b,2024Q4,0,0.015057891404920323,V3
0x21133a92321c5791d36ec7cac67ac6fab6c8ca3fa070ef973f92f65234025ae4,2024Q4,0,0.004105805381296547,V3
0xcce784dd4beda3cacebafda5c5e3922e7881b495e0a43fe75f4b098bd04d241d,2024Q4,0,0.014295596876750406,V3
0x9df4efa8764eec4d1bd089e8598447d32408951ad502f483eecae2e0a19480bd,2024Q4,0,0.7824578220731091,V3
0x99cae1b83694726803dd03dea2465fee332ba788b8a9d24e42e9ddd5391c6b9b,2024Q4,0,0.05214199105245147,V3
0x2dfc5ff604b12ac8721316b109cd786b0da27a24719238bb23aa7882d8f3b3ab,2024Q4,0,0.015057891404920323,V3
0xd1cce1f51effdf3957144fdc87b5e8aace1d1f7ab21976a046b71744ecad8443,2024Q4,0,0.014032670066912067,V3
0xdbded28bb7b5ef0ae091e60894c4c8aa1556de87d2e8edac6104be50b69cc6a8,2024Q4,0,0.01489124302341805,V3
0x4962f97cb1dc4be4382141a45ff1a38ead37ab3d98191b854c0e6cdd52bfca19,2024Q4,0,0.015568931921283176,V3
0xe1137532bdfac886a1338e341df14cfc4c5d59ca18207352819c798abfa58d41,2024Q4,0,0.015801504910011428,V3
0x7d8633c04403a076b45530d1f0a02506aa93d6569aba91b111b2d9877445c58d,2024Q4,0,0.015453912052304262,V3
0x8009308fb5bea84c1eedc10fec72fb1d9ebc33d31fffd89f65a34247a724f246,2024Q4,0,0.014295596876750406,V3
0xad6d309aaa500d96855996e84da00dfb2379548a693ca684d0877cf94fec05d1,2024Q4,0,0.014032670066912067,V3
0xafde9e890a2db339b6515cd75c2d09574dcaf731b483a1ef6ea0a3abc5ec8abd,2024Q4,0,0.2238819656594019,V3
0x2010ff3939e8e664dd57369aa907bbaa6d03ae18be27fe3ab2f4cdcb95a8b2ab,2024Q4,1,0.11958252352388049,V3
0x136e99098f7d4087b4c5775d9f9a512de67e50bda37e88fa86b05a226c390182,2024Q4,0,0.01682865890636809,V3
0x14018049e265a2d88f284be9588e2e3542e3a3df08ccdb344d28355dd7fdd8ef,2024Q4,0,0.014032670066912067,V3
0xdd22472e552920b8438158ea7238bfadfa4f736aa4cee91a6b86c39ead110917,2024Q4,1,0.532805651306129,V3
0xc53c00d3ed7df96cb528e049ca2d8a6056b620a82bfffd3ad58d35c5f92c02d6,2024Q4,0,0.09448944128317834,V3
0xab0132a0b89e43d95c2643ac835877c757849e9a64ebac3c9f0c4696db41a288,2024Q4,0,0.014032670066912067,V3
0xea080bb58bfcd23b6b140b6d032d998ea2658c473cc6135f602361767d984ccf,2024Q4,0,0.030320633672362648,V3
0xac2e6d8f4b3022aff8050bae1924250702cf424b970986b2ed850736d8148bf0,2024Q4,0,0.026191550106914523,V3
0x421c3221b9529524a3c8b1640869a24200633a8f2cbb0785783661ba0b0fde53,2024Q4,0,0.0540349826902805,V3
0x83ef4a16f2efdd4b269d1eeeaa2c5b53d62c1691875cefe24ab2409ee48de0df,2024Q4,0,0.08236405569612375,V3
0x96261daed8514e7626debfe92b1c7b33d61f065580a2c991b6d6d3fb366b7372,2024Q4,1,0.030320633672362648,V3
0x170e269fe2091f2092c5c1ddafca0519081a0bafcb0941ae13fbc1addb08d782,2024Q4,0,0.033701760460298484,V3
0x874903f053ee9e1bc4a270a6d40886deaf61e6bfb373ecfbbd03d8e1053f7ceb,2024Q4,0,0.01445567717963372,V3
0x1cf5bd0d52535a933caf43f80f783801c8d9e3535e9f66986b1e5ec64430101d,2024Q4,0,0.014189848532278927,V3
0xa307945df868b9b1e7378bab702f82da547144e5d264e2894a3c163db348ae03,2024Q4,0,0.014295596876750406,V3
0x158fcb0b8844c9cdecb95940a3a1a643799ab8d03f6234d449ff344e4bafad6c,2024Q4,0,0.028182757992245663,V3
0x1a98a4c6a8e9af6340bdb4e076ee0f07eb7363fb752fe028aa9d9b337e189767,2024Q4,0,0.016216760500059248,V3
0x2815a243a0021f3a00ab110f8185d03a491cbf1a9aaf9f1baf1c1f2a16fb737a,2024Q4,0,0.014189848532278927,V3
0x708fb14a697184ca11188ef64ea38ee355349d9d62db5654f0204e32005894dd,2024Q4,1,0.9591258655621345,V3
0x5b19d5d3ee794049f4ff27a66d87a7cf3fc55abf317e331988716a7b41f0c297,2024Q4,0,0.01434876191605353,V3
0xe005005133803bbc7cc16b0295ecb797cc8763f81ab0f2a6c4c90a817e794aa7,2024Q4,0,0.015282948845983243,V3
0x4e2f47832d9b760e5cd51368e899e421d2551524205cce86cf98ee9ec0703a88,2024Q4,1,0.9600025782892525,V3
0xf6d2f149653747b4aea397565f4f562a50e0b5e0860c739f9a1fc79b76244032,2024Q4,0,0.014781154598051164,V3
0x4ea4e8587b99e7fe73a7448c87ef492e284bc6b465e4973235c081a00017465f,2024Q4,1,0.9566971549950898,V3
0x7829bbc06202abf9db6b04e3ac3b9038922392d40b0344a398bb9b3852be29e1,2024Q4,0,0.01720663247926322,V3
0x58d102be7f1046597d9f208b84a0d5f844960151bc771bca1ae138353c4caa50,2024Q4,1,0.5746581778223959,V3
0x84ce4228388d675bc145b41f362a00fdea9d72616d1eb13987e11215d772a9a5,2024Q4,0,0.01413726385363468,V3
0x75e90d6830fcc4b274acdbf8869a8b0f464a67d0b86c97d3081a8696a3cd8134,2024Q4,1,0.8880435980718808,V3
0x6281da0c3cee2da5dfbdbaa9489b535f2295bc5d65159c4718d7f95738ddebc8,2024Q4,0,0.014671867916254593,V3
0x47fcd892db3b4bb786d598607fe8e65ebd9c245a203a2e6375f74d6523137826,2024Q4,0,0.01489124302341805,V3
0x7f1f8a4728c54dd23057ddd2f690651375539ae7fea37a00f42c6f1890cd52c4,2024Q4,1,0.9534672258078485,V3
0x27e47fcc55d252f5ffeee42bf8e2d7d6d5a54e4ff7a31e95e5cb057e18b7d0dc,2024Q4,0,0.017334467759127493,V3
0x4508a8705c853ca5727dec327449916f7524acbc4d8abc4685f25aad29c7c4d3,2024Q4,0,0.014509428791133231,V3
0x05904e19533e1babd563de24a3da89d87d00741b98b6dc692025f21ef6c52319,2024Q4,1,0.8763088358296246,V3
0x8cdce5c6fbdbade86234d95f4e665e2499780ac4c67ab64d0e5b5c26e029d381,2024Q4,1,0.9608612536886086,V3
0x61810d94c38e0fa31c51bfe8f38a5daec47cc06cd0e49a14155ed9fecda46ab9,2024Q4,0,0.014242625978118437,V3
0x05d769a6ba5ac64ae196ff0120bb7400b6697a5cf94573f364d35cc28dbfa22d,2024Q4,0,0.14086930284885252,V3
0xea4002c56d118cab706bf6cd34783948f5523a06239f7e59f443ac683f0fa140,2024Q4,0,0.03910872572119056,V3
0xc65fdad4b98c013eb3bdf964f36fa595f82d0fed3916ba2da6d4568355b167a8,2024Q4,1,0.9331312548694742,V3
0xd092a7bd509c547431c12e86c8e7df40194da3790af8b34aeee04dcbf2e2359f,2024Q4,0,0.026191550106914523,V3
0x4302790173d1f5b438ac937d1fd64360f8a134589f3d490626f7c1f67b2b3611,2024Q4,0,0.014295596876750406,V3
0xa923afcb8297e3ade170f2f8c088f3c277557fadef2c67054d72cc59f8504b2b,2024Q4,1,0.48107912210467296,V3
0x357378be4b958929f618b03a935489b0e19ee4e21247f7a89c4ec036fe95d3ed,2024Q4,0,0.014032670066912067,V3
0x34b5567e4f9a1b9561fba0f39c60b4da1f33052c8918dedc954401494d947cee,2024Q4,0,0.4251466431161411,V3
0xa59e2e79dc1a564477c8d77dc32c30b37c0f4c8782c8cc062a7f788295cd91bb,2024Q4,1,0.33664468245208423,V3
0xfc85294228f82de21e18774b133a6db99ddaf4ebe5bf8c4f6c356ae4901d1165,2024Q4,0,0.0043925166466768865,V3
0xf54c534528539874c62dc06c41267493e44c21e47a0206fadf77beec68019578,2024Q4,0,0.0041522623366987265,V3
0x940dcb3b8d94c9325d574b277fad827b8c73985f79eceb8f3f37fc8c9c7fa413,2024Q4,0,0.013471113206037418,V3
0x0a3ad417872942ecfc92d57db03030badc8972406af588158761e72289b5c381,2024Q4,0,0.017463515037566574,V3
0xa325d584041ea5ec44e9f4d8de4d2e058fa3ca80d89a5ebc0cbccdce87a651de,2024Q4,0,0.004788050887206321,V3
0x54414f64c75284767b43807332d67e7300a5e9dd1549c99443848416ab9ce63f,2024Q4,0,0.005927726199067303,V3
0x642fcb3aa23395cc587a7825a37694867f440cd71976849589041e2361fb5c86,2024Q4,0,0.005927726199067303,V3
0x13137815713e2549030a2cd576f14c4e0442a7794782bc0ecd392b2090edfc1c,2024Q4,0,0.00663204041598546,V3
0xcbf51fc68dba66dd5715fd69c9cf5abea1fd8634c8df380bf79eecf0a89d3e09,2024Q4,0,0.0051030031816006564,V3
0x661a6d0e875ac492ff936bbe61b899ef0dd48f44936f33438720d484fdfcbc7e,2024Q4,0,0.024337504612398263,V3
0x208938ca6a4b6474fc1a9346b6415c69bca34854f27e232200dea09eb18d23aa,2024Q4,0,0.014189848532278927,V3
0x0a573d0d2e1f013707b2b6b5429b35db371fdb31f67909ed719abb381b1de6e1,2024Q4,1,0.9568529044814813,V3
0x1652ed7c8396de76eb1c18c202e75def313f836c8184f52ae4236ca26990f115,2024Q4,0,0.01682865890636809,V3
0x20eb5023dbcb09d0dda6fe89885b6951c33c3378cbfabfb6f584d3d0bc048a7a,2024Q4,0,0.014032670066912067,V3
0x7b101c49121dc1f4913b60c29f647802e15af05c10464686594098f3f73f8fce,2024Q4,0,0.024516996520536485,V3
0x02bc0bbff054877a08cdc4f9ccf4e7606804bc05c27f5faccf26c6e1666a5558,2024Q4,0,0.2881791545604857,V3
0xbe4f88565882170b13a66967bdad614a62c63b025e150e347d10553c58575287,2024Q4,1,0.9376804820246398,V3
0x1092f6af37037a3539947b2052eeffff3608e2b68926340cab146369d3d2aac9,2024Q4,0,0.537489878222524,V3
0xbb01eefb24a38a9aa1921ec168d3049e7374b28a2540937d06b3ff2524d66627,2024Q4,1,0.24412325926866996,V3
0xab9e5e0621918f6d4d8cb0430cef4d16e8d964e8c10cda60fcb48673e1e8476f,2024Q4,0,0.0350772174416407,V3
0x052ff66bad8c4792750d1879c482d562eff17bfd1bb5c6fb278e07e9d44c459e,2024Q4,1,0.9579282629045068,V3
0xa0de93ceb5e777e92f1d0f2ce78fdf0ef14989f09b36d53736a01591a616c0ce,2024Q4,0,0.016519924431188875,V3
0xbb2169f3a18a62a9dd1af9a46f723bb39355c8ee1ea23badba3dc160a97409b2,2024Q4,0,0.0033028269904502882,V3
0x536edf11e2966f157280f0def83fec67c215be63fe508a7128793dfc415d141b,2024Q4,1,0.3888127938354458,V3
0x29e7164544fd3c577bd2da5a9079ba388b1e4dcd6c52cb70bac4eb75abf00173,2024Q4,1,0.9086176866600232,V3
0x1ac42f552c368e9356a5442152f2248511719c161c62556532d15ec1df288047,2024Q4,0,0.014402121786194355,V3
0xa6e7131f295407c7f56304d6a368a3b98ec280e162bfb38537da392305b202cb,2024Q4,0,0.014032670066912067,V3
0x155cc0bfdc26383ddd4f6718de3839f5e987a7d1da74b8979363e9a96d0938d9,2024Q4,1,0.9565408688297659,V3
0x10223aa80307fa55f3e1d078f33fa42785d3082a7dfd47b64986efdbb4834231,2024Q4,1,0.9021682690776757,V3
0x05a16ffcfaa6948233c1cc448f87acddf1ea144597b424739dd4a2e07f397b04,2024Q4,0,0.016953734503948447,V3
0x4d848bab2da79b9ff7f2b2b0d9ddb048bb1fb47e9f782887f16e91d27de41279,2024Q4,1,0.788800034553652,V3
0x7d9a43bd2690f796900680ad88d02134d4ba70761c19f2de9ea59c5b6f55830a,2024Q4,0,0.0882388089078309,V3
0x8f20ff6ed2ba1e234f35e701a50c274ffb64fdd8d621254d017db0445486ab79,2024Q4,0,0.18141247934453747,V3
0xdd2f4921a562fc4d18c0bde327d2a9315352a3ba4137656112b9b1770fd1f2a9,2024Q4,1,0.6287465878316899,V3
0xe2a9262148bec59cde1581988431069d083faeee3361779c4b0aa265138f7c44,2024Q4,0,0.1118770312481639,V3
0x7606802127355512c8f8ff9c70ef27a2717a8554374d84452de4c7d28147338d,2024Q4,1,0.755729353340684,V3
0x362dbc85c50dc05041b8f46f9e34c9d723bda4efaccc448342c23689e2a43993,2024Q4,0,0.24412325926866996,V3
0x8f97d034bbf01cd874af524cefc6d83deaa25373c1ab4545a81589a4d3d2b2a8,2024Q4,0,0.12774239428205963,V3
0x773f3ca26bdf685da92d2a8a701dd98e4e8b46e0b5366cf09aed9eb8fb6fc189,2024Q4,1,0.726863240581508,V3
0x464970747ef4695bbf1d46757b122caa5b3fad410f8a79bcc773e6524b769835,2024Q4,0,0.01445567717963372,V3
0x4430403d54a2a79a2b3043294f943a4f2717dff024629cf4a3e73f0151fa0df5,2024Q4,0,0.0388266580058743,V3
0x70533a0b0b3dc473e897553ab369ec00aab1742a5c183561de6790db5cd4de6b,2024Q4,0,0.014189848532278927,V3
0xa7b4202e7b52aed7a7427e592d41618f7f8dcd66875842caf197d8e5b9f47d72,2024Q4,0,0.037854718236114644,V3
0x0f32d4d7167f073d9d903b91b48dfe08d2762e8b0a29e14e649bfef89512ce61,2024Q4,0,0.0043925166466768865,V3
0xec759fdefb182af4237d9e42a7c715be7a4213afacb484ddc066290a0f84221f,2024Q4,0,0.00426270762024569,V3
0x910cc8289ec1fd98364e7338297d87e581af6feaa5fa12475e4d5c10cb7658b8,2024Q4,0,0.007419414492451487,V3
0x979cbb2e8d07cc08126c046b3a5fefadc73ff770389f46ca89dcd76de1e60ed7,2024Q4,0,0.0051030031816006564,V3
0x63b1697d66131bce1b4d406599548bb6007671197a1596b6403335f2592a61f1,2024Q4,0,0.0043925166466768865,V3
0xa10585d295fd84294c356b51e66d2e1babe1de48c42c1aec743d6a4a8965b68f,2024Q4,0,0.03261524067986469,V3
0x71636521d7c97d55c349b637390fb4497d4f8ce52529ddb6d9a4ff537069d063,2024Q4,1,0.0540349826902805,V3
0x9a8337f8f916283c359fd01452ed5d5e1e5e64f5287191b4f134f25fdc8e849a,2024Q4,0,0.0350772174416407,V3
0xd5fca9b9146866df0df3211bb9008d884a2648e3b15ca6ec51d4a5b50084d9d6,2024Q4,0,0.030320633672362648,V3
0x2e317c0dceb7b4ab2abe7c43f302b0253321f92a941709f871975799fd5a168b,2024Q4,0,0.01645884913176134,V3
0xd05a884bc246748d4c200eed230b0c44d13866ee65adb146b8bde020f3be5e9c,2024Q4,0,0.03261524067986469,V3
0x96f6fb6567b5938fc3c2e75f9829d7287340b9581a9c4817b8bc0aff82e1c45f,2024Q4,1,0.19286715978812277,V3
0xae43e53d8516dd644c2b294c6fcdc8b345e905352672c7f6cf1ebfee127d9409,2024Q4,1,0.5654281811173343,V3
0x2a1b9dbbe06dc0f6df7897c2154869a56bed24a2dc538b68b336e03b0c9625c6,2024Q4,0,0.03261524067986469,V3
0xe1565440a5643fb6fce8235617264fa18a24c1bafb4601f9c30aeb0134ac79a8,2024Q4,0,0.0350772174416407,V3
0x8263c57e320bac37676b2f3dadfe37c2c9243dde44c440531eb5b5fcc6b9c2bc,2024Q4,1,0.9753325759331533,V3
0xbee3dba85ba4622e2e1c215adcbdc8f012dc59f904c52ac539db7ad26b20b6d3,2024Q4,0,0.09131602867253988,V3
0x2a63e805241caa902acca7426f1fd5e643978676a8bfe39c6b329dcdcd537c96,2024Q4,1,0.0882388089078309,V3
0x3353f0005d273aa63e233aa107e71cf8d95744c6209e8e0c857d6555768190f2,2024Q4,0,0.016037495538748527,V3
0xbb958c943dab682a60d421effb917b6b66760905c23e58efd22699f278185444,2024Q4,0,0.015002138890157663,V3
0x78e20dcb15d578061a6df0c5014d66cc21244bad6848336f3513493c65cf09c1,2024Q4,0,0.03771779174240679,V3
0x007915eaf3a6c3c7f2c28a3f4984e257b69489defc4e2db834a1418ad9b433f6,2024Q4,0,0.02460722577604305,V3
0xcbecefa16a7a3531950c1b5f327a83ad0fdf448bea6f4ec7bc5b913f89ad3b05,2024Q4,0,0.014781154598051164,V3
0x08a131664f87229dbecab1af132999fff2f4da146c7e6c07423827996af5bdb0,2024Q4,0,0.004215020194811161,V3
0xb156f975ef4e42fc1c32bb838098adcb91fd88f4cd6be2004b95ad53540a7bb7,2024Q4,1,0.9589779691039425,V3
0x2b75971d9f62ff8adfd1b246b263cf41f6995eb06514c7b7adc77354d70d3b46,2024Q4,0,0.005927726199067303,V3
0xa7a031b137f7a4bbc90e82625a8421725344c5c602ab52622786c457238ce142,2024Q4,0,0.014189848532278927,V3
0xa457cf5d0184d3c4e68ff04e79357bd4dd5b68bdabd018855ef0ef1c790c7b76,2024Q4,0,0.014189848532278927,V3
0xe90fde5bbf32a779f5ad8cd47f890acd9f86b73e34e0f620698122052189a079,2024Q4,1,0.8880435980718808,V3
0xb17631413f217b33763f011a61990dd420f760af13bba6cdccd68c52b2b72d4e,2024Q4,1,0.788800034553652,V3
0xac7162f96876ea602d984de6f9800b8a4b8a45897e798a7630d9e004ae5b9a0b,2024Q4,0,0.09448944128317834,V3
0xa059663a859bac52841660e1fc2ed3fc247f04f549e3fb306c531527a76514ea,2024Q4,0,0.014032670066912067,V3
0x2d75f221ec38a3c8a5c43507bc44e68073a69cc26e249afa37bf97d7dd207512,2024Q4,0,0.045179717115097724,V3
0x58798f2c10ec863168c5fe947323744562c404280427c7a47d196a875cf0e0c1,2024Q4,1,0.1502338460109377,V3
0x77ec24a85b85b8ef4e43974fa4299220365f50c3dbfc1be52a9c42e73c4d3bd9,2024Q4,0,0.014242625978118437,V3
0x9216286e80bbcd2c6fbb7a976666a945c87f7072733fcb0d1ffcb5a25655a81b,2024Q4,0,0.01434876191605353,V3
0x3bf616ac5ec8252bb7755bc5f686b5c3d22b6413e2f128a57a9dfddf5f024544,2024Q4,0,0.014836098237557853,V3
0xf4640cd41c414f694cd33e049e0c58092eea15bb7e463af0124695e46442742d,2024Q4,0,0.04054879228915246,V3
0x9f41292bea56c1a5671306d4285d1912af1a23e62bae6e58e6c0dc517cc98d46,2024Q4,1,0.8880435980718808,V3
0x8d2f66a4e6b5dafbfdd266b42a020cf88dcf21acdac6d6236ceec94580b4b502,2024Q4,0,0.014189848532278927,V3
0xa4c6117c3e921e491139cbebedb9c411ac39893c59ff8d16a7c74ea48d223dfd,2024Q4,0,0.04054879228915246,V3
0x6e4832d8bb73fa29bf29848a4687a379a2565a4ced2cb2c87b849fc51da4bcba,2024Q4,1,0.9331312548694742,V3
0x3ceadb2db8926fcc1e9f5b28d765ee20721f2aa9537bdb5d17f0fa2ab7cbd5cc,2024Q4,0,0.026191550106914523,V3
0xaf99acf92a4bb951c070b5de3ae11718f31d5478742fc4fb0101afb71e2ee3d8,2024Q4,1,0.8829064985122438,V3
0xcf263497b4bd594b3eaf650de77df2483c3443a929e815a4bb8ce2b8cce50de1,2024Q4,1,0.058016869797993496,V3
0x3fbebb49ab61b4cc904734399d431326d5d5cd22b0bf985ab73a1d691483301e,2024Q4,0,0.02757043863813433,V3
0x1fc1e5595adab4d8160b2fe72cfed61131e3d5e61b5c334160d1729d7380ab16,2024Q4,0,0.0758871459959012,V3
0x61962c3f51c9c2e4f3885da88b70d3378a822830e42df02a19c7b035737515bc,2024Q4,0,0.018244870188111332,V3
0x20e2d5f8c92270e87a3f60672a67c649e781f9c2ab8b30055ce4e2fb48c458dd,2024Q4,0,0.07641704517901778,V3
0x2a3a29b57597777e5d2941c419716b02a7b8c43b5c19c4ac746ae2d9c720cbe1,2024Q4,0,0.022681503447763183,V3
0xe4a9b98237a29e778ac5717e3d29220bb2f0c0370e8e3436d4a277853556355f,2024Q4,0,0.023880132487201385,V3
0x3d31558105899ab4025075b92cfb127fae4be0e9644a6895466aa50e2de37e72,2024Q4,1,0.9525970609657536,V3
0x26ee82bee2493a302d21283cb578f7e2fff2dd15743854f53034d12420863b55,2024Q4,0,0.17587539280122674,V3
0xb96ef5b0b0175ed86de4df291a3ddb6a739f47d191eb3125f7e52352a6b35fd0,2024Q4,0,0.03261275419702695,V3
0x64491574bb603c1bcda36090a23d8401db5116cf7c48b4499e4ec44386d194d9,2024Q4,0,0.010075823020438107,V3
0x8abc1dbf73fec5af7107a682fdbecce4f4294afbd84fd4d857b103dd8a32f2ce,2024Q4,0,0.007312437545763653,V3
0x80cd2c45399e16f58d51f9b10a9b376880f1d4cc47caf14732fabc10698d8ee5,2024Q4,0,0.03569519342227918,V3
0xde869f771487aed89216a080b2279edc9de57735172f46d634643c0403e988f6,2024Q4,0,0.015208348509462021,V3
0x0cd78cbbc9196f363db2f4c6003504168526b7deaf3d1e79231d1c2ac97329ca,2024Q4,1,0.02351788353116104,V3
0xa97d2a617f66ceaf5545e90e4c4f8ddc1bfefc094f1f3739bccfa9c6da226dbd,2024Q4,0,0.2309486419522308,V3
0x964af551780a10a7a7be4cba2e441126830b18b831387f9b8006b3ff2371e744,2024Q4,0,0.01300983604769303,V3
0x75a2069d3e28f00038593fe783c22ffa703a24da723e04cd10228fe37cff83f4,2024Q4,0,0.028816303807976448,V3
0x7e58abd89b04a34b4a066d94c0bcf53cf0c7ccd9f568c6c1a339d996bce6356a,2024Q4,1,0.6863736174206164,V3
0x3376277f95016b046ccc398942605382ebce0673ca2934c0732f61ace19ccd06,2024Q4,0,0.028501794837844607,V3
0x6b01f79ee5ada0a16f0a967c0e857490e99669373c04ba8439b7e9723d58e031,2024Q4,0,0.0823145836409583,V3
0xb89013825a38d14f0a5b7edf6b8e5c5573e6d037e6801c4a8c1143461fc67476,2024Q4,0,0.070139840281916,V3
0x6231a19e509cec71b551bcf2a94692fbab48d7458d247752070abf1279ea2797,2024Q4,0,0.06584544865516657,V3
0x4ed3add94cc122aade943eb59d747bcfdc5068961ba27f1c2b1c4d1ff21d2dc1,2024Q4,0,0.15951132957834488,V3
0x2958ab412d90fe9b74e75070bd96f39e742a879e9b1119d71c14441bafb038b6,2024Q4,0,0.930457171463678,V3
0xd611b44739cc5d52c4f95592606693644ec03208ccb35b293d6ee427b5cbde74,2024Q4,0,0.08549851038571189,V3
0xdc8391521f8ddad9dac60dc32ffeb7d1f78c707b241ceb4b383066e4d31595a8,2024Q4,0,0.8490986183624287,V3
0xb7f3ededaacf495c69cce22c7bdf33982aa38912c5d6741c6e4f067a62d54188,2024Q4,0,0.060036083207626545,V3
0x624d5fed5c4d89d4375f95c003c6bb9475f549f834ef9f96891a24e069ced66c,2024Q4,1,0.296232141021324,V3
0xd98db52e63443f7de6a09f565afc2151dd1d987ac9b18bd04cc7b83e313760ed,2024Q4,1,0.6450874348303479,V3
0xbb305c42ba05793143796f32a6730b9d69aacad4b16ff3485c9eff2fbb6b6a52,2024Q4,0,0.0551934564765246,V3
0xdb337d0ed13628638d0b3491e58823aadeeae46d81a105b024f565d187dc74ae,2024Q4,0,0.0549973980061584,V3
0x7e259b91e51dd0633d720f8bc013b90e432c51a933d28c7a4365feb1052a0197,2024Q4,0,0.0549973980061584,V3
0x1671be06cac91668fb1eb1d508401125277c2696a16497caedd19e30fd49150d,2024Q4,0,0.05539017290298616,V3
0x1e7a237f7852453254324f57cd5b74288e116b642ce686250c84c6aba7bc368f,2024Q4,1,0.9902466996241779,V3
0xb3c778bc132209002f9fca88f6fa5628cc49dc4f5a5c8e5fd789c44ee6638ad1,2024Q4,0,0.05598428909232892,V3
0xf0ef01f6dcd75e81e01b3fe0aef153f14b744b2bc1382a8decc9d3a108ed3b56,2024Q4,0,0.05480199557978168,V3
0x7050f3cffaa3edcdc37d11a976a4af2f265e0fb733607bbac5e8078a24baa6f9,2024Q4,0,0.05480199557978168,V3
0x2b2adc09a565888f963cb763040ff017ccce16333bcf0dacea8d5b99b578207e,2024Q4,0,0.02232535924169488,V3
0xf25002593455b527f4234c40093978a0e2b7e3343d1cd07bb497fc83e6152dd5,2024Q4,0,0.005037249222650057,V3
0x9cb4e70a1ea05eac5e9caabee8e8a016d4a7dc73ff3e17287541d66d521a9470,2024Q4,0,0.02265653872585409,V3
0x09dc50e3b81889dcb77a98472be329edf347e84ea66071959f3126c87f479093,2024Q4,0,0.005037249222650057,V3
0xbd8453c929494fd630e082ab8d0a449f34d39bf0e5ec121ba83ac963a84a974f,2024Q4,0,0.005037249222650057,V3
0x426e4a6c280ff563c54bb0111006fb4f80d98473e70986f39274e6b8e33b2df3,2024Q4,0,0.02232535924169488,V3
0x032fdecdd447cd46d01f31a8946265ed30158b643226926b0960ec3e27b09f8e,2024Q4,0,0.022407707951477944,V3
0xf95ad26ecb5c2b198ffd9170920c5c7af3421946defeae0ce2a57b2bfd8dc516,2024Q4,0,0.022407707951477944,V3
0x1856330daa03470c528752c1c10c1f5300e78fa808a93be29317fdcc4a791a9d,2024Q4,0,0.022407707951477944,V3
0xead8e3e869421d90a3e3c3ea6c474aaf1cd3a832a2c6a62ae45d2536fbc0e2d3,2024Q4,0,0.02265653872585409,V3
0x1328e81691c0fc8e60fdbea018fe05846aa6ce07376f6894bda2917c2d038a10,2024Q4,0,0.02232535924169488,V3
0x66b94e1c9c7b7d77465b2114bfd4ba6939de2c4795a843b3d148ae6bb79b5788,2024Q4,0,0.0054699940975489955,V3
0x3a5d8047acd8aa377956e65bd40bfafd47ff6d528559b22530fb3822bc1afbbe,2024Q4,0,0.011220002372920843,V3
0xb685671ec5f12410f48006fad1ec60fa1a1e19f3a5ba09a81ab45b026821252d,2024Q4,0,0.04809117230248174,V3
0x71da2bbc04a7eae0d8ef739c17025d85917c0ea7db07646b6400a4f6ccb9f304,2024Q4,0,0.01392090875604831,V3
0xa11a9c66032cbe8c607bf1b21591f65dfee9d5eb65d73cc8ad5009c1f9826fa3,2024Q4,1,0.9410781023731764,V3
0x004e19d419d05dd366793689ce2af457d51bc921d9da4af867de09f0864a4305,2024Q4,0,0.011645592613802904,V3
0xde507497bdd5d63090dfd8e6e29167216c66576bf8d029d87c99bef4e357c696,2024Q4,0,0.04843715307312796,V3
0xc5a29d7da91c765c5b8b45dc5f86147558ad0d16bb18e7ca14a74e3b5e3ebf9a,2024Q4,0,0.035049848281700484,V3
0x378c1a4dd829a4407e59513089bce961cb21e45d5b6e7d99114da332862a1d44,2024Q4,0,0.012707051596171321,V3
0x762ce8ded160554d3c42f11ea89eda0522e7f8e851ae5ea1ba328d66e2235cea,2024Q4,0,0.012612903782591594,V3
0x07faaf60d74c220019196a1d49b3c0ca4578444a0be2b001de6ee4480a74ebf5,2024Q4,0,0.008620703963338602,V3
0x9fce1292bea6748addd9a96632ab7455f64028671816e964a692686573079574,2024Q4,0,0.0377409125506135,V3
0x2efa6f490f03e75f573d2c4a90bf24e71fa6db5878ca09fd3b6698e3d4a293b4,2024Q4,0,0.008750405019370624,V3
0xebd09819ef04d3d8c255e4012c96bb7d4e37315d0b96e8d9ec82c1ad010799d4,2024Q4,0,0.0039615672448171475,V3
0xc5db10fafffb5283a093c435ce617a61f0127e3a24a57419e7d25550c6b8df38,2024Q4,0,0.017885973544934118,V3
0x6e7b4cd6d04206dfdc4080a06de9a3eaef66116b7caf2a7ad7f42d71b8dd1bfd,2024Q4,0,0.003991399029914598,V3
0x8fc5b2e674501fe2b32026ab27809cc8e59824f3c4ff88ea0f36bcd50e94959a,2024Q4,0,0.01869736355812886,V3
0x57d84abe570ed54c362a54e5a77489fa051c3e0d0cdfeae36148e244668bf403,2024Q4,1,0.8777182921661111,V3
0x1bf009231937cd876608131b4d168189825e2ad642b08ab472663948fef65cef,2024Q4,0,0.017236304635695383,V3
0x3e65bcc5712f6b581dc8a24de10cf8143b567d5739abedd8043f85f3cc1a8392,2024Q4,1,0.97014680927842,V3
0x02907c864d97466515cb46f5a738409b12a4569154fa62328f56555891804557,2024Q4,0,0.018354986314002786,V3
0xf29303f912db3223d9fb0945192ae67ab519ad0d6fa85288c6f82fde6d3afdea,2024Q4,0,0.00393195754279999,V3
0x0f99544f8db2651fdafb79636924b4d9ec73c9b61d77a9e56f467c6b0c932c3d,2024Q4,1,0.9691493680083375,V3
0x2c843616fdd03f36785122aafd5e2b70bffe27e1e15fdbfe4d5b44f689b66388,2024Q4,0,0.01781993937691354,V3
0x43419b262b7a6e795bd1432b369153a0dbdad5625678bd3e21664eb50dc3ea19,2024Q4,1,0.97014680927842,V3
0xdf0a624463f35cf29a159f8c377de5750b15fd7c162ee64c3f69d8c852d05dc9,2024Q4,0,0.017885973544934118,V3
0x54a1d0da9b18ac0dd1b1ae10fad2eb782427733e4ad2f14f190b979bbb5c7d65,2024Q4,1,0.97014680927842,V3
0x5ded9ba6b490fe08251a99734ad3eb396ba2daeb5c81af6f3fe91926b1d4af3d,2024Q4,0,0.020964204181957644,V3
0xacb222d877953d15539b66743500d421db46c7e3b9bb429007489c25f23f3fad,2024Q4,0,0.017688588369002563,V3
0xb36d9c4fb1fac427ee93c27730c7c2b88c8e6000c7ff693bbcab68458b658f6c,2024Q4,0,0.01736435646750137,V3
0xc4502bfced0566b1366dd23dc250dca62b40660ca7f01a46310e68ee6e52ea6b,2024Q4,1,0.97014680927842,V3
0x87d67272f0ce1bb0d80ba12a1ab79287b2a235a5f361f5bcbc06ea0ce34e61c5,2024Q4,1,0.9699278923606112,V3
0x68ff092a4ea332946bc7ca59efc2b2a56bb702fd0d85d02ba883d29d7fdc5f2e,2024Q4,1,0.9320577864571111,V3
0x40802562d59f370cc95cd842fde20462fcb627cb275d418fac2e984762f037a2,2024Q4,1,0.9689233710377799,V3
0x702abe9529336493889acfd656d5169f0aebd96f97d3afc4a8c7a3a5cf71ae7e,2024Q4,0,0.03565089939246923,V3
0x3e2ecf07bf051d63ea9b9e851eadf79d7da21265bf967c406c70ec10eaf1b0ec,2024Q4,0,0.0039615672448171475,V3
0xea7edb8353693d246fe8f3988d1140f8abe8743d413c52669031ea5be8e1eacd,2024Q4,0,0.01911649236994943,V3
0x394851952cb613c24a24b9eb695b828617545a40b4c0013ddc16222ea68561f8,2024Q4,0,0.018354986314002786,V3
0xc6ec0ec408dbc30a17be606b95d2c81c526fc7490a636eb44970bf77fbe3d6ae,2024Q4,0,0.017236304635695383,V3
0x6a539d6b727716a683def53c8ace5f876a2b01b4fd4b74675a89e4c4ed9788e5,2024Q4,0,0.017558188243009754,V3
0x2151f3bb327741f78fb775e5b5e94c6d0aa3293e35faf1d59cb71fc6826b4d13,2024Q4,0,0.017236304635695383,V3
0xfcfdbdff911d7cc90d6942d8493b378a9b8997f2a9698208d9d1429f683f622b,2024Q4,0,0.017236304635695383,V3
0xb88b4e226ed108c28835808fbd12a1900a73b3151963c862ed64e99505c436e6,2024Q4,0,0.021512167426185273,V3
0x1f1d2d92a31adf9f9f4691d61549e6a98af1e3eb2a6f99e2ebfeaa657ecb03af,2024Q4,0,0.017688588369002563,V3
0xa878d4d9d33570431c88195318461c708a2734a51facfd515fceddce8739cc45,2024Q4,1,0.9556661263199369,V3
0x5c9490cd2121384ebb7a08b0aed1fa9a5239d98096d91b4bd6827c47c94951b2,2024Q4,1,0.9676514658889045,V3
0x8a2ae5fe3795afdd425c93105915391ca4a3778e6940970900524ea0166dfab0,2024Q4,0,0.017688588369002563,V3
0xc0cd9248d65fdc84719c2dd5b386651bfb888cfae1f91c11ec39c3382daac301,2024Q4,0,0.018354986314002786,V3
0x7949174f6cb3b0781fbd1a63a51fb7d2e72ac2d7cff1628f2c62477b64734bff,2024Q4,1,0.97014680927842,V3
0x9ce4ce441b98560634b67589135dac0034a45edaacf13455c9add1ddbb6b7dec,2024Q4,0,0.018354986314002786,V3
0x2dee7133255484468b06465e9de2ef3efeab7b0ba6e58ce0a965f73a24e134b1,2024Q4,0,0.01862839059630727,V3
0x61075b95e0441d8d7248f6e206d4c6efc511020565ce96f8b92435fbfb0df7e2,2024Q4,0,0.019982568594545905,V3
0x656039df275062de2a439710a4aa0671328511c447630d3f05e4f35d6f1cc049,2025Q1,0,0.013143478532872293,V3
0x4150752d0efc99377d7388908724cb79e8423768414af7e4a4ee857ac28ef8e3,2025Q1,1,0.9743616848227915,V3
0xaf4981a6163fa1e63a06cb549d30da97b3b80e5ea10a408340a977c4691ce0a9,2025Q1,0,0.050257424639625466,V3
0x026bd42df2b17550ad5edceb43f95553b254deb94571905c5338cb3dc5a801ab,2025Q1,0,0.03852419362215118,V3
0x87ea3f7c908e2ada980dd88221c7d02f756a56749f24089afb6e674d024c8e49,2025Q1,1,0.09692658894246106,V3
0xc87eefa985446d46cd4251c089e120d6583f532df43d2f6a277b5c253097be8e,2025Q1,0,0.009707232105822883,V3
0x57858d7b061a48238bf51d254f40279a1244e12ba08cc7c3c30a99f668a7102f,2025Q1,0,0.009822498389183545,V3
0xd1e760f57415093db2e8378b79fe37ec8dc9ad09ee57f6f0cdc2468ae29fea23,2025Q1,1,0.9697019121000852,V3
0x380f7150652303197abdd7cebd9cfd188d4c34bf0d74dc8e0985010d23182a53,2025Q1,0,0.011918549086811607,V3
0xdd8f6ee8450f775642b7982bba551d112057a4585468012a0f0e12e42c5c50ed,2025Q1,0,0.012107187712770572,V3
0x5af55bec4d5a0b1fb4638a819a1532e2338a82bb432499314f70fb564110273c,2025Q1,0,0.031463219779873666,V3
0x0e85e94301db0e38e25f0650ab649c3a4485b5fc9734a8b6abf3d0da0ee6dd55,2025Q1,1,0.11054556177270995,V3
0xc59e9fb081b5c3397ce2d66108d497c787f731768b7f32bbe86b5ff2fdb453ed,2025Q1,0,0.015257124992647092,V3
0xc7b2e5c8d4a18e064af2fc9f59a12e211b7e9a4370215069d0b482e1af81a9b7,2025Q1,1,0.5052034028576652,V3
0x84d3f50aed81bd7e414e0e9f86f07b9ca439c4d672d7141562f9ff3dfe740b10,2025Q1,0,0.033675647153161736,V3
0x16b33145d31ee3b79dbebaaf7d8b8a15befb6f4f6e31793ef73a0ecfd06157d8,2025Q1,0,0.012493355305859186,V3
0x208af01cb24712bc18c8ba0a387d34b3c210f431641061c760ff4394213f6d89,2025Q1,1,0.455650756825134,V3
0x223433f5748810af91f2548aa48407a904e249cc2f8bf9622f802fd5760ab0bb,2025Q1,0,0.014786808909268671,V3
0x21559998482bf5dfbcaf0f5409edd34eebd84c8998df622f9da8ff1e1f248a26,2025Q1,0,0.012202609914587471,V3
0x25b04c45b7cf9ec42e4b2f1ebd92fcb15c4aecab83d76654faf74409d01553a6,2025Q1,1,0.9689935485737334,V3
0x9c23652df72861fe7fc5e697e11f0084290c7d457e201d5e7bfcdfab36eb3b69,2025Q1,0,0.06174825593546878,V3
0x9fd9c502d56f98e4646c7ce5fcbb6cf1c5c15f5b6ccc1474bf71d3cc889b47ce,2025Q1,0,0.04929565973998208,V3
0xc3d4155148681756bfe67bb41d8d0882a8a122e7d3762b3591bf6598c9bd198b,2025Q1,1,0.9699345307451727,V3
0xcde81adc8f07ce43f0287684a259ac4a6b3612a73c71c0247c6bc8b2bc97a691,2025Q1,1,0.09585756347322567,V3
0x0ba6d0a2f35fbb9a38aaee50b4a44b21093f4da96a2c3a3b49704b488a6b6b20,2025Q1,1,0.11054556177270995,V3
0xf4078ddd084c8979c81f1ac4674d5e846b87a13b7f568bdd402296181e83b4d9,2025Q1,0,0.015742161144100836,V3
0xcb1745eeb2d414a6865e6dd69b9d648e6596c67ff92c778c1eed6b0b43d27055,2025Q1,1,0.09585756347322567,V3
0xccece58bebd2d498802da6e5dec1251bf9529eca4cfce7d43abd39ecd7ab4cd3,2025Q1,0,0.015497775518621745,V3
0x296c9bdd15f0d09806f025b146dd14fe27f6ef624b83c5302f47a980669633c0,2025Q1,0,0.013619123195257819,V3
0x8cbab07bd6b0401bdbfaf494cb9610212c8dc2443e392a0db865d4e8eb3c51b3,2025Q1,0,0.010070562388110339,V3
0xc5bb8aabf50ca7230c63be0a900fe0ac4018f36ab6dd0aeebd9e59beaf08c415,2025Q1,1,0.9648195480873806,V3
0xa2c684ca2658fc7adf1e7b4fbae6e3e36836cfcc00dbeeb691b802c3fc0f6251,2025Q1,0,0.029768303739641313,V3
0xe20ccccd24a2cb5b16a649b7843502672c8c6ab3b8982614487fe87340e16c30,2025Q1,0,0.02792679699107941,V3
0xcc5a06c3b79f72f1abfd6bb4e360f627180fcb723a42f273ee625c4d6e65d241,2025Q1,0,0.0315938219361708,V3
0xb08d4306dc14f563528a231a177d7888b44e2d09274cac65331c37f53fac6bf2,2025Q1,0,0.030937653230341623,V3
0xf48f79d8e60ab1efa76e53bec8c005611bfdc097cc0e51dc2f612709c04f5acf,2025Q1,0,0.028128217404996193,V3
0x7883a3c40bb01cbd3b9ec9e3b73d75af705e300c9369f27178739cf3f4fa089a,2025Q1,0,0.02533919365391417,V3
0x64123306a517e078fa636231a9cc9339a46bcfe3fadf62c92fdb031881c5d0d8,2025Q1,0,0.06375376855181307,V3
0x4e0f29885709d63bfcff29e80f4a8df1da9e97906ba9e21577b46a70858d8e06,2025Q1,1,0.9844254115449806,V3
0xe00794dfbf7c8cbe606e335f542a22f1f1a1f6e40d4061fb5d3598e88f27fe2b,2025Q1,0,0.04990625346590943,V3
0x04e07c6085d96ecc1ac7568d6cb640f09e4d300a25afc763b67f15d8f2c8597c,2025Q1,0,0.06375376855181307,V3
0xee713b962d078edd60cc379ddeba60fb7762a95f667b3605b5eec187b638acf5,2025Q1,1,0.9467002014289769,V3
0xb146887546d8b19d236f10c247baa0c3fef5d6ca242b24b0ed3b66b857cdc71c,2025Q1,0,0.0724898746224359,V3
0x4b87cba72865218e48cbe7c0ebf4f878132a2014e4507693aef2a84304562679,2025Q1,0,0.031097384160252668,V3
0x32f8d40aaacb6b8b94395555d1e82ee75a84ba5e62e15ab2966b78b5e2f332a4,2025Q1,0,0.030111168598305538,V3
0x3948e6d65eec7e90e355e35c8a808852bcebfe4ae90325721298cfb8f4c32ca4,2025Q1,0,0.5323474940997783,V3
0xfd3af5c93893b1cf117c28e4e8b1d91eca4c69649ec4e8dd62445667047ad9b0,2025Q1,0,0.030111168598305538,V3
0x0e923e93a9174928f1de00c93969b45e2215beb9823ac26e0640b5786d2bbe6a,2025Q1,0,0.030514382506228593,V3
0x7cd2a039b83b68941d2c7a07978ab90fa4c436350330b02ab6b96de9b4dadf33,2025Q1,1,0.9878378606010618,V3
0xa04150f69e6b4b0faad54b940a0e4d65744722ea254597c75578ecaa96d1a5ea,2025Q1,0,0.029932076773438784,V3
0xac51c43100e1aaf4968aa61fe72eb320dd308959dc6a7a14a6f3ebe758e7f88d,2025Q1,0,0.030750364309557285,V3
0x46cf194239f2bed4a4e74782ececd7babc45b9dbcaef362614454f420acef630,2025Q1,0,0.030111168598305538,V3
0x31792ceadf2e3fd57044a567a20001feb4c4e0ef2523d43528bcae99f082066e,2025Q1,0,0.030111168598305538,V3
0x95fabd1ca23b5f19bae851b9aa3aeee577caa7b86e5176929b4702875ce5818c,2025Q1,0,0.030111168598305538,V3
0x95004eac4e3693485f79d46c48f3bda9c848643a00767d41c6b43fac22ac376d,2025Q1,0,0.030111168598305538,V3
0x291fdff65865b39477b7fdad7a8cffb89dfc9387ee65e65b403a9f9dcc2d2bc4,2025Q1,0,0.030111168598305538,V3
0xe41df5757b4888e22f0f3ef70757dd4ff5d8099610c1150bbb20e9b59fdd61f3,2025Q1,1,0.988647704247883,V3
0x8f3a5a7a725e2e60aac0c59e50c9f2c6b5c1b22164696a71320d275234c742ce,2025Q1,0,0.030111168598305538,V3
0x4216ea4eec58946ea322cdf9e7d407e8e6f6793190aca3b2954bebf164b2411d,2025Q1,0,0.028358352885973846,V3
0x0d6e93bb2d55968edbbd7355d00cc1c5749cddae0d526c1f8e6bdb55ace99900,2025Q1,0,0.030111168598305538,V3
0x148b1fdae92ad9556d0e7d675d1c4a4688336615a81c476841854c8390afbaa0,2025Q1,0,0.030111168598305538,V3
0x66a86bed2460bb982e1a9a22d111b08bea41349423ef9e8669570e488cf96de0,2025Q1,0,0.042345005275498074,V3
0x5d4e8d237be6d11bb1c5630e41309a25620ed5c649772d9a26ae895beaa724dc,2025Q1,0,0.030111168598305538,V3
0x12079c9217d2b98163da06d561f17c4938cc81cd7d82d066855b97331b9b9c24,2025Q1,0,0.030111168598305538,V3
0xe05a262633ef0c31792b22f77906c539a0d9437ab7196dc0bc565539b7f6bdcd,2025Q1,0,0.030111168598305538,V3
0x117e99b2f41a10df9e5d1df85e05f96fac445976ab5da2cf2ec968660bb281ae,2025Q1,0,0.030111168598305538,V3
0x3f008ca09147ae7da60bd7ed135f7e9c1a92459ae74253c3f2b897bb31ce5062,2025Q1,0,0.030111168598305538,V3
0x8fbfd38766cc418ffd335752fb2c4214cbd53f7940f3eb859e2272dc7d2a5ade,2025Q1,1,0.9872514581148503,V3
0x2e52a72e036adfba7577a3f04f08b4b49e379a66837760bc567504b8ea88a759,2025Q1,1,0.8128545112264774,V3
0x61688b20d65af6b5d476ba6f10679b64b3373a0e2c59fd0959b38758a8e43a99,2025Q1,0,0.030111168598305538,V3
0x5d3043a139333b19234315dee7abe7543109c7a423ee0c98990e7eb28da2571f,2025Q1,0,0.030111168598305538,V3
0x51f5cc47c2f0b706cd4981e84d1197460d0d662270e27b2f68e91fd515e3a875,2025Q1,0,0.03022743174825673,V3
0xe6d2c502694c4358abdd310107bc744f7a4a9d5e6d877c3dcb3e866832ccf1a2,2025Q1,0,0.02913490986477068,V3
0x0dfc286abc4e61acf80284882330e7f6a20ff8e5f4fff757912349c5f7d298ac,2025Q1,1,0.988647704247883,V3
0xbb16299bea1f4e02a1b00ddf4478c581ba1c7df9aeab700c60a3daf5343caf64,2025Q1,1,0.9878378606010618,V3
0x2644f05ebe450b8742094a85903ac9c3f402e6ba00c788a8f52c922281b50460,2025Q1,0,0.010558256195134943,V3
0xec062773d9bcb38e22d673402ea20e895c764e0f85d8691c541fa896812c1948,2025Q1,0,0.574251386967664,V3
0x039b490964fb1224c7bccc8d62cad1e0a9dbd676973bf4f110b7fe8f9f2742e5,2025Q1,0,0.13628289618549824,V3
0x350401bb1fb8db6dd486595f9e47c0ef93a1fe5e3d6c646ad3916c9d2f8572c4,2025Q1,0,0.018162733716201494,V3
0xa150197de5a281de4086049e1974367999ae867e6c67c00459c7a7e648586780,2025Q1,0,0.08589173564303844,V3
0x29c8baf6d19bfc4671350d84c9de7410a0026daf651daf7d2168e1f3c898b383,2025Q1,0,0.02226217107646355,V3
0x8f40d01bba5ef204437e11663ae8c40af0f613e816d1b86978806fe3e0b3a903,2025Q1,0,0.01711307339813014,V3
0x806f7abef2f183ab5557e6996adc91b2c3dae3286d00a4efb38b2a05ebb124ce,2025Q1,1,0.4876872144542302,V3
0x78fcd6edb2892a1b46da7b0919f4d2d05a7b037d0f46ee465415ea8c4d1c1347,2025Q1,1,0.6885044766777126,V3
0x937b00af36c37c4f0a627bfa522c5aa677d661588851b368715af2e58bb1b20f,2025Q1,0,0.0201585703583924,V3
0xbfd324657c4d104733f50a1ac04437cab025bcf63868e82b87a2cddbe1b25903,2025Q1,0,0.01711307339813014,V3
0x1e96d97deb425994b88fc71e7ed335c9f64fe9bd674b0070dcade07b535c955e,2025Q1,0,0.018793247198291924,V3
0x4411688b128d9652bbad80a99ad722b63e47b4cabd0982f42510971744587c06,2025Q1,0,0.031895169962870604,V3
0x1921202aa3f884b9c562a244f1e58417d93c9315e6768d27768eb3b2abc2c95b,2025Q1,1,0.9826654621469976,V3
0x59de7d7484f77cefa3f1ad25c1638222db44b927e85c3e324ea0c45594695600,2025Q1,0,0.03620233343429534,V3
0x40ea3197c420060b496893c32d8329cbe983cfd0e5b8e101ce4668314739bb66,2025Q1,0,0.028085517326943574,V3
0xcb091b62f4d383e6a351630c099d565927c19b3d213ffc323d2e404ec9672530,2025Q1,0,0.05002066983837835,V3
0x3aeb2e9ec69a0d5638e91175027a462b48623aca0c31cde6f696ba1a1043263a,2025Q1,0,0.031287365029684724,V3
0xfac2af4b0dd00903861de0d99be87c71c9f45824e002fef274677c9f3fd4051c,2025Q1,0,0.027869397842833765,V3
0xba3e7e0ef13d5a888b976cf79a341620e5a59b120875ed28f87b6d0f2d6db7ff,2025Q1,0,0.027869397842833765,V3
0xcce535ee3d3b54b4f67165ccfa0a60195ff155afdc51db66c6d5f7d4af0f29a8,2025Q1,0,0.027869397842833765,V3
0x3f56bae1879b7336e2e77fd2955557216cd305cff2481844e799050b364a3ef8,2025Q1,0,0.03893083092902444,V3
0xbcb70e357694345bcd6b1a2c7c999a352843b6044f3d36dd494ac18661c25ef8,2025Q1,0,0.036620575539945244,V3
0x1eaf199539629acaedafc165a72d556757babf5f896bd1fce1c9b2247e9f94fc,2025Q1,0,0.02830326396332566,V3
0xff9fc7e6239b4d92f24d9100f3b1415dfcbb34ec15afcdcc4359692b0517e20e,2025Q1,1,0.6402809534857539,V3
0x2e9e4aa4480a3b1f4671ff8ae6f6f4c254f26056138180c61cc78a9231e9ad7b,2025Q1,0,0.038048538188602654,V3
0x9203212d0b10814e22dc330443cbdf57c5cb9401e2cc1befd8d22aea679a7d87,2025Q1,0,0.027869397842833765,V3
0xf4c062740bed86e48b44177aae609c9c76e44cba5318aba240b94066939b672b,2025Q1,0,0.027869397842833765,V3
0x546ec332d630a9cd6f2d93d132d2f38b860dd54d682213bb84fd45938e56b292,2025Q1,1,0.8664782050853451,V3
0xe1aaecf13ff5e25332f4b5bf9a6109724722d54c1e43462ad3cc962d373b27e4,2025Q1,0,0.028632959984928718,V3
0x8d762b96d3a92f61823a593e64ec6cd2287f4671a25a1a4824961d5ba8bcf5a0,2025Q1,0,0.030052779973598738,V3
0x37e6c1227c1ee562cbd906099dadbd658ddca8cdb9730736857b4d82701c6393,2025Q1,1,0.9811852979323503,V3
0x6edda3512ecf43002ea175e0af667868979a83994111a6103d845b4df5f88ba6,2025Q1,0,0.027869397842833765,V3
0x51110ae62047b920af6e69c02d916564e6930a5a3b20753d3d1532087ad7b958,2025Q1,0,0.027869397842833765,V3
0xd9ce9f9f9b9c193c06b8fbab9284a3b5de28570ba21333df27138c60af1ce24a,2025Q1,0,0.029592911948499764,V3
0xb7faecd2db357e4634fe87ef9bb48b4e1305cd618276d730b73190662fe6bafd,2025Q1,1,0.9811852979323503,V3
0x027fb2d0015f7fbae58491502e906948373c88cd49dc90f0d36c1e692644e42e,2025Q1,0,0.03010520812941325,V3
0x87c91c07f3f83b6a52d816d8e95d3be0c1040857e9d2949d67302a0288f181ef,2025Q1,0,0.03238962049478081,V3
0xf1add3bfd3810102a76d4bf68ca09ab7a2c82dc299caef3f88ce4818d5668b8e,2025Q1,0,0.027977254906368713,V3
0x557da4819e732f2d2d4a7fb469bca4bd8be40b2a9782b5e2c8ae2a4c17a0bf72,2025Q1,0,0.027869397842833765,V3
0xaf1a2b4ccf8b92efc3710b5d3bb263aa28c9ecf4858abb6c73047c1c0d7b9416,2025Q1,0,0.0709435569355062,V3
0x452ed4a3bc0e84654e05e485bdb28058237f1185d3f6103e9fb548789eb2ce46,2025Q1,0,0.027869397842833765,V3
0xd68f141aff610df79e579ad93c223cd1771d69ab0a42d33ce5013bbbe7a43934,2025Q1,0,0.03464761846488229,V3
0x5f060d4e55f2bff3b50212beb080beaf6623e440b096aa60301d49b61cf82cfb,2025Q1,0,0.12515869471218433,V3
0x8958c6464359ba927b09a2f03663a6f450e2f1eeae66edadc697a541d73bd458,2025Q1,0,0.02982198679978676,V3
0x20a59e7c724fe4fd79b0797d17b03175ffcf79866c1e712e50a920fa90cdda76,2025Q1,0,0.08531421733468925,V3
0x699480773de935bcc4c9b5e30867cce59eb1af43f9a94112e040ffa50df7ce44,2025Q1,0,0.08048195370000086,V3
0x3c870b5c93e1aa670cc421019a8317af0dff7ed2bc13576b3186a4b52f589b18,2025Q1,0,0.10086631113525316,V3
0x6c6bc563118e43e33b42b512d6150b8130eadf9f6aa3ef3a216fa28d86e63d40,2025Q1,0,0.040808979193847704,V3
0x2fe4ed68e57b25915aef3571ddd6bb4c2985fded0e2d0e2210483dfa6a756d2c,2025Q1,1,0.9915252006237211,V3
0x7c25cfe207398e1099aafe12fa163d2b53d4a89de4a61f7962c78258e7260697,2025Q1,0,0.04143570040128369,V3
0xd008cd1470934fb24806d2c48bb07ef76814932ab14ca97092503b885a31057f,2025Q1,0,0.07944646850996374,V3
0xfb178547e84095b4a312392a4d703268f372935daec86e5795305db424c3ab00,2025Q1,0,0.08733809572366559,V3
0xd69aabaec949a0fbd1aa98f6bdc557d90469c0bed5fe516b7c48021481f00277,2025Q1,0,0.043702499832844445,V3
0x939643150756c693fa321aa8dc30bafd44ca71d608ee11ef66941688e63fb6f5,2025Q1,0,0.07547198924384507,V3
0x92ebb98c37641b8f37ba7d8f86eca57b026ea5f050b9216be12ddacfd7e34537,2025Q1,0,0.16744692995926214,V3
0x6104608801f44f9a32275c9a9bbe044414a64956000a1177362be5ef27e5ac44,2025Q1,1,0.9776507972365367,V3
0x92c8f35025c635906c6801d49329290ff78d88b590cb20ac375d3ccd9be2a6f5,2025Q1,0,0.6723226555222073,V3
0xf5a756ef898f9fa858d8710a63f4aa16b4d3c4d2fff27afae1d1ed329620eed7,2025Q1,0,0.14124435308639724,V3
0x8352897596d350e6946fe1ee342e692c7d02ab81632761edcc90f82ff21cf1ae,2025Q1,0,0.05436205397381283,V3
0x6d278d07154de8765c96a5e0c12cea5bfb31ebf52f843ad9d406bf59ead66fad,2025Q1,0,0.05707950093819296,V3
0xed85b5d16739e076cd5cc3a705467df14abc2f23d1b16ae26cd660e8e0b38c54,2025Q1,1,0.19756155044801288,V3
0xef5604329fee713a68f4faa9d3014614c7486525864a11f2ebb054179a0c362e,2025Q1,1,0.9899438827333638,V3
0xeed6da09683149b433aeb802bd8d3f78a6b6d8799fa75bd0d73c3f87c6b2b592,2025Q1,0,0.0413636103976415,V3
0x5dbbf4cbb4cbca7c5967bfe92c0bd1667ac508fecb1e548c01def1a8cb43ea53,2025Q1,0,0.09350118555953572,V3
0xf7050a33a8444389ef1800e4476b43a987ff72668be0b616a4b457f5ba944a00,2025Q1,0,0.09350118555953572,V3
0x31b00298fd4222286461c326fd60bc47caee6ee112e19975442469071ce69d52,2025Q1,0,0.773698572143685,V3
0xe8cb25509e310da6a5bae13acef73bccdd9521b14f1c2d821a49f8466336e10e,2025Q1,0,0.07782584089450212,V3
0x6ef8ef55a05e303a09b6fa1f2c00d18d4c98eb3d829b44db82a03be665ab901c,2025Q1,0,0.1131452573065069,V3
0xe79e3ce45e89e56469dfbafe4db72bed3ddf4f194a2abba096ef250c10a61908,2025Q1,0,0.026759561618071245,V3
0xb0001fc97aa9b65190d6fec2ac6accb0dedcf823b5848b321560ca14c159893b,2025Q1,1,0.9849697704238243,V3
0x284ef81c8d207d194755b15c324035eb1a7ac7d1a23a38dd30d3fb97afa36204,2025Q1,0,0.029585860924245356,V3
0x44ed371c6f18a042223cb9f88e0a1363383657cd3a5d02a8b45c457fa1790ebf,2025Q1,1,0.9860474941984851,V3
0xcba58d7e057d3a6051d062d6b62388f9207b6f3bc9212835f137128720964c76,2025Q1,1,0.2866774453113987,V3
0x14e7a202f66c21bb2888a76897513043df18288769773b85997dfea14fd0ddc2,2025Q1,0,0.02665627023143474,V3
0x5b2691a691ece9066c2b855815e6c8784011833b17d85c65976dc7494b18e002,2025Q1,0,0.0265533666695485,V3
0x874c85079a0d8aa6bae24fd29337f09f1c7178396f82b73c56a4240e8c199b30,2025Q1,0,0.030512304631311358,V3
0x400d3f9e359ef6fa1e51a63ae8d45a1b3797b90cd2cbdb1c0aa7a3f75bd652a1,2025Q1,1,0.986478146317818,V3
0x1663edea3eba0d1ae8f064276dd426cb0497a19bb5188dae48a2f8fa8ea34da8,2025Q1,1,0.9834906568607711,V3
0xd1f77a3400817730aca6f1c9508b98f2a5e591e8945b5419b617b9586a17461f,2025Q1,0,0.02594401306254483,V3
0x332efa96c8baa05ea4dc8b1046114978fb29298e81d2fe238ed4db666cdf35bf,2025Q1,0,0.02634871753497566,V3
0x861c998374c15081dfb030cc5c740bf830e5223dde065ade50acf1e0e1c9ad5a,2025Q1,1,0.9850284832898566,V3
0x0a86c5aafaf6d09f50c4abd262cd688e948c9f267ca8df7882b3c68997055c1b,2025Q1,0,0.027600020475136666,V3
0xb0acc3ef6710e933b96b877c4f74dcf16affb0ce71ce46c68a2de783c211fd3c,2025Q1,1,0.9857714991351576,V3
0xb642dea896e5fa052a9259ad7ba4b759caebb7b1b452d90a5b4c82f8065db1a2,2025Q1,1,0.986478146317818,V3
0x47d0458159ae16b8c7b66181d7b238da2e127178703e509bef70d96bb1916beb,2025Q1,1,0.953569843400601,V3
0x6924e1f680ceef1cf6cc14a4704a3b455b0816f04e1e09523fac4c2769aaa56a,2025Q1,0,0.026246969230278604,V3
0x8bf941a9c55903fb2ebf4718c2c3dc289497923eabdaa3ff0678b97e48371cc3,2025Q1,1,0.9829665002901422,V3
0x6a9b909a643c41c74da1f117e70f4dfbf469246e03915b046fd75620c318858d,2025Q1,1,0.839371147522608,V3
0xccf5ec6e7d759a1fa96e10cab0f754fbd18ce96e91d67e7200fc2947c45b9f90,2025Q1,0,0.02645084956009744,V3
0xa638577415195ac2ca0e8ab8befd45e3991612be6d2cf64e661abc6350c7900a,2025Q1,0,0.032450191963824315,V3
0x36428bd51c8240d8063bbfbf1777f1b9e8e31f23b852f3fe14d2569f84d17401,2025Q1,0,0.0265533666695485,V3
0xfc321fab4982c1d38d3b45dd7415bb2856d92f615437cfa613124bf514a23446,2025Q1,0,0.025743936069605653,V3
0x2a0dfcba4bf202737819f15d1a938c875c0b45019a822c4ea146233a8a124b27,2025Q1,0,0.027176633006176176,V3
0xf82f80421d0a6535c8480f042a0899f52ac09c67502c2504e6352cb2320c2215,2025Q1,0,0.026863242205989967,V3
0x354ebe41d75446cd43eb2dbebacd344cfb9a8abe9b26ce39c5074e0841e5a885,2025Q2,1,0.965976449326756,V3
0xfd52e19b299a869bf5bb36a9cbc29fefbdf2160e3acf56480d1c059ce42c1abf,2025Q2,1,0.8599178563391853,V3
0xf459f2a4cf56425af7346fbeed3f9c78e35463539fe38afa70ff3d00c127c7ab,2025Q2,1,0.3952891154287681,V3
0x530ec9ba2fab8e6130677e101be8bbdfcb59b255732f9cd3730860717509d47d,2025Q2,0,0.03324703003188917,V3
0xb0675395c1b27d1298af7470c687e94622eb5bd3293abebd26bf1871cd671da1,2025Q2,0,0.1280519686194056,V3
0x43adc3e5c6f2a8500b30f59b2fca38779659a05fac792c9cb5b5fd3c02fb2cc2,2025Q2,1,0.9876938848188375,V3
0xb030d9cb4bfc8073cbc3db356cdf3f00b02c07477774476bcef6fa6d08e42298,2025Q2,1,0.5804714876984022,V3
0x9eee062f20c9ca00dc8e373aebe808cd8a0f23f9ef42319176eb330a14d3ebdb,2025Q2,0,0.0143988256487615,V3
0xdc88a7ceed2b87a68d111ba935330c016f61ab486c99de314ae9e078a3e0ba6f,2025Q2,0,0.02565226895692731,V3
0x6d6fae94d9bdf7429ec35ae34547f1d4fe348ec5c5a2b65c045309ac8e755f90,2025Q2,1,0.030089280632483086,V3
0xc8bc0657df535fee2568c70b982f6abe49dd108d011085da65dc292d8f4f7a1a,2025Q2,1,0.8369419656703144,V3
0x961ee2529ff3c3b27a9b7dc424c1d7046f52bdd5b4ae38bd74ae65f0838fabaa,2025Q2,1,0.39887653742233864,V3
0x73f531e7088e7da29626e152d60566aa71a4a078b6ae6b7215577a963edc376c,2025Q2,0,0.7698460725348315,V3
0xba48743eac0c82434df044e1071eb647e3dbfebae50d7a010734d1fa67636eb0,2025Q2,0,0.019692450722943556,V3
0xf882b0d63becc41ea3a990d42e137728f4cdb147cc373321075c5dfa8cdaffa1,2025Q2,0,0.039888288173369424,V3
0x4d9aa1fd40e69a3edf1ad6f1bf75a9c42b8faf145d40e0350ca270632b3fc4dd,2025Q2,0,0.015233102512297078,V3
0x49a8f60d8e648d30c243b0634ee613cecb9bbd0fbbdb5a67396b75e6d33bc1da,2025Q2,1,0.7712815233830174,V3
0xda105d4c47a904f91e415759ff9cd233adc390e9bc62c22263fb256175393b08,2025Q2,0,0.2806527662782381,V3
0x1c08575bf76817784ff133142eacc37506f1bdeeeb4d3901bed1189b8091ff03,2025Q2,0,0.021578342869396753,V3
0xa5ac4cdcfff44ddfb0d332d33575f766414465786fb7d4350782db40d5e9da11,2025Q2,0,0.020243233686623386,V3
0x1b4d436df7454c8f9b2809693a6106f7ea978f61988936168bbbca7277462e5c,2025Q2,0,0.032003655996427426,V3
0x948ab7d22a31ab218c935e3999199b8ed6698bad52bc5e717629c591bd6f4190,2025Q2,0,0.023492610262813744,V3
0xbca6d54d68335e9e27f1e14df168fdced87988d91eb5d411f61b869243c80099,2025Q2,0,0.02655912855562912,V3
0x87822b3d4ccba1835d698354b01c050b55f20c5f34b14908bff4ea5a6d58af4c,2025Q2,1,0.9600736764701269,V3
0xd549d146f1f94a4cce0bbbb588fcad1d1cd50262c43ce72b0f87e984b731cf17,2025Q2,0,0.026345503273516563,V3
0xa690bcb4a1214dec6c41d3992c8909fb4faa68f481e91b83510a5926c8dcb818,2025Q2,1,0.9882556602211782,V3
0x244c75b2c6095b2e67699c10d0c6548d757d58a1ffea32ad6882c9a389803bd4,2025Q2,0,0.10630603805868344,V3
0x86eb929137a18f0b13d067e871a5a042dab54a6aa86ac03e06d9383dbc732db1,2025Q2,0,0.026345503273516563,V3
0xd971052d84f7be119faf36cdc90ec8fc661147934731b44ce9e93f1a203118f7,2025Q2,0,0.20871492378039508,V3
0xfd6714df13e06c8e551cd2e907b8d7ee3982ade9a55476536b557e88ce3d8c78,2025Q2,0,0.8337104407237312,V3
0x79468f3bf680347cf7970d985f2e0029789ae5c416edfc201d222074c12633c6,2025Q2,0,0.026345503273516563,V3
0xdefb6100803cdb70643e696c376e2fe61e5b9494a84b18415c8535ad797ea6f5,2025Q2,0,0.028102379594940604,V3
0x29bc928cd22b42007ebd1389e7142194f34ba668d1cb9f52c7e85f4bd53a09bd,2025Q2,0,0.026345503273516563,V3
0x22e2ddb28c30d26cf17bd8f30661532215bf56c10d1eb43132171fc18e122840,2025Q2,0,0.03736601136366231,V3
0x0fb72541d8cff1da2819106b612dc14f9f233880aaa3bc7023b8990feb2782f8,2025Q2,0,0.026345503273516563,V3
0xae9d1dea0767a9a34591061d11b7e7323a1317018bc292bbf348b3f68e5c6f40,2025Q2,0,0.026452106122070433,V3
0xaf3d0dc7ae911f132057aceb5d90db5213503c47a6b07dc58e6a964ddc0b1ba5,2025Q2,0,0.026774438407095293,V3
0x935db621991284ca0b34b8b1243b8347bd55a62de82cf74859780b93ac4f1fda,2025Q2,0,0.026345503273516563,V3
0xa90d2e947583a50964efe154c9e5464eeb71f49effc0d401a85649b2fcec6dd7,2025Q2,1,0.12402664681444034,V3
0x14769e436a150dd79a62122626a45c5b6b872ac904b9eec55f5e970aeaab4784,2025Q2,0,0.03857803183095299,V3
0x4c48d72bee2347ee0a0802850be8a7f36d318b405fb4bacbba455eb8a68dc6a3,2025Q2,1,0.9136260992336147,V3
0x34eec16d7b1ec5685cc0b2b40c6cdddcbb8b3b78c445f7989f00cb43af628f46,2025Q2,0,0.026774438407095293,V3
0x696ba4726b7a261960878b703c525857ba5a08ee7e1404aa83bd8faa1e1d8687,2025Q2,0,0.8278803640792677,V3
0x756f3978771032e5bff72303ed01315499e9fdb05c0a291a2a8dfb435b109fd0,2025Q2,0,0.027320165312618883,V3
0x7b94d6cef097f44d4f2327f2777b0c3f79048d25dad50bd9e752c7ea3fb80acc,2025Q2,0,0.026345503273516563,V3
0xae6dab898b0531faf72bf9f09517538249131850cfe48b309f7f91124411c380,2025Q2,1,0.9685936260491869,V3
0x51f7452fddea310ba15955cfa8fa21419335b16f8310074e43f48c4856d7e0b8,2025Q2,0,0.08233147578869493,V3
0x97beeef10db06b0ae2bdae3f015cea2d369db396f0199a4eea2388f6b3810d90,2025Q2,0,0.026666572130276886,V3
0x18580781057f83f3ef2850303feea560dd7aaa4c75bc1e64efc42f6fc150c02b,2025Q2,0,0.026345503273516563,V3
0x9e40f50dc9a31cab9c596c20fd9b86e6668be54531e83dc43ccc67f1bafa4135,2025Q2,0,0.02655912855562912,V3
0x4aceffe406a622f3cf6c7a9535a98db480687c7cb71242e88453171426d8acd2,2025Q2,0,0.026345503273516563,V3
0xf86d87db5976adacb2ddf74ded65011369606d8bff3b2360350566bd88df2da8,2025Q2,0,0.026345503273516563,V3
0x489028f20a1a71e9e882b0e72ba2675456f6afa5f2df0839fbdc23ff2e4b8709,2025Q2,0,0.026345503273516563,V3
0x19f9be5aafa49f68294e14e03dfb0c4b35e4e5304f41c30140942e2ddf3711ea,2025Q2,0,0.07627732909273227,V3
0x09c314ec8306ecadfd263d7fdef1425a44791547474a92be675c70ae451277ad,2025Q2,0,0.03904219900866791,V3
0xb3ea135352ea36f6c3098e729862d795d0f847df542dae31cee355d64d943aab,2025Q2,1,0.9814274954844099,V3
0x84f234a88cc4f71f0d83fa8d4530dd30e9da4eb58af796d0f0e5d60d19ef2fbc,2025Q2,1,0.9769849213923637,V3
0xf48a04341295bc38e7276cfaec5984f0d594643db6074b029a6c0c51df84f511,2025Q2,0,0.1489080371530747,V3
0x805d5d29303a29387e9b541f5c7405bcea69f8ef56137ce174356cb0e548d3ee,2025Q2,0,0.02178340986934377,V3
0x7c753b012d53e4a70167ad6a41e0b909f269874c0297c6d383b1f1f3be505b51,2025Q2,0,0.021345853873426014,V3
0x1e861194be6abea5f19d02221ea5b16ae72f25cd2279e3430439780264a3d255,2025Q2,1,0.9882570166721403,V3
0x2d930f65e1aff6d34f7b4d1b0073ee0ecc35a88b6277fa51f6bde34b41c45626,2025Q2,0,0.021259380017599697,V3
0x1bf98b2e116dfe87345973a026dbc13ee6183bb3c0328851c55c21089e893a93,2025Q2,0,0.021432671764631157,V3
0x11e7688550f7192a8fdc2678fe9711c06ff5117e11fe21be41a1a0827060ebdc,2025Q2,1,0.987865639496394,V3
0x570a19274f74c16a628f2693d3a56c4ecceda4c3ffe9392f6f4e21dee40aec0e,2025Q2,1,0.9879646753078359,V3
0xc7ec0c2fc4ada9e3e0703b20ff9f610abae734e65d90f32378e26c4c9f826713,2025Q2,0,0.02196087730081573,V3
0x0cb707da67522398deb25aa811bdb46092b4e446187fa0896e51e037ab8040e2,2025Q2,0,0.021087459210376126,V3
0xd6c186dd4a5167684c27462d0bb541bd22ca4861298c00ade1991c6240364762,2025Q2,0,0.02477871950672956,V3
0x598b7a49768d859d9c279feb4b64f12f00cc05b327b29e655ef98b798a279bb7,2025Q2,0,0.02117324889561936,V3
0x3352055fa84dfd0bc3f9bcec85a5f464fd1096fbb9a469d36b5afcdf54eb0423,2025Q2,0,0.021345853873426014,V3
0x3724888af3107c46ac749a7d1eff85d685fc5518db4983f354d21a15b4998559,2025Q2,0,0.02117324889561936,V3
0xaef15ab5e103c6f2b6ef202759fc18ae3cfdf5f25fa0f24d51e4a5293a5a2f3d,2025Q2,0,0.021087459210376126,V3
0xe70c1185b4684b0370ffae9c8a89ef8bf68d535fc77af993fdaf4717bbca3306,2025Q2,0,0.02117324889561936,V3
0xe6e0208a9e5014ff507d16a359db466bd98c0414be72982835001eee2fd8f5ae,2025Q2,1,0.9877657988345419,V3
0x79e6ec2dff92558eb36b5e2e2221bf4be45364f3726897163d80702abb51d315,2025Q2,0,0.022501801062825594,V3
0x4cfe8afc969fc85f4aa92ef01e8c82b84f773ea1cdf198d694ef9da1155393eb,2025Q2,0,0.023815063797001552,V3
0xbb96f092cb5d54138c6af2ae824bb276c3e20969fb2acfced30ac7f88f60862e,2025Q2,0,0.021345853873426014,V3
0xe85229be9b279bffc835c3b4300c34761688ed7bf63d239409f2bb63bc5b4386,2025Q2,1,0.9865025639546469,V3
0x1b07e957981a04e688191208a4fc8b8349a93d6de03eba460fda38e647dafa5b,2025Q2,1,0.44608973977922217,V3
0x38dfaef00556eb168b46e2c9e79d49ce4725df55d8fefb3c3dab07811db8d0f1,2025Q2,0,0.02744350670287328,V3
0x29d65debd486144386e3d06ac15528434ee11fb844579fb2204906e655bfed51,2025Q2,0,0.026145862124158894,V3
0x5a280ba3fbf1cfaee1ca4a955d67c5ab9ed3ba10c5b0bfc7e733474cf3708f22,2025Q2,0,0.026040460437214696,V3
0xe0097a5f3d9739ca64e2ba58c70261482a3e7ed33afdbb381b230cbd5e494ba7,2025Q2,0,0.02541668225027712,V3
0x6ee44a32b167a5d5d05a4b6522d7304a27b8682e3314528afbd99a9cf22a3ef6,2025Q2,0,0.027889806526644113,V3
0x22ef905d2c1f47b416c783a43cf06eea3cd73732ca0ed4d021aab8423924bdb3,2025Q2,1,0.9895348924038695,V3
0xbe5219d1c82daaa110a20c0b50dae77f681f05eb43094e05ea24fe833c5ec47f,2025Q2,1,0.9839024721702274,V3
0xbfd4016fd63a2aad121829ab5a63ba4caa35e649b107145caf88d7fe6719ff6e,2025Q2,1,0.9082152012069994,V3
0xe0264a076a3acd50925e115032eb993b51cb8b5026eb7cf79245c63f8408b3e6,2025Q2,0,0.026357912418054852,V3
0x94631ed57d3803fe789adbbba4c0d66ef2a8ed4f800c1a6897a37ad076cf309d,2025Q2,1,0.07315696932715207,V3
0x10cc0eae4fec710f15a4aee89c6ff57e4091c69b2c2561090f073286468eb682,2025Q2,1,0.9851162393073838,V3
0x6b24a578e8644f45e49130da20267e466163dc35fee34dd23357a68530d34381,2025Q2,1,0.9895348924038695,V3
0xef8cf8b45ef7e3a607a72b6e1d56bede869fdd81795b63db847de1090bf11c41,2025Q2,1,0.9892299183867691,V3
0xc3ad8026d7dbbad93b96ffd93b37bf6d7b2005c9ec1df5aae9090f96d5ecc7bc,2025Q2,1,0.5848293700974493,V3
0xaeadfdcaf812f6b7c533d0424338e1a88b5da35a2e54b43ec030c54286a6180b,2025Q2,1,0.018060001778982523,V3
0x32f3bab4bede9ecd2b35df328ce53067bdaa8835d74f437b42765fe6c12e712f,2025Q2,0,0.015467254903730847,V3
0x7e19a9159dc7710a8aecf24fbd2cedf01bd77baaf14aeedbbe9091b75dcdf319,2025Q2,0,0.015786252751608113,V3
0xfa2fe71de6a4121dad1e599542e29f18f2da8c3107c8d13ca8c2c998e864a930,2025Q2,0,0.016111721970613873,V3
0xec449f17ee1b738bb72421ab991c56204cdf1369e4eba267607e72885d98d93c,2025Q2,0,0.025622974289143435,V3
0xafa89f15f4478fe8de25d1b3cf6bfb730f1cbe71c49be0162d5ae49bfb6fc12d,2025Q2,0,0.019432729336617167,V3
0xe6b7a3fb75356f6feeceaa903e3972adb7a09da37d3571d5a4509604495d3ff1,2025Q2,0,0.11871378988281639,V3
0x08121291cd61eaea56d62dda92b80a1a5aa80d99fdf210343713902561a8939b,2025Q2,1,0.30963138897614806,V3
0xacca589559453d60180cac1b03aa72fcb8c515d39ae2d9a66afc70041f4a2d35,2025Q2,1,0.9732650642937518,V3
0xe1ee05f7e72b70b22a997fe95d0392e32729e48d5d1169965560213944b04680,2025Q2,0,0.049330182398077765,V3
0x9cf011dcb1d04832b524118515fe1076764182ff54fd2a1bc36561f1ec2f8cf2,2025Q2,0,0.05637995139753858,V3
0x459e26ea0ef5fae66cc7174b373906acd4579b47930d63907c9b26446000aff2,2025Q2,0,0.5925616882173531,V3
0x39b754a2dd0e0b8433d5de711fb46abf6f3f893d9b72ffd57864052213322e7d,2025Q2,0,0.7137694343260504,V3
0xbf1e237a1e8cbf9c0b454dc984f5dc789f57f85b077a6a7383489b00b75dc4af,2025Q2,0,0.03971604858394742,V3
0x10bb455936cf8f22777bdb8d3a1b97760cae2215d60c15001c5d252c0f26478e,2025Q2,0,0.040033632591123434,V3
0xc5821602b440e61665dce5dcdc0fd20153864ba185d26a13e9be80fe98bb9e97,2025Q2,0,0.022208703654594195,V3
0xffffb2874475ae9c1e3a0e3c3c4b4e329eb3105427aa484f357bf41c5fd77c4f,2025Q2,1,0.9853980789510588,V3
0x2820f9e0e7fac7f3cc909bccdd212c6f3de818a6b0e4ca401c24beba941a2249,2025Q2,0,0.030989830067725113,V3
0xb13e67e43f3ea7015f472f56660e58fb41e761c0dee63862b379feefafb6efbe,2025Q2,1,0.04563844264895202,V3
0xdae8f9c16001a92cd862bb0d6b0e47c146daee673fb28f599b7f4b5166f95ffa,2025Q2,1,0.8828668630160771,V3
0xce5722bcbbd319dc03d4feb1e7ba563d1aaa2c9d7c286c44bdc93a96670e07ab,2025Q2,1,0.98983943835554,V3
0x50c4f5ba1ac8019947315a3cd7c667138381fea52fae9697b31a74e163ca6fc6,2025Q2,0,0.02393908915180841,V3
0xae8d0502816e3a509685ca7a3557119c212b4a930e8731e4e8f5e8017ecfb479,2025Q2,0,0.016030053811890547,V3
0x7ecf34a2399b462472b0c9ffb9d714b855fd0ce177357ee5a2159a83798f968a,2025Q2,0,0.025825645134182278,V3
0x98c165981b96b00c57216106c194d72a89de0b8099ee5306649443352d89cb4d,2025Q2,0,0.03545546359034459,V3
0x5ce0d897bd66142c43a38204a67ad85bc3e0643382258411a5aa58ca3e825082,2025Q2,1,0.09944339914723958,V3
0x95874e7c989d91e5268ed7e880acb9269f13803ea0b5629f4a6acd1a4b5d6fbb,2025Q2,0,0.02530899484906682,V3
0xd009ac14bccdd12925a2d9f8d910411556e4ed153337abb18a97b97fabcf7db0,2025Q2,0,0.9571227842989524,V3
0x9067b99e22ed2b8ed4bad7d72ce8eed3706861ae2c3a79f769e13de7c2967e6c,2025Q2,0,0.02530899484906682,V3
0xdf22571f38286a13ef30bb31197c737a77610f071f093ff643c951d644d76ba3,2025Q2,0,0.027884148785851163,V3
0x0d7365208720dac4019e847e5dc11e795ec5392997d570ae26b89383c806561a,2025Q2,0,0.02530899484906682,V3
0x74fa0572e3de0d389d671daf4a085b9b8af9e45688e988c8e4d3ab4254023f16,2025Q2,0,0.09046764981059983,V3
0xc3982448dd10ee60f59b898b88f4a2b14fe7266025de357843fe383a22fc7ca8,2025Q2,0,0.0415877677577532,V3
0x43e3f41dcc39116738cab3b8cef2002ce7eb514ced96d66aec12848437fb7afe,2025Q2,0,0.02530899484906682,V3
0xcf703c240cb264953898e97eab0ee287df5b750f1df8e4cfde7a9af940797f19,2025Q2,0,0.02530899484906682,V3
0x55896d4ff9042f3b45245aabd96ee21b3f89bd62f4421c9169c99a934cf94e4a,2025Q2,0,0.025721500241382648,V3
0x475d06b509d75bcaf237c2ccfd8f57df8e490ccf6d9bef628b357c4e07bc94be,2025Q2,0,0.022487199107951498,V3
0x1927e2109d38b64952586466cc391734a3dd19054cc0607d3f5ce2dee8472428,2025Q2,0,0.02530899484906682,V3
0x5083c3f6dd5d61450545f295d957c18c8354f1a0d9e0558de2e2dfb5fe715c44,2025Q2,0,0.02530899484906682,V3
0x3aeaddfa5c56f561a169d75df4670345bd9f4547c8ebcae6a32adc95831788e4,2025Q2,1,0.0396485881847983,V3
0x818a1ec3439b780cdbefe9e1f962a187cb8747e7e6b146f3634fee12f80ad652,2025Q2,0,0.039522157252262616,V3
0x6d8ce69c050958e23157fb33c80355e38216775ff46156c1ba1178060566f565,2025Q2,0,0.06164680150834639,V3
0x69c3f09b54e6cbf561205de7177a4cf99634bcf96e880601b124d8ebfdca9e2a,2025Q2,0,0.1509377927882046,V3
0xdc287d9906c0cc5284b0c0285e9bced6553556b777be47332f842ad7ef066b8e,2025Q2,0,0.02541151309406853,V3
0x6c7069db21fd716065c3787d26c5ef371704e079e598a64fa3f938f393a92628,2025Q2,0,0.02530899484906682,V3
0xcf8a3c45dd5d9dcc57318aba8ef1026a0655bdd823d5440f5fed377b0dfef014,2025Q2,0,0.02530899484906682,V3
0x5185a5aa2a0012cc7a1289d2728470ce04b3c4a1f2375515e13ffca303e2f9bf,2025Q2,0,0.6750578674472774,V3
0xa26b38fe0728080e4d97f6c392118fc674d5ff6e98dc49986852ef316fdd05fb,2025Q2,1,0.989949688913713,V3
0x9eb11ec0a68daa7704d91cb9cf6505afed4a920a84d99eb9f35e834682b12df2,2025Q2,1,0.9905112834027034,V3
0xdfa4be9c6786791072da61477fe3938ee78c8edc2b2e6154239996ab1bc96ae9,2025Q2,1,0.9849850343858004,V3
0x9fce789a05c3abd19e9ac2baa6982b0e47ea8eede91d9c6c89229efab8701d7b,2025Q2,0,0.036041691999435424,V3
0x65db0b1ae01a5430da10926a40fedfb049ec1ddb273c3385a2c49b14b3f1e170,2025Q2,0,0.027206697551269997,V3
0xe884b2766a826f02ade24fff30b687ffca77bbd263a55fa6ef61cf1ee6ecc3fe,2025Q2,0,0.029969003088586205,V3
0x667bc9ef2f465cb914b4c95d2ae747ba5a97e1611224450bb756ebedfb3e95f6,2025Q2,0,0.019185471620812664,V3
0x3ce5ee714234737803479a56eb108db5773073f9171c09f089c8d299c5e5d6c7,2025Q2,0,0.026130219141770536,V3
0x6f7606ebbc0ab5c171b32b55b963c161d37d9d803f7b28c6b2b026f16425d52d,2025Q2,1,0.9905112834027034,V3
0x96a255ddecf7b728a5d53ffddf0485017aa317645daca3937656a8bd91db2a9a,2025Q2,0,0.03195958456063913,V3
0x5a2acac6842c13863765030ad7e1f8424ebd58aee11fc387be01f131cd78a1c2,2025Q2,0,0.04014113574240417,V3
0x0635f8fd0777c284fdde905245bccc8822cf4e68dd3ec88f6f62d83e500308b9,2025Q2,0,0.027427109209499867,V3
0xa757b564604c0abb02fcaf167d93130fe635c223021bfe9d6b95433ab8347d55,2025Q2,1,0.9748352715611935,V3
0x1e68b29be798c37448e00f83180358d0edb02393f8d6a68d50d1175798865287,2025Q2,0,0.11631353040751367,V3
0x27ddacbfe7dee8504ef1118f268a5b380a5ae41dc8512e759bfefff2c50a82b8,2025Q2,0,0.017587179451746125,V3
0x6507f3d3c7fbb7ee64028b1a466e76588c30a3149226227b8f21666094fe34c7,2025Q2,1,0.11211773576687734,V3
0xd3505ebab4f2d6496a0c1451a21584d95a0fae3d06c948ed42c373c59fd63e5a,2025Q2,0,0.4700644724718524,V3
0x2a842ad6c44e8c4a0b7f303a0b3eb8422536d38b62de355ef2b0dacf0b88f43e,2025Q2,0,0.2959902282005268,V3
0x3c721bf2f5848dbdc7cadc5f80f13ceb1f48dccbb6c1569142a2da13b3d659e0,2025Q2,0,0.025446440909961957,V3
0x14471b8ba9899211f6a66fcab32fc5d05333a739d4a9da01b4280849d795cc24,2025Q2,0,0.022536303775157123,V3
0x83803364b3bfa1e8d63c994be75dbed0e814506e10c9a2846e8c65c141e5b7cc,2025Q2,0,0.016884707073752114,V3
0xcfcb2a622f84f4b76719e8b9e4fb2127a73b352df07bc243760acba10fc3227c,2025Q2,1,0.48041210319446853,V3
0x7569b01499fe4952edd03e290b703dd3916b148c3331e3f5cc88fa81498e6afb,2025Q2,0,0.02872180224331613,V3
0xd3c462e6120f6819aa74014787cfb6a213dca39e1dd550e160f8bacbf4a017bc,2025Q2,0,0.12064682327248913,V3
0x4323d8fe52e4f1d04ec5d088b7cff3f1613722df7f140615d689c9dd4e794368,2025Q2,0,0.030411027908219097,V3
0x8b848d8e81fbe39495fdbde09b2e9745c2c68e76e63eb6a49bd36ad4489d1e61,2025Q2,0,0.01962371606069182,V3
0x9b4af0d905b10f5ec2c2966a74b4dcc58b8a42620dd3a7375785de0d48166933,2025Q2,0,0.01962371606069182,V3
0xf9425f69ce7fbde7ee54887ea24b164d2d4c06b594c4d4f94b1921cd79321b19,2025Q2,0,0.027245682375415532,V3
0xf055fe9818647e69e6901cfa4b58d5a91e99789a8a213528bf9fb5e70831bf6f,2025Q2,0,0.01962371606069182,V3
0xf8598ade2dbdb1f1fab97ad9c8fd9db737b0163536692164fa3e0326bd60e795,2025Q2,0,0.01962371606069182,V3
0xd6f28c879d79f518b1ac0aea7a3e9e012fb8c1431687791b6a1eb6569e9da853,2025Q2,0,0.020437773371682393,V3
0x3d711bcfe9890cdd10c72971ff84fa238a74eddfb1979d001a40601528ba3fc1,2025Q2,0,0.01962371606069182,V3
0xa4f51ae09144ebedb1e4329a28597dcb25217be1050fb76b86335837943bf519,2025Q2,1,0.9820588379070866,V3
0x95534417f10863c4b7e4bd71c070fdc6c0b0c25b6fd10f87a3142f66dc00e835,2025Q2,0,0.01962371606069182,V3
0xaf2e5834f658947068bed3da5f0ddde58d8bbf6af3bd898f4b34745689de4bee,2025Q2,0,0.01962371606069182,V3
0x1c3d6106393e34528308f42d5caee3d9d38e35286272bcf235822f4940e7be5c,2025Q2,0,0.02691783378729397,V3
0x274505b9c15c786063eb456f7a74cf4b65fff7784741f3104126833b909ebe3b,2025Q2,0,0.01962371606069182,V3
0x1c1a44bf2c5003c3011ddd2c8cf3e87ea3bc3ed32a47e66181977766e0a33b5e,2025Q2,0,0.01962371606069182,V3
0xab53ef40981b322cd90b06272dacbd778a427d77655898f1d9a741cf5b5e3d50,2025Q2,0,0.01962371606069182,V3
0x0cf398a65f9ba9de261de2e92fe3007e56b98eef52b7486c522c4daacc882f42,2025Q2,0,0.01962371606069182,V3
0x8c2827821f8d04a08addced7df2e2b69e21e54cadd83af51c8b9404c572f0a91,2025Q2,1,0.9824206029239001,V3
0x3ad0371eb2adc9174872a91c34ebdb45a2449fb1e3306b36ebda7544cef3fca6,2025Q2,0,0.01962371606069182,V3
0x631da48bd19e6259301be57529cc0442b8f872b64fe1e75620f7f10b27dd82b7,2025Q2,0,0.01962371606069182,V3
0x22b9b1f528f0e617ce84581d78d13536eaad4782c9056ac2521d7204213b5654,2025Q2,0,0.01962371606069182,V3
0x6ac410efb3f814c425e889eb52aab64f1d8b792fcf3348646b75f45c7800c014,2025Q2,1,0.9818382810450208,V3
0x77eb9557038e4c4c00315a2be92522cc8ba1e735cd1d9cfc74b53ae28bcf0dc5,2025Q2,0,0.045462681475491845,V3
0x21149909e80c13a5c21889b6d648671d4ebe40a87bca022fd7b7f37fba646af2,2025Q2,1,0.9599659544856808,V3
0xfcc351fd85fa292139857b3c63b3e5b274b2548477cd915e1baad2e921d4f574,2025Q2,0,0.01962371606069182,V3
0x27608fbd4e53ace4de7346888689002fda34b01654a31590016eb9039b588ebb,2025Q2,0,0.019864538747310412,V3
0x754e9fbe2731ad1b775887a7e83d67b92b0700546740cefb204a2499f076eafd,2025Q2,0,0.01962371606069182,V3
0x78fbe059685718732f1f584e2290f0e80aa7c5c3ddd324083e3bde9429caab2b,2025Q2,0,0.023441599377718496,V3
0x82962688c00787fce7588ef672b7c3b875db8ac1ce263f2f3cd64211bd2379c3,2025Q2,0,0.6608324496367327,V3
0x6f648aa9489693e792f3087938cb8979080484b0e98d4e0b041cfe4f64a76d61,2025Q2,0,0.016524934906700574,V3
0xca02f54adad0a5a3ab3a6a41dbd9a869d300043fd98038c886cad563cb6e6847,2025Q2,0,0.0129844376467391,V3
0x3e0587bec9d48499678739a44da2e8087011a05246fcae1562edea215ec857fa,2025Q2,0,0.013144875406564277,V3
0x264760b057978e8bf0aa5f31fd94ca6b6173e84a89075021f9a67995b4dd7eb3,2025Q2,0,0.0129844376467391,V3
0x2eaa8bce4ea7a229c9e8a3050914b044537d19953fa364b176f95e1abc27f5bf,2025Q2,0,0.8043309963641323,V3
0x33a04f72ab65a44bb924389e3a133e928ce5052b2511e00d2775cb30420002a1,2025Q2,0,0.7585616837217395,V3
0xbe3331b6df14def2a1c0e366e6f3ffc08fc6744a70190292a243a49695a41caf,2025Q2,0,0.012773523206084223,V3
0x5858502a7f850fecf999b93f2595e5eefa758634cf0506f4047de5ff83ace7af,2025Q2,1,0.12052142646736003,V3
0x20fe4b037a1dc0578b0d125b0b427a06d8666068e8b901b1c181e82bc844c45d,2025Q2,1,0.9806162838102277,V3
0xe351d100b5d0d183d740a185e7eb33b704fe76a644fb42c436f17d0f5c6ea4c1,2025Q2,0,0.01962371606069182,V3
0x12c8bd9663adc1ea11f46ca0b5873173db70c6afb3694115c0005f21e757acdd,2025Q2,0,0.01962371606069182,V3
0x24d7e5b6f30706c8beb02cd4e5220b0e53ee1ee7c2b641530146a0706ee15e8d,2025Q2,0,0.020941984486306856,V3
0xc7296b8d619bd27c229250207dfd025b47264a2754067fb0ee318e12016e7ee5,2025Q2,1,0.12959456380572193,V3
0xf5088153c033a7a79f7684478a268e644078898952664a86f86c45a35e5e2cc3,2025Q2,0,0.19433462659028353,V3
0xa1e32ad272213be058b49b5b25ea7eb859cf8b4dd2552b9b720bbe3b2ab688a6,2025Q2,0,0.34210083418873943,V3
0x230a2c0b88aa0cdb810506b818aec1e092c81ae07e3148c2aff24df2aaa0d2e3,2025Q2,0,0.052084251187988484,V3
0x445fda2243837cbe5b0fcde3985be1b2b0c88d9ef4c0ef599fed9056e502ca88,2025Q2,0,0.028881200709501557,V3
0xc3ede0572bba2901df68aac861e1be5a2de742060237d8cf85085e596d210eff,2025Q2,0,0.0578988045373452,V3
0x6a2332a3ab40273411dbe6302dd4e974285faf340c76eff4ce4a2e4851995ad4,2025Q2,0,0.027296381664248186,V3
0x3a92a26ce837b361bd044acc2c0b81346ad66e9a891fc5ad27b9a35e6701c6e7,2025Q2,0,0.05234297596007505,V3
0x834a4109dbd18f97695e4858b3a18d21fff19bc2dc7c055f18b96843ac1de17b,2025Q2,0,0.05443896822996711,V3
0x872c8e9a4e4808a2ab714c267bd8a93f63cb739c853d7e4de2b42009e73f9b3f,2025Q2,0,0.030896120497607937,V3
0xffdd774123c13df21ce755bfd4f65bde47a74f1377ea73c8b130d84c59831173,2025Q2,1,0.9882818462552612,V3
0xd347dec81fb3e6a4b990f0dc291a8083c85bf4ef16e43efbd41b6f249584ba0d,2025Q2,0,0.07957734644185284,V3
0x466fa40a6f366eb2e9e7289520ece51c00ba09b093a1170ec9245a3a5bf6b4dd,2025Q2,0,0.0875766510936019,V3
0xed3aa63a2efd82fe52937c45e1e1cb8b4da834831576e4e435d1e5333e011f85,2025Q2,0,0.06444045792674241,V3
0xc952d0cfab6d4cf566294602c0e81982def8850f1a6f713c634c9b686872990a,2025Q2,1,0.16072667697198464,V3
0xd6c22daa78afa38f19e23ca808052938cfa9388db1b628145587a80c47e6c733,2025Q2,1,0.04447547510978053,V3
0xcd6b8c35e1e11e19967784b0aa6811fc20a81639201203122de2c063fa9bb646,2025Q2,0,0.06091028086647756,V3
0x47d6505bbaed024fe49620e96dc13d6620a69d5db47b1df58a5ed5a1422103e0,2025Q2,0,0.21689980651228172,V3
0x87bc8e4ff0e0f978cc75c018774b7bd943eb152147be767140e7d5e1068ac1c3,2025Q2,0,0.031175075744998716,V3
0x26ed2c7b22d8bbf6789e76bdcd88c22b605df53e88c7b57fb3dc48b7ab259a8f,2025Q2,0,0.939312653881734,V3
0x6b56f2d88fd3f6300722421389708fa07783db54abe1c1d77ee421f658cbe93d,2025Q2,0,0.031175075744998716,V3
0x629b886410c79226d96e2a5a81dee78652b775243ac0f5b2bcf34fd696543fd2,2025Q2,0,0.031175075744998716,V3
0x59076376e762b077dee421d5e54824294ebd31942a9780a9b96390728a6a018b,2025Q2,0,0.03405216251028348,V3
0xddc778f4e1f001b17cd86762ae466eecf2299bc3d12271a2bf825a9bd9b7dd68,2025Q2,0,0.031175075744998716,V3
0x6220c4164a293367cd40eba018dd6e67c78e4d48e74158845cc9361230bcb34d,2025Q2,1,0.18813491106823896,V3
0x750276bd94568087d1f856131d47b1ef7449c9a1c6afe218d86c8890a8846fb0,2025Q2,0,0.031175075744998716,V3
0xb9e2e79ff6dbf71efd817c9314536beef077c762927467cc759fbc98b4aaf1e9,2025Q2,0,0.031175075744998716,V3
0xb24c5742d0afafc0fb0820a5409b2d8ba61ea5547ac6f3612ae6210ad13bf7bf,2025Q2,0,0.031175075744998716,V3
0xffea59c51b27dd000038fb9e8f659bfb3ea3cb8a4283a9e774bdef9844a27141,2025Q2,0,0.031175075744998716,V3
0xd2055601def8961bea2e6fc911538c64ee181e7ae944f67c78f395e39df43580,2025Q2,1,0.9891379791340149,V3
0x38b9b48812697c27c1f563c61c929d7a15a356faf55c48a4686500c37ed86ff4,2025Q2,0,0.716595277193443,V3
0x8253af27755ce4e4e8982497490a56a38cf7d56eff3d85413b1abb7830b0c9a1,2025Q2,0,0.26050809724817575,V3
0xddeada500febd733cdce995bce68c1baf8e8669b2c22be6643fcdc6ca451b472,2025Q2,0,0.05378468846904517,V3
0x3781472356e548fd9d7760119b34f93089b732774619046ac1fb98fd58c44757,2025Q2,1,0.9750774395550496,V3
0x0f4d9792bdf45a5fa5f717cbe55d78107878854816374b2dd741f46062aba2b0,2025Q2,0,0.06726901477244045,V3
0x4685c41276496f4f49094cc27abed3f22356851bd53f769c3750fb624adb70cd,2025Q2,1,0.9961427364808555,V3
0xb11173b63944f4f273bf31da413d07384284bcf7a3053be15a560a9b80d171df,2025Q2,0,0.06297763648827724,V3
0xb0ede82fa0c5604bf0dccd32d8ba909f5cebe1c594357754cb18a74d365f6e5b,2025Q2,1,0.9905653665135624,V3
0xfe4ddfdf4e6b6188967331f5932c8ec6dcbc815572ef9f3566b5d903a708b61f,2025Q2,1,0.9648846263045416,V3
0x447e4b169e62d6a0c3131c52df11a471b760f25e395e701a0c165f7b9d0cbad9,2025Q2,0,0.11757865078797183,V3
0x908e5007c3a04bfa1c75a3a9811451005636c627813642ea6dcadf444318e652,2025Q2,0,0.06911374805378433,V3
0x7b2a1f078cd5c664b5c297e3974065134aa1eda70a7b97abdc60c83932bb516a,2025Q2,0,0.07183039678599211,V3
0x7dfbb35a03a30efe1d4d179da323f81211dbb82a5f7261de4924379ac24de63c,2025Q2,0,0.06547005678300646,V3
0x7d332ec9356559facaaa1b694b8268a05e7ca41fcef827665e6b154097ec5466,2025Q2,1,0.9962059623520976,V3
0xb361aeecf5e34bfa760c3f715970e8b244f50d747e1843edd8698848a7fc4d9d,2025Q2,0,0.06938107412442897,V3
0xb3281ef2917217f999f2da14bad0913033306b3845b1804a4d4d5426cf59eb40,2025Q2,0,0.0657242844236117,V3
0x58c601a4782130e23c508cc8eecbd6f9c0e047571c2ac5c81f5a4bbe752b2e5e,2025Q2,0,0.1264621046104569,V3
0x1ddc0e7de1634d1204dda3bef66ffe18b0d52d8605c0a363755480de0dc81d41,2025Q2,1,0.8279758048879615,V3
0x14618aaf6f238e45400b1bb50857617f4b8d5a3a04e8dfa8b17de3db3b26bb27,2025Q2,1,0.9959800424400264,V3
0x48950c8fe2fb39bb1b310c4b37878187298ca9b6ea6a43f2aa126715ace2f989,2025Q2,0,0.06371592147940608,V3
0x3b40221adf21a481d1eb3c84bd52e828384fe2558a9889afa86068874f84f7b8,2025Q2,1,0.9945437829256842,V3
0xdb485c9e39cbb2e3a04d356343b906f81c717e0e6c0f53250afd93bc54b8182e,2025Q2,0,0.06396380382689626,V3
0x1b34e58c8dbc90b18f8fdee979a46bfa153a2bea35ac7678950d9ae88f266300,2025Q2,0,0.07756122568460895,V3
0xb34dea60466c534a9cec1653ef49fb94d0daa9a90cee58bbe3b31dca715b110e,2025Q2,1,0.625864417519453,V3
0x0af4fc7fc85ce04980cf9193bd36111400d096cdf257e5fe7e0e3968137ada9e,2025Q2,1,0.9729801024334245,V3
0x30f5e92c0cd8f6eb8044b65665cb3ff19783ad6c8730d47566e05601e23dcd0f,2025Q2,0,0.06446226595224229,V3
0xb6b7ec6f7bfc0553df2d2f8552d219b9861c435e68c3c53fbb0453045f21b2c7,2025Q2,1,0.9961107310629863,V3
0x5412ae25e97078f814157de948459d59c6221b4c4c495fdd57b536543ad36729,2025Q2,0,0.06521674387436353,V3
0x68e11d8da6fbbfd7853effb7f5e3928de5fcdc255f520602bdfd5961347ff277,2025Q2,0,0.06346893462696547,V3
0xfeaf0ffc3e3e658687bcdcab297333ac981025bf9a4277facae81123af4708e8,2025Q2,1,0.99394630624724,V3
0xdd95d7e22fd8c9ef5d61285b4ed31aa84e8fdf35192db24d8e7d8938ed4747dd,2025Q2,0,0.04097930559982416,V3
0x21c4ed93cba2c4e9ece886879875fa1f9e87ea5f27f706589a1e304d22f10747,2025Q2,0,0.06649248340881694,V3
0xd5a64f75a5d7107e53e7c3eaf52865624a0c79ad8c41379faef4285494991326,2025Q2,1,0.8530613125462738,V3
0x663bdcf8373cfa2af610ee93ff43f4451c0d0d07322129a6432b8127884687fd,2025Q2,1,0.9962059623520976,V3
0x8bb7b5188093a0de20913d4fae9d4bf3b513a69a329abf24c7f212950a8cc361,2025Q2,1,0.9812398179072654,V3
0x984d1ee788ff724a30af27cd77ef74455b49bf6382460aceabbec94f01961a35,2025Q2,0,0.06964935682551018,V3
0x34d650cd671bfe703a0bbb2b2aab0387afb6292a6cdf4a08836245246b4f7b54,2025Q2,0,0.06371592147940608,V3
0xc48215384852516beb6b234237ad5ed9cec0f7ba1836fb2f06791b3d05294073,2025Q2,0,0.06421258440465265,V3
0x9170008ce066642f6dfe51292fe526bd842bd9ffa121ec9b053de8dfc1444123,2025Q2,0,0.06371592147940608,V3
0x0e07d28fc57cf979bb6b09fa7ca9e7530c86fa5ac16bf0171a53d58cfd420e6b,2025Q2,0,0.06346893462696547,V3
0x64a87c7559aef832f6630af3e501919fb47a5d0107dbb1eb2236f71f910e5bdf,2025Q2,1,0.993098638762309,V3
0xe8e3ca717d93be1f6fccea2cc168aeea15f2568466f37121d780efe32eae33e1,2025Q2,1,0.9960459245055994,V3
0x2fc8f8cc40668ba16c45d37f45d0bd8a3601c4d84d9c0d50f83bf3ded5f580bf,2025Q2,0,0.06346893462696547,V3
0x8cbd1eec9f4fec06441183d51ece9d314f9d90439b8faa1e9c3a56c3cd70a68a,2025Q2,0,0.062005666291021756,V3
0x2b66945981d5d95d7bd7e0ef4cd4e45ba62027d46707c56a6b345a6fec59e41f,2025Q2,0,0.35311952462370627,V3
0xf32e257000f1a5c494fb3e0ad7bc171bd23d95c734668a5fb9e8a03e1570820d,2025Q2,0,0.062005666291021756,V3
0x6e4a56d8073645a86354e47f82a70f8ccc1881cbdcb54e0a32fbebb954f2ce9b,2025Q2,0,0.062005666291021756,V3
0xb1364e10734364bcd65c76eacaf295c75c43c72463e186eb32f8aed906b179c7,2025Q2,0,0.062005666291021756,V3
0xfc94387205683d0609fb428a69b16c161c45679e29607af84ac897433812a2b4,2025Q2,0,0.062005666291021756,V3
0x97004cec761044f6eb772191377b3a352d3ec05ec0249a1bf5ca442ba1fac097,2025Q2,1,0.973412862476065,V3
0x431a30c767aa1af96f29632f250e89dc533fccacb5be1ef77597304149e9b810,2025Q2,0,0.062005666291021756,V3
0x54905ea776fdd41043fcf0ef8828e8062afbc4cec663822302fd0ccdb307d8b5,2025Q2,0,0.0704599729708714,V3
0xd1610c1b40d51e192add0abdd693887b1ad4aad98c98198dd706f6bebaf2cde0,2025Q2,0,0.0624898876171101,V3
0x81dc62c84e8f1d9f2cfd4ca576bf0d5ef27d39e0bcf7b12f115a9064ed0c15de,2025Q2,0,0.06322284053873461,V3
0x46b3489f63d0ebd2989f4a2d63ace13ee99ef1cf8e73a4b3d91d736da51865fa,2025Q2,0,0.062005666291021756,V3
0x1b2b69401b202d313f8909800ca7e5b1c631de6782d0b74e7cc827e1873abfb0,2025Q2,0,0.07966409811482415,V3
0xe8545ea6fed1e7cfa2547777ff038fe800002e04d046a03241ac2950558fdf09,2025Q2,0,0.06496434293677782,V3
0xcda43b8984c7569551729a71eb35d204988dbd1f3a09641db33c2ef529968f72,2025Q2,1,0.9958277833089593,V3
0xa617522831505d1072fec355a8397c857e5570d6eb9156e11226eff9acd3c259,2025Q2,0,0.06273331975358634,V3
0xdea03876fddd85fb11aa43273da7bb7a0bd71101b55eed734e35d60174fd1bf2,2025Q2,0,0.06273331975358634,V3
0x32299bca681bfa08b6f82a37fa140b0023e46fc2795044db1401d270277d9230,2025Q2,0,0.062005666291021756,V3
0x12d7301c569d569d9a465d6edb5613d1f984019d8abb1d194312668687044500,2025Q2,0,0.06273331975358634,V3
0x4b1470a1d83fe0e9e5e7edfd68ca0517fdd1386e412d2203d27a5c2832ed60c1,2025Q2,1,0.9961267667017566,V3
0xa1997b3a88f85dfa1e838748cb5a00e082871276d8c057a7fa63cef88121a8f8,2025Q2,0,0.06471285121355536,V3
0x6fd4cff7d7e09e613ae8db200557ec8487dfb2200412e230619400b23d52b5bc,2025Q2,0,0.0723854216052067,V3
0x4e67f9c7e72b7f10427b8f152bdce42ab9b9bf9209bc5662dbacf384bbd2a4c6,2025Q2,0,0.06273331975358634,V3
0x2e902560e7751b52d4476446d503f88b232677703759288949596016dd3fa4e7,2025Q2,0,0.0624898876171101,V3
0xfca1a2c7262a3718b3079428b50dd4114add3f48d1e44f9692b34e1f4ebe32a6,2025Q2,0,0.06224733736577717,V3
0xcf4302e78728091bb050f1ba68cfd6838fe307386ad81dc7ada85f121a02b2fd,2025Q2,0,0.21943158712857447,V3
0x2b52c752e7565b54fdd0c60d6c6db006dd4422611a9799d381285fa1771395f3,2025Q2,0,0.0624898876171101,V3
0x4364972f0b5f33379092da7564811c02acd0069d45c7c3046cfb17f9f01cd236,2025Q2,0,0.06224733736577717,V3
0x30e19926d2527737d65fc2f63de20f2c1e37d63c00f801ac5ce527f043c47cca,2025Q2,0,0.062005666291021756,V3
0xabcc3eed397a203fbc9e4b99fdf37c42f7015fe3fe1cff090d58574d47496685,2025Q2,0,0.062005666291021756,V3
0xb8652114aba10ac01aa093e4135a070072a80908f0a0a7f0d6587fbfe55ad6c1,2025Q2,0,0.07018880341912453,V3
0x1dd8d6afc998fe922a00c46a2705c325f4bc09f9af750bedf1946513dd60c099,2025Q2,0,0.06273331975358634,V3
0x45dfeb8088ef684004f6da7ab453cb1e7cacb14330b06a4eb7ba556e47201c43,2025Q2,0,0.06396380382689626,V3
0x67c75f4852ca79f08a7766c60bd9edb7df7f353320c1e168514e53b8f6427a81,2025Q2,0,0.062005666291021756,V3
0x63a86e84ee38137a74b13cebd849a0ff0a4aa52a1e046d1470a4c7a5ecf67ef8,2025Q2,0,0.062005666291021756,V3
0x7de9348782747fc1f6a9e4d0ace397e72b5e64b0c62fc0f2150d12cfe90e70ad,2025Q2,0,0.062005666291021756,V3
0xf8b56301ef6e79875a783a89dbc4c1fe29be4152858a2f2c2d96fa52e8be5dc1,2025Q2,0,0.0704599729708714,V3
0x896e2fbb7fc0edce895caa8098501a320e0e11d23de4d81ec609d5e1533ce123,2025Q2,0,0.06346893462696547,V3
0x0e0c14b89cb08fd028364656cc41b4771323ee7e0fda9c041271be62b3faf468,2025Q2,0,0.062005666291021756,V3
0x2fe0ab8fc16c515a26369e5a6b8d93edf8651a20d297f5f5c5c1468d752c8c7c,2025Q2,0,0.06371592147940608,V3
0xcdd330cae61b17c8e88dc1376d7de966f39387427bdac9d6d100f2a1d92947e3,2025Q2,0,0.08727459575290525,V3
0xd25ff3223a2233f6cd96a349455ca3237931c64358792f90c5f02d8cc39be38d,2025Q2,1,0.9923817961356387,V3
0x455c0c8708d00d5c6eb84db8a6dc8771cf46d9830f8ee9a7b308333823388c05,2025Q2,1,0.9932671245890001,V3
0x6a67b9d828d53862160e470329ffea5246f338ecfffdf2cab45211ec578b0347,2025Q2,1,0.9960131190110719,V3
0x9f66d14b441a5af47cf31c9f063114d67c92968174c89de7badb722e0262f6a0,2025Q2,0,0.06297763648827724,V3
0x00b2f3ec7c5092fab8fb54ae2451f888266d3c365742d865e07dcfc4a8c1eac0,2025Q2,0,0.0624898876171101,V3
0x896d1877ca71ffa3d43c046fdacd4470f1a8c0cf91e14ed66d9d0e0b3099dfe5,2025Q2,0,0.0467094872463128,V3
0x4c654e6c9ef8bd3b2cd589b62cd5ad44c5dfb9423c71b51bc6af1cf02baeb4db,2025Q2,0,0.06831748143908707,V3
0xa85c14232ef55745b1bcdcfe10fd55f628fcd8def33d4d112809b14d92cb8f5c,2025Q2,0,0.17255680067098314,V3
0x9fcfb9bf9287879a8f4b67ca9af614c819b73c299d63a0aa8d56d013e763005c,2025Q2,0,0.06521674387436358,V3
0x06dcf640b5f29035442dfa0472b72a641df54b1e99e186368f3c6b16ecab3913,2025Q2,1,0.9401532868331958,V3
0x6614828eb735b658bb9c448b6d217f639f3ee17a3d0776cd41b1b86398491b3c,2025Q2,0,0.0637159214794061,V3
0x0535280a26955abf733d04ec594789bb6deff15b54c96dc62e16f808a6cffde3,2025Q2,0,0.06884737579316443,V3
0x72c6794d9be77f33287ba88554e4d153c08427c46216faea58de5eccd266a1da,2025Q2,0,0.04180212567941755,V3
0xe08edfc509b6e3e0b3a78a118b3c48ed23b96174af41a16b4d3b0d3a104a6be3,2025Q2,0,0.06446226595224232,V3
0x9b7176293bf3eeee0796786688a02d56a67a28dc6d9da9c0e904b891d82f895a,2025Q2,1,0.28147266472654026,V3
0x052d57cb01437fefba9bef4c0fd06c4cd97acd628d193697bbd11f6c8bd62d68,2025Q2,0,0.09661728710333382,V3
0x2a86b3971f01557db0954e47e83c29013333e3422e3e9b4716c136823f24f7ce,2025Q2,1,0.994171590817264,V3
0x330f413895b25d8669861208d3403725516f6e3d66164bea64a8be41a4ccb0b4,2025Q2,0,0.4524966775715435,V3
0xaa6f9221b4c9dccf452f901c61539edf399755dc8fd4e411c4f51554d7a7a7e9,2025Q2,0,0.062005666291021756,V3
0xa6b3d50d6d1b60296fcf781134fb363ce9c6fe39f47fb03131b7d8af259fce66,2025Q2,0,0.062005666291021756,V3
0x32647079f2d533253ba9c24d421f828d83bd0b61d5a791091cdafe71fe7abd2c,2025Q2,0,0.062005666291021756,V3
0xdc6217bfb7b370163f7c427d693d5610bb00c1e767edaaa18d428a7aaf950837,2025Q2,0,0.062247337365777186,V3
0xe8b8c64c93d1fcc39e060a3cf7e32d7fbaae75597979074f83b8d75107064996,2025Q2,0,0.062005666291021756,V3
0x6eb92562df425ef6ddffa03fbf2d766b6816c9b5cc3175e799d439bbdb3d8c45,2025Q2,0,0.0624898876171101,V3
0x3b1121fddcadbd2b8bb2c96bf815a5303b72b8f90fa3145140ab607cec232fae,2025Q2,1,0.9961902533385864,V3
0x2158d1f83118f06d7399d5000e9c44f317eb8a0801a6f588d261bf2cf2310445,2025Q2,1,0.9961744795324987,V3
0x3b2f19935f2a969634a7aca52b69cf653d957ec6243bdfcb97dd830003e90624,2025Q2,1,0.9960131190110719,V3
0xc0c0d4b16191cefab5c6dcda1797fc32cbaf7d495afb973bdb071d6dbea46581,2025Q3,0,0.023350035076363993,V3
0x3a49d807153c04f04559ca17dc25e8cca25504d88a57a5fda538284e882c02fb,2025Q3,0,0.27367433377447986,V3
0xcfaa7bc4cee131fb6e724b54230616a1aad023dc6044da6b84f06b35ada28586,2025Q3,0,0.34852397004652885,V3
0xf16bb5a97c8d13e41b51dec9024d55f69a39736d4a0f8539bacc993470cb02f8,2025Q3,0,0.19468645906143436,V3
0x9fb093c5361acd17289f7b9962d6e14bca8a0ce05618498f95ffbacacd64e77b,2025Q3,1,0.8918218514210593,V3
0x8c601a3d990460a92b604488eb97a9d19d9218c39609ad438cbe788a1db653d4,2025Q3,1,0.9249775428081594,V3
0x2b0a07e75ef14cf292e6d93fdd07f333057acbe249f8a7af57bb1ee3c5a52b1a,2025Q3,0,0.572694062139345,V3
0xf2fac7fa4a31542b564faa725649dc596b59beae296fecc436d1e40202baa5b9,2025Q3,0,0.032490825935619444,V3
0x07a49f044960fb16a4bb3ef0fb97ea3427092f4f860f6fbff74b829af7d64aa2,2025Q3,0,0.06316215410603095,V3
0x7035aa7555c84710f78a64c3f91c232d03a7153af0fdcf2a01f7838033204afb,2025Q3,1,0.9777898680289073,V3
0x3f6d0c5fb6274a88afa19b9e6f4e5cecd719324ade47c97aff7883002880d64e,2025Q3,1,0.037704441341740565,V3
0x69f218208ee7bee0897b5f683790ab945b7db5311886fd39641d476dffdd8944,2025Q3,1,0.12013532660019444,V3
0x93f4c7d110f2ac9752f56bc448d81f393c439ee96e4342898c9c5e535bb08e4a,2025Q3,0,0.02561700554099718,V3
0xff65ddeb5485e8d132a033c29b3022a68527396540df7265e285eec184041d66,2025Q3,0,0.02561700554099718,V3
0x812d8819cda5c57e824719de0381d8e207a45b5b71da31a6425f6c2f181a3fc4,2025Q3,0,0.031781476268722825,V3
0x362c61cfb577a719526b03e7596a3ef3d6d9aadf5292e2e2391c2cdf62892730,2025Q3,0,0.04212604969180862,V3
0x4a68d828f7263f34391484404380c34efa9566f12a08a88553ddbe8e285c3ae9,2025Q3,1,0.9789468461236515,V3
0x0d09f8cb4ac601074c02828328a893fdab030ece3ca682faaef89d82c43daec2,2025Q3,0,0.04510698522030142,V3
0x5bb02509cac2580d4b13ab17cef450011997faf52882059ca9a9611e374c210a,2025Q3,1,0.9839779846451852,V3
0x65e2de7aa9d97d3c1fa818321dcba2ead3a44c42a94f29df4b008d1cddb6fa46,2025Q3,1,0.9682823057575588,V3
0x4cedbddfde0872b20aac8b421b98d3808cd97d15bbff5d10602615c8476c68e6,2025Q3,0,0.046741946193477546,V3
0x779c11cdb2946b7330be75b864228bc0c67bed919f7e96590cd80594d1cb1166,2025Q3,0,0.023862538773976105,V3
0x43a0e99dec7bb0c6ae5a9166cf6df932a36ca721eb62f673eda5ea87232bc8f2,2025Q3,0,0.0283184319526452,V3
0x1ea32b75e1572c8c471d4600b05bfa322c5e1a5ab97a95fb2b047ea798dab2ee,2025Q3,1,0.9791951880894499,V3
0x9f9b80acee3dff860af4b12f2399b07a8eca79376143e2c3565bcf833a96b4a0,2025Q3,1,0.3744496878640892,V3
0x94db11d2f3d7508ae36589e92cb30b3c9d1032aa4a3b23f33d4940913ed5e035,2025Q3,0,0.023702055725433907,V3
0x2824d2633fafe8985a611c408b99505c18c7d9be4f05bd044e0a8085f9f2dcb1,2025Q3,0,0.023518944506577318,V3
0xe5ee25ddde1a96b51f26dc44e782147d56a4f401a8df9e1705e69c9c2ed45652,2025Q3,0,0.023518944506577318,V3
0x94b6840fd4789ed22141fe13b44d65b7a172717ee5574bab326657f2e6035d80,2025Q3,0,0.045003858598664154,V3
0x30be2fc500027e98ff6995bf1f197484e925674f5ebb69bea4a8ee37db504bd7,2025Q3,0,0.027457149242977263,V3
0x8546a59f7bf128e652ce9448597ad83d301f795c92f523c7352717f4760665e3,2025Q3,0,0.023979333381800937,V3
0x5d892486e700e4b7afb9b1726ce4697b0c3002bc086dca4bf1131c932788e920,2025Q3,0,0.02454341224432454,V3
0xe5db676ab771065e550c464def341222103ffd2c29d0a16a675eb420f9bfab34,2025Q3,1,0.9852411291903427,V3
0x3a369bc286924ad5ec7b8a6c906ebd7e79739d8b97fc1bc0ca0f629d71963a94,2025Q3,1,0.9852411291903427,V3
0xd76cd9ad15dbfab721504055b11298c6698aad9e0c4d0cf6f795048d95fe607a,2025Q3,1,0.9849931110796452,V3
0x23cfb7f4d4cefbac8e464cb53717654d84f82f5ab7ad4497662c122d94bb658f,2025Q3,0,0.024141647411582267,V3
0xb8498bb4d013be50bd4af336c0cadf62ab0f2885cc968b742304d6edccfc7190,2025Q3,1,0.9852411291903427,V3
0xffc6af90d3fa254e5f511ab9e640bfcd656b4c728f82ca42a7b9db967760e94c,2025Q3,0,0.02442393896510943,V3
0x1b8547d064f8b849259c7f4e923775916b831b114066279a4f9e41bafd9d1fc4,2025Q3,0,0.02454341224432454,V3
0xf18e0785116e491c40b5a607fa69a451ae552a3f04f50a6bc51a7768fa581e96,2025Q3,0,0.05471989005279369,V3
0x0e5219af7f980cbd6fd8d4fd4233bfead6f2c0cc8aedfa95b0fdf9268ec4acd2,2025Q3,1,0.17731074636254368,V3
0x128f8900f9fcf26d6686566105a0bbb581813a0d3f16f1fa0a0324e56ed9c6fc,2025Q3,0,0.022982698706422982,V3
0xa3d646330c69637855b99af191c40ba980928eaa1cd97c1f6aa52de6de21bf76,2025Q3,1,0.9841061033545714,V3
0x448c358927e1010415b570d2f28fa15c2d5cda9b78b605a16c21fa116bebac5f,2025Q3,0,0.0486784397712153,V3
0x2cfdff339c1ccfb9b66f69916502bb0a5e2da61e845d1750a7fbb763f38bbf06,2025Q3,1,0.9797534977957321,V3
0x78554a269994cb47618a3f7583768a008a5c5e1396323b92e9bad4be17dcf7c7,2025Q3,0,0.2808911284803514,V3
0x51179a929cf3bb4e4f09bb9d1387e90f7c7f91d101ea977d82d75ce15fb33cf7,2025Q3,0,0.025060155074875645,V3
0x11a367fea8169759c13b9dbf4547e6fb8aaecfd22f87674870f5940e86c90bdb,2025Q3,1,0.9659307720417227,V3
0x9b40eed84fbe8c057c2b520b181f5dee55b430cc3c46968d4bb2f5ef7c518a85,2025Q3,0,0.026455097351194317,V3
0xd6ba332e88335deb8d04b7faae06e1ad265f1e8ad464a2a906e7748dc8c7790a,2025Q3,0,0.023371606651839075,V3
0xed4615db4766881d064c19a6ca9ea6f3f3bc4d55c41fac513d1ca7a2f4dc96e4,2025Q3,0,0.03458468998989804,V3
0xa1f352ecc07504abee723e29badf7f4b629d02c95c82337c35ffd7f402afa6dd,2025Q3,0,0.026720496378456114,V3
0x6d20fbec2da69596c8c350ba463fb1132ec47a34c89d71d0294ca75b6c419339,2025Q3,1,0.04348605887702113,V3
0x4a8576498f2368190c72ee0536f34c30c6aaaf868ac6b72ab685fdbb5a4b0840,2025Q3,0,0.023894261088977162,V3
0x0c7d28659310de1bcffb52f14911f439094905e8a72dd1f341617bd0e20bc5e8,2025Q3,1,0.6707149829663983,V3
0x05a504fd23b9f673aa2a96d51f12520d9acbe842a706d103483f1504c06d38fa,2025Q3,0,0.02541569816929031,V3
0xc4c1335387edfaf4729f49cab9f9541e6de3299fecf11224de7fd4fba6e3d39c,2025Q3,0,0.04331030624551398,V3
0x48e51508835de42a12c7177cfcd45881590bdc9fa00baa1ca4173c441bb471ff,2025Q3,0,0.20796880629071038,V3
0x5fb3af0ad49773f85b9d9eaee0e169bda9fd90c13da2107ca01743a7bcf39663,2025Q3,0,0.04786130224754013,V3
0xb2fc36d5f9bd808e7e1c65b21da9f69cb112541d3b403034f66b0004e38172ea,2025Q3,0,0.028116792010419604,V3
0x461e3a6415a701a260c9f61ba726074e44c65c20d3e1f2ca916aaa10747ab319,2025Q3,0,0.03132036010651152,V3
0xdd38f1c91c1a1b90d4268afa7178d570c7efe3597ef3271594ab689d7423e597,2025Q3,0,0.024652849249765647,V3
0x9b384b7a56c41e7181d207e3a46e54dd1d1805200e976abfb8f621fd3dfd37c5,2025Q3,0,0.026739792431756497,V3
0x7c94bd32c0be45c73e7f42908d7b32b07203fbcfd52409297c60f0c7e1c28a69,2025Q3,0,0.0252323620011872,V3
0x78700265e4aaa5e73a4557cdbdad4ed768a1504f1c91bbce0c7ccffb4af175bf,2025Q3,0,0.025134863235108724,V3
0x46dc560a09f07d8b6989bec851262e4df92ea0dd909631cf987afc88c8b8d729,2025Q3,1,0.7069040207687053,V3
0x89f0c865380f678336c390ddc4fe63bd14b77852d8b84845b315715c73a41bd6,2025Q3,1,0.9856483189196837,V3
0x0c5ae6834bad46eb993926dd5055818a0a695f93940860247556af7ddc18377e,2025Q3,0,0.027900549247041384,V3
0xd513780a1859f1a5bd88054b3c98b7454557b4292bc07c52a008aa07dd87ab30,2025Q3,1,0.7808516382578413,V3
0x9101b7b2ad1dceabc9eeb8f4b152f6a796d5706404856f757196dfe56a0237d7,2025Q3,1,0.9858713147412377,V3
0x9ba0e12a339b01159f86cd697890e24ab2a25749cdaa8beb6a1a744fb4a93610,2025Q3,1,0.2862412451902822,V3
0x67f5f2ce94e999560348ba7cea12b82e032f503f572084756bd6cad0b1f5bb3e,2025Q3,0,0.02726146996071255,V3
0x27619d612e16ba61fd0c60000d6e1e17947f539bbd5fff7d08a1e0ecb3776462,2025Q3,1,0.98359082839388,V3
0x640938ae857aa2dfaa5aeb2af07ec853ab0eec5395a5d4ab1c31842f1d3ab271,2025Q3,1,0.8412809596048775,V3
0xbbeea892dd7c00356a01ad562146236f8e4a48ab4852d119676a41832a9edb9d,2025Q3,0,0.02446257668557275,V3
0x6913acb3b4cd22d006de94416187e2fb3ae2cd56871aefd4cfd1c328548f7f5e,2025Q3,0,0.02533022914053478,V3
0x5f1b7eb4573875d73fa68974c4477550427745bc8aa0270ee71022a7723121e4,2025Q3,0,0.02533022914053478,V3
0x0de7d3a8cb29764fc91c5941a00e1cf010b9ee0f2f4b0cd82a9e0737ffed0c96,2025Q3,0,0.024557533327948387,V3
0xbf203db4288fb9d2644db867ba399900279f18026fbfd302fe858e539fad36d2,2025Q3,0,0.030370629815474795,V3
0x5baecd1f5286bb3150e6186b8cd6ca0468cbed8093cd6b8f4a1a8752d35139d4,2025Q3,0,0.024748525737962834,V3
0x27fa3741337f72bb571945794b5e0a2326d8830d324a3608a0cb994005f9f0ad,2025Q3,1,0.9853646918022744,V3
0x9339212e711a0ed6185067689c98e1e42159cf46d671c9f0da14b62f9b69fefc,2025Q3,0,0.025393485552124846,V3
0x187098977ed6bcfa0ed23dd28b5f1e29ae83556bf16a7ad2c09c57e263a959e7,2025Q3,0,0.020344947125482425,V3
0x0d26a40ed024d82761b2b07d2cf23f0045328f94f35bb3f95e73e544232a8975,2025Q3,0,0.034780854765984075,V3
0x129ef0a1c46d47760646aaabbc6b9c229355476b8c392e85c614540a2532000b,2025Q3,0,0.0230400406414482,V3
0x4bf553d0029cca7d97bf42b2a28351c271bff3c898f57421a3a5e16c6515734f,2025Q3,1,0.057553257277333895,V3
0x57a7c6a961ddbff6b58aedf1f479e4008a06263a076805b40005cb36af4bb457,2025Q3,1,0.9571792735020732,V3
0x3c56b8d7b69bee2c0d9ec5d8a93f632a6f27d147844c8dfa726704e1fbd08d79,2025Q3,1,0.3064196000769842,V3
0xd42095c555fc67294ee945b214b84f49f86b11e3274c325adcf0d49e09114e38,2025Q3,0,0.023391690933151486,V3
0x669b35203fbaaf260e1e5198b8ca2ebd7887d7ffa6985dab99abb0bf94ef674e,2025Q3,0,0.04309776294028658,V3
0x465f89319b903b7f8fa9080d6e31264a5a439651c9dde08a3b2913f058f4f00f,2025Q3,0,0.7816614418972504,V3
0x4970172d9dc6f25bcce9891906dd3aea3050a0e4e40ee74daf911a8e4a3126ba,2025Q3,0,0.023918211852476584,V3
0xa05e5a87b0576f0cd1929145fce0bc6a4ed33d90a08e0319950075c6c0f0a0a8,2025Q3,0,0.04476568621097843,V3
0xc60076b8a299000e668c354b5ef7f180253be03d6584bcd3657ed685cdd440be,2025Q3,0,0.04101804597527444,V3
0xa3630220bf7bacfbbee372ef8e0c9c23df3912158e05623f585d1f8ceac00c92,2025Q3,0,0.023391690933151486,V3
0x3ee86a850a9f5b495d65ad5e409e5903a1f14ccc78c4e8bfa82fdb4c497b543d,2025Q3,1,0.973703480464592,V3
0xda1e13b408a29f7e630ce1e20c31331e7c4a1a60961bee8bd96aae210e97e2b6,2025Q3,0,0.048287788924569926,V3
0xd65c4072e48a82a9cd49e8e6be332792fb13e8e076134d860d110427fc01d374,2025Q3,1,0.9476876888101584,V3
0x5cee2245fc76fe3da2e33c1cc95746852ea193d587d2b8e43443e8f1b8fb3be0,2025Q3,0,0.023849649630553388,V3
0x46e434dcf99d7e1354abb5f2e3cbff811f3600928dc09e9d38a7128fdc577b62,2025Q3,1,0.6060956982073621,V3
0x14bf5aaa9c555faded1a58acff5ecad22c41eb20757145f14355766756c6ed62,2025Q3,1,0.6567980282096413,V3
0xeef3c14eb999ee70b3c7ba528d34a9b7da2a60bc55256374a7dc0bc0c6d955ba,2025Q3,1,0.98420261203011,V3
0xdcf2b4dd27cbf8374209e46a0d7726359e29c237c77eeb2d03845ea7702510b6,2025Q3,0,0.023758415977793084,V3
0x6373a53f15b4db85d6ba64e24e75a39211aa12781b9034ef94ee0bcb630212af,2025Q3,0,0.02144427232871976,V3
0x410dae9e439d5943703e08bab74b2147f526d13e432fcbf3583dd351c3f3936a,2025Q3,0,0.021361090116513513,V3
0x07ff647adb4fccea99d476fefd88d31a09bd275748bd093305ae661e03ef2366,2025Q3,0,0.037323720491202125,V3
0x8d93791d7c262550cdaf6edde9016add94aef0b8a4a06bea8c6bd53b233ce0d5,2025Q3,0,0.0210315063237195,V3
0xbac49f234f6b0541c7ba0cd2c142ed93838f301c97f86619c81b19921e72d934,2025Q3,0,0.05857617866625296,V3
0x02dc46f4354c1cc447577db82ba62cca1bda737bd67b73fe966ce1bfe580868f,2025Q3,0,0.02550957656932417,V3
0x6c3d5fba5442f3e725eb89b7cffcc341ca3105cddaac09c1e4bc8e7010f0fe40,2025Q3,0,0.06639680512414001,V3
0x9f41a3e4a2ef548cf207c22a48dbaf73e28dda5ec014c145217f428aaf3769e3,2025Q3,1,0.9670359987280762,V3
0xe8d095422da9f6c3ceed727a4b6251177f618b002d2a698bfccb48716c7aa469,2025Q3,0,0.038889650990673326,V3
0xbe74c0cbc7b1cd812b5b68439b3cfdbce3e4148037e9dd4cf2ff078618e9e381,2025Q3,0,0.893661821886532,V3
0xa372387ff2de628dd2097d889a34b5cf08a6fcdd8e59b254400e0b47506c557e,2025Q3,0,0.024059994114605153,V3
0xcd70715798fc5a4ffe5650f41fc94d6ae981cc809da3561cdbea3dac869ff561,2025Q3,0,0.022315117778284557,V3
0xc7e96db9aa56c83c19e7eb3d608ef821bf9ad7699c48c8864011e5caed4ebd3e,2025Q3,1,0.774824759284228,V3
0x40b9b62e09bf8429a058dd94edbeb3849691b41f2545fdd93af0473234a752be,2025Q3,0,0.056877352828955355,V3
0xa74304523e0d5b3ea3ce9d44a7ec5e67cc2ccf15735d46a186497d23a5d9edde,2025Q3,0,0.02353071525435661,V3
0x6ba01b84505b019e8c3ace62e85916535bdd950c0f7d78a6c1c6077fcb9b625c,2025Q3,0,0.021666789610077262,V3
0xb4cf7ea4502155f89905021917d22b26b01867582abdc6104995517465c57d91,2025Q3,0,0.023713915891043595,V3
0x31f8d949361c237709f81890ed313b25809d8333e78e155f34035fe99b9b5d1c,2025Q3,0,0.02110654181062291,V3
0xa56afcf5b2db4531f9f339edc04acc9c29a777127b79164cf8850556d164f5ea,2025Q3,1,0.9567881301719767,V3
0xd189af84a1c6c02b579796a1eb08af597232d33455c42d9c0f5c98eccb4292cb,2025Q3,0,0.08445840582226993,V3
0xb21c15db48e4c5197b7fdc9bf946a277e2ba8aa2cd0f09631a4b440c689ae7a2,2025Q3,0,0.13389426290687417,V3
0x33e9820998c7f9d3258999bc1f1ab4341de836d826a8583a1457c2a8f834c2b0,2025Q3,1,0.9829360652860849,V3
0x656c4e16da2fee857f9b9c49a2a04821134a767fd69657490b16a923ecd64007,2025Q3,0,0.02061978248581703,V3
0x1859f2db5700c12c754b8d4c1f7fb0b663df1c90cf1c0b2a931744ed9d9ff002,2025Q3,0,0.10113471912674185,V3
0xc74c985af2daadd3900b337e128555d997342db0d724528e9b0eb5d9bf2691a2,2025Q3,1,0.20576305212288984,V3
0x715eb6357edc59dc38d9f7da929e63be58fa4d3b7bd1415d7950a60bd4317827,2025Q3,0,0.02399132888362974,V3
0x20fb0feea43045ccb4b74ffc4198626e4d8be04e689e4963099ae1ff8f929c5b,2025Q3,0,0.022200066977914656,V3
0x2953a5f45c2908c95bd190a782401cb61aa49c58f11efddabc79f3cae3a9c25b,2025Q3,0,0.02061978248581703,V3
0x6d250918ac8353e8aedd848e1c0934c0feb8ad1be05676f19414def48d4a914a,2025Q3,0,0.1815997287044576,V3
0xab03a5adc30a70d64279a1e894b94665583fcec6ef6d6fcfd2d4687968847ef5,2025Q3,0,0.08445840582226993,V3
0x94c99f6465739a323859e4bdcb5091ce6e064b67a956b5c603974e574807efe6,2025Q3,0,0.022373145093804704,V3
0xf0ef70a1bcaa6f14e19ee87c5dcb8949044875c31fdd42ee078d7b72296c2ffa,2025Q3,0,0.021271279953647713,V3
0x14a5086aa913c7146d1b532b67482eb0b652f13de41ad939259bd2084f1afe5c,2025Q3,0,0.02078080208835318,V3
0xc922c0b8fcc0898ab6ac49ad47f5e14977b4d68a45f4c54f04d8303bb0ed9df8,2025Q3,0,0.024271906460278447,V3
0x26140fbd80ec4d942e1c59f86472ea542f9ff3eb9c4015dffa381112f54ebed5,2025Q3,0,0.022028297620903716,V3
0xfae907b4c7d9b39fcd27683e3f9e4bdbbafc24f36765b6240a93b8c94ed206fa,2025Q3,0,0.02572347161346618,V3
0xa491ceedf3da3e6e6b4913c8eff3362caf6dbfda9bbf299e5a628b223803c2e6,2025Q3,0,0.02053973133555374,V3
0x3c0585e53f8a8ac29b1e81fbc89485dcdf451f0409648fa36417cc9f0487317b,2025Q3,1,0.6536478625580424,V3
0x2188d6a45be5d481c8910e16fefd9ee648dbeade00e5a26642fec71ea828ab4c,2025Q3,0,0.021271279953647713,V3
0x387d5a499328023ded8132ce272b4faf87eccfa6521737a85bfe09a01183c2ef,2025Q3,0,0.020700139032215344,V3
0x6400143020a976de8117a58995c44e4c440a0307143c4f391448975ac56a2130,2025Q3,0,0.0202225585513161,V3
0xe59adbed2626288ba876a53a22fdf96aa0764c024a4c61b4785c232ff04bb5a6,2025Q3,1,0.9808376853636332,V3
0x8b1cafab17aaa138174c8096872df64552a204885f61cc5c626f6fac9e4e0025,2025Q3,0,0.0202225585513161,V3
0xb38ff89ca80358305983b93c73fea18d3269d7776f3bb77bfd75b0ce838cae70,2025Q3,0,0.0202225585513161,V3
0xb292b340398d387138e2e902630ac9e89ca85f214ce6d5ad6baddd71679309aa,2025Q3,0,0.0202225585513161,V3
0x0041d01c1584d78d7eec83726e4a9895000ac039a9d31efab618124fa5085bf9,2025Q3,0,0.0202225585513161,V3
0x842e835f4d2061b9a6fd0ac84665b7b69e9ad06e6316b172f17f42d2ceeee9eb,2025Q3,0,0.0202225585513161,V3
0x01ef26bf9a5179ae2528a41ade585df98b12ceda486a6d7ef0a86697d3082a81,2025Q3,0,0.0202225585513161,V3
0x760edb46478e9c9c9f77874229bdcfb4ced817a5284d5c2eecfeceb8f00f3972,2025Q3,0,0.0202225585513161,V3
0x41eda073eeca4071d3a643a527bf8549851ff16c7e4b924a007671cb11920f98,2025Q3,0,0.02078080208835318,V3
0xeb005a466ab396190a47e815c0855820d554716e0873cff67a30a690f4174ba1,2025Q4,0,0.03129001847896225,V3
0x09b3e4c716df2579afa0ede1bf00edd84f8cbe1e335785f90336e7a909c52f8e,2025Q4,1,0.8670217584491038,V3
0x90394c2848abe272fc43ab6d3842efc6ebcf41aee50ec9fdca1980a6452ff19a,2025Q4,1,0.9662776961773281,V3
0xcf629b392cb6ebbb90575ddcb2a4510ed4cba795e061bdb730df6aaeb4554ba7,2025Q4,1,0.29433810596420273,V3
0xff48e9b2a1348205a430c941ff6a51aba1ec18ea34d0add5f82ba9f9ffd74590,2025Q4,1,0.2394189389914704,V3
0x04cfc9a207e0d14f1eb70b6334e7436f4492cd7e75d2f857a83984a237c008ca,2025Q4,0,0.040757148815450644,V3
0xb45dfe8c5df7e41f4d9b03c5ccb3ab6598a9feb1914be0c83daf16cd98a74ba8,2025Q4,0,0.26206913864852277,V3
0x680b5b8add0677e5865f4b6d6d1d90e2d9e818d7290947d3fffbf7991cbde08e,2025Q4,0,0.2321739265070087,V3
0x4d6c87358a0a8522c775c20288ab7df7c8ceb4ffd1abf01881ba343cdf45964f,2025Q4,0,0.40325926886501495,V3
0xce295bc26fb49a30737aba33d7333b719b28408a5a053bcf6b6c85d03cd5c3b4,2025Q4,1,0.13763186840562927,V3
0xbe79f22965635de887b6d690911d04ec6a9d86ada78f2323f1ed56b316ece79a,2025Q4,0,0.03010930486745424,V3
0xc4fc208787a6b40594f5236c754be025d52652c0c8a817ce4e2bb99ab980312c,2025Q4,0,0.05658021964416808,V3
0xb71ee44874e6128bf90be5d2f1c07a58bbebdf2518535143069992ac22e277d1,2025Q4,0,0.024432910904062428,V3
0xbe7305335831f9631ddc00515dcddf11c3fecf02b0bfe48c45d0acfc15beddab,2025Q4,1,0.1388643132796593,V3
0x0228c334b70792abe9e3c0f8dddf34b8a371837d830c2278c518338c6d4cde13,2025Q4,0,0.287461767143724,V3
0x200369a7fc4dad910665c5a77e1c0c0d16237f79c637928bf0c5112cac2db708,2025Q4,0,0.032899963576671944,V3
0x14a3dfeba8b22a32feb0f10763db68bc4d2abeb5bff90e9ae20de53793b35a1d,2025Q4,1,0.02473828797138382,V3
0x60918e364dd0c217c3c1608993c2dfea7f1cbe66791670add299e4e104192993,2025Q4,1,0.1702999776309575,V3
0x9c02440c284eaa4798096be5cbde0c845d9962ff22664e50e2d7922a5d26a1c7,2025Q4,0,0.023880063931629548,V3
0x150c3533d57741847fbdc0ec3099ec4338ed7bc8f70050fd9d4c6ac665feea74,2025Q4,0,0.023371760298580537,V3
0x35aa60f14428ee91906728783c25864e69aa1da630d0a86408cf628f776fad0c,2025Q4,0,0.023371760298580537,V3
0x2df0f9131944410c596a5ec62c3c19d2dde36d97002e9a236ea5323ffe1a9be4,2025Q4,0,0.023556022344287324,V3
0xa9b4d63db8031fbc369d863e1e9dea77296ab49ddade6793f1938fe0c76e7d10,2025Q4,1,0.9812073957631054,V3
0x21c3ebd6f0d85a9a78c851ef4485d967d91e890093f5474eb675324c7595a124,2025Q4,1,0.9876543209533846,V3
0xec0a4d2952cb62ca55e16a4ad879aae5c988309f71a8f16fc3c65fe0a8df52d4,2025Q4,0,0.026041379614183333,V3
0x27fa002bf1e91268fa0b4232b3d35892f15f7b6c26af17749a10ec3a8c218b53,2025Q4,1,0.5324012945048457,V3
0xc15a24d1576b84a0ae8896d2e2f89d33cf2ab84e20c358269945725204ba2442,2025Q4,0,0.662086021126878,V3
0xaf2193cd6b091db90642fb9b9fd7f3c4a1c280373357081ec68c9841e864b207,2025Q4,0,0.02593959156766106,V3
0xb98af52160e844fa40409c12c1e205be748d71446cd653b7b7b04ec05d6da4e3,2025Q4,0,0.06268340865025857,V3
0x1586c09368022ef06b57487108ff99c83745309a79a7952ba11b916b606c6700,2025Q4,1,0.8849026113229698,V3
0xb48372708bdfadbd7e045a1838847f5b2e80ff2c9aac5fcfb314c14168c5ffb0,2025Q4,0,0.2013242685880825,V3
0x2a6698afa34ebc176e1a7b31f5fff0ea300ad5032ff0f4b19c96779f910c7f98,2025Q4,0,0.023681544773661203,V3
0x488bd2aef34f16238e1329c5091832c91dee945ab87eec1bf37af9f119679913,2025Q4,1,0.9532195439147922,V3
0xb09761f564bc398ee978545973b85b952a5aca000557a49a3224895893aaf8b9,2025Q4,0,0.05970685119886211,V3
0xc6857fdc8b11b381c177706e3c2fac86fc71331a46186c3845a5bbb421435360,2025Q4,0,0.02687495465932794,V3
0xf8226ef2f458366945d8dc932cd4f55aa054de8897daffb23792105b745b2519,2025Q4,0,0.02687495465932794,V3
0x17b0a61b4bc527cce4fa8206014cecdbd40a0c15409270316da643c839948f04,2025Q4,0,0.02687495465932794,V3
0x6445e74d491dfb501ca19e7b9dbb061c07ccabffe074328b10f890f14414e6ca,2025Q4,1,0.3811205684421048,V3
0xaf7e245e4ce6fba15bb5d3161a3429c80ca9370bc91743f19c08e631c45f2b79,2025Q4,1,0.10976521374034795,V3
0x62995cb8a7c8c0d216a8882109bd1e05574b5df87d313f06cb3e1cd5593e6d13,2025Q4,0,0.02828769465744726,V3
0x937d7afc09f1d2a16a4daa1928798725ba97c809bccac841d0907117dbccceca,2025Q4,0,0.02850958234827914,V3
0x0cc0fe6b5a5a9ab2a7381caf7054510d8cc8035e73d2050866a2b2f0959643b4,2025Q4,0,0.02828769465744726,V3
0xe2fde77ec7e873ab1d0825880f6dea70d97f1510ec6184b886e55511e3f127a6,2025Q4,0,0.02828769465744726,V3
0xb54dfd7b69391e65fcdeb291e09606e2f3c44ef3a3e7b6dbd1d411a4ed4c2b54,2025Q4,0,0.1839200025971115,V3
0xb51f2db5996c86c3fdbac6d67d0fdead997d959ce0d86bad5203d16ee746da17,2025Q4,1,0.9262768080251103,V3
0x1321095e16f2904ccae2520e22e635b69bd4f25fc54afd3d0d838a3bf54550ad,2025Q4,0,0.02828769465744726,V3
0xd562bb4ace325b68081b92e594621294e0012ac39d3af48f2b1fd43cab925f69,2025Q4,0,0.9774515584118137,V3
0xb2976a6b0d3393b44546adaf56c9c1dd77f11cf5c859f4754f527d0907f049bc,2025Q4,0,0.02828769465744726,V3
0x1e3d9b0dd4ec88715195d7dcc4e5a700558c932acff03e10c1addaaf7f50d8c2,2025Q4,0,0.02828769465744726,V3
0x564dc4a385305c482015061537989c4af69f1556f40b958a7bd6e4cf84ad1e2c,2025Q4,0,0.02828769465744726,V3
0xd4ae3ea41585388982a6d4cb9b60f4314d92f24ffc88067c9442b72dcc2f2575,2025Q4,1,0.05620419012491055,V3
0x1a7d40a55ae60c5dd65ed758dcb503074916132eba2f93a701d25ab999a7a370,2025Q4,1,0.7143267091515277,V3
0xe84fe1887a4b01ad9bd837a4a35d7ea540110af706f5c4010192ab9ddde144ec,2025Q4,0,0.03837441961780156,V3
0x61ca1f1af4ba9c66bd3ead0ea599f61996f34f0d9400648d63709859fb92f53c,2025Q4,0,0.16123400297391535,V3
0xd8347fdfd47e2298171cf432bcfb491a711a16e0ff8da245a89f34871836941d,2025Q4,1,0.09515942774227569,V3
0x6ef34d5c7937cb8a1eb22234ddce8fe3eb1595e1f35c7d4f2101c58f3506e580,2025Q4,0,0.0261018653042663,V3
0x53f82bd52566e30ae3f8131cb92095dd92ecdf2b0204af0edc226ee194e923fe,2025Q4,1,0.9852446859577858,V3
0x6a8c775d3a7ab901a5c4595dbc33478d654dc3b293be2b80fd64500cabbfcc37,2025Q4,0,0.020415728155100905,V3
0xd6e0317cee513cc3afdc1954ac576b241ad2287536e88b17fd3a77b4c3d0976e,2025Q4,0,0.0196269152001391,V3
0xd63074a69db9fbe28c8a9f3bfe64d8c16eb39e302be281ad9e3a91081b7429f5,2025Q4,1,0.9810298179810538,V3
0x46172824696c98fa617d0e7e1f1e0a86625814fc4f6aa414892bffac2a2d2f29,2025Q4,1,0.9868182717849616,V3
0x8906ef02619ac44492cfdb44781bcc2848c32895d2c3c39ceef00a960fc4d87b,2025Q4,0,0.025740798675916103,V3
0x876e3f74017fff10b2677f8c0b9c7ddcf8f74f147eeee59fff71e7a1928edf19,2025Q4,0,0.024946298441815083,V3
0xf93c2cb39ae91f4d46ce09b9db68e2e446bf75c896e071ff90e83d16ed9bf182,2025Q4,0,0.02751173369699757,V3
0xf3714b6a1b25b3bcbf2bee6fa820b018bec57bd006fdb8459a5e6f5bd97749a9,2025Q4,0,0.044857798396948374,V3
0x0e65ac45d12af61673ed92b0e65866d7b7fa58ce395c71cfc86d91e10af26ad4,2025Q4,0,0.048051364685339076,V3
0x97c739bed00d60ed192e70500491d1a485c7c808d65cb131dd95a5d0b9d1f31c,2025Q4,0,0.027626321481086288,V3
0xbd6c9dcbbf279ec16536724b73336b1b9f27e78f0034e872261c590a01110bf0,2025Q4,0,0.02484868153867441,V3
0x7058f8abef2ca5e080b6febb7ec45da60319582619e89183b700aca3d8fb21da,2025Q4,1,0.9228801606520636,V3
0x7f99d8d0221a775ca04249b00d86c02da178a897c7847c1c50972895758fcb8c,2025Q4,0,0.033702265098072684,V3
0x27bc9a0246320133b3e57d9c698d1b94fb9c4f1924886b954960e8ac0b5514ce,2025Q4,0,0.04450372863987939,V3
0x78d6c8f900ef99c64ee123db009cf864179d4b659c5c898030c756c5e528d8aa,2025Q4,0,0.026978924576052173,V3
0x63c6bddf7681c31a5a6be4a54bc7c682f7d171be45eae0178ff09d60fee21ef2,2025Q4,0,0.024654563247531035,V3
0x3d16ed6f91ad7d3ffb1633e792a6b5595cbd30cf8a9f63883ade9e6e97c8bdc8,2025Q4,0,0.03964706627274039,V3
0x0ed1d3981a2067c9a53364b00d4342e703026926615de49aec9bead2cb2f8393,2025Q4,1,0.9816192830241828,V3
0x686d955f00b0a27a807d3fe4bebca3ef6f81bf25699a967d4156393eeb6c0ee8,2025Q4,0,0.04120667710413099,V3
0x92137f9e112c001cbef3e32da9aca4b42cd3d161f51c2963779ae694d45a48da,2025Q4,1,0.053879772250409595,V3
0x24392325f435e81d2d5f79a9e5ddd94dbbd59d7f2b43ba4c2fea1786065d055b,2025Q4,0,0.03153803094338412,V3
0x377567785c949645ef3ec315c927c7bca8fdf396b8d22479e28c45ab847f40c8,2025Q4,0,0.024558059175688172,V3
0xacac1a4b66459802a709b2f2eeed96fed8f8982a6fa6a782c3bc29556cc5b5a0,2025Q4,1,0.9860655977295424,V3
0x343bd70dc933edcae475b2053c6a3cf10ea6383ef2ef87d0ab70e31a045f8645,2025Q4,0,0.027297393961056536,V3
0x62ba158e174d930828d8fee32968f1c7c0e972bff94661e69c65c135f611f5b7,2025Q4,1,0.09776787560484061,V3
0x0873d893d590c648cb6935d27fe1f3c05d977814a8b91ec12e96d25ab4e97eae,2025Q4,0,0.02566347181015602,V3
0x08edb367286b5c3c9ea0bea943ab0749edd854f6e4b3628278cf079766677111,2025Q4,0,0.02326050421937479,V3
0x01e168ac93d7e3ab3cf472cb53daa1cd9102541c037ca94de45ee416df8e8eda,2025Q4,0,0.02326050421937479,V3
0xaa0bec393d2ed411398d4bd5cbeaf36d5dc2bf9d9b248ee7949f32bc6abee3a6,2025Q4,0,0.02326050421937479,V3
0xfb9dd816b88371cce8f1367e3eaca65957233d5199d96058d22e89532c3d6356,2025Q4,0,0.02381496585411636,V3
0x70322178742efe1415667480d0250b7e10125aa8afab7f969ff0dc16725cec48,2025Q4,0,0.02447814507597651,V3
0x91446872e083875e2315abb17c03854c178d65cef9e49e17b8c31352dbe2719a,2025Q4,1,0.2952947746802261,V3
0x83e670fd628dc76016696a01fd235ccca81b5796d0fb073a8d2672a56504419e,2025Q4,0,0.026874003771292253,V3
0x4312fc012e315252ece189e1b0f77dfdedf6b27e06bd2fbffb9ee8c9ff023601,2025Q4,0,0.02751217434981434,V3
0xa1324f2f9d9bb179df84ba70d1d2785dc58f3bfcfe632038579c97e3eb07271d,2025Q4,0,0.05030799736785759,V3
0x91dbde104fee004a34f638f9a49d7fb8d4e8bc75e213aab92cd853cbbc4c9c90,2025Q4,1,0.7641149198472689,V3
0xe5764e7d18ccccc39b1f342f7a7b5c8866538ad801af9eae13d39d5322199985,2025Q4,0,0.026045461757401245,V3
0x43bdd849294c7864a44abde82242ce8bd443323208c056d7289d9a86feeb0a25,2025Q4,1,0.716330751905833,V3
0x6a275bccfc2f3f09731fcde02291d06673d7540cbb120ddd0a56ae7a39ef0e38,2025Q4,1,0.980931302870867,V3
0xdfd3d267e9893993f70809ad9d0d21e0a56c1651910f128c3a88d6377d766c9e,2025Q4,1,0.2212275770831879,V3
0x027eeeaba097b5f3b166eace64668b2e6b327acc7c6b314ae5f03b33b51425e7,2025Q4,1,0.9578807453123026,V3
0xccf29510341e7437f067af2cb107f69d617975a734646b4a6c86089242c8daa0,2025Q4,0,0.8314990497773048,V3
0xda8ebb9d7998b0e37f912b78d8f71a9e36b8a8b5b2afff4bb1f8106e29ae0604,2025Q4,0,0.06261794076740226,V3
0x6b9f192e5ddc110431a737aed515ed9ca5e13bc71dd5bab74f32a7dc68afd683,2025Q4,0,0.02747806201560128,V3
0xde935dcd837ab0430074a8546a629aa30a5c2db2e194d069d6ac655bae637ae4,2025Q4,0,0.03526658746214201,V3
0x7e433b52ffb0befc343a528faa81e633ff0e65eed370ea8608630e8864a212e4,2025Q4,0,0.11606018769938105,V3
0x34e00873d02218d0b1a288fc579426bf8d85f6dd1d34c09d2c135c28d46932ec,2025Q4,0,0.5351887846389985,V3
0xc0bb48cbe15ac8483d5111ac41360a02eb1a4ad516ba20dbf2862651079f78ec,2025Q4,1,0.08691094580561412,V3
0xed9964452babe1123739620fa0c261bf1976b0183ce64f06b5329d53599e01bc,2025Q4,0,0.023957258212062287,V3
0xdb38635fa192748f48d28aacb7dc05f8c5777f2c8f529a6647d81fb25dfa82dc,2025Q4,0,0.030177867933669278,V3
0x7f1422bae9b959f1630d7ab931a1a7c5823263e9ab89ac3ac130ce3aa1cff2e5,2025Q4,0,0.023307854046136525,V3
0xc84cdea449f5921873a3f93ebca7a238fbe8723412d19c2b2698340e00ce5afc,2025Q4,0,0.05142332123131584,V3
0xe8d1a07af334e35411c7237ff531fd98905aa60204bd8ff03c080132f42ee897,2025Q4,0,0.025508572036976457,V3
0x9a615cbdd9d230739f633023c4ddcab6b38e37d9e7551f3d6297ee48f78eda2a,2025Q4,0,0.15435789578721915,V3
0xdcf2271b7c57b7de917ef6205de87a46a4c180970e9480c9290bc9d18b74db93,2025Q4,1,0.930958412216655,V3
0xc8fb166d74a1221f109aa4a261129dcaacf40b2fed4a8a28c7edae2985019152,2025Q4,0,0.1383292290712909,V3
0xba5abc7bb2fe46c77fca1b934ac8cb4a869b81a2dea3c1e89965a2235649e0a6,2025Q4,0,0.05806044628688229,V3
0xa160175157af59a10b8b50ff8c922c781f45c72466a62754000a0f07999f2a1b,2025Q4,0,0.1640780057747852,V3
0x69b604e3d43293ee5aedc9fa00c8d8380cb7e5a71ef189503a532f083e2b8081,2025Q4,0,0.09697268881477238,V3
0xee1ee3d926fe8fd697485c6a057484a5814f3c02533f0490869fa4ca75abaded,2025Q4,1,0.946997946382083,V3
0x6979dba3f5a7573f1814d6a5ee8f9c762e73b06fa81cef30086c547134ccf7b9,2025Q4,0,0.0236768085158742,V3
0x9e56a92abcf4996105ab15ce5612742bc33f4b9097bb6a4ec5f1468e6f2580c5,2025Q4,0,0.021292851491147458,V3
0xebddfcf7b4401dade8b4031770a1ab942b01854f3bed453d5df9425cd9f211a9,2025Q4,1,0.9766006423736686,V3
0x846ce700a217ec7b75b8d078450f7e88eb5f44c76c12ae448ca10039ef4412b9,2025Q4,0,0.021292851491147458,V3
0x0d846c3a844217f3f7f7dce64989c312af00451efc0d78ef6dcc690b12533eef,2025Q4,0,0.021292851491147458,V3
0xcdec3de1f9c73e9ade1d33dde14b96e7241d0cc87f04981e71a955d3dac56b37,2025Q4,0,0.021292851491147458,V3
0xee44d5936019f87f0fee643d930ac34139e7211ebdde3f3d27c290bb9fdd5929,2025Q4,0,0.021292851491147458,V3
0x819c78a2541fe1402d06ff9f52d48c58fa09b783adca75d4d4eedf4a27d0e928,2025Q4,0,0.023307854046136525,V3
0x61870556c0637f5696a33075581854ba8a8108948ec9f554919cf839d25b5bdf,2025Q4,0,0.021715872054487627,V3
0x76c0c20596c22e4699dcce0970e0bafed1ebe22026caf4626d7d9a49c3b3b6f9,2025Q4,1,0.9071932558170884,V3
0x28abe56a6a3d7135a58c2e28e835ce2cda826fdce3cf2a71dd329a79cd482584,2025Q4,0,0.12989746193147972,V3
0xc40cbb2d7f5d2c43c624bd5b1d0b18cd3d0682b3937363ec7c1ad1d13bee107e,2025Q4,0,0.03249584754769199,V3
0x0bd2cb9ae2503784fed1110b9ccf19375b9cbeb420ba0f0ded93be0093f14543,2025Q4,0,0.021292851491147458,V3
0x21caf8776c903a31133ba57f63d2a23c33502189372f3046786876fd037abdef,2025Q4,0,0.021292851491147458,V3
0xe97744bcb7f8a67743636ca4cfb4045326af8c9f572bf10d1b6c9c18b078ca69,2025Q4,0,0.031377155817010394,V3
0xe5820e25ac4cdb2e53b98f159c638be0be99ab68e0efefa4b3507920be345fb8,2025Q4,0,0.021292851491147458,V3
0x34c989bada239153e86a009b3d25539db4c86fc4df3e01d320f0bee58a7aef45,2025Q4,0,0.021292851491147458,V3
0x85b11ae5afabe30013efc24d983a6145b7f4d2f187cccbdfbd763aa268c16a55,2025Q4,0,0.021292851491147458,V3
0xbb50a8be669052c941c30a8892b48ba104fb09ffd7d82f963b511f3db855e0a1,2025Q4,0,0.021292851491147458,V3
0xd7bd58d09efa1ff15be61cf30587e79444971ab125d55b2a88bf6ec04623a0d8,2025Q4,0,0.0216306156470908,V3
0x20464980a22be54736ef3fa1fff8e1ea3f0d0699f63d24a723ca0b414a97a177,2025Q4,0,0.02530943246757065,V3
0x56a161fce05c462bbe64fdf80b83f720406150b11ae2d35c94907ac3d0eace80,2025Q4,0,0.030295769882558953,V3
0xdbd27ccbf033a106d88ca4de2687d24d94d98baee6e964580bbb50635f50045e,2025Q4,1,0.9752791591171842,V3
0x32b691277b3126baa3aaeb2482846651cae4690f2832e9ab915248327c731413,2025Q4,1,0.12309824179142097,V3
0x804a460fcab8a4e4b887fb3671eec3b1fd352c673d22c09d3d41ea49f28e6066,2025Q4,1,0.22449584815191,V3
0x2cd2746b18983deb67d1f42e9fa6821033b71d44d146d3721245cd3ef6280d20,2025Q4,0,0.023239080875304147,V3
0x16ce45a17a663196c1512f6d2350f2dbdc2a2ef65a2182ecc2409938a2a669ae,2025Q4,0,0.4273862198296484,V3
0x7598bb913bdd098d3474aef994b875061843213dda5cea3cc53bcbd14ebdf5ca,2025Q4,0,0.759059382616866,V3
0x3bb28ce9b8247f8a76d24c15a6d8198880e8aee27d07e5666b9498428ea93b16,2025Q4,0,0.05148796720414697,V3
0x3c5f88a130c95b8eddb33a8ca7444139a9fea357f7418ebae316d6bc2113a855,2025Q4,1,0.5355182533399299,V3
0xd59d5b6e8e170415fac435fb4d7b072c9c4ab7231fdbf3292334a722ee93a7c1,2025Q4,1,0.9813326692285926,V3
0xc9c9981f0e84266a1a585be19a5af57d2ff11e44a1eda6323c4efa1d5f582361,2025Q4,1,0.2838495216921657,V3
0x3551d254cc2a7993ef9a6ac7565d7aeb1988523c5086f23fc5ebb877135fa077,2025Q4,1,0.06966303814579425,V3
0x1135dda629230378abb04b2725ee55a55572ee01352cf925a0168688a9c76136,2025Q4,0,0.04267339997378717,V3
0x7c1444a27b951af117b5f5200d06f59fd45b1a61f0a7313c950d38fbaf9adc74,2025Q4,0,0.025648115076042286,V3
0x020419fa798598e8bbb6a084432a1c8d690b6528f1cc6b085666ad1989b4b5c0,2025Q4,0,0.035140513787265806,V3
0x13de42d032bf66c9cbb5b7e00687c665fa253605228230a05de26cfed818c2c4,2025Q4,1,0.6057633678288451,V3
0x566d830e56572831055d5283bd64af8a300945636a3d6a4bc116c55886298706,2025Q4,1,0.9853731409602746,V3
0x9b2042734243b3fd1f411f98e716367052941d574dc95564f2beeda271917280,2025Q4,0,0.021552190338507835,V3
0xb1403fbf43c2b75920fc475e8471cbd71060a6e86802ebd746c143f05c413f36,2025Q4,0,0.021552190338507835,V3
0xcd431b0a6ae946eda6891f3ef73156b4a917c97d85d3ec35aff79c62f00397b6,2025Q4,0,0.021552190338507835,V3
0xfc53b987bb73eea0705fd7b13dd4c61371953f992e1c10e3566479049fe8723b,2025Q4,0,0.021552190338507835,V3
0x17cd926896aa499bea870e218dc2e32c99f102237e6ae90f49f4b03d69cac4da,2025Q4,0,0.021552190338507835,V3
0x4037ced85ebd734a30727e948abfe77b19fc2ce7ee0560a933d0c080fe076516,2025Q4,0,0.021552190338507835,V3
0xa13265b2c87f6eb41889cd992ecb6629f7e787eb15b7c36ed10792b08cd58e60,2025Q4,0,0.09697751304597592,V3
0x9f04b866f714b3b43134e094da90ba156aef6e47629d431f5bff0f1661cb512f,2025Q4,0,0.11814440888684295,V3
0x4f0268e24074470f4939a0df435dcbd5256ab2a20170f6e6864149db3f86598b,2025Q4,0,0.032759403884737415,V3
0xe1386710b61e8f800a3b27ed14528c4bc4756572451c7c97d140c5e8d8030f55,2025Q4,0,0.6592315419657837,V3
0x4937cdfa8aa40cf520986cc6328c4305f275f18aee12cd2fdfba6f54b3aeeed0,2025Q4,0,0.6222329727191939,V3
0xd548f81d61927511b75416bf486b776287dad0d4af12b2cc4a9dc6d1ee107189,2025Q4,0,0.029209221482071664,V3
0x3e061f5b4ddd7bbc6a56111fa51934ab59394345de9f67c077256775078c6e89,2025Q4,0,0.030608936226202633,V3
0xfa9cc2fb4031c1a8c2a2501d09f2d2f1e7d845846c29975c7de1a365e87d40b0,2025Q4,0,0.026697981851029798,V3
0xb7b513a7bfa5665ca9ecf24dd545418e2c1c4ce84de50df739d2d1c7892c5ae1,2025Q4,1,0.02527354695012101,V3
0xd5132cdb02885ac64344973395ff2c8585121ee5f2827d13ca4d8d5453c52820,2025Q4,0,0.02458936132489905,V3
0x8f8783bdabdd500dc401caddd12fea4bfae91543a8ea4458fc38e0539ffd3cb9,2025Q4,0,0.029865558811154234,V3
0xec21462ef58f792b5c1ff07bfdc66401b631c6fb42562ccceb2de279f0e73788,2025Q4,0,0.024177563818763872,V3
0xd1e72aedfdb18839ca6532e2dbc95a89ecb93247298f1953d1d4c02e7889b1f4,2025Q4,0,0.022705309772725175,V3
0xed414619d02a7ef323aab82bb305feeccbe89dc09e15cf2ef4da7bcd9ffc1879,2025Q4,0,0.022705309772725175,V3
0x8581d02dbdcd59fac4439c0df7d9174ed27d37e993647a423da36872f4d0a3c3,2025Q4,0,0.022705309772725175,V3
0x5f7adbfb99ad4c6c05ccef88d6a3cffcdb7c178911865b8c21b8b636b3bc5fe4,2025Q4,0,0.2705543342716426,V3
0x55a469ea12fc89bf6b12c38fc764e35c05b4b520485adf4c8716d6369b38ad8a,2025Q4,1,0.980729655639827,V3
0xb1d3292c18099a0f8d246f4741bf5b42e53fa144e037f0af7c39e83de0bc449d,2025Q4,0,0.416026131103683,V3
0x9f5c624ebd59176bff519d147041052677cb2a4f0877b3e67f003534c402aee1,2025Q4,0,0.02336850869739999,V3
0x9b792b2218e77b4c168b8cb603af34ad3703f2753d326f0f444de3711228116b,2025Q4,0,0.02754926280448775,V3
0x26205b37b6a134c44549b98178c5260ca8a9411d9bbc8ac882b91d6ab15e7713,2025Q4,0,0.02336850869739999,V3
0x65cefbd604199df7a761b2b4eff0b081ea54ca4245575f00de9fcfec01a76514,2025Q4,0,0.15792049863468535,V3
0x28bddef098300d985d7d68d10d7d2a8661db61b059e8ca013ee68af7542b273e,2025Q4,0,0.024882670891226664,V3
0xdfd869fb69e5cb5352ebe56cf7ccb4396151dcddc8c284e74d4c33711007717e,2025Q4,0,0.92523566657536,V3
0x7ab8f18e4d76f2c03f927571c65b3e17a4a9bc9ab203cab0949385c210b047f2,2025Q4,0,0.18050230923715335,V3
0xbdaf24dc4de4c82c57e6d95fa3a52b67404d9e0ce85df59eb253b8d5fc83c109,2025Q4,0,0.02336850869739999,V3
0x069274e4970955a64b5fe0656875833610665d54912ec16aa175d3b3e55b4189,2025Q4,0,0.02309478797393609,V3
0x04a1462e83c415194ac700181bd97f97db149fdcfa4fd3fef745795cfe3ad975,2025Q4,1,0.9772944002872823,V3
0x6759371105c771777d5be32c98a7fd8fcb71004ff8f2ae636cb8b85cea519309,2025Q4,0,0.023651245149193395,V3
0xfdd1e93d6de891bcd7317688268f81882d9082ba8de09b592e53b63a90d43267,2025Q4,0,0.031214034392096465,V3
0xddb66024ea0bf7c7ea00880ec00d576b4b964cddfe260c4ee2cfe5d942ec24de,2025Q4,0,0.02309478797393609,V3
0x1dc56b0273b8de5535f64d6643800ec029501a8606b68f84f3dce232e47b2db9,2025Q4,0,0.023460450703369745,V3
0x568d73d79cf08c672892850e0dc5e172d589b01108e46c7033c7e9429737d330,2025Q4,0,0.0229140491711758,V3
0xbc12b9cfb9b3694dee7221b78ea7c1723ebfbee683efeabc0e047f3e547b4170,2025Q4,0,0.07051985251516857,V3
0x6d717d8359889a7808ba3feb8352db829801b635ede02f5497ea8b0b680c5fa9,2025Q4,0,0.0229140491711758,V3
0xc54a71bd4624262e1b346d575b52994c34c69bb2111397995459602e2dea239d,2025Q4,0,0.0229140491711758,V3
0x1c79659a36b6a3ddbcc4359225cf6855063281d92efe15c7f588e9e68646f788,2025Q4,0,0.025177035587335212,V3
0xce7a9f6d1a66e1cb28ab2837aea30458e7dabc33d98603f2c6ff2d464fe99ebf,2025Q4,0,0.0229140491711758,V3
0xc68c21f8497c9f4edf6127e6215aa118fd753f8bef0f2f3dda469e6adad43b21,2025Q4,0,0.0229140491711758,V3
0xbb0e4120b64af4ff962dae9fda5e73f3ea14c689dd22e4099adeafe69700e546,2025Q4,0,0.0229140491711758,V3
0x6c928844f37566d8bbba8eef7e8136de3ccdaa12171b772a6a52bc8680e794c2,2025Q4,0,0.027227937205323915,V3
0xaa5041ca3ea8400325d726e0fb44b85180c4d6211dea960d7a3fb4600d5d6c76,2025Q4,1,0.8470351579832777,V3
0x2e4cbe59f45ed80d8824820176d434eb7aa3dbb2d6cf56e23d676ef7dcf45163,2025Q4,0,0.0697332720833305,V3
0x83858eafc55348545c8c41494c343508a2c8fe7d9c8e0314300263a3c66924e8,2025Q4,0,0.0229140491711758,V3
0xa908e77b6376510856d9a22e3f56cb99f7034681f3b0fba5376c19adc94523f2,2025Q4,0,0.0229140491711758,V3
0x0cd947fe9f2065651071f520e0938e0bb3db009ed8fe3024b7f2d664da1ff4e5,2025Q4,0,0.0229140491711758,V3
0xd32534b0564971fe6f3fa622a196d4006cc8b464f40bf748caf57108c54d0f5f,2025Q4,1,0.486819855362336,V3
0x0bec8a350b24975b0f28366399c4ea04044c8d795b8b2cf2d7fdf8f21824302e,2025Q4,1,0.3064651257660421,V3
0xb21ea818dbb4e59594eec76d5d490d63195961d1fdc78ba840a9443f0bd87899,2025Q4,0,0.081885310837702,V3
0x67cf70277c7adc7c1de3bc26d5867124ce836be8e7cf120269406e2bef788caa,2025Q4,1,0.07660616296561447,V3
0xa0f77edc0e9515fec0aab13b5db959da2e1d9d36c27396c147ff953489aa171e,2025Q4,0,0.026308556059811132,V3
0xda770c5f7a96fe68b58e89b7df9c5a5f901cfede62d8e213f90635174c6977d4,2025Q4,0,0.08558673676127665,V3
0x5a4b4fa8bd9e0e40ce46f65bfcf720bf714761470d3451c3a0109cf6aa18f7bc,2025Q4,1,0.2181884899218027,V3
0x113b388d6e9ef1539ac9b7914eaad093570e206992c61299436fb1d2736ffb89,2025Q4,0,0.024609862785002497,V3
0x077fc0c447abfc7e094713e86d62acc20480560a6eb60bfbfc86a1c5f00b9339,2025Q4,0,0.8745148745788484,V3
0xd7b39f912814f41c7edc9a7693d54487611f4abee1ae4ab6cdf1a704be8a33d4,2025Q4,1,0.986205083472821,V3
0x93cb3616632292f873370cfe0fdf4f71f0d378f497fd7d237aff316ac9cb93fe,2025Q4,0,0.022662322984036226,V3
0xaf2da7ceff23ae3885f8fca5d468fae77fb364b489b3fac9839e86cf0a342ba9,2025Q4,0,0.022662322984036226,V3
0x6125a113c40ab1030b56d18bf73d84774a994f1503a484bbde6c684eeba6cf7e,2025Q4,0,0.022662322984036226,V3
0xb1b435a884d16202f2d8097b20389357e136929d420325155b5344f438660d9a,2025Q4,0,0.022662322984036226,V3
0x5b89708834367c5f918830088e5d1aa22e0f2189ee94590b69bbf30a4c5a8ac6,2025Q4,0,0.022662322984036226,V3
0x680f7b23a5530b558ffe24268eb281fee6446352c05c3710197cc71f984165d3,2025Q4,0,0.15219254893317166,V3
0x3a7160fe898d4771ebcab763f7a6447b5341619de45a1b866d7aaba9524046b6,2025Q4,0,0.025294604059367082,V3
0xf5c7ccdae83cc78e5a264374b0aead279317c95a1883f8e27912125073314d40,2025Q4,0,0.0230212997997202,V3
0xa51c63586746e56232cad39561b1b088aa1ddda75e6218622e9fc7a62b5da291,2025Q4,0,0.024998900027636165,V3
0x5d5d2f850188266727bd60d2fdd288d6d645fb838d64f0454ada125739dd5e24,2025Q4,0,0.07163180964266197,V3
0x59d1576e8e85c4ffbd9bf9e80e56b72fafdc94ee465290523a9c78e999f8fa7f,2025Q4,1,0.04081722353898944,V3
0x8cdba4887831155f8d31de848806f53eaa2525f32eadbc0fa9b3421a7e430bc9,2025Q4,0,0.7103324458935303,V3
0xb0a3c1828bb630cecac888eedf0631eb85c66d3b51fa9e94ad0086af07bddd73,2025Q4,0,0.020722098754785277,V3
0xbdaabd5cd63551f73e6f046fc3fadd410c324ffa92a755660a4cfd08d030a619,2025Q4,0,0.07359397435776184,V3
0x688d445b4a8b43d6a9320ee5d82c4daef1b967e48edf4326cadb4ff645c031db,2025Q4,1,0.02695617665559844,V3
0xff21f6951a1a4fd0e9d12d1bc641e49943e81a0f54487d20e8967a84ee39ebd2,2025Q4,0,0.03709382186193433,V3
0xbc9a89cbb1c02ac468c1f7f8fd2cf56c4713faf8d3c97577452c58f4b69c29b5,2025Q4,0,0.12679271476832807,V3
0x1358bc2b631c8259dcf6c7e996d8c3f00a7de8103dc8294f3f88cfa029d2eb75,2025Q4,0,0.024250229871655815,V3
0x2f676f8d85d60dd20ce0e0ba14608825b970a0491b419d7dedfa81bcf646af2b,2025Q4,0,0.07124552486311694,V3
0x2e956c939e0bee2fc22ccea7f3122635ef6a829747a9c16207fcdd594c694dc9,2025Q4,1,0.06052318003877359,V3
0xb2ff2e50f267b1c2b22813fd36fd3f36b8fa7ee691e155a57876d4fbcc14cf48,2025Q4,0,0.11726997815414102,V3
0xa22f66e9deb9f2b7d17fa59ab7b3c277772bafe39ee3b4dfc5c34c99419108fa,2025Q4,0,0.04461833283665342,V3
0xdd6e227ece8a03ca2c5c96a5d566a8c89be199ee5a6fb1723e822b9b3a0ff088,2025Q4,0,0.08161322251711817,V3
0x023e46ac9f644a03bcfcd2ac9cc382163cafb2a3bc586c21653ed29548558460,2025Q4,0,0.02812825437666218,V3
0x2242de865e2979f2bef7b3dc255b44970ea26f799087eb0bfbc3e5c3ba5f9a48,2025Q4,0,0.14463826131438265,V3
0xf61d48b12e5d65ccc832051834cd39f6f507c6f8969ceab6569af64c7b23e17b,2025Q4,0,0.10919814281642218,V3
0x494eabe3d2d59a3f8130994cbc21944c5d44a32e10531436ded7b91d02afae80,2025Q4,0,0.06600030380219969,V3
0xae944562a6dcb72f34428155b89fbd4d97ae8f2bbfbf0b5909a9ab66cb54fa7a,2025Q4,0,0.14463826131438265,V3
0xada495fb682578508a25567e8b7580da89f4c2a6abf28191ee4192529de1c949,2025Q4,0,0.029362926918405377,V3
0x2fe080131f61cd789da37bfc8df9ba1740067b583fa81ee8fe843d87c04dd38d,2025Q4,1,0.0447900466837064,V3
0x12802d302fe57107fc1b3f691c04e4487998f654c76d16aab39dfe24a6b634b8,2025Q4,0,0.0317437044651391,V3
0xdb7d5152831846ed495837d7b96ee5f224abcbad75ff786bc55970800862fc48,2025Q4,0,0.027654076428745823,V3
0xf997dca922180bb38139f3435673d017c610f30f80eb0ee96212a96fea4bbb24,2025Q4,0,0.029208659158506775,V3
0x5ca4b979bc764b3e137c1e73d04f967324b0c3e37407df285227a8bb58320bce,2025Q4,0,0.027762400434507777,V3
0x016f0eb7684de2748aea07d967003a087bff3c79d2eeefd601570533c054a9ec,2025Q4,0,0.028756041107498496,V3
0x1fc2a8443ee2edace495659774b89963222351505a2b9bab7d4856b8638e5dab,2025Q4,1,0.9834345196911225,V3
0xf00886b051ccb78c519871e9c3a89a39121e0c2b28bf616171cf2a7a32a02002,2025Q4,1,0.08272013325107737,V3
0xdcb86d5bf312d4887b7f14328e76c6822d3bfcbf7716ce70318fbe1756ce9ac4,2025Q4,1,0.9879360869251715,V3
0xb050c89e1e5738c79e117d28da1f057ac2f193511aab87a01b517b466c7265dc,2025Q4,0,0.02853229158462862,V3
0xf831ea34f7a6cd4bc96cb43dc53f087b15c25f515d00c9251f9c546eaba4840b,2025Q4,0,0.21076581332609,V3
0x3d8f4aefd2ee8568c15c35e00187214b66d8aea2542c6dc7d1b40c90c2544e9c,2025Q4,1,0.9886341647150777,V3
0x3dff91ab1bb9077c5f7aac0abb908394871420e2c182f2dd0b4e4b9d70f54b13,2025Q4,0,0.028421051413149333,V3
0xbf8d3c113339a9212ca0f263aede776db4a34762aedc006f70a8703215954863,2025Q4,0,0.79797173228006,V3
0xaeb190c9a31c5e7f8ac193393ab05e55a9de86f0a945aac59feac0576aa86fc8,2025Q4,1,0.06136316119819731,V3
0xbea5d5174cb5355eaf0f8cee780e67d0b22a6ff614ef7ec82cc2fe6ce8f4b111,2025Q4,0,0.04885215562899568,V3
0xdb696d4fe889e38e950b9ff13d15f6c3f7fafea2f9dd8265f630385eb8c15367,2025Q4,0,0.17926151300355056,V3
0x954aeeb021a1ba197d54f1734a856fe8fc27b693591f9467bb44f58880f23cdb,2025Q4,1,0.9786765652928399,V3
0xa068761026b778d901bda82e3fc1429b6a2922b68de80795ef7afd9204430a0d,2025Q4,0,0.036884060290622966,V3
0xf0982dec078df24338886583eeb3567b6a1d07b6092c20a7cf4a089a06d7ba56,2025Q4,0,0.03466555122939397,V3
0x0f90742078c0807d6d17fd6808e187504989b6bd1aaa68aa9521d9499275025b,2025Q4,0,0.028089851273038893,V3
0x137cbb1e5bbb4eb571c18a6dfe2777dd3cd7e06a6fa25afbcb75206918e3776f,2025Q4,0,0.03334490213830258,V3
0xa953bea944d7264285c0a2cc1f92809a7d9db78138b1c3de9cc23d8917f14d6a,2025Q4,0,0.0303706362469819,V3
0x38b4857b4be08493cdb6aad1052332b57fe58d4e16b2f1979434ce2260433358,2025Q4,0,0.02490563525207071,V3
0xfb49ab21eeb7c15d59882cb00062a61d5215070156fe7706ea1a651fc4c143a9,2025Q4,0,0.02490563525207071,V3
0x4d51d65695bf66a3f7743a96ae9041ba14fc93d3fbd21b9c2a11fd0e3047e01a,2025Q4,0,0.02590099690995218,V3
0x555b6636484ff3f6cf8f1e139ac492b4e8751477740a387a32d24b6265e61893,2025Q4,0,0.02569887456079142,V3
0xbdbffeb5cfbeeea9b09253c86b3c8401f8db93850db681f94b2005c20a0424ee,2025Q4,0,0.02693503967223544,V3
0xe35dba72c626cc2e73143f3da3bd525c7e98bab1392f544faaa3105343420da5,2025Q4,0,0.02490563525207071,V3
0x9bbd4aaca039b708e2c0c3b6324d3037be46c44db49541e6b0fc38c8ab719f0a,2025Q4,0,0.021870468100763277,V3
0x9a57495d16e7035c335dfb1e512b9851d49a2477b116dcc16fcfb2f3e05d4f51,2025Q4,0,0.05316491311275543,V3
0x22e626b785354df961f8cfd33f04de94f4f754829c64a528eb9fd58398211a71,2025Q4,1,0.13441810207627025,V3
0x761bd3e1cb91938afa149e84ab73f3604e852034a2f5ca8c829eb8020cad101e,2025Q4,0,0.15796260060894204,V3
0xb494383beb8e77443d24b504e0b19e9ec252407074222fab67fa802448a92bb6,2025Q4,0,0.02640342610837377,V3
0xa4fe504db468ac55c29bb59784df6c94e4c54977347b0565b2d1f972e47badfa,2025Q4,0,0.04963726415721249,V3
0x8b16bdbabbdc938265aa48c9810f99ab45b41a33869c6bcbae8009c567f9a6fb,2025Q4,0,0.021870468100763277,V3
0x5643164887403da23bf20c0f7ac21dcf56acba71e41772f4947eedda9cda59c5,2025Q4,0,0.08400146789029779,V3
0x0e36217f0015745a5d762c1fd4fc90ea2b6fd9de13a51359a26d9bd71746844b,2025Q4,0,0.025589010789418578,V3
0x6e49c30d1d8d5cc632a19cee18355a5b6fce100087222c86f448ec22003cc5e1,2025Q4,0,0.032471022989275504,V3
0x050e617aeb25a5669c45fc3257c6e507cd48b72e240565aae6a9ee34e4a3b793,2025Q4,1,0.9278655335431079,V3
0xda440234b0f1fe76ca6fb6f66da25236ecbbbcd9a6ff274749dde9a5f3583c24,2025Q4,0,0.04132262822852202,V3
0x4de0df010d4ccab51d7c171a7bd426cff153d2caa998851685ef83b71869294e,2025Q4,0,0.09802671164556451,V3
0xe1d6004e93f576e38c5ffdd544c4a69e7b5ed2ded0930bdae66056d55440f20d,2025Q4,0,0.0379570650846305,V3
0x55c0e63b0f117d7043ad7c8b4eb3a676710dfffea2176357f58fd476d50347ad,2025Q4,0,0.027806831219594156,V3
0x7e764f4cf42745c6d1523a8c6c33797286884d61df708596723a56fa3e5442b8,2025Q4,0,0.024244951934906746,V3
0xf1d825233c46fc137681fbf56e26c34f8f2069f3e1aa75c794fa2fe8fcc532a5,2025Q4,1,0.08786624609114878,V3
0xcd61b9865e4254a50be7fdd06288e4ae45071338920edf5eb255858c323866da,2025Q4,0,0.04132262822852202,V3
0xf5bd04e6c5fb5400dd9deef7f67f2658b32430fc148f3ab52f011acf779fcb41,2025Q4,0,0.02648639211128276,V3
0xd5a6ef58c1af0f6f4b2a01f5405f6a997b097a8b6786cc0ac7da544619af45b9,2025Q4,0,0.02648639211128276,V3
0xef5880e94212f24f17d45b756c9aa42bc7d39c3feda659fc22417adae5e22d00,2025Q4,0,0.040465202082938245,V3
0x6c8a58fbff19479adec1e3f4111bb5622398e5b5ef3cf0c611a41cc234c6f8ad,2025Q4,0,0.02648639211128276,V3
0xf86b5d640c385a42a621554ed9c766647c494917532a9f91d09241a440c5ed89,2025Q4,0,0.026799207589416424,V3
0xeee36eb4a7474ed4415c966a86491a2880d799479c776776a0e1b06671e3b690,2025Q4,0,0.02648639211128276,V3
0x1f33761f5a417f33808137eaa3f8e2309be95cb5d9eebd8ebc49e72841ec9894,2025Q4,0,0.1410374692506308,V3
0x2017c048aeee624d3597ffd0c2273a0e2c2aec4dfb89ef7505b8e08715636c3b,2025Q4,0,0.02648639211128276,V3
0xc09535a2f39877de8b488263bcb271868e36a55d21bc25ba4106ec0f14b9754b,2025Q4,0,0.05393961871221315,V3
0x8c866938d6598760f8d18bd624d6ba822b79f7e23604573f52cf8e769614fa5e,2025Q4,0,0.02648639211128276,V3
0x13a659b2dae1c7a69768804cba47ee308d443438efabf743a2e19b136c6d84d1,2025Q4,0,0.02648639211128276,V3
0x439eeb61c9ede64b9d7d3741542dd6e8e1f4ec862c2de844c0a36628ed1d9049,2025Q4,0,0.02648639211128276,V3
0xc40ccfa556630ab2202f19086f58bb2c0f4b5c563f7fbf575168744505f14dc4,2025Q4,0,0.02648639211128276,V3
0x44dcfd813569f30bc8ecda61aaa47d94804c2e2d3614189aecc0a8dd0c164671,2025Q4,0,0.058872317481912906,V3
0x57cb75e61d901fcbf810652ed1edde7d0c9dde42260a55b28dc2a0e6cf9209cd,2025Q4,0,0.4111562581175855,V3
0x44657b0f69c77975c2f96b0dca666d1fb2fbdfada141ceeee562ab8345f13949,2025Q4,0,0.02648639211128276,V3
0xfb8ccee80a22958678bf7fd99fd020f1b564d564f261d573db58dcf2736cb415,2025Q4,0,0.02648639211128276,V3
0x70f21389361e24c1ff0a85dc73882a5bf8093fd33f8a0ac770b58233daf3e20c,2025Q4,0,0.028647868933894316,V3
0xc8d4fe249823708e621af15dcc0bfbdf158e7737b37bd75a284fdea3db526b96,2025Q4,0,0.05668361722115556,V3
0xa3d631bd9ccd7d044eea6cba1ee8ae44e852b8a085a40dd64796ea03a2f3ca20,2025Q4,0,0.02648639211128276,V3
0xbfd817dba69663fb4ddab7f8eef795c0aaf58f955c4a9598997454fd078f213e,2025Q4,0,0.026694538604385757,V3
0xd7f71c4b6c3cc713b5a0881677b2520949522aa839597d041511fa57fb12081a,2025Q4,0,0.21012109435760004,V3
0xffcdfe69121723210a5dfa24041fce6f4b99469fc434afc99bb3ff7a270d7fb3,2025Q4,1,0.7197698086406539,V3
0x30b3f2c188a692ab2a83f84783a74703357516e7c656e42cfbb6ed1da247dd3c,2025Q4,0,0.02648639211128276,V3
0x1bef2cec162d5499c60c1acd8e3c5a3acc321aee580deda1f01aa40dadbda374,2025Q4,0,0.02648639211128276,V3
0xaa4803f1ebb163af02026e4689b4bb498900ab7c4dbe230c332cf12f218e959a,2025Q4,0,0.21276047570055961,V3
0x9b93c610b88d5af6cf4b346bae27e92645e36b8f4d45a86ba6f9287e8765fa04,2025Q4,0,0.02648639211128276,V3
0xb048df34a7473f53be1e8d921fdce23d7a19aebcdf5230a33b48ca492471a4a0,2025Q4,0,0.02648639211128276,V3
0x7ade676047c9b15c9e8a7ead24ae2a55935f00ebd3ead699b2c7f4dabeda52b5,2025Q4,0,0.026799207589416424,V3
0x41aa36e7a0c5175fc3805d97677eb8c878ee8ba633af5edb52ff292c926e82d2,2025Q4,0,0.02648639211128276,V3
0xbdaf3dd8e58a975c841f94fbb7633ac6938e857ceb7dfdacb2c79d5786be71bc,2025Q4,0,0.026666520804435122,V3
0xfb9b1cb704ec2399eb8a20b9affecf6bc23c095b0baaf18ce6871e7e7596898a,2025Q4,1,0.02408325659410522,V3
0xcaaee5b9c0f092fd3c703e96a09e74c24c256c6e4b288e14d3c9ce0f73d302f8,2025Q4,0,0.03585592288617836,V3
0x42a5d359a118a3b4f6b436b3983826d811fc0ee1e4dc5cb802b5c7ecc81d41fc,2025Q4,0,0.018243219780326073,V3
0xd8eab112e4db08dccc629ecced62aa64481fa976f823b3004b815425a7d9798c,2025Q4,0,0.02270566462836356,V3
0xad80444fcc03cf62f072b79a9f0238c29abee65c187fdd15189d727e1c2644f4,2025Q4,0,0.0227950595839616,V3
0x4e15b0243d5d093a18ace0f518b7598b92753a447f8b446d27e23d59d140ec1e,2025Q4,0,0.02315608916380045,V3
0xbdccb1ae8d9cf2b226f2b012bf51f310048ddcedf33eb14fc5317dd348b95794,2025Q4,1,0.7338008700466803,V3
0xf461498d1b6c25b57eb9e2a61d33b6410593f6d48d891f2e0d8ebf23f509988a,2025Q4,1,0.6889198506306196,V3
0xfcd2fb666c5a346faee448e63267346a3ec394a52bce4c199877559da91cd2c1,2025Q4,0,0.016619071223444543,V3
0xdbeb72564490bf3b0213dfff3181d40121ed898775bf9026886eedc373b568ba,2025Q4,1,0.8850903099407499,V3
0xcb111226a8271fed0c71bb5ec1bd67b2a4fd72f1eb08466e2180b9efa99d3f32,2025Q4,1,0.972601140902367,V3
0x58f4542341fcc66a2197877b7487ebe901b689ec42bcdbb0a070f5536d91459e,2025Q4,0,0.034012629384917295,V3
0x6903b766f5fda3d5b02f4472a6b4154419e78b7fd126c0b29ce17bb8e20b20cc,2025Q4,0,0.017153027938760026,V3
0x03b75d6d495cf6abac1757ba3831992264d0a05cf2ff199c1f8e78567b35cda9,2025Q4,0,0.05386659128556179,V3
0xcbf62e4ae8da845fd51ed3c444357536ba7e81c711f7b8e55ff79244aac110a0,2025Q4,0,0.06081332270821214,V3
0xe88c4c46a4f3adf75597065d1e0186febf0459724d0223c33a24e9020cc26ba8,2025Q4,0,0.07655225829645601,V3
0xeda6b1f61168ca6363e1cf8b60777197c5b6f88e5c2fcf3153cf9c2442943dfc,2025Q4,1,0.8634850224661885,V3
0xe0778557b71d1baa6927ce3cd165b6d111ade46a87d4b6fc4012f07ae0e38051,2025Q4,0,0.022090446077209017,V3
0xe08eb518255c3ea54811eef2dc1bebb56290947cccce4b1cbe7ab5cd8cf55671,2025Q4,0,0.03934737409086252,V3
0xc72a9d5b3221905539ede69f52a5e990a7325f1610216b2620705cf2a3cd6472,2025Q4,1,0.0588011746125131,V3
0x5d9635e6927996a0e44f960b7586625e1777630c1039282e0ce1ccf7b8d9a991,2025Q4,0,0.06836004618374958,V3
0x4aaef8e673ea1b62cda0231b6e9eb0c82c444c872967d859cedabba9f5d49beb,2025Q4,0,0.0579173483000262,V3
0x4d5e4e3be95f7e887e70d913a899e20b801193cea04c6fbb5e072265291bcb7c,2025Q4,0,0.0228858611182675,V3
0xa4ec08ec8caf4cb5033716dc452e4c0ba7838e675396507b77282ab31d3609a5,2025Q4,1,0.7129457132975411,V3
0x8c204cf57406ba2f01099643569c6d3c7e934972148b86c6e2f19078937d9e71,2025Q4,1,0.9852097867057918,V3
0x5de0a215761ef66927625cbb224c5dd296e74c9b93cd698e0e4b78be0ad8f996,2025Q4,0,0.020287755507721883,V3
0xb8dd95abf4e54a9c86b51afa71291aafdbf46e74d36632aaef6519af6ef2448d,2025Q4,0,0.027615213689419563,V3
0x2bd3a810b3a01be3adcd82039e570cad3cc1f9b753d01d930e363455a9da7498,2025Q4,0,0.024747570031713396,V3
0xd655f923c9f28c34adb0f18a90b1a940368d33692329a486e6d987c35b2b3b9d,2025Q4,0,0.02484479984306904,V3
0x1c34f23b09af46894553ef3931239a3f27dac27be5b6d1f51bd0baf8d016a242,2025Q4,0,0.0197358084760892,V3
0xa2be19548b54cefd4a5c99309125e088bc0543b4e7f49ec14cbb7f590d22db68,2025Q4,1,0.053057697966802514,V3
0x44501530df2048bdd3de60bf706597e31cf9940e0e0685dd1e88a326ad1130c1,2025Q4,0,0.04216398240057683,V3
0x7cf865948bc448776a466dcff9831f9a920cd7f6f82bcc277f6331f9052bcf77,2025Q4,0,0.02455422173602862,V3
0x9d5303049d7f0e9a9c8a440200e3714dd5799e50602ab6cfbef0de40c06a9021,2025Q4,0,0.02494240188718721,V3
0xfd1be0a51cf37565b12c7522a4da65dd9227e8fa13fe4ec87e1670e50cb7a505,2025Q4,0,0.024747570031713396,V3
0x385cff65ea17ab2d69888d3bb01198a287c664375dc1376384e9711173f30215,2025Q4,0,0.026587827576677586,V3
0xd4a37f712e744966be81ba4a59b4bb031d66bc650a464e7beec228c2b7adad62,2025Q4,0,0.35407157747155044,V3
0xd2ae4a02d708c97bc6f3a0dc7180918bd346f105a25f3b1362e4c94d05ebd190,2025Q4,0,0.37790759137708907,V3
0xf766cd8d4336b4a06b7fddb60574058e2f8631a2ef95d0598632e46a505e5788,2025Q4,0,0.05053211787337092,V3
0xd30162fdb150667fd91c0c573dc74b1cb251e216e089fd20859133b5cb2ae5c9,2025Q4,1,0.029766551651805428,V3
0x21649e35e2374274c137b4bb2dad5c7e41a5bbf1ca5bec85fc42511e38a2b9c9,2025Q4,1,0.9790863049415348,V3
0x7793fb95b191bdc476eb4c18396735ac57da1164cba56670f4ba709925647a04,2025Q4,0,0.9678268266842103,V3
0xe8ae7799f8d54ff80c66a8b64355f09f7930c5d9cbc872ee87dff553916c9ada,2025Q4,1,0.08423659876516928,V3
0x02a03adde1ec34279ffef1712b19aa317454e412422ba1fe31212168844cd706,2025Q4,0,0.05211405295127676,V3
0x2abfa485e413a2a6c754911ef612e02fe96bc1010da087bb5b0b6127bebe4a8d,2025Q4,0,0.11259949573754616,V3
0x591429e105c0f49aaf3a2d4d23586ec278eff3dcbe4c37bf71793740f0ab8607,2025Q4,0,0.07538601478462398,V3
0xb4646534ebb6bdbc1db6bb2053211721eb70fb01e4c6ce54c7f8dd67122c4947,2025Q4,0,0.05796433308643328,V3
0xaf20cff72c753ab1677500d2c11b201441ab87033035380e3a54a8343d2c08dc,2025Q4,0,0.022995279718328026,V3
0x8e6ff03d48ea73396ca8c8eac6a8cada2a7507545a78901c4769776be351eaf5,2025Q4,1,0.06072778309808439,V3
0x3a17af0a20c160507cbdee8f0755e76bd21d2c09375f186a31c1aa456632c0ae,2025Q4,1,0.2592366576774677,V3
0x327c6cc636c64068917cc30cc76cfb87eac264ae01cff278c970990eb1544bd9,2025Q4,0,0.10194639467983282,V3
0xbcbde2dce13f472b3e43683225d416cf2089d5fd51fb4cc8389e9b42c7e26e49,2025Q4,0,0.06548009708442039,V3
0xf445a24e8259f33334f87c133b7eb59646b66c38b7d6dbaa32723720bf43a391,2025Q4,0,0.038375378666242736,V3
0x1afc8f139d24904e7281d72dc5732c608bf3f3884a56ee4e703a248bf668f073,2025Q4,0,0.05482273835980498,V3
0xd6b19dd35ed589165fd2e75724a9a10ba1a401a56e30929e0443e2dc76f6ac37,2025Q4,1,0.08188290796133837,V3
0x0b1d3e27de49ea25b72057d6b8d209379a1d7b35bda69937489a6e6177de51d4,2025Q4,0,0.07603699728689024,V3
0xd304e9e13e6b0bf28faf314d5c92f119bacd7c4076b8567d93a03a6bd445280e,2025Q4,0,0.7425368794938383,V3
0x4496ad0f7a077241de0dd0e72268b1a1236de27f13d86a114d18039ac881f0b8,2025Q4,0,0.26276339634514956,V3
0xfdadcad423c4a5945a8c70d2473e07aba1f8988b1a6b78605a4956d0768f3bdd,2025Q4,0,0.025751941010087313,V3
0x84f5d68d1b5ba7fdf37fe3a9999d633356e58e3f926ef33d38676f1e724237ce,2025Q4,0,0.25787190414951683,V3
0xdc3883290f848c9177d1017303916ee8cff8b6b2966d97b5ddd70bd4ce7c85cf,2025Q4,0,0.024634501771234024,V3
0xf58839e71d87543dce4c3e4a88559393e675889b626271d5c8e7f7f96d885124,2025Q4,0,0.09631337478338571,V3
0xb25f4263382d87638c80ba3a8900d1da108e75daf175c98c68a986c31b801d4a,2025Q4,0,0.0947687425795046,V3
0x9fa71d8f9795c72c4573baf18a30dca215b9a4a7b7d9b8eb54ae6a02889eb1a5,2025Q4,0,0.06544639805900329,V3
0xceb2529e742e9e1b17114e168ff952d3ccf83afadfcf32072589eb18d0753b39,2025Q4,0,0.04095735298418632,V3
0xfab3a84226eaaa6d8e0ed8427f33affa524ae7de6feaf46c5191b38edd7efe23,2025Q4,1,0.03481469263214626,V3
0xc3b988316fa9f96c6a1f0c97f9bf479acbb28b80c3acb2e179a78a436220189a,2025Q4,0,0.03134529516264522,V3
0x5c75ab978539f93165f2c26fe49ee1f49163147a9f598a346fb27cea5c81bf5a,2025Q4,0,0.03050188351460368,V3
0x47ef94e2356aa6875931cb1ac7f2e9a9d01e1701698db38cd21e4f23bfa1095d,2025Q4,0,0.1552728998662545,V3
0x415fd8fd1fe843a0cc164cabf56bfa867f0d739f029db04dc083880a2f27ce65,2025Q4,0,0.023531842638505274,V3
0x169e70c922deb614f22617bb6e6816398141c13db0041d48c953be6fe73125bf,2025Q4,0,0.02192490512487712,V3
0xa9efd5215406c5d54c37f50adc57b2b3006b14bf38f2ef5e2c4d1a3fd121f387,2025Q4,0,0.022185075210763967,V3
0x4a2fbd6b2903641f940af5165b151d970915360667a8af3ab3e24c94f3eb002c,2025Q4,1,0.6034656454211944,V3
0xe86442b3a3269c67960d2cbb5f83246567c8ff2992c0562a98058140854223a1,2025Q4,1,0.9857371205169965,V3
0x2a8972708633cbe7d79e6b66f14b6654bd72b4329abb82e28fd9a62e19662f16,2025Q4,1,0.9857371205169965,V3
0x2bfe9c30b3adf09a99271ccc9cec7a31e03978478e8912e234ca853b889b8950,2025Q4,1,0.9857371205169965,V3
0x8195ceb3ab6fd94b2adf05993501a4ec9a95dd5eca2590ebf9dacbe200608718,2025Q4,1,0.9857371205169965,V3
0x3315de37bfb5e6565dec1452a914a9160afbe18512aa29a89abf1bfe9c263c7b,2025Q4,1,0.9818444480687051,V3
0x2c3dce8515854f167dc523745a6b9d98d22ec9266d9f4921f62fd3e4bf1cfa1b,2025Q4,1,0.03816220850800329,V3
0xd5e2c76090cc15dc1e613fd61b9a2cee9b76c9097a6c313f256df55d2df5149c,2025Q4,0,0.022360195680925815,V3
0x77b4a1d4cd398a86c18b6bb9b5218917dc9f04b01a3cd4bae1c71ea345f15fa8,2025Q4,1,0.9856236153983775,V3
0x62269c6566f665f2a232e1c7104e1093c8c573bb57e7ac7292f5ca94a2168c0d,2025Q4,1,0.9851606269784129,V3
0x3d95c6d70bad806cf5cb76b2563308964a971a18ac7cea044d61785cb2ae79b7,2025Q4,0,0.022272467253458432,V3
0xa7bdb4e554de13129dc429dc030e780661253f44a60aeed6a502a6d9a06a49d1,2025Q4,0,0.022185075210763967,V3
0x5b2da90bfa4e369ae96f42a2ab96f8cafe8ed95b41b9fb03b4149a99dea34d34,2025Q4,0,0.05749911443068849,V3
0x24b040251d1121196e5d21f479c33a869d0c7b3e35a41571a40690e3aebd54cc,2025Q4,0,0.022272467253458432,V3
0x28709e4118598183c365037c26213dbb002999a26b5614429a1b81c4524972c4,2025Q4,0,0.02209801832419523,V3
0x3d4f2164f42a69e7583c4bca9840a4703f1c90c897611281698f0f3c2f0190ae,2025Q4,0,0.08671097598238196,V3
0xd85d61234bca7dfed426bd2440b8990ceeb455ddbba8bb9257d5d861066b45b2,2025Q4,1,0.9377205649675161,V3
0x433f0e14de07b6a841021ec537ea1bc64f41146912966af74f347aa8f5bee013,2025Q4,0,0.02192490512487712,V3
0x3df9aa7b133ece96a33d8675a7accc5cb1165e319803bda3b5f020578a352fb6,2025Q4,1,0.9851643305927955,V3
0xf564fdfa282fade9a343c2b8b02a9cd25b9adfd491abe494e04233889e3cb9fc,2025Q4,0,0.02209801832419523,V3
0x2b31e7ad9f42753434a1703d157a1c8414c92b6f1ea2fa35acf6df90be9d777e,2025Q4,1,0.9851606269784129,V3
0x4bc0a746e6ce6c096d4f6b052f74ac6781afa2bb12af3c0e8ce88d447920336e,2025Q4,0,0.022983817499159363,V3
0xea3c3d537c0495872754400b9ab59755a932d3e2b6115e309d62ed236ee1b612,2025Q4,0,0.022272467253458432,V3
0x734525c64d1cdbbb45574cf3ef7f2496bf019d80e4d13c4663f054bda1f28ace,2025Q4,1,0.9844999588015478,V3
0xb26a5b6abcf15659bf295f767226876e4b87f01abf4acc4804c0cfd7327f6513,2025Q4,0,0.25812595328712273,V3
0xf4b2d2cc364a536813bb400a0aac9dce912e8c880f4f368bdbcc59256d50a3f0,2025Q4,0,0.025253516134854454,V3
0x7bf5ded954ead218fdef195a4ffd085ccec84ab7ac854c8855d8149fb5900362,2025Q4,0,0.02209801832419523,V3
0xd25562868f4159fe3758f3fff2d0c8d1fec6f9643c05579473babcc1f393bb8f,2025Q4,0,0.3577161917239278,V3
0x2a429e6999f56ed4a01d8d0d5afe5e65b6dc68c888e80e7b441fefe413cb596e,2025Q4,0,0.02709765782120222,V3
0x396b37233d7c36883428a540f848e4b655bd8bc8b169cb9b5e1c2f0a36a09f2d,2025Q4,0,0.022625411618752294,V3
0x822590e516b60893529d1344366f45f7a97ee2874fee905e8a5432db1ff36ac6,2025Q4,0,0.022272467253458432,V3
0xf74dc702c52c37ff6654148cbea82cdef18209fc8a702fd018c54c1619bf789b,2025Q4,0,0.02192490512487712,V3
0xc9d59f87834edd00b75981175f05d9236eb8427bf9668c38d5ca4dd2bd1daf45,2025Q4,1,0.9857371205169965,V3
0x521c8ade9d59c45f946774716cf55aab0b6b95ef0766387f8ff21effb7f9b592,2025Q4,0,0.027417489285079123,V3
0x702dcbe5b0f73dae060f2ed0fde1ce7aa8c9c01a8068dcc7ad375d85364eca8d,2025Q4,1,0.9822695400585796,V3
0x69b7dca69efadef48c5fb13417a3fb5d6cef85eb4f4af07fbb7e6065cab8b1a0,2025Q4,0,0.02763955390284852,V3
0x6b5ecd887aaa99a4c2745119f36a23e2846e3f6407ec74f77ad675ea90c3ef2a,2025Q4,0,0.02209801832419523,V3
0xdac55cbd27e9a0a8fc8af153d6f584e411f401a054a5de55c2f6cafc06d1a8a8,2025Q4,0,0.023531842638505274,V3
0xdd603911e52e7276589c87ab3cbf34f30b685a2f450e8bd3b4ab4c9e07a0be5b,2025Q4,0,0.05130041593985673,V3
0x155c85b47875dd5e8a77680325c5a5fec62642707616bf8cede73972287f61db,2025Q4,0,0.02999432089942855,V3
0x9a2ad5e4c81d21930b0fba7e65197d660ced56ccfa7999cc88191b76bc3fa3cf,2025Q4,1,0.9649381648762401,V3
0x3b489d201869b9e813047955884c846bfa69c768c7df1d5175e55d6cebe63310,2025Q4,0,0.024092612639041975,V3
0x6e2a4b6c85ab696a130e69a768b5b045be55f11d4cbb337c10c8633060f96429,2025Q4,0,0.022448261725830625,V3
0x17aae6dd6e7679ceb532fd10f72e0ca6912ae8d6063e7aa3d3dda7d1b6e600b1,2025Q4,0,0.02209801832419523,V3
0xcecc8bb7906099b97d3bfc3890c0640cca8e934d66f65c5f185b0c1b263e0973,2025Q4,0,0.022272467253458432,V3
0xafdeaa4b9b41a2eb8b450360f190b7c129f8de71de8faf8af8ba53d0db4fa2f2,2025Q4,0,0.023904255983660982,V3
0x1d2cf8d200e14ad27fabd93f654ee999fa6ef413b902ddb0a71db21c45757f63,2025Q4,0,0.024473678261224374,V3
0xb20a98a26ba3b1d1d29d37f80469465bcb103604b34c2a01ce1b9742ffba9b26,2025Q4,0,0.02316509356556125,V3
0x3e99377c7fc3381de504432e855f67251ec32d0d3307e34624634e192cecba10,2025Q4,1,0.18092548297231079,V3
0xee784c8b7f486432b010dca9e45ed33bb3364edc72394331a3517c8dc2ec0c66,2025Q4,1,0.9857371205169965,V3
0xd0766f4f45e377e80b50661fb6b6a0cda84840548a69c54f0c39c520490cab9e,2025Q4,1,0.9857371205169965,V3
0xf8ad779f49fc9051a44de57a22b2ffe8608b0a2a7de46f728cbd6bce81a5bc54,2025Q4,0,0.02343962756166493,V3
0xb0eccbca0ba5fd07efdfcb09b99abd59ea11502969c0587b979d29900dbcc874,2025Q4,0,0.022360195680925815,V3
0xd927ecf4e9411796dedee1c6905d4ed41cf887ffc4274bca9582f8effa21062b,2025Q4,0,0.03371005265580473,V3
0xdeddc78c2b2adb95ae35d7796e989d38d014ee481a0e6f0d52ab34711f4ebcc9,2025Q4,0,0.023347765210931775,V3
0xc295b3779bd5923f7a7179b4e422a02760a9a43117f536465b1c05dbb12b93d5,2025Q4,0,0.02419331388763107,V3
0xafe1b7be515259388df5bf5123dfcada1345866aa04704b5703ea8dacf5793e1,2025Q4,0,0.024092612639041975,V3
0xe4a2b3d43921a62fd693cbaca54249feec7b52fdcd5c7dd8c809a38179c1cbb0,2025Q4,0,0.026365427004761504,V3
0xfcce7516a6edb3293fbd8482b69bd0543ac5440689a743d4dd14543f3958d002,2025Q4,1,0.03518086569928261,V3
0xd966b3c2f9102c0e87883594e5523bcb83609d1f64f44f33010927060e0f3257,2025Q4,1,0.9857371205169965,V3
0xf06a54d7176d2e19f000b1bc41af74d79a22619648d7a8ac74ef231cc537850f,2025Q4,0,0.02209801832419523,V3
0x2b8b7aa9b685cd6b7b935a822d693a87578050d898535e6d128cb172eae099bb,2025Q4,0,0.022103494252987972,V3
0xeabe357efefbd2510a34d6d7b5c1b844bfff0d104383e86d30ac6669bf0d034c,2025Q4,0,0.02272012309655801,V3
0x8d71eebfeac93509b5d1061725583b8df364823d816be3b2284b07cfa913f20a,2025Q4,0,0.02545222723236018,V3
0xf52029a0c6c0706e911cd30c15cff8d6393a1f3130305300afb34158e5966177,2025Q4,0,0.023074281720119834,V3
0xfc4453f83b30fdad8ac707b7bd11309aa4c4c90d0c17ad0c4680d4142d4471f7,2025Q4,0,0.02209801832419523,V3
0x62b0cd598091a179147acbd4616400f804acfdff6f76f029944b481b37cbd45f,2025Q4,0,0.03058480947700941,V3
0x9d8a88abd5a103760c22e11551c7ae59f861326fcc823674fc02606b63560cf9,2025Q4,0,0.02209801832419523,V3
0x07a0819d15876d8566e6e252f8c74fa7a71d7baa6024cac65e572b82ef32f3df,2025Q4,0,0.0247694470711851,V3
0x6a4fb41f0a5a6a18bcc84a7b168cdb928a3e9fba7f5903a33bde22db8bc418bf,2025Q4,0,0.022360195680925815,V3
0xf8f345fb0909dcfacf5431e01c93d1454df348fe1cacef706297931b8e4b2cff,2025Q4,0,0.02192490512487712,V3
0x052a356ea100e7c57c79b80a9a29edd378e242c534f6d9cbfa707ef3d4e696e2,2025Q4,0,0.02192490512487712,V3
0x89ff77ee1c11d6c8a480bfaab11eefd6f87b8f2076a065be0706453857dc0958,2025Q4,0,0.022272467253458432,V3
0x01d5f475cb30704216ae9906d369c0b2991cafec882ab4888a66ff11eb03e569,2025Q4,0,0.022272467253458432,V3
0x220e7bb73147e5df24c4ce15cec6e21d19eb9f46d61f1d4b823e6e0d0c6ff65b,2025Q4,0,0.02192490512487712,V3
0x784d67eb3b205e7f6543b09d8737d5dc1c2a14d43a102bbb59f7f4f94fc56135,2025Q4,0,0.02192490512487712,V3
0xcc4e7542c6b9b0c0a5069dc1dc16d27fd60c4654f3a36fbc1db96ca74939a580,2025Q4,0,0.02192490512487712,V3
0xe343e905d4a805016123652e4975a0bb01461d210c2990c578f53dedf5442012,2025Q4,0,0.02192490512487712,V3
0x81fb3e948db1f5645556dbc01b96f50c319f1331ce8b745701197b8264c1d344,2025Q4,0,0.022272467253458432,V3
0x44e58e02fe84a64444a78665a92568c1639fbe024a0157ca5022c3dd80d9b70a,2025Q4,1,0.9220526475487812,V3
0x01c85fb55ff4f1a406c951dfefc03b55c3455ed027e5443ba682efcdaaf1d000,2025Q4,0,0.02192490512487712,V3
0xcb1531b00e984865530f13e4ce35bcbc7d71615af98827b5e9aee2ca2984b626,2025Q4,0,0.02209801832419523,V3
0xab6faa3e66abacc484bbb4bd31ae5e2a56d6f6252b5023631f1bd9e5299fa2f8,2025Q4,0,0.02575315189138855,V3
0x5ad810c8d042f53c457a413241175022503d290593c54c8fb713d4ffae5f9cb7,2025Q4,1,0.9021438045271426,V3
0x8e5dd56e494bac55a67a36b7044cefd95dfe7bf8c893f7d82a58c9681990100d,2025Q4,0,0.022185075210763967,V3
0x8c673122e07691335ddca322dd41013711b9eb28dbd0406309df8a12ae353a2a,2025Q4,0,0.02192490512487712,V3
0x2df7bb9bb2d044408af2a3ef947fd1eb7f5a167d7322cdbb410588af4974ab4e,2025Q4,0,0.022360195680925815,V3
0x5193e1dbd548e792d51bbf361e419e45c3945ca3253275fbae82cfc13b2355a1,2025Q4,0,0.02192490512487712,V3
0x5da735d02685c478a4c702dd31fa4b8ff4d82bb4fbeda3fe5cbeb8d4b2534e93,2025Q4,0,0.022272467253458432,V3
0x56030c3b4726de62df7d8ffe81f194854e89a3e0804ab1fa8b376a6be6bb3851,2025Q4,0,0.02192490512487712,V3
0x9645a29e64ce8d9612cf700b1dd7a3ca1ad10d6f60c99fe4edc3670844cd02e2,2025Q4,1,0.9857371205169965,V3
0x5a54c2fe06f97a6abf5f7790d9d19e42680ae1ca61b344360deabaab28bd0f30,2025Q4,0,0.022803926874235752,V3
0xafc235557ace53ff0b0d2e93392314a7c3f3daab26a79050e985c11282f66df7,2025Q4,0,0.025056316531183526,V3
0x641c8b680947405e097da700c54f344556bb59e2093acdf1576c1c68e795bddf,2025Q4,0,0.022714497952267654,V3
0xf759fba6c4fd415128bc840a1bf99708244720d7e613ef4ca02f0e15157b2f14,2025Q4,0,0.02192490512487712,V3
0x49686d26fb712515cd5e12c23f0a1c7e10214c7faa3cb0a730aabe0c33694082,2025Q4,1,0.9540643710536456,V3
0xaf9d0e448129a9f657f851d49495ba4742055d80e0ef1166ba0ee81d4d594214,2025Q4,0,0.02325625430471757,V3
0xc9b993cf48d5555c7a3ad07c82a3505a4d21c0e577707589ee24eb5d7a93bae6,2025Q4,0,0.02192490512487712,V3
0xe969e0250d4ce4fef1922710f4ce55218aa8b76ae46c69741444de9187e8c2d9,2025Q4,0,0.02192490512487712,V3
0xa9fcdaf248a0560f83cf7c7e75cad23d3151b2169a22f22b316eb822bdc27329,2025Q4,0,0.02192490512487712,V3
0x3a1a1cb37faaddf37ef72e2ff43ad3ef50d2151a2c0dbcf7a787ae60de627a4c,2025Q4,0,0.02192490512487712,V3
0xa4e382494285a0ba4498623710c2e21102f2ffaffa532dde564fe83b2e616251,2025Q4,0,0.02192490512487712,V3
0x40c02fe4023e316f5ef4c0a5afd3e5eef81538d9ee98b315f503f2d1326fc7ee,2025Q4,0,0.022448261725830625,V3
0x689eb479c285abbe526ea31e32f3b300c8f77d7f144e78f3f2d35e200e52c2b6,2025Q4,1,0.9191133022665019,V3
0xd51b3d7c933d2c1310825bccc2e0e764ae050f8b210e9293dfad76d2c45dd822,2025Q4,0,0.02192490512487712,V3
0x5a2c59ffeb6d19ec30d9a1a689b0a2f50381d442f9a159ab9dfd2a2aae0948bb,2025Q4,0,0.022185075210763967,V3
0xb608cf26e1081629f346a99372add130b2b97e7ff74d8396c5cba79e66e4c3bb,2025Q4,0,0.022011295369113067,V3
0x50b8b0f741566a420756d975faaf4cc4716229cd5183c3a35b3b20ac2b5050ef,2025Q4,1,0.05535846290444985,V3
0x4f6be3a3a4d10c128211a0a430e44de4b66e7e9f7ab02a0393f1f4ad924ad980,2025Q4,0,0.022983817499159363,V3
0xf78b84e417dec6b34f6cbea7002cfb4b16df21aa1cecc8eb701e2e58baf3fcdf,2025Q4,0,0.02209801832419523,V3
0xd8dc35e690ede1455c476595bc9bddd5c354ff86c8455a2d530ad94673740d7a,2025Q4,1,0.9844999588015478,V3
0x1b6f76e5b8587ee896c35847e12d11e75290a8c3934c5952e8a9d6e4c6f03cfa,2025Q4,0,0.022803926874235752,V3
0x80026f98f9de40aea8dba02798c4f0067942bba401fa3715209ee7c27482640b,2025Q4,0,0.022190572222878555,V3
0x9fcb9901d142b5046467b4ea329508bdb19274eb1fd0fc833ee1916edd11cb73,2025Q4,0,0.022190572222878555,V3
0x8ee2f1640386310eb5e7ffa596ba9335f2d324e303d21b0dfea6998874445791,2025Q4,0,0.024377864521527848,V3
0x324d699420ad881471d0fd29acc86e664e397bd6461b3fa440dcd3efc514ac79,2025Q4,0,0.022185075210763967,V3
0x5916b06ac023a9fd380b05d469d508d0ad722aae7ab9c5f3efc7aefa2e8fd39f,2025Q4,0,0.02545222723236018,V3
0x185dfb6e222f3e467a98f39cd70a0083aa200425798efe9f1b2d9fb6dbd190ad,2025Q4,1,0.9854516868502718,V3
0x4bcdc5f24786e4ea5279a4f859d8879cc08b98cfaa2924862947c65db0f010ae,2025Q4,0,0.022448261725830625,V3
0x29f5d34ac7112f90cf206ffe22f270450cf16c2690be2f744b5a1f2cb016db91,2025Q4,0,0.022272467253458432,V3
0xc0531ca3aa67e9aec21f8265fdacf39f960c24f3faed1a3e5ac9b4613e6fcd98,2025Q4,0,0.02209801832419523,V3
0x0d3c9bb7a98510a5f5097be77ac7f66a122256ae60b5b15d82c6a75eb6ebb60b,2025Q4,0,0.02192490512487712,V3
0xc52cb22f2ca2fff02170862d971fdeafb7c0ff13fde292a2af508546b337aa4c,2025Q4,0,0.02192490512487712,V3
0x5fc28bfcb6f16080415695b53f1f60820f403a94ce16696eea2f0085d823bc92,2025Q4,0,0.02192490512487712,V3
0x995206207b19045aa5cfb42f5338ffd2642a851fe682363bc0c5848e6b1b6072,2025Q4,0,0.02192490512487712,V3
0xaf51603d78545c838490bafe178ee9ff4c23d0c2161f15e0e530d3735229ad3f,2025Q4,1,0.985680478787153,V3
0xde69f3a4ea109f797c51b5c166e78ffaa79efbaea7d7f64c74638cbb529f7fdd,2025Q4,0,0.02192490512487712,V3
0x614be8366c44bee32b179f13a1653126b28fddfdec74690c1e195989d05f5975,2025Q4,0,0.02192490512487712,V3
0x820c249986044ad3ab808a4fb401f355a97eeac28d1e905ea37c849700e9cfd4,2025Q4,0,0.026886454897955925,V3
0x31ffd9aab0ebb5be9ec63c29f42bbe1d6c7a43c246612ce3e42febc8658e242a,2025Q4,0,0.1300955801287638,V3
0xcc248e5b3109197192b15a3fbc98f84887fd5b2e9baf2b72d94fc66b5102b760,2025Q4,0,0.02192490512487712,V3
0xb17868a887f1f40595b2433c741b81be879add5f0a54a14f8a7cc0684dc4a0eb,2025Q4,0,0.02192490512487712,V3
0x580174081f344662e6f9873d1a2ae03e665bb663aa18c53b249dcdabf9080a9f,2025Q4,0,0.02192490512487712,V3
0x35d6cdbd289215d1282caf1481032969d080afb42334ca0735aa6c42571554a4,2025Q4,1,0.9856236153983775,V3
0x5a3dc97b0200aaea720be8cbbf196e3f7660d589a8fe6e29029a3139d154c21b,2025Q4,0,0.02192490512487712,V3
0x48c715b695536243a128b653e59f8214262a454811a570c4b019226291c0fa69,2025Q4,0,0.027203863253684565,V3
0x95436050e102daf4b531e0910799be2742a7a8769f98f4f833363e4afef791d2,2025Q4,0,0.027740988056435847,V3
0x735a2a984e13b28aa5e0c540d99fb8d798b2f6825bd0b992679ea779bf0911ca,2025Q4,1,0.9851017304394849,V3
0xbb4eb4d4619272869e329ff787bd9fcbf759ff5552409b742f5443ad959c73cb,2025Q4,0,0.02209801832419523,V3
0x635e9e233a8a58b771d845c90a51d21602b7caeabe01c07fa1192cc8e2f72863,2025Q4,0,0.02209801832419523,V3
0x777c48a36a064675a0a95112c12f54cda0b1caf9a64f7450fde31a8a8212af5a,2025Q4,1,0.9805082713548353,V3
0xad7141bbf5412101b40b30c01ece77146390e73f72efbb6abc1e1dc963594515,2025Q4,0,0.022011295369113067,V3
0x308fe0ad95520768ec0b794c7c30b3469bbdd4dd2feba218153672745ba0f6fe,2025Q4,0,0.022190572222878555,V3
0x876c137bd74bde1ffaccd26e29078355a63c16d1f8182f39cb4bb03459dfb1e5,2025Q4,0,0.022272467253458432,V3
0x71efc09081b0e1afb01434ad7d626e22673c90494cbc64916e7476c707bc8bac,2025Q4,0,0.02209801832419523,V3
0x4bb6de97e799c4202ab568e696667519bc9877316367da60c852ab6b29e826b1,2025Q4,0,0.052888726020711055,V3
0xbc313b9d1136eada02794b4299fa04bab53da830001d73966fb9ca1e7ffbad5a,2025Q4,0,0.0453878329574738,V3
0xe13ed1b2e0a0f4276534a9c0e3343987aa244d94cb1b60a1c3d6ac1774cec9c1,2025Q4,0,0.02371733611755065,V3
0xad060ea1394b5b608758c7894b78102fea337251f9065ac3db96e1f8fc211abe,2025Q4,0,0.022803926874235752,V3
0x310856dda37a2cc0df91c98d55b4af046b803843a3255cfa6f3549ab6edb0920,2025Q4,0,0.022272467253458432,V3
0x7c0cea4d74ffb2c8451f8834fc9f93e72479eab3a4a98b75127940f5f60f1622,2025Q4,0,0.15830095763960045,V3
0xe3cce9907c9cf32d35a376fbb581d97beba2e2cea485bce1840e23d0af42f9c6,2025Q4,0,0.030465818013943886,V3
0x94804ca845f8a47d7b57ded99651443836d4b7b10ee8ec6ed991b6c88eb37216,2025Q4,0,0.02862188203442095,V3
0xbf94e0a29a7c5f810c79be85579bcb7f684d8dc12f660185a970c564fe2b1f36,2025Q4,0,0.03531760205987154,V3
0xe36af7728445b62f1e06a904041d5f1455f9c290b07b91fc903696d08db762be,2025Q4,0,0.02605753928729671,V3
0x1e6597f4cb7216d962f60555fc1c37b06bc5fed9ecda9f920e2ed70034169684,2025Q4,0,0.022983817499159363,V3
0x14197a2979391a7bb1e6918582334640f309c22c7718f824c9fa1e149302662f,2025Q4,1,0.024569859099469776,V3
0x021e618c946d8ff51cf4e690809295b218353b5e635b905c9c27e779e20d0ce9,2025Q4,0,0.02192490512487712,V3
0x7a3fd81ababb31b0090abdb174f02c551d1a21328f9482415d7ebc2e1c6c4b6c,2025Q4,0,0.02192490512487712,V3
0x726f839c363681d34a3fecc8ceaffead59da9b3bfb71a64040f4ad58fa02bb37,2025Q4,0,0.02192490512487712,V3
0x2135c61c38d5a7bd7fe24eb35b920bf92213573d33373a80e4ae9a7b3b2f435d,2025Q4,0,0.02192490512487712,V3
0xe64946cd8d2d19ea559c78db03cd93688f842bc6277fbbf921a1423ca0e98f6c,2025Q4,0,0.05928148084235829,V3
0xfa24ff31c2cd56cc9a0b8a72586e9be9b7661f76da9a23481219fd461e1650c9,2025Q4,0,0.022272467253458432,V3
0x96f6aed94facad5cfeca5507e1a3f6a5c6500dac44df4b373bb829ba8fe0b5a6,2025Q4,0,0.02192490512487712,V3
0x19f72612d7e2e92adc3f2ac2d75806b37bd9788b0dd6999654474da2d67e6956,2025Q4,0,0.02192490512487712,V3
0xdfbdc5331baaf33996d442f543f7c0fe3391dd067cecbb90899b8339e927d05c,2025Q4,1,0.33050179824492176,V3
0x2865bc483dd523f4a36eb961f7467c8635ee9a13f39748bad55f645ce1f61512,2025Q4,1,0.9857371205169965,V3
0x3fe28ac4aee597a761ce00692605e9b8701a544365eb781ddb7453fb10ae31fe,2025Q4,0,0.02419331388763107,V3
0xc2e5f441b24c3bde052635a5ca1d10a7fa8740e4efb8df6b815276e887aa979d,2025Q4,1,0.9851017304394849,V3
0xe4e5cdc4135cfcc3afce62f24687609ae42b67982641015eda335828772edd08,2025Q4,0,0.02192490512487712,V3
0x24e4d8b6fd60c9867d9accbdd88ba2ac7212aeb03dfc9d6b10bab06896049ff2,2025Q4,1,0.985680478787153,V3
0x97f7ac6f9488a6c3470e8d0305bbde37f76692a78374cbef803946bdeac07e48,2025Q4,1,0.985680478787153,V3
0x63f7f0cae6ad5f914677dbcc2e806b94c0898573258e1f087c5b296136aa8d19,2025Q4,0,0.6360886866474312,V3
0x21baf6d500df8012399972c6229ac577af80ca39c67315dfce62b90968de9010,2025Q4,0,0.03691953976472356,V3
0x1ecb710da7d97b76c1c99180d8f3d2afe052d09b68eca89b4cf3ce37a7a0a426,2025Q4,0,0.024377864521527848,V3
0xdaf6aa41c877b0a2f21f670e0b2b23343e24ea6743c7ddb5b373ebb1ae8e7915,2025Q4,0,0.02192490512487712,V3
0x7c2710a7af9d9d7da6e58b1edbb723215a852b87f587e204246f6a01ab39e1d8,2025Q4,0,0.02192490512487712,V3
0x21d5b50fd0bc5013be79a7cdb4b3f0917127071cf27a324804c030f6eb06f5b4,2025Q4,1,0.9825474892856715,V3
0xfac98674a774531c2b7def1ce530ef2eaa78a1c444f794923826f2660b1eaa14,2025Q4,0,0.022714497952267654,V3
0x35ae72ecea68142496d891d6b74c3ea7069e8ac7b066542298691b43d74da891,2025Q4,0,0.022625411618752294,V3
0xdae8eb120cc18c5f8fe9fc1863df68d0f589c9db0408d9d248b934e57f7e1b81,2025Q4,1,0.9799630109216094,V3
0x54f2d63a6512045645b3789b498f95227b1ce57801b1f9d0c9f9fa9f4d5dc7eb,2025Q4,0,0.02192490512487712,V3
0xd640f9d87fa9c64980a6e6609e66a5f651048345d2d659887d23c5426fc6e672,2025Q4,0,0.9762708896355079,V3
0xd468704d23b31e2ac86df6cb3ae8e3b25434780cfcfcc1db5c96efd84328d04d,2025Q4,0,0.02192490512487712,V3
0x4b4925cfe0431f35c000320bb1abb44dea1d18982a914f9bd174f29464147a7e,2025Q4,0,0.02192490512487712,V3
0x5e1df4ad3d4a4640f57cdf11e23f26c16c9221d9614d4bf6eada4db6f34cd059,2025Q4,0,0.02192490512487712,V3
0xf026cce8acdf7ef3c52908d58ad8780d6e7ac3440189945deffbcb042aca685d,2025Q4,0,0.02192490512487712,V3
0xeae2edae4d49434c915134a9c279eb417b4f48a4eb3d369971c1baa8d17b8edc,2025Q4,0,0.02192490512487712,V3
0x62aabeaae60b94fab9672400f3cf536b44ec085de18dcdb5e4fd273a11e196f1,2025Q4,0,0.02192490512487712,V3
0xe42745319821ec7c531d38afcb0cb9d8a53a414efc3470824b4103204bef7c97,2025Q4,0,0.022625411618752294,V3
0xbc89401b0d892987a1696442b97f736fab0a683c925eda4032cebbc3fb587759,2025Q4,1,0.9856236153983775,V3
0x493720f91c0b4d1273bd744c1412826c4b23469f25654b7f918d66f49e266745,2025Q4,0,0.022448261725830625,V3
0xdec77e52349a9437f290d79c93137f413a27ecfa3fb2a2845100bfcadb8403d2,2025Q4,0,0.14288273069544022,V3
0x187309dbf4aee9150fff005a29ccb02b9a4d221cb00cd85211dcbcb8e867fd9c,2025Q4,0,0.9410277011015572,V3
0x5374a734024814a7e91a50b025cf0924bcf99756f40384beb260ede9322ca28f,2025Q4,0,0.022103494252987972,V3
0xb54e92a9f3edf1bfe9ef0f8a1b1ec483527f482b1463a8691024ced348ec498d,2025Q4,1,0.08685298472513985,V3
0x1bc4d3f9cbe31ba83b60990788eda66ae06cffd42e548266606cfd4fe3bc4525,2025Q4,1,0.9836817755941875,V3
0xaf97f60cad3509b019aab16568bf05eaec5bc53f91ea2c66e2a76ab467c754db,2025Q4,0,0.34853181711409487,V3
0x0742e85e568235c6bbf715556bd9b26f32f76e5946f21a000d387c0e3b846e20,2025Q4,0,0.02192490512487712,V3
0xe402f72914cc259e93379dd581f5df53f959601fccbd69b1c55dcdfa6d2b080c,2025Q4,0,0.02192490512487712,V3
0x37f329dc3878b26f5f2d7f4f57fbc3b74b594657fd705eb07c748023d78abcf0,2025Q4,1,0.9649381648762401,V3
0x5bf005155ef085c7f79cef880b60e208551fd3f66a54dc94a11c75bfcb5e8f6e,2025Q4,1,0.9851017304394849,V3
0x07555b0e89abe017ddde72e5d04f26f6b26a7f221cca5fcae54ca99dd984774d,2025Q4,0,0.024473678261224374,V3
0x06eede5999a7a67a2b56811f81c7b352d17f8a6df556527731a95a1f4e07ff96,2025Q4,1,0.027849642753590104,V3
0x1fb7ed3aafcd80a2112eb687480c4a9bf042dc2d76663dd13785323c8be898bf,2025Q4,0,0.022272467253458432,V3
0xfb35c4b75b932f91fd543651473976d1124c6eab5e204050dce7028eae44ea8b,2025Q4,0,0.022448261725830625,V3
0xf2ce8d3897ac5009a131637d3575f1f91c579bd08eecce6ae2b2da0f32bbe6f1,2025Q4,0,0.022448261725830625,V3
0x28e1e883c5e1043c31fe445bb35552c8628bc0d4156c6f1f3e8060489f4243d5,2026Q1,0,0.04705127014771008,V3
0x9778aa7639001067d7ddfc3212a678c764352b3ade5a6130100468ecaa46abef,2026Q1,0,0.030800263137540952,V3
0x6831e2d6108d2316252466bf828cdb02aa16c5e8152ff428d2c0a035d5637e60,2026Q1,0,0.028975703986497996,V3
0x824494c789b70bcb571591f8efdbcabc2bef578e0498ad9d1348a1ce9f94b8e3,2026Q1,0,0.028975703986497996,V3
0xc6a69fe3d71cf548179aabdb4d8d1eb29241c48b1ca5cc1e023a181910bd217a,2026Q1,1,0.04356226877034761,V3
0xae3f85f20d56983c7338111e097d95d494c63594ea47e6df95c20c7f006e7675,2026Q1,0,0.13866827063942488,V3
0xe6a6dd7a8654925d425b1ea24904ed8d373f8c540b9348087de684a162719ddf,2026Q1,0,0.050167639610027244,V3
0x73d67ee4076e87bde2a863880f945e7020dd52e00a1a0e740dcb389810c974a0,2026Q1,0,0.08987559695740836,V3
0xea3ca9445b5d17bb4c155c87c31d04a1bbaa10e2832ed6de7115837e46a3f824,2026Q1,0,0.04294933343198578,V3
0x505b7de22623130613df93f722ee6b9be7583a4188207bbbc6d6e6b996565841,2026Q1,0,0.04204535355076392,V3
0x8a834895c54bef19e6ac0a7ad2a4befc2e9af747d6dd1d52eb219782a98b2120,2026Q1,0,0.06450584023936583,V3
0xab90fa9ab957bf8457c6dc61a05366aa29125d504ee4edc27abc3841cd99118c,2026Q1,0,0.04545154431845408,V3
0x1bf94c893747f1822edb6b06e670071017042c833dee92b6a8a35af468a50fc0,2026Q1,0,0.048564659235197656,V3
0x48aa1228e2f719f1bba2f5acfb3edcbd04003e5cb00863e1c81a550729271439,2026Q1,1,0.17473973891367722,V3
0x2bf00860d0daa4aa11d5f6e5aba62407c5f82225e652f6405701d9ddd83c5a6c,2026Q1,1,0.9088164273315703,V3
0x8a175eb42f31b198faca9a77277bf90396bae30bf065d3a9898aaa8105657ab3,2026Q1,1,0.6859281775274818,V3
0x166ab6a5f3e348dc7b6d732b0848f373b042aff0290a5d7754f7628db6e4dc0f,2026Q1,0,0.2998425684972823,V3
0x6615814797e1f3be7a827c70a94c674e9e568bfc7f1986c1f9257abcc5624d82,2026Q1,0,0.07442613458400524,V3
0x80bc4392bbed4cd5a93a13073b9b501072368e3d6e7cb7c362774fce9d2ec11b,2026Q1,0,0.048765224420012715,V3
0x0e9a2900fcce6721c816ed94c6ba98973f3eb6b264fc1255bbc532461feb2025,2026Q1,0,0.049806170560286724,V3
0x0e4f635c4fdb0fbfe986ddc93712388065abad3bf0f19f07e3171196f75c3c8d,2026Q1,0,0.0541840341719168,V3
0x46fbdeffa6619cb7e6ce94ba9e2c8c316ff278e6006bf557dbb5adbb3b268e56,2026Q1,0,0.06404802753083201,V3
0x79f248793183427a38eea310c14fb01b2a4b52df380d6e7cd650ffac9b400120,2026Q1,0,0.08925490821136597,V3
0xc3dc290c6b0e3a312529dd5a4c05dcba287ce57eed62258b0076b68daefa99eb,2026Q1,0,0.10444915767715446,V3
0xc7ccf00d77e843b86ea9d9027e6c1da91c52f8fea154658d740dfc0a15bc6a74,2026Q1,0,0.05851354065376883,V3
0x2b392fc0a2674db229607218667c129a0ff27186ce4b303c3c8e54402fcab133,2026Q1,0,0.06516684099142314,V3
0xe25ae47970ad8babbe3073eaca65d24ee73f685fd49f74e55d2b75a965639695,2026Q1,1,0.1090382120059873,V3
0x194c3e4cb9a244ae92e2adeff092076b13fe039cd217b1bbbb6aca6cd4d12df0,2026Q1,0,0.04893727062613198,V3
0xd45883cf53da8e88ae995e10bf61c287ccb7b44eefb57ee4825ad954344d9e3f,2026Q1,0,0.08985871974866787,V3
0x062e5937100103295e98f56a99926df33f05e3b9f1a1929780aef1f4c46d73e2,2026Q1,0,0.05219753670486761,V3
0x277f21a0a26b1a2ec9c4980f91f55708880a7cd4c5ab68687fad0c2f6efba698,2026Q1,0,0.0936681246129143,V3
0xaf9f82c55c0bcdbc4bfa99fe4a8ee9040361c79071754b299797480ab95b262b,2026Q1,0,0.06871514626531847,V3
0x2474fea8345b414b9f1d9279b6a05b2dc0882d850c376a5efe885446576407da,2026Q1,0,0.09057165958570208,V3
0xf835de42f566a714be49df12ba436279ac3b06a8b570baaca49835cd0358c916,2026Q1,0,0.18922586443563985,V3
0xf96ffb10e7b715bc06d5be34c70204f2a01ff6e7985adcd4dbc8ab5808dcddf5,2026Q1,1,0.06547110188440815,V3
0x88f8790926f05d2b6ce8097499cc0bb9a6b0d8dc59b1bd34dccbe510006b963e,2026Q1,0,0.1120768433522009,V3
0x53abb32b56a1f2c6800c52769e82ed630bb847bd4d431418b6473f663fb55648,2026Q1,0,0.11097616075168686,V3
0x888c776fa101405df636c12ad9860151eda553e1e76a237b742a6ab8178b71ec,2026Q1,0,0.10353348450914804,V3
0x39446dcc0c3bf7c56209a0f7cd7a82802381b17a9bba47baaa6c33cb7757e685,2026Q1,0,0.07643425103327674,V3
0xd9daa9c0abb5506523bac5dee937313cef0f3e4c86995704acd5af07c7bb277c,2026Q1,0,0.07380391883051889,V3
0xf8455f2bf006c1de7244ced9b0cf2953ac2b9e32d1124c61cc519acc4c3e252c,2026Q1,0,0.06215376753297467,V3
0x80f018c1a36bca63cd6ccff97d48028c34592893dbf32659115bffb95adb2bd2,2026Q1,0,0.09185442509682441,V3
0xd1889f8050ae7b0a2ebb5f972a645826a1a40b0a54be855501c82101c129d552,2026Q1,0,0.05543568615985469,V3
0x7d5dc9aa59955996da410825c00c8b05213540b622ca7a3a1ef756c914f102e1,2026Q1,1,0.902571088673684,V3
0xf3cdab0cc84ccab80c8e06f38ab2580077a26d67f07dd98e7777e7b00058c838,2026Q1,0,0.04659984736133073,V3
0x79992ae60d488b649e61f4e9b0d3c6e8045f20e4e01040f28f7d92488b1125e4,2026Q1,0,0.5776610317714882,V3
0x12f85b250c4943bb6d17804ec6c5d5e6b46dc3202f207acf7e56ce83d7319c5f,2026Q1,0,0.7844067449517256,V3
0x35743117468978e7ddd6647790f599f21263d948f2a51fa78df47a6793fde562,2026Q1,0,0.4803915596494199,V3
0xaa330505b64202aeb86ef486b0a0505efeb5c4706a7fcd9fe86d871567f75c7f,2026Q1,0,0.03394859939226311,V3
0x5cfb1f7c129ec106f22a5586d20993e4eb351b24ff0c417b2436f252253d386e,2026Q1,0,0.15719130992210736,V3
0x2fc0edebd6d9de328bbc65d350bbe92c83b8727d4cc6211cf2931bef04cd0f98,2026Q1,0,0.04699277991406533,V3
0xd5db778f7930696bc1891e9bed63ec5e6bc0587746d513c40eb67e52509b955d,2026Q1,0,0.15852524483128844,V3
0x10cf4927827e9f1377d41fa4565b4d34deeb78d783ab2c8f8c8ec442edc47941,2026Q1,1,0.08731721159260762,V3
0x57bac058325f2354f86c437addf47e18b663cfaf86efdd919fff2241cdbb27f5,2026Q1,0,0.06261993849708676,V3
0xb26f2c36379675980d5cfcb1acff62b37824bc5827775b0e1eaffc4f5db11008,2026Q1,0,0.042111400979800165,V3
0x9dd958416ab05e989cbc2bddb8fd6e89692b675e126cc0a89d9518634acf7cc2,2026Q1,0,0.6977627156578265,V3
0xd54661b68eaadaff6bd146181a61901d1775abc49e1e018960b35cd61c4659c7,2026Q1,0,0.2091880695956423,V3
0x3b4b3c1b3c57646192cc82d219b984ba8ce3f659277e114d08066bfd9bfb935a,2026Q1,1,0.07570736356493253,V3
0xd1cce43b5fded07d49b457f473f49d921db7053a9cd98dcfd5c3271a53e6713f,2026Q1,0,0.07910966751043631,V3
0xdf05643dbc763608d34bc226b096250bf1a84138c8cd0dcaaaf17e997255f38e,2026Q1,0,0.14792260407521002,V3
0x0ecea38a53ad7cfdac4626773ade7e33e948eea9bc42644cd035d7e3bc5cd511,2026Q1,0,0.09369172529233845,V3
0x639dd659a2354b95cdb8657cfb0757520ff1dabccbba24a44c77d1804601b7c1,2026Q1,0,0.08908078970937502,V3
0xd6ca78602333a284661831a5ec02c66e1f433b345d595eb913898f0caeb33b57,2026Q1,0,0.03677734434405305,V3
0xb9db6ee9c30a47c485cd38730cf47ff79c62632db47f529ac9e5314a3b294a1f,2026Q1,0,0.06663028987846972,V3
0x5c5d29108e310c971310a90e986725427c920eb622d1f16eb38ac05bccb5c77d,2026Q1,1,0.08184953788057589,V3
0xc7d10df2ef151fd7d5d9f66fe2694b13f9106acc7b764804d0ac37f668870f43,2026Q1,0,0.09785979003194822,V3
0x861e8a874e4e06e44092a9fdef549a520d56ed851fa11e6547398ef1a8b24a49,2026Q1,0,0.08758987910895158,V3
0xb93528c16938552872f79ec03b736ab43d01cfbedb4aa80d780070f7593d3338,2026Q1,0,0.0834707222678367,V3
0xf143aa3a6c93f0a82e38e242d7b0ae7bcc8ffe0f7fa310a0960a6025312c0277,2026Q1,1,0.054828288024451693,V3
0x09178d8baa54118e1899a03f04b5dc64d0a3062683fd3d31fb6fe07c791ed251,2026Q1,0,0.03258943522007775,V3
0x9a8cbe5e07364992850ceec04c25304476828a7a7383321eb0c861eb7942a221,2026Q1,0,0.19338074824145057,V3
0x9a4b70d49c610171ab3d1d86774bb328e05a3301c8d5969577795d98ddfe9c3e,2026Q1,0,0.10640179106712744,V3
0xfb898f62944858cd90a18655f393c456dd2c0d4ac17f1bbb4d06a2cebc8e1e72,2026Q1,1,0.5365036725530961,V3
0x95d998baf8752df3cf78ca73965bf3888ec5075188423db8d6028cbd78dad1b4,2026Q1,0,0.03630758771644152,V3
0x3c99905e19ccc0f3c4621eb8e5e293fb609859dcb81a460f901c3139fa97c7a9,2026Q1,0,0.03630758771644152,V3
0xac4c8f562f7c6f4a191570b07a6cd8926854205a91d6da197a43924bdc4659a3,2026Q1,0,0.5548606051721022,V3
0x6da4b3c400d1ca5d9a854367699f9abba26e5e25ff03cf223f8a8d9e8880f1ca,2026Q1,0,0.05999415352373131,V3
0xe9520dc1f9b1b3ad6a3b8e65df0458148de02582df35434c9bfb480b29b83422,2026Q1,0,0.0758684369996623,V3
0x8075c371499b9a42b89a60f76f8065d9ee27461028efa5360401fccf6e949b34,2026Q1,0,0.08960885560258611,V3
0x0d2f729e0695089192568fb1c6cea4ecba9515d98f508c1e98563c215f8545de,2026Q1,0,0.035710750851668714,V3
0x41fb9c8712354c0407a7a768c8c933bd811d440e9de8e65ba16d080c4bc315c3,2026Q1,0,0.03242343545760368,V3
0x09c7e0781a3a3884f2c886ef25d28c3ea4e50039080158bf795a4b0226423728,2026Q1,0,0.08261881911281874,V3
0x4cccd259335236ebbbb018f21219bfee84f2d37a2890813a59f3027dc7b28794,2026Q1,0,0.08318183762930634,V3
0xeb40432ed5d4b6adeee133904c9f240dc74ed641030596f05a13943e9aa5d9c8,2026Q1,1,0.06820225414403505,V3
0xbab21ba7168ad7d6d98600d40d3d69f2fda42fc10863d00e006a31b990b22065,2026Q1,0,0.04483199745041588,V3
0xdc4696c01c081834beae55f04eb852cf46e911fe63f779440390f753e9025fe9,2026Q1,0,0.030615447810124815,V3
0x5475a91387df16bd7f5b5fd5937dd2305365c01d6116c071d6859b377882f403,2026Q1,1,0.7309005537876962,V3
0xcfe1f3828ee14f8346c2c6a5f298c31d35623251cd10d8189ed4b83f636b33d4,2026Q1,1,0.9596422341005354,V3
0xa7b0b1e38f95c9925f2c4e04b3501b4b0d8b5a4d3d2b3b9d21dbb516c52cf32b,2026Q1,0,0.07074435524139777,V3
0x3b51eb6137b7691f7ef6cb9cbdd19bde90bfc7fb047bf50827bb7b7895a3a120,2026Q1,0,0.04414278834470925,V3
0xe3b11d4bdf2926eb9f27339b1b8ace1415a22742250569def18871b452858d72,2026Q1,1,0.9849640550360548,V3
0x0ebfa3375f9106999f107f7d7f4175e632e823b29ff8196dad62a692a3daac26,2026Q1,0,0.05151001945264194,V3
0x2d3973a4de88a8d6635637cd5de0c1d62e3850a65dbd19f0d1230221865d20a7,2026Q1,0,0.04352205659037922,V3
0xf693ac2455c92bdaee75e8e443116f890f2d59dcaa2ca054962a48ea2c4bfaaf,2026Q1,0,0.04477195885372987,V3
0x1ceba14c1ab80a63be4bb6345ee7f091a51f60a51b69e10b19c23d7d6af64cef,2026Q1,0,0.046546532914886966,V3
0xef1299d5c2697e3e8d7af37ae2cfd36f0eb10a5202010dd6b7c906c447503e7a,2026Q1,0,0.05209669878270182,V3
0xff40cb875da374ab79703b1ef7171cff8b6229c12c2e86852bde73eaf817e9a1,2026Q1,0,0.06246725270833183,V3
0xcc5b0e5a38b1e2b0bf057b3fdc0c72657d1deca1678d30b3bcceae13c3b8c694,2026Q1,0,0.07602983762419428,V3
0x5f1516c99e9235d5f179aeaa1222ee950ac15ae614026773ec45332a233cc111,2026Q1,1,0.09444079458724754,V3
0x7789f75405a56d8ce8412ba1a48b59ef102d3a61a23054ab59d053d6921e8e4b,2026Q1,0,0.1241990431414175,V3
0x9a0c2cff156ee4e8e53e2bdb2114bbcc70fac1048b8b16951e2e392478a86172,2026Q1,0,0.11636545269268257,V3
0x4d6e6494ea7b1062bcecafda77c2bf46b18b6ec41f9d82fddc1722a210ad3637,2026Q1,0,0.08919321160093077,V3
0xb27d0893ec4de3c1b59d892906a65e69ea466f03fa93f889a20360842c82fc27,2026Q1,0,0.11636545269268257,V3
0x6c8f5b40bbfb4162d14b15aedf52f3b0a92a78707d154288d9849bdc7b91d2c2,2026Q1,0,0.07787076108886257,V3
0x8113dd964f245dca0debc781ad2956e1a016d368f99f48ef16a91aee6f54bf65,2026Q1,0,0.055294249390707054,V3
0xa355b428bba7888ea049f39827a9add26c1b4d8ad5cfd58d598346a257b96e91,2026Q1,0,0.034688036666022395,V3
0xec5f006a67dc2d3b757968aac03b9d6c82b1314e7e43bb484c01f3738648e27f,2026Q1,0,0.034688036666022395,V3
0x55e0fdd3ea720a3ffffaac32a37e795f21560eced77a2db1f72f21049ffb6209,2026Q1,0,0.03765548815170024,V3
0x09c729799fba39d2d21ecd5dc104e9e03aeea536543cd0a560230400218fcf94,2026Q1,0,0.034688036666022395,V3
0xd8ac9f489f38e440a89c11fd0427057599ce7d2f7fe5bbc5f204ec47047ef60e,2026Q1,1,0.969118423860754,V3
0xefd8315957aee006f55959623d07c897f4511699988ffb276123b5e83c7ec806,2026Q1,0,0.037388049686150206,V3
0x72dde577d8cb545ee62b45178820f450a855990a5a7c190ce8aea3ea781b49b1,2026Q1,0,0.054572469733813404,V3
0x5de4dac5750688a3ab6db801fef8afb9f069270bf6e211c8ef2ef3c13d4e6734,2026Q1,0,0.7527829935159461,V3
0xfbfae05057e0419e82f0b712dd21f8b37886f8cb9b1409ec044d27e24ec5d84a,2026Q1,0,0.06247146889399737,V3
0x2a74a7cd29971c3a320eec0595c20a07d9a2cbc501c99694d34963e38a196682,2026Q1,0,0.035313330018613344,V3
0x0e34316a55bc233e7a3413a93c42c66072b7ac502d76e2bc66884b3816ee6e07,2026Q1,0,0.03556647624504555,V3
0xf2995999537ed00a9e1ed196dac5a34c8362b9e454200968eb123c60d21530d2,2026Q1,1,0.9643641927764834,V3
0xe8c0a798faae1448aa0a038657a14dae1ba58a18e3ad3f38b5231d3d86057a0a,2026Q1,0,0.03481223541969031,V3
0xc30a8d604d0cf4d62c816a902c14ed0db890033a7334cca6f4b941c1ec3b5640,2026Q1,0,0.034688036666022395,V3
0x2bdb09e4e7a2a4037db2401d2788e2565555db63967ed3e7c276c128d8e56f9a,2026Q1,0,0.034688036666022395,V3
0xbcb33ad98c8141b10f2350ef687eddf0660484ecc15be42ecdae64339e64dce1,2026Q1,0,0.042946958609275776,V3
0xdcf89266de269fa8d785c5a6218c482f08cf26f9987d879fc97d6a335238a08c,2026Q1,0,0.034688036666022395,V3
0x28101208d1076b3dc8fca84aeebe55cc8505b01f40c8e1d5c5fa3209cc395120,2026Q1,0,0.034688036666022395,V3
0xe115524784ad092f0e7e078973922c5010f2a1c38c2fb8a9bce309c0ca79f1a8,2026Q1,0,0.034688036666022395,V3
0x0bdf73e4f9d1f9bddd76011f7c7f70ac2a7bf02858f6e724ff17fab39cdb84aa,2026Q1,0,0.034688036666022395,V3
0xc9dc3221d327cdca2401a80e8b138e6f81e17e7aabb0ae4915ec744e37d89fb9,2026Q1,0,0.034688036666022395,V3
0xe90b27f08082e17740308fdc957528d29a3f334a9ecaeefd056a3427a4cfdaaf,2026Q1,0,0.034688036666022395,V3
0xbc4e5a49c32f7d9cc55654ddfbcf8f75706edc07a11ae327730bb877750bbeaa,2026Q1,0,0.034688036666022395,V3
0x87fa1d0200cae34d1abb2796b73a23a0434cef9eae9af694382d2ff63fec804a,2026Q1,0,0.034688036666022395,V3
0x1d5827b0448938c4c40a1c6747abc61e4ff690ac3d7306e0690c1741eb6dcb0b,2026Q1,0,0.034688036666022395,V3
0x18b1dc1565575cb2ff48bbc078070170ca3278691860cca7c97131fc657a9530,2026Q1,0,0.034688036666022395,V3
0x3b1a3232b14a029f96a3e1b04a5d8dde31575d74024389b53631e73b4a494480,2026Q1,0,0.034688036666022395,V3
0x1a550f4be5469a1f7f19a6a87eb1d3c5aee638dd4b325cd7e80c94fcb69a4325,2026Q1,0,0.034688036666022395,V3
0xbc4e7ff877a14d8e0dd44bdc0f95ca7a1cf0956fdcfeaf57828a9a9761f95f91,2026Q1,0,0.034688036666022395,V3
0x35fdbb84a6a3c45466deea33ee0f0500e70078351ff8b8fb0576d361bb2eeed1,2026Q1,0,0.034688036666022395,V3
0xa062dea464f0e8fc3381176494198cf45574ec190eca77a40f49988320fa15f2,2026Q1,1,0.9783909430993286,V3
0x2b1e18ef56cb7222ce2fb03d6cd9fb8fcca06d80b64d0dacbe6ce2f00ab31d00,2026Q1,0,0.034688036666022395,V3
0x2bd06b3fd416fa6bbb9cf2667ff62977754e49b6d7966077173d266a71a2f240,2026Q1,0,0.034688036666022395,V3
0xed888eb64bffa457086fb5904e9b2046da9aa31c5db36e9d4a303efa7e850d76,2026Q1,0,0.034688036666022395,V3
0xa619cefee23be0abf807ea451642fe20c497ecb2fd705ee645c3d96d8d11637c,2026Q1,0,0.034688036666022395,V3
0x1cc98e3388b008a494448ef05c62bad301d61b1e73192ea563f646ef205209d1,2026Q1,0,0.1457377494240044,V3
0x6a63460b31d0caa8bf884dd2fb44529c04b2b710bea6551d67830bf3c9bd1982,2026Q1,0,0.5303740263541206,V3
0x663ab7bbc3ea3156a3e81a67e341be33f0000183ae294c0e2061a7821864322c,2026Q1,1,0.8515955244821896,V3
0x2c047808ad884823f6d5a7e28cc043a34d1e89139ab752e6498b21421e01e7e0,2026Q1,0,0.05658410980545016,V3
0x20685afcb4751f212d0bec51c769b174c2be1f951a8c5a5ff93ec3fb61fe6b02,2026Q1,0,0.0767080212721632,V3
0x55aab6145483b77745c771248eb02e3a389d5ea66a1b849a778b40eadda7aa6d,2026Q1,0,0.07412636530464949,V3
0x7b8a75fd7be63604b15b8c3eb3b5464a52b792a6a3fc8669b106d3ea9076efab,2026Q1,0,0.06525523135270514,V3
0xb2762e4242562e6f86f72868b42d126e0b9ec40d32df031bb62e583bf53da1cb,2026Q1,1,0.06391311897635579,V3
0xe93c89c41d1bb08d3bb40066d8565df301a696563b2542256e6e8bbbb1ec490d,2026Q1,1,0.9787049710859841,V3
0xb21be382d4d6ba6417ef0b3b91c73e426dbd216800a42ffa62c1cac392ef4fd6,2026Q1,0,0.9024261009095527,V3
0xb2fd17d2e40ae1383947568da2ad2437369d87952aa443710f9d11a189322656,2026Q1,1,0.9519560324311918,V3
0x7c6c69d91b21cbbea08a13d0ad51c0e96a956045aaadc77bce507c6b0475b66e,2026Q1,0,0.03541621142146231,V3
0x35cc41270f5cdfd59b45e68ab85dc51b0b900d286a6c74ea006b8572d9ff5934,2026Q1,0,0.032296649849540865,V3
0x17815081230e3b9c78b098162c33b1ffa68c4ec29c123d3d14989599e0c2e113,2026Q1,0,0.03541621142146231,V3
0xfe6a04a131a8032f3a037ce82b3200dfd014f76fa2002360b69301fac646807c,2026Q1,0,0.8810397447782629,V3
0x3b5d5262ab3a35b2fc7188626b89304899b8f11ab5a6b80adc038309fb7508eb,2026Q1,0,0.0750307308391094,V3
0x42336b42be8f44b9d4dcc6312e87d2cff5315e624ddc492dce5ed80222324d61,2026Q1,1,0.088933539513338,V3
0xb41dbf64ca0c88f2fe9b19721211de85feeccc5806b4408d3413a7cc9d5eb0df,2026Q1,0,0.10373457146917267,V3
0x8de87ebdfcb1d9cca57b54589cfbcb1284cee46cacd18f7e1a34e81489d198d5,2026Q1,0,0.1072279905039165,V3
0x25769d222372fbe04f44acb4f85a821de608389a29de6e093cc1b8bcd92489f6,2026Q1,0,0.09448374159901256,V3
0xc3015d8ad564ec256b226f29d4665eff1309dba1b8096d871542ff34fece2e7b,2026Q1,0,0.07897747051728256,V3
0xb232b902eb9d8aa18cd7923e1f35485711d9ee4434f41e99cf2380269bff0b7a,2026Q1,0,0.04318433558361645,V3
0x05f907b44dab22edd2f7596448b888dafd2ad3124560855c6107bfd5364d797f,2026Q1,0,0.04153236075625512,V3
0x5abe3287197d0a924707ce99130643c92751c209fc0e376c6700d6673b43ada5,2026Q1,0,0.07915681827596874,V3
0xbbfa1cdad9819acdd36bfa2fac3d2f1ff64021c3d4a7459661010ce9ff33cefb,2026Q1,0,0.03799990032926961,V3
0x70cdc92881a74fa13b6d861aae79f3b153989f29b285f234bd8be08f723812a9,2026Q1,0,0.04138521478425248,V3
0xdd7e180aab883cb74f958e78666a2a2c456ca4a5e02252ae152b3edc976b24ff,2026Q1,0,0.034263511271663945,V3
0xbb4bb3a55254bcfb15e858e6d2e553d24016181e70d604c739e0b3e99fd144ca,2026Q1,0,0.03773011166726116,V3
0x39504cbc120a8092f5df3d0ba612976a0d97a7aa2b699e73fae49010cbc31f1d,2026Q1,0,0.034263511271663945,V3
0xe74d60861ae1460d32415d9c4176559c1c4a9bfc64a85157e5a17ef4d0e6ec6e,2026Q1,0,0.034263511271663945,V3
0x63bb7fc1b5b53a3fe498fffadd8171a7f0914cd86275dc91c6a539688d31021c,2026Q1,0,0.034263511271663945,V3
0x12d1b41c90a2ff07173ab2469aad97fb9e80f781b36c32f99fbf4ae28a28b42a,2026Q1,1,0.6068919975169118,V3
0xa8b744720006da3c08b4dc8a61a5ce930542f550fcf8d27380ae898de636799d,2026Q1,0,0.038820427215608196,V3
0x43ec78527bd98a0588dd9455685b2cc82f5743140cb3a154603dc03c02b57de5,2026Q1,1,0.9165761230873773,V3
0xf9acb73448000e3d6366d5394430a6bfabca5ee1a8bf64fed5c606ca1f7298c8,2026Q1,0,0.5252338518390194,V3
0x6813d99ee682de526bbadddf904638d20616455321eaae1ca60c49da82edfffd,2026Q1,0,0.06440313877807291,V3
0xba8a448cc9d7f859ffa5280014cab3f2973a11211cdac77925cdb7e93440abed,2026Q1,1,0.9811433870904174,V3
0x4524095e8835d504c29f27d2af982bffa70373f2f7fa1bc40adcc3ad0964408b,2026Q1,0,0.04303159956103397,V3
0xe53ae76973ece475c9e375ff9aa80bff1bd1119abd8ab38d7d689e76d9238686,2026Q1,0,0.034263511271663945,V3
0xe55f1c68e8ff508f8f54e5ab6f20e2769da900e5c7499b917547498bce4f40c1,2026Q1,0,0.037328876640054805,V3
0x5387de10b12c52e40eb885344a3723caf3d973f21fc588853cdda23d7ed754cf,2026Q1,0,0.034263511271663945,V3
0x972cca09b4853ac28330d5d2bfe8c8c4b3c0eefeadef88c920739efaa50787e9,2026Q1,1,0.8909510459711782,V3
0xb8c1bd306a8a4cedfb280e114e655c5092b3f37edccae05cd877d7f21a5774ce,2026Q1,0,0.035257320307141196,V3
0x1bb040197f0ec1a43a4fe5973135b7225a4fc1ac937d30bfdfa7ab1b99b9ee40,2026Q1,0,0.03773011166726116,V3
0xb9ba106337ce14da6d516739659513d573e35ec2ab4d1a66818216bb2260a925,2026Q1,0,0.034263511271663945,V3
0x5cb15a6ad5db73f234b494077e358b716a9eb9947e742d17cc86e137313cb9ed,2026Q1,0,0.034263511271663945,V3
0xe40929791ddf00d7029dcc258ff18c90b578e8df0b257c1afd5fc1897bef58a3,2026Q1,1,0.8796807933760916,V3
0x4cca07aafd4267f7ceeb16e4ef7c7d5587cb906a13f5ab404275dad21dd6bff2,2026Q1,0,0.03680027255820114,V3
0x77b9b065f487d1e18d005465d221ec6c84ed3babfaf6ecf62f20baeaa9fc3038,2026Q1,0,0.036278871802402295,V3
0xfda7c9a4106beba4799d4e38ce4e8df14ea2651bec78cdd12b7295aa3cc42268,2026Q1,0,0.035131591433281845,V3
0xbfa45527ec959aacc36f7c312bd4f328171a7681ef1aeb3a7e34db5fb47d3f1d,2026Q1,1,0.9830306906371511,V3
0x4f33a2b3938e0ee4cfad64f1ade11579d97f5b0cbe10945790549e713c04fa90,2026Q1,0,0.030201021752664012,V3
0x25ac9d2a86cb02a5db4347478f025703c9f2c8a6fab61b35d2ddc21de67058a6,2026Q1,0,0.03450940100889276,V3
0xb46ce3cb5440e8f4de4646d4940786c7660271bc961ef8108645438b8ba7c095,2026Q1,0,0.04318433558361645,V3
0x88352e2e5e5305c202da7c156c9642837bab9acb82dd2468cbf40edeacaf060e,2026Q1,0,0.03450940100889276,V3
0xceaaf9303fe9f12febbb8c11ea834422c0ac0a81e730af7753143895bb3bca21,2026Q1,0,0.03680027255820114,V3
0x8a3b0aeb1043b701cd74342626b507468da35c944909517b435a152c1c0ef1d2,2026Q1,0,0.034263511271663945,V3
0x705b8c1edeff1e28846175e65b5effaff746c446737aff52440c4211f49dadfc,2026Q1,1,0.9687344441135689,V3
0x23fd2b26c4e095465ba0d2ebce8d5eda57009ddc59aad8b68ab19ca968b41eed,2026Q1,0,0.05044005597148967,V3
0xfabc0ff190e456ad309ec0559554b4549f90aebcd636d9a6293a89abf5c78722,2026Q1,0,0.054107375764113515,V3
0xb75c745c6d2d6031875955ba01b62af90c622b22852af00391d45fab49ef0aea,2026Q1,0,0.044582440682586905,V3
0x5299a291f2aaafadee5c937a76bc7810c6ac27c7ad87b223cb885258f2e0a320,2026Q1,0,0.026341458706984806,V3
0x7011cb54689f777d1010d94178451ee3c03a6b892e2ace8787abbe85e762bd11,2026Q1,0,0.037328876640054805,V3
0xb02e8bc0b915c7d6fc79363f84ca301edeb3c5cd7a7c30cf9517cb4a49a96e35,2026Q1,0,0.2670197397244284,V3
0x76a213c1f24dd30025a9f20355341a7a0fefcf1499b7c015ebd8493f55794d7a,2026Q1,0,0.035257320307141196,V3
0xbd3fe5cfce44f9c884390f0aa38fff07ec2625432609c1c1f0c2dd03d0da8dda,2026Q1,0,0.034263511271663945,V3
0xaca2f1e173994a7b314a32e13db77fb5cd3b909ba15da5bfd159ba987ce06ff3,2026Q1,1,0.9639232997824199,V3
0x7f752d99a74379bc4a8466778fb5cd0b6037101a3173591fdbbed18762a68c25,2026Q1,0,0.03746216383892583,V3
0xe5ea9d130ab1b9fcadcbe1d0c64457448ad118536cfef7a2032a7244a7fb630f,2026Q1,0,0.03450940100889276,V3
0x01b6f748bc326963f1f4cd24add622c83ac1a0656a07129d90f8226a6ec207dd,2026Q1,1,0.9829067148267213,V3
0x5042639d633cc7933351f5ef667281c701816588bc47bbe4c86489abe75200c6,2026Q1,0,0.15072058120746765,V3
0x29678f23b6a77db6c99e320c2ed2709652e01ec14e9c3caeca5f4b692d735173,2026Q1,1,0.951192164165648,V3
0xabb86b080e9858dcb3f46954010e49b6f539c20036856c7f999395bfd58d01e6,2026Q1,0,0.06667054120417307,V3
0x3488f31e6449f9803f99a8b5dd232c7ad883637f1c86e6953305a2ef19c77f20,2026Q1,1,0.5067412759573107,V3
0x843913ab7d12cd0603524e2766ce3d128997bd0f64bfc6385a4a579552ecd152,2026Q1,0,0.0452175811527952,V3
0x843fc1f23d8cfd3df343031312a8a3f0a930ad118c0c0e81a56c21f0ea9ff217,2026Q1,0,0.040083168199007084,V3
0xebb6eccd872f55e23da6aaf653a3460299237ebdd0a71bdb58681685fd95eb05,2026Q1,0,0.04242579970319224,V3
0x42911c6ff6bc9f36adb99592a9ecd5e31e14e7dfe9beef7c2b18c36b0db23cc4,2026Q1,0,0.05026300571826473,V3
0xd1047755d35a03b7ceea9923daae56ecf67784446daa63e87eebc471b4b9dbd9,2026Q1,0,0.03500629464431869,V3
0x05beef793157deb1cc34e2d3159539f461b73c7eeaa3b5348617c10eed5509d0,2026Q1,1,0.04303159956103397,V3
0x6bbdeb8773a1470ba1053959a446bb0912b38f6091c8794583612bfa76a81a15,2026Q1,0,0.1575878060624189,V3
0x1c9a2a68c5e470cff041f2633405fd8e7799dd599dd30c20622ec7c7d9032f6c,2026Q1,0,0.03773011166726116,V3
0x580adc1327de9bf7c179ef5aaffa3377bb5cb252b7d6390b027172d43fd6f993,2026Q1,1,0.9830306906371511,V3
0x0832d2eb8afe687701554353e1794adaf6bf4663ec3116df80286338d0716615,2026Q1,0,0.03828889488696962,V3
0xec01b68b417b073c619cb6f676692268dae467ef37be560375d9d39c8ac03223,2026Q1,0,0.029464530800812423,V3
0x3b300c36b9c836df7abfc11d27e3772bcb43697be2c1ffa3bd8f614b500298ca,2026Q1,1,0.9838227649529686,V3
0xdc0bd6f9e7c36da2085c3f7444405bd4dce3298143f69b7f5f23677e91171cc2,2026Q1,0,0.038425473120671225,V3
0x8e3fcca11554c30c3da27e4c23c50c4449e52651f3602beb2a7c51937f0f6906,2026Q1,1,0.9774870161054778,V3
0x39283deae2beada4b6c25f88f726ee11930bfdb195d2b26361f07329af484659,2026Q1,0,0.044288015678765134,V3
0x3288bd6f375b24c8369d5e7c4079723006a682840f9fcf703d6c5a312f8a385e,2026Q1,0,0.030432581051097914,V3
0x6bceb0f2be7d25f62dc9edc582ff9002a445d199ff0b1f53ae4a5f3f548de1c4,2026Q1,0,0.09730615177580235,V3
0x56cb1f63d508262c16a4af7dd4a5d18d07288ebb03c1e8fb5242a1692692b7c5,2026Q1,1,0.9842875169577797,V3
0x56ce01f177aea60f03d6eabb711019d26d052a114b03430acbc4280d732bcccc,2026Q1,0,0.18463515254419294,V3
0xb4bc113c6da82db67b6b17d39369de522e61425dd3609b9bf9306d266230b3a7,2026Q1,0,0.13804555416344474,V3
0x4a947652039643c2213a0052acb12541d094dbf3e93b0be5cf4759e913bc86ff,2026Q1,0,0.13369847676444632,V3
0x662fbb2c1fc3e921cc0896cb802fb83792641e9b836feee50b55a8c4f2c60628,2026Q1,0,0.10295039291107169,V3
0x28de2f5ffeb53bd1c219c9c800f7054f0a0fe447cd4a90922c220b484df8b077,2026Q1,1,0.07243002688454236,V3
0xeedadeaebd9bf558d89e4ec095a2d81e5d9bcfc1cad12a550d39a6c070fc18d5,2026Q1,0,0.04522545584655297,V3
0xbb800b7bf4946c723d94b10d159fa0ab8460b0ad1ec1d40eb8b7dd8179153093,2026Q1,0,0.03641495072985127,V3
0xa9f0b0c67a815b423a435c523dc9358d98ab5633de5108fe44e203e8d6c2f062,2026Q1,0,0.11512917092416948,V3
0x3f0b36655c1fc649c82c6c9ee6702180a053afc82bd87ed25eedb14702a978ef,2026Q1,0,0.10779723148675391,V3
0x13382fc834bb2ae4dd4c5cd5d0ffaf846c3461e1d5fbcecf52120267df27f74b,2026Q1,1,0.3386359500477712,V3
0x6566b377e5784da0caecdd79e5e5c8812561be714911e01173f1936db9ca437c,2026Q1,0,0.16867318250168306,V3
0x248d7306736a1b62827ed2f83a24993d1586b7dd9cec3b31f6777de8ee8d14d4,2026Q1,0,0.03232417351736478,V3
0xe300bb11ad99f542f22f87f0b96a9d667fe16abf33681576149971657c2bf9a0,2026Q1,0,0.03232417351736478,V3
0x00b7f0b221b7e80b23195016ff6cbc30292ba6ff652b2e7136fdbf2938f82bd7,2026Q1,0,0.033144806071980004,V3
0x3bed62b0b7e3eb52c1f0d8a5d11edad1f74989038fc1cae2889cdbe96a248dfe,2026Q1,0,0.0520095697603122,V3
0xf1ec6d2668853ffb52b9befd5e97118a152bc4dc6bc2ada45e0492974fa36efd,2026Q1,1,0.9477270147152331,V3
0xbe79255280c0c7150170a57b0ee2f6caa749bec1ce6f93ced9ed12994244a0e8,2026Q1,0,0.038750090372487694,V3
0xda9fd182ee2e2f4ba7a0feb3f01fbf25c4bc9637476e1ad524ca3b62ab2a0d95,2026Q1,0,0.04999685655961828,V3
0x7a02ee04582d8a572c4427ecc12d1beebeecaa50220e9ca5e40373ad6fe1db21,2026Q1,0,0.14637302491847443,V3
0x896a6af4a1a2685a17612cf42474151a68960cb4c1ffbe013bf4984eb63d8b7b,2026Q1,0,0.13048990657698417,V3
0x105a672bd5932df5db79b35909fba8578dcbfc8f051400a9b9893a5ac0474dd8,2026Q1,0,0.09390108517810605,V3
0x50d01a34bec98cbbdccca27ce177d3643c95d95672036a9528f491bdfcbba974,2026Q1,1,0.09742432953326684,V3
0x3e70559be16abb4ab098a7c1c93af871e844e342a041d5e70c01585724d20e43,2026Q1,0,0.05132014414299136,V3
0xb1bdec9996bf5d7c1d4aa6021fb6698611f3b8e4472a9a31d2070d9adaeb46f1,2026Q1,0,0.04425585858539053,V3
0xa816bb43d3a6922fd376af2f85b4159d5d4c9ab96ba7d3687d3fb2a3d0bda88b,2026Q1,0,0.03759778158516406,V3
0x6a79204ace08d896a72cac89c3c2b4c64b90218838c213e9377860596dc77ac5,2026Q1,0,0.8609065554690885,V3
0x47648295841c2508d7ebf8e1d0e28b1c25cf338cdf3f21cedd46141cc7c7a6ec,2026Q1,0,0.03500804352620777,V3
0x91fd3b7cf10e925f169ff49dd657baf9794025b241965fecd0c1b9cbd9c1e115,2026Q1,1,0.24930684634540304,V3
0xb62321e23190f4d23687b67371eebc3de87bcd54b65ba92467f88d05ada3a5ba,2026Q1,0,0.11629495041678502,V3
0x096cdfe215f3369bccf6c39d06398de75d69af9ec84678319794a60addc7c604,2026Q1,0,0.03500804352620777,V3
0xb773804f2f8ce39e6f27487c5778506d95149ee41c194cb674a2254ff1193331,2026Q1,1,0.9284675967690458,V3
0x37d7295a17db461c15867862afe90bfad6cd46436b0d121a7c96c37e166103b4,2026Q1,0,0.03488317144039057,V3
0x0fb480eb418fa2fcf9a360a4f55d0688a02413a4c7ccbf9703b63f2fa370cecb,2026Q1,1,0.6708479222829783,V3
0x276b0a06595274f60a004b6d1de663b270d3c92fd42052d895d9fa0bd8b46750,2026Q1,1,0.9828452664868854,V3
0x07e93796cdf81c9f6982d38f03aba01df60ee516cdd8a98cddc5756fba4c4c83,2026Q1,1,0.6200732389427525,V3
0xc277431601c752feb6d191da24e9dc21cc65818aced543da7eeaaa217bd99ec6,2026Q1,0,0.18418728743973495,V3
0xb856b719378120d10d93e78a52ad10ed553132b17dcf51c2daf4e9f90382661e,2026Q1,0,0.03488317144039057,V3
0x674027b87e5eb414494aa8e3d981969d0d1e4cd7ae8c7b8369c38d724d12760d,2026Q1,0,0.2667051018257608,V3
0x9c24d1c7e584b910eebd6f83e3b4a108d6a78f4b29013f5fc0a4bd29d01c9f13,2026Q1,1,0.1034700926944289,V3
0x2d400980d83c5c85335efc5b195676371e1249fb5d6e041d522f47b08bcda13d,2026Q1,0,0.02864147947452505,V3
0xf5bfd7e8ba95d9f64c3cae369c568d90e7eb3a0a5f134992d16e3bcba1732ff8,2026Q1,0,0.10439468049380339,V3
0xa90efba18a797c85610d23b1da4b99ffaad4c39e3d8f69e7040e8864eb597d52,2026Q1,0,0.03250121770298307,V3
0xcec474b0b2f696f75454f7ca71648e7c8e566b26e3a2d781f471836ffa1aff7e,2026Q1,0,0.032734889147086846,V3
0x9b4b6d0fba8860423c65e62045380878bf16e8155d5e58277af99f65c625509c,2026Q1,1,0.03417136320376376,V3
0x9b73c757bd60caacb7f97e832f930f056902f705baa7f69c6be3cb7c3aa76074,2026Q1,0,0.03417136320376376,V3
0xce678abbbf423f648e3ad0f936340bcf565117f63872976da9e33df3b120d25e,2026Q1,0,0.037495146132475336,V3
0x3f752c82a3eb085bc332d3c3a8cafb1f6624583ce604eb0c09d72dcae228abc1,2026Q1,0,0.04322212954625776,V3
0x76b3f3b93dc807cf9afa7924b1d22f456588323873e4429f8a1b311944023847,2026Q1,0,0.058890547357255935,V3
0x6ecd172383cd873332fbd17657a49b4e37a4756bc7f167e1c547c2e934c2310f,2026Q1,0,0.18444261862910616,V3
0x90f39d21d57876047c75f87431c2b6c5635447e17e9c6d8552fd7b7f1ec00a48,2026Q1,0,0.13857407450550135,V3
0x14fb29dcf268d5f6f93fbc70d77d0c58b24135242e0a5fe0272f031d4d2ff6a1,2026Q1,0,0.042312661814053555,V3
0xaa4afd87e72eec89c2f8679acb5c299ed8569aa90ee90f7c9ae354a68580f6a8,2026Q1,0,0.08031065580364287,V3
0x279c035eafb32b99bbbf50ae790d22b8dc721cd350f631860876307edc292363,2026Q1,0,0.032970183349425496,V3
0x450b0cb5a57eb174aa3afca1810b810f8b9e7532c941a23c046f096e753bf440,2026Q1,0,0.03250121770298307,V3
0xe162833f35f03acd299aaf72ec2cc4da4ef8aee209da3bb63a5e3148fab3962f,2026Q1,0,0.4459635826321196,V3
0xe628654ec4fb2435952024d040a39f31cb03b93f4e2eb15d05b1e2a1a3fdb77b,2026Q1,0,0.11284347986008157,V3
0x36f83a594b8d82801794bad2063f2861a99aebe28cf2cb55c3fd722d1a6d071b,2026Q1,1,0.9378765728939656,V3
0x96340ce434329e4a80a0d52307e748dc2730f6d1caa986026c03e7f31be653cb,2026Q1,0,0.032080006988443835,V3
0x54e3d64b727472e976d84f9f565d393814f83e8a168ca976fcdf739a1fbe5f8f,2026Q1,0,0.044712664892206,V3
0x41e47408f8ab39b46a9d9e3c9b15ebd62f1d795eb072ff46df3d376c09eb583e,2026Q1,1,0.9799756632220168,V3
0x4605980f66bd74872dd99b9c59c757cdf8fd0d1e3ec82e15ef393e974b6f51bd,2026Q1,1,0.9799756632220168,V3
0xc5285610c7f6585fb7606b0a3225f21619c8b754e750fb540b2f334164eaf90c,2026Q1,0,0.029100584078899882,V3
0x6707843955ba066cb5d444325b31e3f95bfca72c31b6253df332f1ed858d1b6c,2026Q1,0,0.029100584078899882,V3
0xbfe3cbce151bc2998ab7fc5c571bee622da5bca634ea911882adfd545b189eb6,2026Q1,0,0.061019847474664365,V3
0x1f25449e1d10ac6139f395358479939300f7d355b15d4ec1e26ea5005b175bb3,2026Q1,0,0.04000505763370514,V3
0x5d426699f328a13c562844e563edeba9e8ff7e827a518be5bef4435dca6ea345,2026Q1,0,0.09420420042421711,V3
0xf44be44443ce01401fd5f2f90fe8564d22ac66c513d059ad6e1d204cbcf1246b,2026Q1,0,0.03544055185049444,V3
0x2e56abf38080f33fb82ce3676c03989b7f93fddd6b3deea492e5a523609297a8,2026Q1,1,0.07203349790060992,V3
0x4b78de44ea49d0eb8d5fee85352294b6f679a47c56944c6ad5c945e9a2ba7211,2026Q1,0,0.8651147237492484,V3
0x6036f178fa884664fae572c12fe4e1ead6004d6fecf04e77421bb0bff9781caa,2026Q1,1,0.9652390347164866,V3
0xe5734d988f2e429c8bf13f02434f23ab8c95a865b6e1e81a2e43c6317d68749c,2026Q1,0,0.035589786964508326,V3
0x747c04462642f9e51ad7ada416b4bd56db8331e47bd533894f89837191080dd0,2026Q1,0,0.04155163218623854,V3
0x67a6e3228b394eb8a29663cc329d4c727d32dd0034e990b11c9f74663815b839,2026Q1,0,0.2901763517474603,V3
0x7ba30776ac9e5c90e3266d25ec8305c33316999581e0a80cf7c569e08bfe15b0,2026Q1,0,0.047196866667805,V3
0xbc8d0415c38d2f8ac1ec5fa568015534999b79353aa21ff6ababba7e563647e7,2026Q1,0,0.14813113983369217,V3
0xfc575fe49537c923f9aabf87f636f4949360bc6bab41b0f60b4f0f12ad9c98e6,2026Q1,1,0.07008710825519338,V3
0x6c1ca8f5007f4f9ae14ecfbf490d616501952ec828face21cd5896d123769f2d,2026Q1,0,0.08544271064256966,V3
0x0833435364858b75e88280c9eef252b0f1e4a5ec69712fb341e7e797da8776d9,2026Q1,0,0.030386538409161563,V3
0x572f1d8a2c90becacbab0e83d1d91ccad0b3c8671947f660bb39fa4f03d9ec67,2026Q1,0,0.030605487059569,V3
0x64d7f6e57312e4809cafdfef68d39963285773c0bf3f597071b4bcd225122989,2026Q1,0,0.030386538409161563,V3
0x9eb4b3079c91c3ec73424e4fb92caf53b7707b86edcd6888dad7defbe0539369,2026Q1,0,0.030386538409161563,V3
0x3f8073c44a79813b72c16004af48235957d9278e7613e0d3a4e198f199957849,2026Q1,0,0.03605450896018781,V3
0xd4e871613d07149542805f250dc8749230a7d9a64b3c0d0494a78c84305b444c,2026Q1,0,0.031496655918759095,V3
0x4d0f2be1446da04bf5a27842c27820728a4e73e8e7e21790997a59c874ddf9a9,2026Q1,0,0.03634202783257414,V3
0x00b9ee910ab3f57cb442d775a41fa8af33e8de6b7658c94d27ef6286e7c4f3c7,2026Q1,0,0.04912427955028304,V3
0x8be5e2483a67e35acdf7dd73473818b57cbe5b1d9a7f1e68953f6ef8d10cede2,2026Q1,0,0.06724595118570631,V3
0x634606b564832072616d792f8b6f0ba0dc36c5d32dad545ffd8aa90a1ce3e456,2026Q1,0,0.07303890522616824,V3
0xf7ddbcf3f56543a8fa36cad800d0390d1e423f0cc049cdb5a14592eabe87f3c2,2026Q1,0,0.038906586360716575,V3
0x21450e1d9c581df3cb90cfb1da5694af1d425f62837a2f39bad7e8f4163cbc17,2026Q1,0,0.02913569849289702,V3
0xf5a4671c186af316ee0e4913d996c51a1fae12a5861e9eb25654a764e0593e69,2026Q1,0,0.3166735433883062,V3
0xd9fdac0c56dd484b80f806fba550407c399186d48a1602548d8be2fd4ea0c454,2026Q1,1,0.4429151615227403,V3
0xdef7e4ce6b94668eaf51785afb6978740cb24bb7cce67880615d37b00ef7d5ba,2026Q1,0,0.11402772248743033,V3
0xb482d8783530f5e158b18b3ea0cc5e457337aa8f131cee54777bbd64982f5142,2026Q1,0,0.08913475087396035,V3
0x1f14be72544e1f15d1ff65f1086a2418bdb595902d091ed48590ff791893b331,2026Q1,1,0.0678329691249229,V3
0xd6544bb4119990c95f46bf155efccadc9cb5453961f4c644cf874d074bc10533,2026Q1,0,0.05133506357000814,V3
0x332e24ee562089eb6a807487dde3fca6e79980da9229102c015c0e98dab5f375,2026Q1,0,0.04109311817191543,V3
0x3ea5ad627053badcfe244c13ca5724c5bc31d902d975a5b1193140de9370b084,2026Q1,0,0.030225206901871388,V3
0x56a83aed3b55721f710d28e47e3b9712e77b068e9e14275396d27b57dbe57113,2026Q1,0,0.07969959737315789,V3
0xea0f617bdce3b71d67cdddd440296c02bce98c6db76f485c7c05669260291e0f,2026Q1,0,0.09923456443646758,V3
0xb5dd9533834c4f552754f7f8a1df775d8b1ce38661b9a03061c1da7bbf139aa3,2026Q1,0,0.06466025136020917,V3
0x0e1503701cdd563065ccc331e9a953603f79cbf610cfd88ec098db474f619999,2026Q1,0,0.03402253225517432,V3
0xef4860353148f9bd10be4ba84282384403e113942244f82c4d0dac8a2be0612f,2026Q1,0,0.03414443248722864,V3
0xc2bf490a52deaadd7df632e4f45f2c8230068e22795e5e817ff6883b4a132436,2026Q1,0,0.03402253225517432,V3
0x9ce29db59a285f72505aa3369a54453e5010597bdd4641738508f0cd60f8b1e0,2026Q1,0,0.03402253225517432,V3
0xda5e93ecce25875195aeed7d427f16e9edab7296ea5d02d841ae733ba2a8a89f,2026Q1,0,0.03402253225517432,V3
0x687aed0bc6b4ba07493c86ab0927edcbe38e4db5885999b7313770ccef994b29,2026Q1,0,0.034512666162092205,V3
0xbad9a24d2bb5b97f3e64b8466b75c7d6eacb150011587baf72b2a71aa67c379d,2026Q1,0,0.03402253225517432,V3
0x4c42e80712aa1905009b3014b7d622fd505b4d87dd9d47854a13cbd2a5ff4ca4,2026Q1,0,0.03402253225517432,V3
0x9dde2865d61deaeae5e1ed23c3cc2d3645f354f807d46d8108df293f8681b9a2,2026Q1,1,0.9824035450361407,V3
0xd50ca47f04ce40f641eea0a33451484ef5a3a2eb5e47264ede3a62f5218c6b4d,2026Q1,1,0.3916660605482289,V3
0x346e8afb46835a9a9eada865f4a93cca93848a442c0cd3c0586be2aa4fde0454,2026Q1,0,0.03426675398539399,V3
0x35bb21df72dfd9ce9bb57e14fd449ff339f51dcb6a91e3604b1748ccf2f85b1c,2026Q1,0,0.14250040907289,V3
0x4413ead4b809809217039b9a07e7d982485d0c8c4814f909caf7effe68f202c4,2026Q1,1,0.8632124416844502,V3
0xdf68a861e1c61b9e36221d751e1277b0e941e6da40d6f5301cc10d003f4bc430,2026Q1,1,0.7872124002844852,V3
0x08a042be3a6c0324f4c5f75573cf9497b43c50a5e66f66286e21f0b0da555bd6,2026Q1,0,0.1262481008061716,V3
0xf893395155251ed22fd9f9dd099e955cffa29a7a1f2a2b639dbb1f8b96175e9b,2026Q1,0,0.20114735847501014,V3
0x290d12210eb22e590dde359f968f421b5c595571c0c4830476a6b8aa7c9bc5d1,2026Q1,0,0.04322277579648828,V3
0x38dfa2de75cfe3d28917237db30b7ef55045c8b000922dca1ac96aa27cd9f4ed,2026Q1,0,0.8717237317583891,V3
0xc192b7a27fdc74f8e77ba65a6d553bcfa88723cbae6bcbbb2ac539b532ce9db4,2026Q1,1,0.8632124416844502,V3
0xdb93abfa2dd2026687b138417b8ba86c7f3f9729e288781de5688730d70d26e6,2026Q1,0,0.6071138308807414,V3
0xaf1028426fa2b9c594a06239665c75b9a4af08c3c875e3cf51e75d9fa7be42a3,2026Q1,1,0.8675259929482041,V3
0x710193727ac6a09331ee6e4ee1780bca7bff716279591a1348bcd9510813931c,2026Q1,0,0.06445919431053108,V3
0x86cf498b6ad73c7631c08157c654b7e8c44ee33dfad2c261564aa375e3394578,2026Q1,1,0.7067234370397405,V3
0x310cf1f2674f74a68f19e9f99bad1bb59354984a13062ba9dc5f25383faddcf0,2026Q1,1,0.35398537541466263,V3
0x01dd8795176ff3add669f0c5be2bbba86ef480fe25ce165ba1bda063d91304f3,2026Q1,1,0.11830272806827072,V3
0xb99884b3f3cc333e3951aa35c4969cf5f5ac0a550a84bf07f6389d66010e30b2,2026Q1,0,0.09541167126077692,V3
0x3e73cc5be5299d0d78b7bdfae2c9384c893cbe24f6aec9ff40750b3ff6b2ae08,2026Q1,0,0.0727295825291452,V3
0x4abbc28ee5a65af88110086fd9f39defd717d952b6641b11dc2775c255831327,2026Q1,0,0.04231329506744895,V3
0xf23a5dd4195664576da9963ef016ac43b3154da408f608379848c25b99c0828f,2026Q1,0,0.06445919431053108,V3
0x96aba876fd78029e7dc00382d77cd0092b6c415ea0a8a1ca7cff5919eac0551b,2026Q1,0,0.09702156309433758,V3
0x1e44df4eeb94b60d036f8dcfadca06cbc05a3d4c2a017528cbc7e021e9bf3b7c,2026Q1,0,0.057104117556851935,V3
0x6c3cc9c0df5faaf87b515e0cfb6f43066d5ac0cf11a5c27625b0af7e04976487,2026Q1,0,0.24040995629733114,V3
0x3712962b5dec4f983b9adc2344d7ef270268969422dc799a8a9ea79048ec80f9,2026Q1,0,0.04040404438847257,V3
0x2d62fd0b35a3999aab9ffad1fd0343bd21cd076b5e54b4e7e47e7153f8d67285,2026Q1,0,0.039975555134268426,V3
0x3665b772dd8584986e4d5dc5c576497a067f11d851c93916b78f2f6adcef1269,2026Q1,0,0.0681236026293146,V3
0xe4c65268d62785ca4d4d76da6f17a1386e228eb8997de3a69471258a5457da13,2026Q1,1,0.10233460724715306,V3
0x07bb25076dbf7d611e95b2ac6adb7c2dd1a63d04b950168b9d5a9761b46e923c,2026Q1,0,0.22341617575452685,V3
0xcfccc88efab064a1d0f7f106d410bdcbcd3bd39598d1a123acea420a790c5b94,2026Q1,0,0.11299894033865045,V3
0xa379b8ee37319494f5eaea63dc538df747e36f0a2b8d26ce8f0ff9c049701af2,2026Q1,0,0.037392334022067944,V3
0x44c7698903ec4787ff00bf74bba257c8803b11e4afbb74d2d376a1299c4cee19,2026Q1,1,0.9821748723943754,V3
0xbcbe59b228605e5a7c53123ff56e8facc0b6021a186738e3cc536ebc70875ca8,2026Q1,1,0.06883566601961248,V3
0x0758aa7db63be1ed058d237d8f502a18af9b9d5c58c1939886416b8c21f778a4,2026Q1,0,0.03660084257634398,V3
0xb3d21b788d04e02a26029c54218973692da58fb930484c42a0a745fa81297def,2026Q1,0,0.04481589402840138,V3
0x4f7bd51376ac212cfdfba705d083ef7664579951ff5c85fa549e32e88c461468,2026Q1,1,0.4127400775247709,V3
0x599446732613178835897ddf521458d210c41f0bd573faf17ad8c5b72c18277a,2026Q1,0,0.03544375470025176,V3
0x88c9d4dd72fe2af21e36816c8fb1e5729c5705fe8693f4fb4fdd769a45f91a7c,2026Q1,0,0.03569780128794924,V3
0x3956eee805da67722c9fbfccb3ff049bc151f47a17298fd18732d1d2f016de4c,2026Q1,0,0.03765980193472212,V3
0xf95a086db3bd2b5c79d6211911504b09b11eacff3ccf0a028b9149cea6f517e5,2026Q1,0,0.23735261554886414,V3
0x0e72ce28c3f56e4ef9b3770e03f0d2cf08c5db1eeeb8d1c0a0d9b1d3865c500b,2026Q1,0,0.3106726580518488,V3
0xb3ebf217cf2f393a66030c072b04b893268506923e01b23f1bcf3504c3d319c2,2026Q1,1,0.06841396623420677,V3
0xa2b6014de38efec2b399cf5378923c3bf899ebcfab35ddbe23f1f038945d3b1f,2026Q1,0,0.03582548127434945,V3
0xb198e77cea694ba42a24240369f02f22441eb8c617cdd09f7c573034c3061c7c,2026Q1,0,0.03519145007822286,V3
0xc680fb95af936fc7fd2c5e8a1181104484540b963f8923e7c9593710711f2242,2026Q1,0,0.04529381800845229,V3
0x822876c98a1802ef3f2f33f7e480ae873f89c137ebfc0ede980565fedef998c5,2026Q1,0,0.03519145007822286,V3
0xea4d3584864651860c0afd2305b63570f42e1204dfda86145edf296b6718bcc3,2026Q1,1,0.9834863665216654,V3
0x59f9a885a22e30da427ffc288e7fed0d33fd254cefa9f437e20a91900b5ab224,2026Q1,0,0.04279990097840212,V3
0x0c942cca8f85fe8606ecf5d90d3d4155759f753ffe48f8a45d82ce845d1a225d,2026Q1,0,0.039024940536900796,V3
0x05ecb044518b08a7423aa61cc76597029963e7d8e98d3f5b52b731d379951376,2026Q1,0,0.03519145007822286,V3
0xee4520e0dc6e83786f8ad5822656d6d44878ae4077548295f0009f871e784ce5,2026Q1,0,0.03519145007822286,V3
0x05e32c8390a4d25a5d169df53b32ce8d893c24e837104c7c6cd550edeaf238b8,2026Q1,0,0.03519145007822286,V3
0xe17e195955e4331eda3ec30f2eb210f8ce61dd575212b0e71f5694b89cd65964,2026Q1,0,0.03519145007822286,V3
0x1685c8da893250409e66eb37e0a6f4582e5ece40e7aee1fd7e5e55091439c010,2026Q1,0,0.03519145007822286,V3
0xedb53f2f0fc426eae1d3a27dbb05718f03de2ec88078d6d49067a928a5033c64,2026Q1,0,0.03519145007822286,V3
0xc1c208cec4da139c9bebf834d44e691a2fc96dc4aedfd062c3f10baf9b200416,2026Q1,0,0.03519145007822286,V3
0x26b9487d59e0907306b923d7d12553d2aac0fe379b243b1473014f5e8e4849b8,2026Q1,0,0.03519145007822286,V3
0xa699018223c711cf05cfd64fb0a688bbec786514fa13006ada520edea02f1797,2026Q1,1,0.6889457478925646,V3
0x60c7d191ee2808417523e00ac85a4682324af4f1d887243f9f69b388524d6942,2026Q1,0,0.03544375470025176,V3
0x7b637d4f3a4ab4bace4ec5777dba0885116c5dac5a52e6db2bd3d1dd05752e82,2026Q1,0,0.03519145007822286,V3
0x4e32e01144b8b92af76c80f31f7b984757b3d0a689d74617c6ec7b64566e0ff5,2026Q1,0,0.03519145007822286,V3
0xabe05aa3efb620cf283a9a7f967eaced0aee898b14f3b170347a3392d7401f03,2026Q1,0,0.03686286574700758,V3
0xf0e8d9b598385b7af803427463b94377280cfe1b58f045fc61c8d4530af768ad,2026Q1,0,0.03519145007822286,V3
0x5f561abe30e2f1c1f418b707c08966f65706efd49e4ba0ba60d17afa45035217,2026Q1,1,0.9829983269894997,V3
0xf7f72f4aa935744918cf3ddf3fc85d10762a7a0adec293957dafda85e233f334,2026Q1,0,0.08988060792303423,V3
0x481657a00b8ad571ec4ac87f26c6911ab43b234da326b298da7d663b8ffc3b3d,2026Q1,0,0.16129782992725458,V3
0xc5947a1e1951772f607ee00db3d2427fd49963bcc6a595d639f957c2ae225d6e,2026Q1,1,0.17462916884421834,V3
0x9b0bbdedf52788114787e3a00d6f982eb18c8136485e7abde7ec311f0ccd0f72,2026Q1,0,0.0363406116060751,V3
0x7d1715bc1b4444f0cba5ed1b4783776f548e1030d09cd1b98ccc35f60bb850f6,2026Q1,1,0.7386066641325731,V3
0x2c3e740697e50433b0ecafdadcb01d7e2e5d4dd61459733a39b5dd25311a275e,2026Q1,0,0.03519145007822286,V3
0xea48854a5c19a29c6c38956685ba0607c95f93ac9f927a4810b2d428561141f8,2026Q1,0,0.03519145007822286,V3
0x85aa838bb6cfcc7c70ac1ab6de0aff9ef53bafc994865b9571ecac1df0376f43,2026Q1,0,0.03519145007822286,V3
0xc8a7d7ced51ff0c00dee61e0a98d192db2f206f1eede15c8d2e1af5bab04d5cb,2026Q1,1,0.3601270026534408,V3
0x9bf7b961691a074e9887886fad15acca0f783af1c0207671a5a5af014d2e3283,2026Q1,0,0.9265916863037262,V3
0x627432726041308b873adac030c674542d1ce920bab336eb3ce83334c8324b4d,2026Q1,0,0.04894972707252388,V3
0x462d0b4bc0be99b5ab5003f858e267d6e466198648716b7533e128cf90082788,2026Q1,0,0.04029405500104334,V3
0x50c82867c36c90a807b56e403e4347895cd85d18cc0799a9f8d07b443ebfa210,2026Q1,0,0.03673162943052201,V3
0xe5e57a570056e363a16129a3985cedcdfcb484d0d799a5f527a43baf31a11bf9,2026Q1,0,0.03519145007822286,V3
0x895c592288d0afe678bff18bd0c74e6fad2200a0ec7b25c1cc0c24476e2e5afa,2026Q1,0,0.08400396204022742,V3
0xd314c3116f5dcdd029f915cf2f420061b37989f7f3f49ca4ab00bb217af4515d,2026Q1,0,0.057516432539836425,V3
0x8f48b7a8bca71c288587bc51c7ee67479422e90bdcbe868790215cec7887c468,2026Q1,1,0.05288437840822104,V3
0xd9bb53d1bb939149caafae1e2a584b6b702c1a674796c71e5bd66ab2f955fbb7,2026Q1,0,0.06187943529593096,V3
0x069ba516b54b2e18545097211a510ec615758a50953255ba5e41dfab0446dc63,2026Q1,0,0.07584207063044032,V3
0xb020e45afe4e743ab2628c608795dfd1e719056231f57731a9fad40d521c6673,2026Q1,0,0.05955681276199487,V3
0xd4bbf7f6707c67beb736135ad32a41f6db41f8ae52d3ac4919650de9eeb94ed8,2026Q1,1,0.04116199966727937,V3
0x74634b7ee56491ede6435a342e83ff2600aa6308bca3d3ae7b4ecfc095a36baa,2026Q1,0,0.057516432539836425,V3
0x80695ced3a5ed1749057e636b36c3d28700696c67b1d84a267c79259f8c30111,2026Q1,0,0.7344577811520789,V3
0x4fbd086817445f575f5ca39d650d5f2f98761b20a8fad60bdf6d75f1a6024d63,2026Q1,0,0.05955681276199487,V3
0x1fa1a6c43ce50fce4334766ef08f265ef5e0f8765ad302c0e318895a12b1040e,2026Q1,1,0.9695621295862273,V3
0x291f0f6023efa933d36cc80fd55f9d176309a92b61b9567fd4f044a8b21873fb,2026Q1,1,0.09612522269799906,V3
0xd5a74540b3e1cc65af6150bfbecb4d769c99adef982556c79fe21bd5c2fe7985,2026Q1,0,0.0555418261369621,V3
0xc4aec4f07c0fe2c89c13d7fda7c2795088f728bb76488bfb5995e472bc0b41cf,2026Q1,1,0.9834863665216654,V3
0x6acea3596be0a8126e8658d39ecc1ac44bee1246c162e51a8062b380bcf147c2,2026Q1,1,0.9723562583887125,V3
0xfd94efe3bbd624fb6577ad51cf5639dcbbcd0eb5a6f03543d98a8e4fe58af27a,2026Q1,0,0.029928551649799764,V3
0x7130b8d9bb59393ede189911ba57783debc1900dffb8143c3cb0027952e2f7df,2026Q1,0,0.029714297287445113,V3
0x07c96dbd0f70e5a27a0e15c22042abcc57bc6acc7f740f7935e0a08cde5e5138,2026Q1,0,0.02795221370938364,V3
0x53700c2b2fa65e0a3775c757d0c705be4bee8c265c49d283ef50a0dfb3bf8894,2026Q1,0,0.027552589699827823,V3
0xcef0979ace4c878a23587bc1a9ceb9ada9791787b60e1450206229badee0ca39,2026Q1,1,0.1714419695486369,V3
0xb01e7889e4bc668ddeade5a079b5a225b66a323244a8ab87ee1080f0d14a8143,2026Q1,1,0.31048136371889323,V3
0x21883719d5a0ca76297e4a933b6158c7caa64a7b4f5b538c4a9da51821838f01,2026Q1,0,0.32312178967014304,V3
0x75ab390f9e1b64bcd46f48a5201b2b7089972c380b06aed5f8c81013108eed2c,2026Q1,1,0.8705559378319653,V3
0x92fa9bfd28ddbe07c035e2dad8defee4be3ffb945a2da25768a59990603ccb94,2026Q1,1,0.9800460376575169,V3
0xcde9e4fdd35c536e66eed196a71d592f0c38e34b51b128de2e469b952c3088c1,2026Q1,0,0.0339489830637331,V3
0x23386629b6b0a5d2f8df8424b71162c73120efc01e0cd0984d2c03d254b22d72,2026Q1,0,0.06017049638347133,V3
0x301357b52de467d3f71833deb600bc43346aeafe09b7c473a82f436699b459da,2026Q1,1,0.8663172108753837,V3
0x38837354d63a13a8b8707988d10343c0b7c0bb4ed6b2208a1167cd134250fe2e,2026Q1,0,0.21155762976143158,V3
0x4091bf71e79a78c76242931f80ca94ae2ca9340ccc7a607667ba96e09d9c5730,2026Q1,0,0.03182974297725643,V3
0x4800c2fc26e10916ced5a329a66215b191fb37ea13df3d5df2cbed06c480724f,2026Q1,0,0.034315183784855804,V3
0x15fedfabbde4e459d2b180fc754d56e29e0585fa9d6cb983196ff004d1090bc9,2026Q1,1,0.9705245086767161,V3
0xc5fffea43cca905976bd62899a4d5b3ef37c4f1e156b28ef0f16fab71ed3767d,2026Q1,0,0.03182974297725643,V3
0x0799f444caca148ef5f550500a462833c39b9935ce9bc61375e18319e08a364a,2026Q1,0,0.032405241818346,V3
0x26fa23187c3d1666d6d63e28f4f405ccfaa57c2edd6cdb8354c91dfe770134cc,2026Q1,0,0.14587913325802465,V3
0xbc0c2be2a0b23f24cb2a9ad3e19d1d35297ec1455c03e88844b3e39a0a3b7acc,2026Q1,1,0.04658306485726336,V3
0xaeb4989c1b4235ea5b3b7b838a74415fe5941eb8b746c63d65ab33828f205981,2026Q1,0,0.03543678219410075,V3
0xbefac6b04fc5afca7986d01810ccb1bf27c5fe42123fad66e3ff0966be306e4e,2026Q1,0,0.03252154250542846,V3
0xd19d790ae7e1779d7b3c80dbd3c60caf680dcee0830cc2baabc69eb83222f45e,2026Q1,0,0.04086271990539302,V3
0xbc3afd7382a138956257bc27fc769d9f0dc4d5336b9e685e5d286eb2af91bf45,2026Q1,0,0.03160232163826232,V3
0xb49175d2387fd7b6415b5570567685e687e5601acb82bf245102dbd877f45865,2026Q1,0,0.03205874673994441,V3
0x8fdb10f25f59567b60e1dc38f018d81a0d8ef8e1ada9e9b78dae86904dccbb39,2026Q1,0,0.03160232163826232,V3
0x7ff89b8166a83cd74a1ab5fee348a32d22306188dba9d206cc8998b57f7f86bd,2026Q1,0,0.03160232163826232,V3
0x73de4d9d13eb94079d2e707b34ad3a6c6923a5d5a27775127f9139946a08152f,2026Q1,1,0.791541627794989,V3
0xb20081a082c4d15cb478c250c86c99064075ffac321b2e04a0860bac7b048b33,2026Q1,0,0.11939107847474174,V3
0xe0a6f7188e0ad397075975f673bf8e13685165a0c3fc7b2cbd60d90c040b692e,2026Q1,0,0.05898128419023398,V3
0x7971c1427c8fb405b03774efe61de9abd937c83e74944c09f2deefd66601f8b0,2026Q1,0,0.058776109019340474,V3
0x4af1e46936a9f721b5f3729e332062ab9c8aa2b3f739574539d31c32a847c85b,2026Q1,0,0.19435590217466203,V3
0x15b7e4ce1cc8226a6d4b4531214d8b1c68284d4de1c83d4ed3900433aaa51572,2026Q1,0,0.05857160315612768,V3
0x7f627fbebdcf5aa44d836db655ac845d969c44642b25b110aa5884173e9a3a61,2026Q1,0,0.05960084434181779,V3
0x8c40ea75eecbd88998a0c145a1a59aa407edee40586e4c0f131acabf9de6ca1d,2026Q1,0,0.27248248599650954,V3
0xbcaa021ed4f29709e42964b8ddc6e0dee4e7f1b6b935486abca8edc09824e875,2026Q1,0,0.07204303296890603,V3
0xb60cb0ba47014c1a6329024c3ba74842726e1605ad288b9949b5ded9a89004c8,2026Q1,0,0.23072407205490653,V3
0x4dfc31e647a10fafdc77e89826a93a85d1420981b7978ec8ce9ef04351ad1ec9,2026Q1,0,0.9314245433975955,V3
0x4e3337fb44d6c7a5b56f38a647cc288a8eee242e97870213a0e902ac4cca9d00,2026Q1,0,0.08388203376101397,V3
0xd7ee0528c04c33761ec545da538ffeabcae04602bc19c9e035cdafb697dae325,2026Q1,0,0.06205107477393116,V3
0x2e6e835cc8f97093656d73592d322dfc3332f1d43dc39ff2c6ce6a1ca53d696e,2026Q1,1,0.9901291736130873,V3
0xa6397cb04d2e20f63b589b9dd37e8db7db6a33ebda189d1123e4ff191ac430c1,2026Q1,1,0.7688350801232087,V3
0x50d5ba4a47a1efe738da33723781f842985f406e26f8f4a29a78551fac1c51c0,2026Q1,0,0.7621889145512152,V3
0x535144ad317cdc4013ea477a2184ee2743a387e16eb14c89f4ca6942d80e3f0d,2026Q1,1,0.6644890109554493,V3
0x71da12db4aea759acbf68b2777c44b21caf6a5ee9ac335106ced647b53fb9a40,2026Q1,1,0.9706146825019116,V3
0xd0f7f38de53e4ed1f1a33198491c848f90ac2f41e9086ffef58c64ff3eb63592,2026Q1,1,0.9843688612555819,V3
0xba580e15cb600f9fb9a70c7a04a239e4df64a1d5c13780a5192525e4d1c71eec,2026Q1,1,0.9846511869967137,V3
0xaffffdcf1ac14c2b3d6888f5efc76c0ea1aa5db4891588cc6e99f6e37e938acb,2026Q1,1,0.9761822830258037,V3
0xc4cf7a48d20d95b2f74f966922dfd3f5dc8c755576758073f66482a7d8d6fbb4,2026Q1,1,0.9830029616542949,V3
0x1dbe370933194e449ebec13b96fd1f5d2fde064c880d6b8db100f2730c50357c,2026Q1,1,0.9841393263507694,V3
0x01baad69976decb8226da9fbd5d3984f3a2aeb11a391f0345b4c675daaada837,2026Q1,0,0.03793922968992368,V3
0x55a6b420ae53bc6d7739e8a33c3984ba1d21538d31fe3459a381e366b850530c,2026Q1,0,0.03793922968992368,V3
0x959629b6a311f82d1d6bef6dfe4cdb08c303fec9e0ce4c1372c63113c2aea76c,2026Q1,0,0.03793922968992368,V3
0xaedadf4772051419ed3cd9a787a1989ac6f2ab260ce76283dcfc8a3419177683,2026Q1,0,0.03793922968992368,V3
0xcc13952621419105f803374a9c05ee8e79b14fcb4918d4638c3dc38d9326e2e7,2026Q1,0,0.03793922968992368,V3
0x6fbd4837e709e999c3f82eb22fa68fc08c424fdb41059aa0cdf3405d06773a0d,2026Q1,0,0.03793922968992368,V3
0xcc1635ab47d7b8edbc0ec7877bfa8f94d511b5d239419367fb01ff6e3c0a05d4,2026Q1,1,0.4813938440330384,V3
0xe8bc73364757a1a8fbf62e984698ecdce8fbfe1a56e3897d56d695d7d80dd0a8,2026Q1,1,0.4605878249936887,V3
0x786f607c0608743fd2a66530c4df1bc340be493f4b2c1068fa5f84a3029196aa,2026Q1,0,0.29702727469431317,V3
0x9fdc84c2ec9402997b5bb5d0b977de745768b629600625c376f007825640bb67,2026Q1,0,0.06599454659924356,V3
0x4c4fb6f271915e60c899281b74bf13876eb9ffdc5486527863900f1c35b673fd,2026Q1,0,0.09884523012670443,V3
0x960d6a09b40f33bb753bd042a1c7db1a349fcc5c3ca0cec81a18c3a732a493a1,2026Q1,0,0.06463828011264654,V3
0x3ba0d281712a7df3cabf1d641af2f269b4f5a4932887e635793d6fcd4a09aac0,2026Q1,0,0.06599454659924356,V3
0xb7b4de3e0320e86b89e92893a477da097b6e5dfa2b5c54cbc47f2791e5d2702e,2026Q1,0,0.058761228133372576,V3
0xdc8e885b8d8a00cbfa2ca9ee1d436dabf9210dca021a56163fa43231f6f9047c,2026Q1,0,0.06544073427576363,V3
0x03a629ada87bbe4c08a3cf23314f79127750af55dd810d8c25ccb39c50bc8459,2026Q1,1,0.8680940020406497,V3
0xf7fbf61a0c895d7466ef299db9436ccff6af59cea208ec3bfdfb01b4d52b1705,2026Q1,0,0.8354862508195063,V3
0x9f5abf425562ab4c0308c2b799294eb630e5ffcad090123b8c5a2a8076608f02,2026Q1,0,0.05580675544645748,V3
0x482770539bf90c1ce461ad13c2424a0f807fcc28c28cc67faf6cbb507aae2caa,2026Q1,0,0.04136134238140437,V3
0x9133a7c2abc25ff946a40572cce99b91078287817e513359fcf00bd8cdfacf1a,2026Q1,1,0.823577976101754,V3
0xebfb0486c055d27950a481ae92fe58888fd1d3432ab7869e7362048eeb432d01,2026Q1,0,0.04077805447474396,V3
0xf4b99bb441359f1dff8f544f53e63bc1850ea4c6ed27bd52d15667859c9d9932,2026Q1,0,0.044714706373802614,V3
0x25aa90b3cd98305e849189b4e8b770fc77fe89bccb7cf9656468414e01145d38,2026Q1,0,0.046361301007325176,V3
0xd6c49a94948e365aa74c09eef54d907b7ca534b243c387c375305d5cdd1afef3,2026Q1,0,0.03941828218465383,V3
0xccb5d0ddc702fdf00e9f3dff8a72eb370cbf86a6b0849aa3544ab23d0af4c17c,2026Q1,0,0.6348407060028134,V3
0x5a3a6491fa79368fab0e00757cb469dc5eff96bbaadda0b5bdb6b58b39f7cacb,2026Q1,0,0.11338991489745111,V3
0xda882673997b5f279b79be0b406be449f511508bf3a22cea0294d0028a4b58c9,2026Q1,1,0.8914516159532812,V3
0xf74a25ca00930e1b6bf444fcff9ded49cd7765d6e198a9af9c036688edb5a4ed,2026Q1,1,0.8404162158058746,V3
0x0b35eb5df8e17d42cba0909d8bb78e635cb0d014e6fba6322c173cfea6337cd9,2026Q1,1,0.9550742830131129,V3
0x5d36de3368b7d6b218038429039c3375c2c5524e1b9559bb883d341bb3aba6ed,2026Q1,0,0.17732165820304702,V3
0xa706623e258521235d3874904d77b4dd4d55a9b092c59eb5c5ed4759882f657c,2026Q1,0,0.5420637036304926,V3
0x379914c8e1309261364e9a8f7888e99004ca398a9db6737fe821505cdb153bf5,2026Q1,0,0.0558903354233989,V3
0x3424b6158c22be5a65e2a3bf6b678e1a2f46196261f79e05fc3dbf465c573a80,2026Q1,0,0.0558903354233989,V3
0x9fbe1832139c5e67dbf93813aabb9ac67ab8dd3d7d32fe86957ff761a8fa1532,2026Q1,1,0.8533129650062319,V3
0xc28589f4effa41509c87c36535208481f7ab8878a4926a1014d6e525816df729,2026Q1,1,0.3112986499180791,V3
0x64d6a172e63a085198fcd8032da984cc42398e21d8984eaf4813ce6e3f0469a6,2026Q1,0,0.9267901552700443,V3
0xecea9731a89eb63695399025d5d3a8d367f4617c945587115733796c6876d520,2026Q1,0,0.10098938062580608,V3
0x5bf2a9800247508b9605272056bfeef40b4e5eb9f49ffe481a9b8a6eb00b1dc7,2026Q1,0,0.057876572656753944,V3
0xea06822828e9c9e4273d8c4941c9b3e4fec6dfe594c6908c91ba38c338765bcd,2026Q1,0,0.0749549582692953,V3
0xc5153775b1693ef577a567cade666e1cae41327a48b3ba3d7748078d8181ca1e,2026Q1,0,0.07076050004108296,V3
0x6be6c8aa318e5061d661b7569f5eef1b0e7e475a101498e9cfc9a69c36a82c9d,2026Q1,1,0.9847545805644718,V3
0xff0f3a4c6d7789c73b483437801249e6cbc51f5c5f1e979062144ce77a410f99,2026Q1,0,0.05522783562329061,V3
0x18af6c77626be130410fa28fd8b4535b72d40e0e970c25da822329cdb6a73959,2026Q1,0,0.047188650555407045,V3
0x47789995e883b89bf00bb1646bc7eca8bed257b7aa7218d18f5f8ff74bc66d7b,2026Q1,0,0.039779854457654404,V3
0x6a9af49e4d04d69c1d8be844267ddc798af37aec44c1ad06d09c16fb19c0846e,2026Q1,0,0.055810306615329694,V3
0xbb8466d31cf6be58c5664c0eab55ad29946eecee7408791ac5c0cbb9df9e3993,2026Q1,0,0.0573198810943076,V3
0xb1621719120f210181d8f27e411d987ace6408dd3e0243cd0de518ed18289a91,2026Q1,0,0.11647838748307898,V3
0x7d10de6ae70637b277d59ff7158940c0273935b74155c78e00c0c9f7219ca075,2026Q1,1,0.9366398266496776,V3
0x77827aab73e03ec293ea4d0fa1c03f288068ef82cb6a63f2406c2cc799caa139,2026Q1,1,0.14346137490116506,V3
0x35bf8c7a9e19eac180f1f69d74024841d09a782eb1e7e6f6b7f0e7223d2f778a,2026Q1,1,0.9846853811242053,V3
0x9dd53abf4c8b6b25961ebcf61c5413900ece7b3cc08a9511d0c61b3ef9e5a6e3,2026Q1,1,0.8729246023897457,V3
0xbf5952e2f44f1251863da558fb625484230648a9709807eeb39fb08670a87e01,2026Q1,0,0.03982229204564244,V3
0x1512828f4c735012fde09e2424f033bd2cd128a1a84e7aa7769440b66a1dd7c5,2026Q1,1,0.9721250792537481,V3
0x862a23e2ad5445d1079e3252217dfe8aaf15288ee7cafa8f9906088176f136af,2026Q1,1,0.9788341217979839,V3
0x4cd373cd35f29c39a4fb45b7c31f8619d142aec0b4f863245510d1b3169c5502,2026Q1,0,0.04010641729375541,V3
0x0e2c1d7a29fb3ecbbbb320ea2d2261b141197ea28098a548271644b40b9a6fd7,2026Q1,1,0.9684147244482808,V3
0xa506b4f34e0b07f982ab96ff05ce26902ed772ca6752909d0c927d1e1e37ee6d,2026Q1,0,0.05745356381573529,V3
0x306d10d4a4d51b41910dbc779ca00908bd917c131541c5c42bbbc736258d2d56,2026Q1,0,0.12099847262696459,V3
0x88c4aba5a59b33313d41e9fe4f06d0005199bcb12b421083a9806e16a3e30d49,2026Q1,1,0.9851798846946437,V3
0x3f6b3dbf83c18026aec29f4fae2108ab635d683d0b4753ae44ccd7fafabc46c6,2026Q1,0,0.039120396190102956,V3
0xd507350c6dbbc2473d016d58a2ea36b57ecb6a12100736749d3c7739c88f2839,2026Q1,0,0.0470360179664866,V3
0xd2cf2ac9bf4caf3995f8d8ff4649688430c6733df13ab2d03e3e0756f36f2acb,2026Q1,0,0.039120396190102956,V3
0xeb0f640f8e6979495efb462bca18e491a8624c07aecd89b9cea0ba62a4164226,2026Q1,1,0.9850713721951374,V3
0xd5a91c9ee50ba80385283714f2a66b1e16d544a682af2af06a8f57fcf1d0233d,2026Q1,0,0.13765561060658676,V3
0x90d15ca9a35a0cef4d67b2e4ec79a77dc98621536af438bccc6f016a59eb0f39,2026Q1,1,0.9845733045787295,V3
0xdc49ce4dc173d079b23921f8d6394121d9b3fcb5112c43fa3194340535444463,2026Q1,0,0.039120396190102956,V3
0xbb8bfdef9052b2709557a6f8f28b23551e3134bfb86eca800211e2191703ee65,2026Q1,1,0.9832249654546481,V3
0x5dd9b16786f9ae30e87d2b109a016cfd1741906c67659957d8034229d556de5c,2026Q1,0,0.039120396190102956,V3
0x28f1e9218bcd41ced05faf3c03f026721d87712556bf2828337551f03cae0a01,2026Q1,1,0.800028226218138,V3
0xc5300759dc2089042380795fe7384010a6b6ebdf9e6da7ed3f786d9a5f61c563,2026Q1,1,0.5122424288719807,V3
0x9b2241e5023cf5a319268637c6b525b29527ff627fea24d7ff11bf8dbbbce515,2026Q1,0,0.05357228943372469,V3
0x4d0d43382de6021ce0e906774caf6fc73fbe24078c9a75c6d7ae07b04299f8d0,2026Q1,0,0.0439812032721085,V3
0x22fe0f993bb899d3ae33bbdfbeb7f7d06df0982f578ae26592b55cf581396376,2026Q1,0,0.05725337970899813,V3
0x5354a2c31fb09cbd45d2ce6aba4d65c2b4fcb778e4702d8079025338f9ab3141,2026Q1,0,0.05209010495079066,V3
0x101d521eea2a04b8bf2c865facd18dcdfd8c7751a759ca622e512bbdb3896610,2026Q1,0,0.04524366795180266,V3
0x2701e5a5b751418c5c5bf0faaafdea60ac9fc893eb75fd88e902cd97458d375b,2026Q1,0,0.039399719024584355,V3
0xf33e075eaf25de7f6026e4d2e96a1a98a3a2147ac60aa15bca7fac3b0efce409,2026Q1,0,0.49485902866555337,V3
0xcab77c44e435400dba6d3ab41eaef2a504bebd7e2d080ec18d14cf45ddf41784,2026Q1,0,0.05745356381573529,V3
0xd59eeffdd1e495d93841cfa5b9daacd3ff0e0b61ad134642b56fd1875562620b,2026Q1,0,0.3184054184202975,V3
0x2d8be7926a1a23fafa01e8e0e558d2add531e8fbf6efc4b7187f98de0944fd1d,2026Q1,0,0.030545954853671228,V3
0x473867b4757ef6c9ee7ccd12c588ffd28b273c2239cfa64d34bf4fbd0ccb09f7,2026Q1,0,0.03840054205349748,V3
0xf8b730810252255fa217a2828b46b7a3c0ed63b702c817461270ce9e65b5ec25,2026Q1,1,0.8824599197428575,V3
0x3e7d87625777d9de933e0e5c89b9c1cda0509ec0611846b88357514539bf53ed,2026Q1,0,0.2240074223758448,V3
0x027b8d3b2f68a0f78ca5afec04ef182f3a6e9dd8a35dc572162dfe4483c89542,2026Q1,0,0.07576078111688922,V3
0x24026080b17f4e88729eab0ac2929ee37c13bfbb4a159179ec63deb4a242d9c9,2026Q1,0,0.04260111225834437,V3
0xe51fea7e9afd8de5f46872f028483ff6fb32fecfe0794b9b71822c6d2d896d95,2026Q1,0,0.03758854299074035,V3
0x92d2f5f693619c0154d55538a84a3943e787a8ca67907a8e7e5064b0048c83a7,2026Q1,0,0.03143544646977413,V3
0x705479cc3e7cf2907997c62b4245356c48b5133f7d82a47829a2354dd77a7c51,2026Q1,0,0.10129153518129899,V3
0x1ca1950d0483c9c33796bc9114a2364525c5b638a48004383ddf2926626109c7,2026Q1,0,0.044608178177739606,V3
0x8698572ca0243d41683c62f45ccb6ad17b6c90393188d48e54ea47c319ba5c4a,2026Q1,1,0.34298326980616767,V3
0x19858b84600b9ce0c64fb5b2a127921169dad7c8a216a0260f3d5662f2db6b28,2026Q1,0,0.03329019594927108,V3
0x2b1435f47a09615867ade05d314485b7603924199ba0982cf28678b88717b520,2026Q1,0,0.03234997556552263,V3
0xd65dad10d2c1955bee33f1baca2ba1d91dc76335e19639a9953d992867a17e66,2026Q1,0,0.040249207380670754,V3
0xf64f880b571d7a70d858649d30f0843aa57307e304aeb617349df74ce34d044e,2026Q1,0,0.04093877020313947,V3
0xcb0ec1a3c312524cca8015c0843aa1f97d0f6375be4a967e0882303b68e8d8ee,2026Q1,1,0.9788341217979839,V3
0xbff854d97ac4e37be63672f50e5e08b8ee7dc3e81b0e06dfe18231aab06b3c67,2026Q1,0,0.04367087679629635,V3
0xde4e35d9c11c61db828bcdb303ce1d431a0aaca2bb8ab5c7719e59d86ca76462,2026Q1,0,0.05447715154964831,V3
0x8447c9bc496834cc756de1e49652abd73481347209ff29991d3b81a3d976e8bc,2026Q1,0,0.03950943606912348,V3
0xf6890c707d1e327b006b9511bdba8c98ec4e4978646c6ffcf3ec8750c26a666a,2026Q1,0,0.17076441573384338,V3
0xf963ec4b153e66668dd9e038a2cb258a3d228fde87efdcde95e1e3e8fc6ec56a,2026Q1,0,0.03425677550181583,V3
0xf6e44da63acf52f67bd2d370468c3ef297f064c50f660370151d6c8f08fd586d,2026Q1,0,0.030545954853671228,V3
0x09e8f0db05570a5048fdccdae58a52c608aa6cf640ced2190dcbeb52ce52f491,2026Q1,0,0.03032741876696818,V3
0xc10e534fc502ef71730b3bd829c51d1d73d2caa40b547b0ae3899f23a23223bb,2026Q1,0,0.047332640480348916,V3
0x45ef931481efcd612937079d4533a2feff45e720719dede6ef7b129aefe315a6,2026Q1,1,0.9571981921148689,V3
0x5fc8cba7cc06011dd02a09513a93b2184c3aef48a8be0c005241e89308bc9cc8,2026Q1,1,0.9313983161664118,V3
0x3faa0b1404c38363b50690273c9949074510c6311853114c2271b3cd5ad8692a,2026Q1,0,0.04492485225795672,V3
0x585aa78a05bd6c9139af09790550b420e900da53e92d1d1b355453c1ee495c48,2026Q1,1,0.09731780854765996,V3
0x01ffd0acf0d6e42558a7cbd521efde937166a1bf09f3a2dfcdf36950c2dd3635,2026Q1,0,0.45793129364219265,V3
0xfc9ee9c25abd5b966088767214c22dcf3ad1c72548e9a1dbef9d4328c170e5b5,2026Q1,0,0.03968095388577395,V3
0x9a983bfceb49a764b5ac7e6dc7bac62281642d78abe8b90cfe58ab1292dad6cf,2026Q1,0,0.07576078111688922,V3
0x814657a16a3c5b39834864251372e30f68ddcd0f040c5c6a83a52cddb2c35226,2026Q1,0,0.08413753981926955,V3
0x70909f0ba8256a89c301da58812ae47203df54957a07c7f8b10235e877ad63c2,2026Q1,1,0.9851798846946437,V3
0x38ed72557a134b4fd9be1c7edd4b963dbee7931ec0e72d571fa692a41f9653ea,2026Q1,0,0.039120396190102956,V3
0xbd237bc177d934486e7d31df298162e04474017d528d609971d6928e09aaf4d4,2026Q1,0,0.030436496830080626,V3
0xbef7266e1d7c2adad3d7c6ae59df817d653c872802415a369c761ca75601f5ea,2026Q1,0,0.9550580142448937,V3
0x6aa39e488afd5dd8e1cd995258c28c3c485dbc4d467d4eb4d94fc6f30e172833,2026Q1,0,0.10610893119152692,V3
0xd14145c56e36be13dccb37c63158c3bc8c691e8f13993816af24afd4b3fa702f,2026Q1,0,0.05949185456543326,V3
0xda660a5eb2784ff0532094a5f7a43ab6b102206ca4e03d9814f9e5d5bfad5656,2026Q1,1,0.9608645933139786,V3
0x480bddaf1d050a3adb9a9f1e0e42f770f133906ee428850a127944c31f2c7022,2026Q1,0,0.039120396190102956,V3
0xf5e48d50c65531036b7cb5d34a42ae1f5a88a5cd1624f0e0772434968d81bd8d,2026Q1,1,0.9359815497210516,V3
0xd1d8fa26ef7ad91590dd77ff463f1b5577dab3bbcef61d2697f797491f553f3a,2026Q1,0,0.040825252632338355,V3
0x3ad10b05e536a030e250fa6f19e5ffc95133d87d34c084f8cd2075e129332cab,2026Q1,1,0.40351580644572893,V3
0x61ce3773237a948584e422de72265f937034af418a8b703e3a860ea62e59ff36,2026Q1,0,0.040825252632338355,V3
0xa17f9ca943405227c65e4f6b881d01557b4cd4835229e0c07190439c0b8b617c,2026Q1,1,0.9825397895199356,V3
0x99ccc2e019a8421742621c9896982f90fa4e73c3d490d609fb3687d56861367b,2026Q1,0,0.04111622740438284,V3
0x6f41f28f3e160d0dfcc6ae58996665092e94081ef0b0d53d092582d70ab59ff1,2026Q1,0,0.04290417799890512,V3
0x77508b9cb5962ff587890f79e3e39a1789384405b6ff530afbccb9d70743352a,2026Q1,1,0.9851798846946437,V3
0xc49142a0a94b68377bbc3f2e7f7f53a400274e2dcd4536cfa343be55a3c1fdf8,2026Q1,0,0.06601988504026812,V3
0x149e2cdbf5b3df3142452412c4c9f4e8f39379020ba1bc25c1811a3f43c8ad27,2026Q1,0,0.0637730988292753,V3
0xbbd25d204f6666004598d64000fea1bef677767e3268026fc57f4f9e348dd96e,2026Q1,0,0.11711527259350472,V3
0x8b37b96c32b8b51e02dda4d63ae5f93b3172205766ff40778faf17df4e6b0265,2026Q1,0,0.3025542676771594,V3
0x02f0c60b4f9551c97fe67bc6f02df357de52ca969f0e9159e06a5aca69cd2bf6,2026Q1,0,0.04305648210114827,V3
0x1f546c61f76950614e91a9552bb63df94f1ef3fb6f00c02abe19c9069a4b50d3,2026Q1,1,0.10505992343186782,V3
0xf87bd9aaeb1d05bd460bf540f6cdaeb9b7e04400bcf6b2168fd8a17bbb65b0d3,2026Q1,0,0.08111182472333311,V3
0x1e17e60a28b3f9ddb668c5fac7b225095a5734a3825cf013659166045e94322f,2026Q1,0,0.03968095388577395,V3
0xd50c434c6dad84b1a031daeb257303530cde59ae6c4414cfada1d3869c760162,2026Q1,0,0.10264777855100964,V3
0x467176b3079c10574bef26546e834f5d3c1551bada9ec1d43ee5814651a0baf9,2026Q1,0,0.039399719024584355,V3
0x9e3035fbfa8992dc9e07df9194875c5fb4a303e12b8485a9dc6c01677207fc06,2026Q1,0,0.13765561060658676,V3
0x20447e3ad26fb76147e2171326942189247dd7997ba32f8c25d79572c0a645cf,2026Q1,1,0.6560917736085973,V3
0x5a4bae5b326d8ad4ef51e29b140afd57dc1dfb3c44e1c805209eacb65a656dd7,2026Q1,0,0.039120396190102956,V3
0xd83bc063d59a6d7fdd4adf3d57baabec66f9252ba8c668933677a0e03025db83,2026Q1,0,0.17672699182860332,V3
0x569d909807a5d032aac3cbb3971c503f72552bb49378636fc2812820158c7a64,2026Q1,0,0.04941491770875192,V3
0x3da8ac5a617e2b32fbda49cbc5060917ab770abe9f74b11ffa36dcdb5b7a1195,2026Q1,1,0.9848519945392094,V3
0x6055a391e4b71183be85fb246f1527cb235c0662e09e5617ce2901c97fdcc9ba,2026Q1,1,0.9818930933640778,V3
0x7d6e384367079c316716325cb08697f96ccc90a1b165ee8e798b580b31b4313a,2026Q1,0,0.7816638673248371,V3
0xdc2132b6675c25777c9b93c5bd6b8c1c856fce18cb5b80fb0fa7cb8b0e72e322,2026Q1,1,0.9846294434091987,V3
0xdc169ca8e998ea2531440c5c10258b77e22680ce701f9f46edec84903a16cbfb,2026Q1,0,0.0460501619869664,V3
0x9de11706e7f6d31eddc745b50cb521c1536ae59d123419dd87e11421e3f5d208,2026Q1,0,0.0517256586278477,V3
0xcc9c1e331f1a11433ef7944421339e45c1871eb0b3204afa4588d00892c56ff4,2026Q1,1,0.0517256586278477,V3
0x47dd8effe5d8fc842045c1a893b66a5b9c104a97f48ab7e11f17d2b4a2bc1ce5,2026Q1,1,0.6853326151023458,V3
0x5a200d7d560169d60dc82cd16bb14c16f36f029fdf609dcb92d06a554f9f0fe1,2026Q1,0,0.04976393751373199,V3
0x8658f913e63080886a9da58d2ac9e5365cea530997c7fd6ea8aeef8c2c22d69f,2026Q1,1,0.9684147244482808,V3
0xc645f98013096b0de16e4686c64103b157ed1c4d5674620b8658c42f2efd1f78,2026Q1,0,0.039399719024584355,V3
0x3e3ddc44cdb765771c07b5898b9025c468c908f22f185810667f4fd88be24cea,2026Q1,0,0.040392484447907266,V3
0x72086374f19e11b87557e81dac266b2825257364ee9ef3fa1f10ec4cf94302be,2026Q1,0,0.03954009670888346,V3
0x18d8c59309811ce5618ea941f9bde2a96afa5d876a69c42fba2da4bcc56d3c5e,2026Q1,1,0.9851798846946437,V3
0x0b62ca57f1de8b89add79078aaf413b129eef8315625b2fec1ffcf256d8dece4,2026Q1,0,0.04367087679629635,V3
0x19ed51210cede6932e559922cbb832a0a218d45383feba376580e6ce2ad93853,2026Q1,0,0.04336264063342037,V3
0x2cbfefb1c7f083b083bbc123b164c05fc13a9baf298063e9570fceb0ff1742a7,2026Q1,0,0.049241279206339264,V3
0x7ffbbba15f3b295b1aa37c323874ca36a5dcb87f280033c14e12f2c83b387abe,2026Q2,0,0.11635208998921724,V3
0xc653271dd2430252e32987b23d083cbf125b02ffa8fde56cc84051477e429856,2026Q2,0,0.03698183651935844,V3
0x2d88926d45bec2e089ed072b14afbf137cb2085cfc50d598a343b43a2756c26e,2026Q2,0,0.03698183651935844,V3
0x6791ea58d6bdaf33dd36a9194a8810408b44a5e4eac836209c950ad46893bf6e,2026Q2,0,0.04665663666330364,V3
0xa158db8eeff5631f5b1dde5bf231dc15b6258916ec39f79c2aa1d243e05789f2,2026Q2,0,0.044675209950179984,V3
0x5cb20a760bc2bba3b87fae547a25cbac73f702abfa30e4a801e65f8b9f15d8ff,2026Q2,0,0.04057232663738506,V3
0x3bf2955dbfde4496dff53d247355bf74cfc41397538b8678587b3462b6584451,2026Q2,0,0.07790254600981535,V3
0xb8278c6c2e467f39c982a3054081fab22186a6583a0b9c93c611325804ba20ea,2026Q2,0,0.13891132772806644,V3
0x4c5701bcde0b8fb7d7f48c8e9d20245a6caa58c61a77f981fad98f2bfa0b1bc7,2026Q2,1,0.07071750860265444,V3
0x8183a221622f2d5d2b46da86c80d55a61f43d35829589e03c1efae9d072638c5,2026Q2,1,0.037669119472815996,V3
0xf796efc04b4280e760fcb777ab8d33519ff777e36c680959ebb4fe6b84cc99ef,2026Q2,0,0.03490573062231531,V3
0x93ab6cbb3e85d16b5f06859f3e0a368fb38402c4cf3d851829749fd56a007b48,2026Q2,0,0.1015213135879478,V3
0x2957a612a6bba277168f7b52d3ea7d2c44628bc130d841063f6cc1b158c4375e,2026Q2,0,0.06189699102623463,V3
0xecf63047b28b4a9a5a94782e5b2c501348303de25a6ee78f08b02d4f2bad1748,2026Q2,0,0.04650111352127979,V3
0xdc6f95f94d2db24a1904537cb8cf83e0b25fa47bac926112891eef0df8fd06f2,2026Q2,0,0.056858783978978755,V3
0x677740d692753fcb0f1227e99e564afebd643e9ff09ca32f73aeb1ae335cdb0f,2026Q2,0,0.4621214797022948,V3
0xc0cb9ecebd7cc0c9db22a4f409e451e76522819e339330c803766891b0b22c0d,2026Q2,0,0.046006426399261044,V3
0x1563b185a42f2f5ed9f686cc6ea156b544736ae6becbf1757b65443fac89ec43,2026Q2,0,0.25068212966399267,V3
0x0e5a27334244a00baa67a520cdf9404684d2e6fb3610bd8f1d918cc7faec0903,2026Q2,0,0.046006426399261044,V3
0x0258f47973df582d7e9b659ce402024ceb3354376d95c1ba035c89f0f161357c,2026Q2,0,0.046006426399261044,V3
0xa312499c150a1ca94b788c99f6ae721cbbdfda7679b5d25580fe79d514fdb930,2026Q2,0,0.2786360321873572,V3
0xde38c515193b3b7f826f65e85fb50fc77d4fb134e56f3c36e9244ee812d75089,2026Q2,1,0.4376168611294721,V3
0x0d5e405a7ad802309508d4f2bc3c04b8d6e6e3b6f632dd91b94f5995f3aae630,2026Q2,0,0.046006426399261044,V3
0x13496fa2338f07e366c573f3e274ba4966fdffcb8dd76d5aea98d35ac36ae783,2026Q2,0,0.046006426399261044,V3
0x4adf64232c8b91900e0b48a81d68b3f08c0e0c57da9bc575b890dee39df219ae,2026Q2,0,0.046006426399261044,V3
0x814cccd741cec4b0d042acb0e67101c7c9585af01c10373cd44414b118331ec6,2026Q2,0,0.046006426399261044,V3
0x281b216205d45a69ad0abe777df68a68547888e0f6222d44cb0dbad76224f449,2026Q2,0,0.36857851630777516,V3
0xfcde02af15efe40e336d67f0ef9aa49e9d40c37b92961fb890afc4afdbfe54d6,2026Q2,1,0.8764788566644269,V3
0x613e429931f3073610c3a54c5c80c592fb9b949da3d5fbc8375bf5e9f188fc20,2026Q2,0,0.11990254155231324,V3
0xb60ff6bafcf4a93f264367439e27f6efb179100008c9b4e50e91c463e4100a6e,2026Q2,0,0.2786360321873572,V3
0x426cc911ba800b7de5de27ad1e6363733bd9fc9411bff8032399792ebb882ba9,2026Q2,0,0.25068212966399267,V3
0xcb85aab42249e733ecffed7618b419df1be5da1874ce7ffe35dac66d8a9a65bc,2026Q2,0,0.046006426399261044,V3
0x67a776c285676937265be323be8de1021dc3f44bbb0ded250d7e579b8411bbb3,2026Q2,0,0.04616440222270743,V3
0xd4717f1118a739e898848610e68d74ea6cdf6ded0fedc3940143b9f3d57ff254,2026Q2,0,0.3121976415864687,V3
0x01510d4f36a4055795345072479f71f432533d2c2bf2f3265eaa142d34306914,2026Q2,0,0.21846182178182227,V3
0x8153292497d6fd565744dcd34791082fa8fa5eafa8f55c8d017e557af8133002,2026Q2,1,0.08974367474324788,V3
0x67ca01f75ad56b885aedae60d2a28c4569a69cf4e5814c356a95be28fb47678d,2026Q2,0,0.08685110614081373,V3
0x83e0999fad067bfa7213444cd7dd55f4480d381fefa3656c38aa13ee0deaf970,2026Q2,0,0.04680148172228912,V3
0xbd4ca4d153696bb74db5493b27138eb1514ef16744befe4eff552168d5426c36,2026Q2,0,0.041348994843114925,V3
0x38f455d58244268a4adff6b5787cfbe21cf584883db31d4371523511d5313f61,2026Q2,0,0.046603346086042254,V3
0x950cf1c7a2c2b731389374697caf126fe71af6f48f7fd729ea80cd7445c4cf1e,2026Q2,0,0.0493940743086565,V3
0x46e6e6b6166e36aa34595642bb5c534c64c6d8d6d86ea5c8beece600581efce3,2026Q2,0,0.03964822972246116,V3
0x46f15cb064fb468e39de360f14f5847898ef9b1489d15e9df702b92f1836598d,2026Q2,0,0.1489402704602304,V3
0x5c2e6aef8af5931e9bfa3750364626d754531d2fada2885d45c356b175962a25,2026Q2,1,0.6801688412893767,V3
0x9e570fa9b5258f954859874e92e2de4be636f377d9968150915670d9bac09100,2026Q2,0,0.05304668077607859,V3
0x8cc6aa69d3f7ce4d302ddff3981207a6c898783991cc5e6887c9d161907c03f3,2026Q2,1,0.06219993342123261,V3
0x2d859e9b62672ab0e90238495c1799f37759f8a2e96b67e240ddbf679428e7c8,2026Q2,0,0.08676162518840669,V3
0x773abaa5fe55e5cde51a261f444b7921652a4e059ead6b3be9fe56499c2d4609,2026Q2,1,0.054324560847985585,V3
0x68beecc857017df8663fa36c0c86310dec7305aa88fe830c94651391314afc1c,2026Q2,0,0.11241047580465688,V3
0x0939fff091b132b98cf3e3d7998d5033c60fd20f41999f7f450846653fc32642,2026Q2,0,0.045376185409171516,V3
0x835293fdd731fd51f66f18e627e58ce4022ffb4f8db7a64f9e068a4c9bb20a66,2026Q2,0,0.07552880738563005,V3
0x299730751090165592bfd5f8f12ff5bb316cd3dac7f17223128e3d4024622bcb,2026Q2,0,0.2633155721501835,V3
0xd81f611670339738cb6ac259b94a54b5b08e372f19c063a8ad6fb2a8c7fe3ed8,2026Q2,0,0.16250561969170005,V3
0x1da3b067be31eb471516bd0ae8d1f85f8f6770747c34f6cbd761438fd58397de,2026Q2,0,0.09785462413378256,V3
0x40144d050887a9e17375489e7a176f5c53712b75753db33b74be351621992ef3,2026Q2,1,0.11860758271805297,V3
0xc64b0a947b10179c675fb093e0565af6a522edef28423175541614eaca9646b7,2026Q2,0,0.07039463807437539,V3
0xb45e08056a9cd66a37d8097eb47a1c97517934bdcabfb490d177166df7314ffa,2026Q2,0,0.047053659681363366,V3
0x9a055ff77bd43b6fa1f097a86a9e87f5b5bc6aeaec3326d943b01c8eb7aea7d1,2026Q2,0,0.04244902352727912,V3
0x73d9fc56285985bf2ce99fc8f501a002651b55e1cf644af26db80692c6673343,2026Q2,0,0.042595329429693414,V3
0x9dd27666ad05dbe8ac5547e79d634fc306578b60b71f96ab4347f020b46e9413,2026Q2,0,0.38807755097040253,V3
0xc0be7b1f19f9b658778c2be7e6bc67596a00f347ab64392d0f5d387534c7c3b4,2026Q2,0,0.47600593532889274,V3
0xdb7886829f415e00ab97b695a28b5747c6bce1f8ab09635a51ec6480e5d50314,2026Q2,0,0.16723918653640882,V3
0xc8e9ba9e25f5adcf7e159e62c24ca3bda9a5245a049acb94fdd534e67ed1969e,2026Q2,1,0.9662262169488066,V3
0x4f8bddad85712e2b46756f71c753380a1417bec8049e4a45742e5182c3a5c015,2026Q2,0,0.7203233155376826,V3
0x1507c50c86fb307e4f1acd9d740b2be66d98773f90d161e94907d8ef2c5699b3,2026Q2,0,0.24265724639587558,V3
0xd49b9f68568892e828085f84a31e811a24f4481aea5cd08ab62261810ec0d402,2026Q2,0,0.03533418555119054,V3
0x33403f2501afbeafa3372043080e5360d714a9323b264cb76c3aaafc335304a5,2026Q2,0,0.8984708878211691,V3
0x5c3e77051639ff3cc2cd1735d6667d15514da142558bc198bcd9e73d1feb2a7f,2026Q2,1,0.05211082267929297,V3
0x22e03dc66d5294670263027439ea57f15c9602bbcd4c4801e5b77d30f509ad6f,2026Q2,0,0.1016914137308118,V3
0xbe26cb4271d859584f3acc2c8f8ea9ae872f6845d89b3b1777ab100918f08906,2026Q2,0,0.062291630398239685,V3
0x6d6ec53177a4feed9f39944e98d12e78c8c59571832fa8e9448c4359f99a3ee7,2026Q2,0,0.4071318899368098,V3
0x0baa8bbb7b974a19e8b91205be112e064df134c7e4ae90476ca50c247c82daf1,2026Q2,0,0.047629642483123485,V3
0xbc692175b4f15cf690207042084c0b6251f6263e8516d999306d431a832c1f41,2026Q2,0,0.16467009713018893,V3
0x37426c459b51c7f10b550f643feae2788516ea46261c862b5f6883d8b4314a4c,2026Q2,1,0.5252282841720604,V3
0xd2ba0333139cc904c92b7741b9457b8eaebd4964e3a450217dbbd8dadc882551,2026Q2,0,0.03778354789494947,V3
0xd72622d154dfe65b9c019d6afcfe75a55717e5c502db611f555b101aafbf6ec5,2026Q2,0,0.04051412800596713,V3
0xf480b4ea858af172baf1d8c4d2d0281ee8d2694ed9f40b12b3630c5328dfb3f6,2026Q2,0,0.43074809378965795,V3
0x0d14f5dc9fb3250ec888b1ac8d9fe9a0ce06f9d3ea60fdf138e8690622fea84c,2026Q2,0,0.03628557055979402,V3
0x1d8d0ed997c870e00a7b13e39ff94fea8b3e80b6f728c33f936da4341270bd4b,2026Q2,0,0.8943565346620249,V3
0x36e8ca24d2a13435f519f15580d42b45cdbe3bc425fb39a7c2733260357af0fa,2026Q2,1,0.9794576361115683,V3
0x49e0fd35e25a3c075cba2ddd500e0a69369c88a7ecf8971304495b1970d98017,2026Q2,1,0.7072161993095526,V3
0x5d07dbbd43ea9f1a4f585a4f22af1019f9f82b4901341910925ce74ff7b9b02e,2026Q2,1,0.9613609161999116,V3
0xd4d00e5bf8b960cc37c74c1ec19e41e00b0706add203ddcfbb65ad006c5c223a,2026Q2,0,0.0407944310437439,V3
0x813451b970c8aae23a9b2441fd9be8367e8691a636323ced76f6fd1914c1e0a8,2026Q2,1,0.9769657198920122,V3
0xbf245f51ee0cb5020ffc948b2e63d86ca112c2691665a043a2e139f0c9d4d1f1,2026Q2,0,0.04274014359814747,V3
0x036f32b7b18291ff94d09f0c11830d8b839aafd0148e644207be97a4f9bd5a8a,2026Q2,1,0.9794163573062429,V3
0xf220061c0e83defd413070f97fb55660485ca8540c43be13d9e71082ca2cad57,2026Q2,1,0.04919099435521273,V3
0x6f9143b5c37be6829a0cd89127d146cb7eccf777e17bd355b06641641a14192f,2026Q2,0,0.03217259287850659,V3
0xd63b3697ae273e53e575d6e4cc833b28bce923167e4b8065235143babfb4b05d,2026Q2,0,0.2863238528689548,V3
0x72fee40790a2efa4a9a0fdf2be80d5aa47b62467ab69f10456a5ffe6b9afe9ec,2026Q2,0,0.04318339186461756,V3
0xe05bfd5efc54b5e3cd2ea7cd3e83298839620bfe9fa5986ff4c531cc008e55e2,2026Q2,0,0.06451771463457819,V3
0xea68cbd27fccdf53c0bb89cab89802d1709cbcccdea7ab1417efba678a929c7d,2026Q2,0,0.03498043506692447,V3
0x66a07d808f8c2fc99536b277c509c6b415ffb2e17454f95bbd811f1ee65da389,2026Q2,0,0.03633959868183035,V3
0x1407ef3df88eeb834f5acc7c83dd1a52a62fa2c79a10a4c1184c585936e9faa3,2026Q2,0,0.05890340055924476,V3
0x58cc4219cc5e48ce9594245db8942caed74a131a824ececaa2df6c20ded6319b,2026Q2,1,0.9573612743604899,V3
0x683c00d1a271b8316d5851fe4b07508ebf230b2aa9e94b4f455dcbb4486b6ab5,2026Q2,0,0.07881829411841405,V3
0x7483dba1fe6fbf749c05be4c93c61867d9bac16705aabe104cc5e2e30fcace3f,2026Q2,0,0.10607235524763149,V3
0x055e4a40d880f0a821b131d74dbb170952b41988cd763f6baeeb1fe72770abe9,2026Q2,0,0.03723083335307952,V3
0x18dccc229331c63d8360d1400ece2355627637547d8dcd54aa5f7f1b5580686e,2026Q2,1,0.41272316660432956,V3
0xb2a02ec1302923548722a92a0d21a0c440915ad15c429b5a61e825b4b1c82047,2026Q2,1,0.8914111474454217,V3
0xc7140ddb5ae5dc94d4553fb05d4600816f33ff024844cebe8326f4c41c4a1a47,2026Q2,1,0.16404789159348845,V3
0xe443dab97ad8b7f58558cc7a6a3932d156031e962a451e0461e9a4578d78fe84,2026Q2,0,0.03571560878026124,V3
0x807ba575f84169bdb061dd05da3e8eb314a129aa152e31518c2aff9979d5f986,2026Q2,0,0.04115181145901393,V3
0x24f38479176af2d71f64161d53bde777aef49ef1c03066510174d43a8d2a43fe,2026Q2,0,0.03522385793715174,V3
0x01f06ea4973476841e60b3b8d7df8ce339095a065c7466c7945f40da51b38788,2026Q2,1,0.9794163573062429,V3
0x61bf787148448ac7dc3ccf1b42177c841c2a61766b962f406ae6a7aa9fac0c84,2026Q2,0,0.03510194316958752,V3
0xa6ddb7146f48a12dbf73456d654211b01d7493829932c31b7fe85d82120d338f,2026Q2,1,0.7500832028945646,V3
0xe85db2c1843ebf5eac87613544d8a7e062039ec023d60fcaab2c9bf6340de110,2026Q2,1,0.7149159474387042,V3
0xc0c95243591db57e82d43cbfdc12bac5cada96127c304c23cb87bca5e964a3fc,2026Q2,0,0.36494720656017354,V3
0xf419325a81813bb603985baae6952ff43cc4fded835174c3a6c2e4a855579f4f,2026Q2,1,0.34845769520988035,V3
0x628e335a6cbec4b2dbcc89482fe594cb91f273318479e6930542d3cffc02f68f,2026Q2,1,0.9358479841441344,V3
0xb4511928cdf7b9a387cf3f18b19a0a842bdece1233d8575f92d15efdbf168baa,2026Q2,1,0.7942279188893622,V3
0x7434b22007745d99095c102119fdb6b975d34869212e9dda4c6c5c48db0683a7,2026Q2,0,0.035963956939654255,V3
0xf02a0f12219339e7cb16489465c926bbedc5767345aafc3679683141c6cc7c41,2026Q2,0,0.042301243833349884,V3
0x574571e4e87444e0078b7b991a43eef929be16365e607a7d9a950b6df8f02752,2026Q2,0,0.04438694251287317,V3
0xf0519224d6082069e2f4d63b7b8c463a174679a739e75b8c5c57d9e6f75b53ac,2026Q2,0,0.05448534903728589,V3
0x77791e343f0c9befba6344921e846af705e5b63937c475d105707dd24a758902,2026Q2,1,0.8421106057171522,V3
0x79a3155deb0060fe904f446def4d0c7b0e32dbb0b6ec1d29900d2ae14a171e50,2026Q2,1,0.9729373953821944,V3
0x02b4a096c4e3115d67b3eb05663b29ee5c982be66f53029ddaf16b22c9ce84c9,2026Q2,0,0.0362139671319987,V3
0x9ec068d68055cc7e14d82b67da6f8069423ce64d4cd3549aeb50116156a622f0,2026Q2,1,0.10238216139028126,V3
0x8cfbeb1d72b72ee16a05865b8b2a328c7386f1f544975ab58c9f33d825994f6b,2026Q2,0,0.0388077538218461,V3
0x12b07f4fa02263c8d93c220e006b26b7e072c1ac54597ac5be6e4aab052927ae,2026Q2,0,0.044234767123545626,V3
0xaecd38f0d1b839a2621b54a6dd2a69d1f37d39c812bc2f1f1432ee79555623f8,2026Q2,0,0.03723083335307952,V3
0x14d4b7687586f20713394670dd33875138c1b8107f62f54a6b3869c7d1b1c861,2026Q2,0,0.04453961701624365,V3
0x2f99c403526da9553c4ac68218acbff90b1d63af271f0945996ce4a8efa1dcd7,2026Q2,0,0.08419699004661507,V3
0xabf5cc61e402873d84f619357c7b4673994b302f81d0cd4adff234f9efa5e37a,2026Q2,1,0.9719749650985585,V3
0xb115de5476741ec60696e6f08ed2ca791f3156b324bebe191f71e1198d38199b,2026Q2,0,0.08990691337962589,V3
0xe566a096b545e9e1ac3f2c96e3fe5b03153ec4c1e0803cada1890d78fafd01f0,2026Q2,0,0.035839575742532305,V3
0x724d7eaffc5b26082105d7a9aebd6b729fe0e87368b8d7e5ea7a9926b3077ad0,2026Q2,0,0.18418209055173243,V3
0x6f19d9353a050b75146deab85790798008f71b699232e5e237e2f46d2cb5dc2b,2026Q2,1,0.11636710736186039,V3
0xd08544f6162283dc8d0a82f16362aab837a8537379df9bbe604960eec9cd4618,2026Q2,0,0.03250996945394856,V3
0xf1f7d2cf64386174d05522499b147e18e60bbf7e2749967879ee8685b15c98a6,2026Q2,0,0.03534618062346883,V3
0x5d66f71e5a3bc66ff4894c7fbf59efaaa4c33f3689089ffaa7e0df7a139c3f95,2026Q2,1,0.2790375300421805,V3
0xb32a8f9d6a33d17afda204649706b6a6e2684f5b4a983b3713da55b51fbe44af,2026Q2,1,0.9615513000355744,V3
0xf05a4a187e05875b6d26389008dfc68edb9f026341ac98b5becf455276af478e,2026Q2,0,0.039347497892738906,V3
0x05e6062cf2b571580bc4bc39ccf243a015a1f4aaedd3e29910c371d8648b889d,2026Q2,0,0.30885010516017003,V3
0xa3b848a002b85952f7fab6337b26caa15612674b227a6246026d3c35d76fe464,2026Q2,1,0.9683378541220785,V3
0xccbfe9aaeeb3639ebae86443370a955d5273ee47e43bd765bbd0a7306d3bce3a,2026Q2,0,0.035839575742532305,V3
0x858071dbcd97be6e31f8467cba92fcb09d1d767d46da407e4434438a188b04a2,2026Q2,0,0.044234767123545626,V3
0xe6939069d36ad63a9f7fcafa91b627a3f373a3264ab0347c1a5e042c5f7d1f08,2026Q2,0,0.04115181145901393,V3
0x5a9c2289eb4b06d03df4df70aa4f853054bc168ed632650aa9dbe8e0be5c947b,2026Q2,1,0.5677188992609088,V3
0x6d0e09d0f04572d9b1adad84703458b0297bc5603b69dccbde93147ee4443246,2026Q2,1,0.9794163573062429,V3
0xc5675bc58c8117391cc243780c1b709ce1ef744aa27779c78ee82f3dc974ca1b,2026Q2,0,0.05636651749453853,V3
0xaab820131c1a98cba47b21aa12f1e8549827d489340f2685c6643b2966782657,2026Q2,1,0.8559216649048054,V3
0xa571de6630800eb1dcd9cf6a39113b6e436f748335c7bf88e126ee14078177d3,2026Q2,0,0.03498043506692447,V3
0xfa59099fbda1e0f0058ed3cbd57e939fe90ab6d9b57d53bd488bcadf75c191d4,2026Q2,0,0.045622437523121194,V3
0xe816bec99ca3380cf2df2a50742fbad4f2af679497298b93eb0c626097966972,2026Q2,0,0.13417359279416646,V3
0xbcbaf0cda0371263542ae37e012a021f0f3a1ec85a4e674f95cdfeb18fa39d0c,2026Q2,0,0.03818101903393983,V3
0x6eb70f72edc1698f445e6ad2a7392225f175f4171288e62c637f09c86593ab97,2026Q2,0,0.03818101903393983,V3
0x4b4a00cc1b9a54b43cf79dfe8efbbf66826ce9129eb9d73f2a47907072792444,2026Q2,0,0.042914920462131065,V3
0x1ded9738af1bda018e31c11e35796a2267b502aee17629829cf757425aeaaa81,2026Q2,0,0.03818101903393983,V3
0xa8a38708979d953a914860bcbd64093f7e532f300a04565e516fcaaa93942d69,2026Q2,0,0.04660023781613105,V3
0x45217673671bd96b4449ead71cc5a2cce050254142ca078d1bdfa044f60c2293,2026Q2,0,0.14274446935345655,V3
0xcb06c7dbd4aa4a8d95861b8b69dcd7d5d0d42ddefb3983fc143fdc99fd3499cc,2026Q2,1,0.6353214742370946,V3
0xe65c106aa601e254aaa51c2897d1d99be0d0f753f642422656e6aa1db940f6ac,2026Q2,0,0.5927727570192244,V3
0x8730e1eb7a53c8ae47f700f8233851cab23f1a8fd0ddd80bcbc15155ebbf5a84,2026Q2,0,0.6099994286203723,V3
0xa36f7e7b009f1275389f8ba46852ef83b8a412705a2c45c3098a40a18460bbd8,2026Q2,0,0.04345941682661193,V3
0xbd5d1e406ef6afdf1bbf2fe3ccb2b936f3bac9a163a291b58c01cd03d830288d,2026Q2,1,0.9758782891694617,V3
0x0dd54661592b361dd215f93c4e443621ae49d43c74e45d9ab7580c84f3b20a2c,2026Q2,0,0.03825572808574293,V3
0x7842b4eed48ae877d51805b0b09aad798e7ce12d52ba67f0b7e90ca75a3a6e76,2026Q2,0,0.037861057543201265,V3
0x4f9c680b7637b5e0a338cfefaf71086af79a95abdd6d906c4f9fd0c134bbf404,2026Q2,0,0.5753018357603437,V3
0xd73f60114a0e7169a55082daef1228cb27fa50c939eea22cb0589f6bac6ce5d3,2026Q2,1,0.9807226893817124,V3
0x4cdb2e75b2faf7328f3a6de172d72d4d312069484b667d13f96b5fa8ea50122b,2026Q2,1,0.06867509713299759,V3
0x962120c2418a0a31003eaaad240201cb998c2b19530d7c2e2a18540b33aa32af,2026Q2,1,0.23688747956816195,V3
0x89c30df2073bc62ae8e0128aa3bbd6642ac1a91f8fec7c97f3eb11f04898e3e7,2026Q2,0,0.03756941568026315,V3
0xa9937410f8aae98cc6440a7480ad832be5a1a998afcf5a6e77c6f5aa4c0f259f,2026Q2,1,0.300187547627245,V3
0x57c1e8de9d359a76055fe1be95e46a1e72d0537811dcc2ccf070cdfa73d8ba33,2026Q2,1,0.2569245483691472,V3
0xc567553c26e9955a40bcf3c6ca948b32be9e65c836e4178356dfe7dffa23f3e6,2026Q2,1,0.967514260556125,V3
0x63eed4826f75272a6ff68e0d0d6d0e0e685407a75e5dc9dd78236693c4ab1741,2026Q2,1,0.39766961970688963,V3
0x3fc804e4d893f86d49229eb42492cabf6150f5bcbf36c1b66d1e8f22bc15ec6d,2026Q2,1,0.2853095048992798,V3
0x43edd40756d4dfaa633687ddbfab445cdd21f9083a45289871e95b5292793bca,2026Q2,1,0.9158882458570916,V3
0x6a4d97b6b54f49991f3984998fc8423668b09e9ea21de7074f27ab7dd4953ba3,2026Q2,1,0.3154989402562385,V3
0x98c0aa27e741d5bfeb0a06e68bddd256b857fd27597c76c500250db1483c51aa,2026Q2,1,0.7139020801446596,V3
0x7320a31f5b0babc0c2c99e8a14d120f577affb38793379307b6f56efdb849f49,2026Q2,1,0.34733035524656763,V3
0xeea3c1ef1764cffd540a50c7c85513ede593ce3d4bfe452aec6a0bce3e3b4d62,2026Q2,1,0.3154989402562385,V3
0x81b06cb917c9a2aabc67a7765bc3c640e88a699bbf451b29915049c0766cde04,2026Q2,1,0.5040088781020318,V3
0x15aa3c1259a716915e068a0d63c3885d2301d29e8982cbb1717ecb9b63d02d95,2026Q2,1,0.20595288032455245,V3
0x797d586ad45522306490b0cc9b2f21bdf957f3843476fae99f3bcc2cec83b74b,2026Q2,1,0.8837465614954769,V3
0x824df6aa7e270678a5239d697918e918834a52cc6e59ebc25b650b2df649ac82,2026Q2,1,0.4860450726477712,V3
0x23408daff185f6c89d91bd279ce97142c573454277d72ae882a9d9fd1ae79af4,2026Q2,1,0.9792430222578353,V3
0x5bc23ef1d55fb8d4a1b21b7c8780aa1b6b019262dda806da8a79dc8ada217f33,2026Q2,1,0.9801716100676104,V3
0x136f5a0c27a62cf9a2e40a4f48425e43d61b9571a53a2529372c0065f3218a73,2026Q2,1,0.9807226893817124,V3
0xc69075e9555b2da95ac78ccea9431b89549c30181cfde6520571ff5c3d52e6f1,2026Q2,0,0.037310410138945815,V3
0x1161c3b9969ad118659e604b2442c858bca0f76d1564e277178e5cf628dac974,2026Q2,1,0.17291524753057208,V3
0x0a68368782ad0b7798c3802233513ce20004906f69d24431a548e15a19bc2891,2026Q2,1,0.9761946289384604,V3
0x4b02efe53e631ada84681303fd66d79ad615f3d2b6a28b4633d43d935f89af58,2026Q2,1,0.8414487700304951,V3
0x2e94bb8dd09931d12e6e656fe4fe6ceb3922bc3d6eab864bb6cd24773cf67269,2026Q2,1,0.7874624559438423,V3
0xc84dfa2ab4a808d1b96a2cf439f8b88a1c5c37762253280deb7663a195d9b859,2026Q2,1,0.6679219919691887,V3
0x08b69086a3dae8a5b0547c0dba3c484719649684cacad12a690f26ace873b89d,2026Q3,0,0.039942793564610765,V3
0x8e945cade307304c4579f17acf4750f1c3e5a68225cc5f24d54226e2db742725,2026Q3,0,0.039942793564610765,V3
0xdd69d77168d6820d90f89550bb21bba1bdbe52e9247373105ce1a5fc9f55d4ab,2026Q3,0,0.039942793564610765,V3
0x6a71af556bec47f82e288799a073b8d5155954151b83a099265daef730ada942,2026Q3,0,0.039942793564610765,V3
0x8be38f21b6c39fff2de0258b1d18fc9feafdef9e95f14d7f81db3bd3d7effeff,2026Q3,0,0.039942793564610765,V3
0xdd05f5d5996df430308d5566a83bba6d5dfb96081e6cd9b08f0d722eaa84c264,2026Q3,0,0.039942793564610765,V3
0xe072f983b87320ae039b4987ec8da0c19c00848f57611586b5ceafbc6007b7e2,2026Q3,0,0.039942793564610765,V3
0x17414b5654467cc23ac6e5cba7ecf87952ea12ea08a8e09fbfef5f3b218e2bab,2026Q3,1,0.980625798764203,V3
0x8147e29f9e0d127ddc8578665cacdf885f3b14b84b21f5b3f5d9494c3af4bb62,2026Q3,0,0.039942793564610765,V3
0x3f24b4802bac08dcd85567198b079804e2fe914d7391e78fa55bb96d06abc3b8,2026Q3,0,0.04049620567556757,V3
0x241196e643e4ee235afde589a4c8a4eafadf89677e0fd212791f72899498821f,2026Q3,0,0.039942793564610765,V3
0x2e74dd2439a9b97a8c62e54e8ba07671e1238b7addc8971949b1b70b50e33de7,2026Q3,0,0.040775658618687476,V3
0x7d4d6916fa50ad0be01c1c065a6b3ad95f5d444c18fc6b766a99d31173469303,2026Q3,0,0.041340113284062105,V3
0x974d4abaaba1707d0ce5e9b2db8df7d9e3e9a5ce3c3c28fc52df4dcfc72d467f,2026Q4,0,0.03970967113038426,V3
0xb02bee7451a745aa0f47d76ea8b15c2eb44b63ba78d122a6aa4d8f60ad4fda22,2026Q4,0,0.03970967113038426,V3
0xf981fb146169eac1cf8bd6e35a2102cc4f7efe92369ae1c413d532dc51d1cfe0,2026Q4,0,0.03970967113038426,V3
0xb89a21f2452a9fa13b9fcaf8361e805deaac21c5f6788ed89e32e635fdd1b90b,2026Q4,0,0.03970967113038426,V3
0x94877b77d42e820573c761e94565a75b52be2a60f4cb423be0a8ba111f26e57b,2026Q4,0,0.03970967113038426,V3
0xa0347c613517147c30296e44f3b7657c594bec7af1e69a29c8a418ed78d827a9,2026Q4,0,0.03970967113038426,V3
0x56c45af8a9da0502092edaa3ca192d0798fa02460c838f09764c90d4635b6577,2026Q4,0,0.03970967113038426,V3
0xe2abc7b99067945a75cc308dd009e27e4191e09df00b77b3d314545287eb6cee,2026Q4,0,0.03970967113038426,V3
0x09762a2578a898ecf1ceb11c4a062352594152b8e9aad445cbb57d98599e9e4e,2026Q4,0,0.03970967113038426,V3
0x9244a2a2fe4b9646eab7bfe81f175b69bc912d4c786c8eac988e74f34f224b8e,2026Q4,0,0.03970967113038426,V3
0xd8aa2c026c5679e848832520aac2ed4592679b39a37678c29c23425555747834,2026Q4,0,0.03970967113038426,V3
0x87aa0528695acd3266625acb21e282379e8bd15964a729576015542af3b36b17,2026Q4,0,0.03970967113038426,V3
0x13badb4becfa64ea1c0c07d372304abdcc2c5f3c45253537cbaacd8e10e7a6a0,2026Q4,0,0.03970967113038426,V3
0x1f39be217d3f2a907e0d978e164d9ca0a607f27267113806383fa81e47aa5d5a,2026Q4,1,0.9817651158260077,V3
0xac916b490bff5080b326eb4086a4281a0da1f678fc6453e1dbe182d03d40505e,2026Q4,0,0.03970967113038426,V3
0x32753521bd6c2cdf48284a4b0df3e8e686e65c185acdb72f075e43f4b81f91b8,2026Q4,0,0.03970967113038426,V3
0xde7d04363a3ccbb4a2bd27b052cb045997d87e0cf2f2f565fe18021b94860061,2026Q4,0,0.03970967113038426,V3
0xd6fa28dce85f3fd0c3a25f6eec7980775a9c1e321e1f988c9fbd91760908be8f,2026Q4,0,0.03970967113038426,V3
0x3d12e34161b87cc1d700f490c52dba1f26a6ba378d8a29aa59d571fc586b361a,2026Q4,0,0.03970967113038426,V3
0x33c6c4906d923ac54100a3c760965ffb7ba9f49d9767597eb2358adaf89f9817,2026Q4,0,0.03970967113038426,V3
0x981ad338d789a187680b653c2b24ed6fbb962599c1347497ad5fa209600e6a5d,2026Q4,0,0.03970967113038426,V3
0x6a642e9f63da8d3c1fc1ea5f027c9b1433b99731dca58a27e01b36de965d1d67,2026Q4,0,0.03970967113038426,V3
0x682140227736f5237b11edceb93cbd4e70ae967c16fc4bd597db938cfef7e0a8,2026Q4,0,0.04210301849824679,V3
0xa3bebe9029f1c1d6c470ae4a6ee6e5d806df30f56a80b17dffcd80b3c225af2f,2026Q4,0,0.04124295830478943,V3
0xba969da61cd51a1bc5fc2368f25d15b45588dfa87d7dbffd720186c771be7eb6,2026Q4,0,0.042248019150013416,V3
0xdc1559dc50cf439c5f97050984e11a3c0906712a2d536586df2c19dfbab2b9eb,2026Q4,0,0.04387484005231799,V3
0x089f3132b49c8db05df452752b6f3036a9e8f893e4a032cd8683fe16f85a75d4,2026Q4,0,0.04012233630796433,V3
0x3725dfa6b17797bd51879ecc3893142bf058be6c9e81bfd72f309060bb387f85,2026Q4,1,0.8581562694188738,V3
0xdcc87b9ca36015e396bd0eebca29e854a136ed2b0b701049d1ee9da6bee3eb35,2026Q4,0,0.04026080229604172,V3
0xb6bd48fa92be4a8bc52b307d9aa34b1fc79adbf58bc3ab1599a9aef0b4344495,2026Q4,0,0.03970967113038426,V3
0x674073445ab7fe8eb5a97f3624bfedc62a0482fa1fbd6e4bdfcf26060c7a23d6,2026Q4,0,0.03970967113038426,V3
0x914477a1f73a2dfb37122e5fbb2117db8d9656af85f4941e036e2fc3def9ede3,2026Q4,0,0.03970967113038426,V3
0xff7290e188ccbc8fe771b65215237d4c33ced5a9ef819f3d574abe069ba84648,2026Q4,0,0.03970967113038426,V3
0x6019cb1669ec7dfeb2eb0c7a39a3b8f806192d160467a070cc5ecf1a1128ca48,2026Q4,0,0.03970967113038426,V3
0x2d91cf8a20085e5abf4154a204cf234c1a8b6b81b351fdd75596bbc7851791e6,2026Q4,0,0.0458745196154858,V3
0xbfd4bb8d6a1e16404dd95d2e5c4af005f11f07d37da91f1e9e442e4dd9878e6d,2026Q4,0,0.03970967113038426,V3
0xa3c415670913335266c2f895ece9c9c8c4924bea9b626ad364b4f9093ec4b218,2026Q4,0,0.03970967113038426,V3
0xc8d4e2c302e248cb5cd7179c589281e93b5c594baa57e04d3f0b934bd8df449d,2026Q4,1,0.9670546229044641,V3
0xdc4b9ecbfac2c8e98fe18b35c4578a3c64e34ddfe16b1cf8a98ab3ad9d06c088,2026Q4,1,0.17164799322526714,V3
0x391e2cca67a2d49030baf239fdebb1d428b732a00d0af46a0c98866a0a8eee8a,2026Q4,0,0.04387484005231799,V3
0x38c0342fb672f38ad0990e98d6cc81d021a0c210fdb8c23ff086742b8a873c51,2026Q4,0,0.04298020993848525,V3
0xa454a98c451d635ee4d928ab690d694541868169b296bb3a5d01c9383fd8e438,2026Q4,0,0.04432879180273187,V3
0xaf8805982bfa850ee297c49d93f8168d1a273ca73b252f3c588ac2fba6f0ae08,2026Q4,1,0.9817651158260077,V3
0xb377882b1358774d40e246cbb18c5539c837ae30423f73dbb0fc39f8484817df,2026Q4,0,0.03970967113038426,V3
0x4ccff8c606ad71080c7611d28f1593a528a8ca6c11c1fb63bfa24a7eb2ad30d7,2026Q4,1,0.9815062936135713,V3
0x2bea5055e9824663f02e4ef6f9d66b22650dd9be675f42ba5be9b32a5931b8b1,2026Q4,1,0.979805078789767,V3
0x2d8eafed91122236a8696e51ae582f5c04c1281fe8c6a8c36dbb9cf8b2e96f02,2026Q4,0,0.03970967113038426,V3
0xd054d5a23d72e41369a4bdd3a7170b9a55ea1b8023cd579588692ec0a7601288,2026Q4,0,0.04081925747569231,V3
0x4a21333b027a3b8fe9ae5ea8113d288c43aed57bf10f283e5466a4f2eaa5158f,2026Q4,0,0.03970967113038426,V3
0x2eccb9409a0a88eaadb64cbe5d229e471299fd6c73824ce3be05ce0bb47ab85e,2026Q4,0,0.03970967113038426,V3
0x7c08d2e1c19790f9376776ccbf3113340fb09f549f7f288e19af68a3a5e7eaa4,2026Q4,0,0.044941031561566466,V3
0xdce4939db6c189a46fd0c04eb12d026261e589664bed83fca8697192353ea6d5,2026Q4,0,0.03970967113038426,V3
0xa15d5b3e1047ed397cd5285d6352cb7d1552c9759dbefcdd0d61d9f17bed6882,2026Q4,1,0.9816361521679795,V3
0x50c135bba33e8484c8425ce834d9afa56506dd9790538c43d994b11eee9bbb01,2026Q4,0,0.03970967113038426,V3
0xc3496089277c2d5d9951ad652461b1b9cc9778ebbf4c82b661d23d7aa958595a,2026Q4,0,0.03970967113038426,V3
0xeff97f3499e9446493240a92a098b9f7aa9529ab1e40b2484bf590b97aab9d66,2026Q4,0,0.03998432669573931,V3
0xca9d229eb89ebbc44fcee5469c9ca9c9cff9c35dbb451cd2cf2321decc933536,2026Q4,0,0.03970967113038426,V3
0x7ec3aeb17ed772301206b766dc42fddb75754dd56ba688bb714e09b0bf900f38,2026Q4,0,0.03970967113038426,V3
0x830eb792fa2f2a591b5a0610a76400f80228629105f4f5896434be777665265c,2026Q4,0,0.03970967113038426,V3
0xc11dd6459a3a82ab0563a8fd7b76a5f2249c2607a9430ed66f8f2194c70a5982,2026Q4,0,0.03970967113038426,V3
0x5bbabd359667d5bbdb9ee690bb959c9aa4cf4b08b2ae6592118a59753f622d78,2026Q4,1,0.9817651158260077,V3
0x705371444684d676041d1010a94cae3a657340fa4809b4307de3c173a35e0957,2026Q4,0,0.04026080229604172,V3
0xc82669901de7cb0be25c1d8de39fbbe8e2ddc0aacba0a30a663ed13c3b9eb06d,2026Q4,0,0.03970967113038426,V3
0x46d40e851b24d9b0af4bc1942ccd86439cae82a9011767da14950df0ad997adf,2026Q4,0,0.052228382653537374,V3
0x998acf9ed1bbda06d59df70786441468872c72b2de59cacbea93625b14a5efcb,2026Q4,0,0.03970967113038426,V3
0xcba397f49b319dccb5f1b92c3710518d1c4f8f1dee86577b4bb243f3ca77e389,2026Q4,0,0.03970967113038426,V3
0xe844e12246d8504b8ec30c1d461718dbc9645fb73487ca50e5e716eefbb2bc63,2026Q4,0,0.03970967113038426,V3
0x22d3d4722ce79dae5b2594df2ce89b1c283e3227b78718353bcca2e854d115a4,2026Q4,0,0.03970967113038426,V3
0x60acc46cda1f0619259acf3ef8c77bf734ff08cbed256ca3d1e9444138e21266,2026Q4,0,0.03970967113038426,V3
0xfee4b6988b9513dab72118c97abeb4369f0d9a7c2290337ca5d5c2f116a148c2,2026Q4,0,0.03970967113038426,V3
0x94947a23e965124fa382e3ff89827b7bb00c2e2f3f9c0b92137e639d4cbfb080,2026Q4,0,0.04110125911867339,V3
0xdb1ae961e30733e7857ebb425b5f6449fa8032de13f32c1c6e447a0c3801ca04,2026Q4,0,0.03970967113038426,V3
0x582c62c350aac2720711abeb30b16c41c5cdc9b342bfa30da380b6ea6bdeb1ac,2026Q4,0,0.03970967113038426,V3
0xecb8543d8b5072ab44f216f0d18830d0276bfcbb6b51bfd14c62540560cc7a88,2026Q4,0,0.03970967113038426,V3
0x92291ad59a105b0fb205f8aa2d3d2dbba7ee249ad6532672c854eaaf79fc135c,2026Q4,0,0.03970967113038426,V3
0xbd603617895e199d4042781ee55a7a9614af3130ca8e90d257424ca246f66197,2026Q4,0,0.040539108887190554,V3
0xfc6eace32f283eda179c15d447fe61f0426846bace5c583a967ddeaba58c2f93,2026Q4,0,0.040539108887190554,V3
0xdc609df6c167499ecd2beffda05a1ddaeca7ed3269a805f7b9a4afd5e96cf2e5,2026Q4,0,0.03970967113038426,V3
0xfbb2046e013da7b66ecedf3a9de63ce446fd57c23ccc77cd019991f485522236,2026Q4,0,0.03970967113038426,V3
0xc71855fc12bcc7fed8448d4eb863a3aab497e8bbd135ee54d5a8ddb03c4ea1f9,2026Q4,0,0.03970967113038426,V3
0x95657cd92502a3b132163cb9c77f5f16771dda1faa33a3977364f11a945d68f0,2026Q4,0,0.03970967113038426,V3
0x1d0f90b6e67d5e574780c98d42b0d339d4b17e945215fcc555ffd8a31092d76a,2026Q4,0,0.03970967113038426,V3
0x3d83f444f62b2afe0cb28485073cbf3617400d58813cd351cd4d242560ac47f2,2026Q4,0,0.03970967113038426,V3
0xc830d19ead001f5378792cc0df36004ddb1b312bb26fbd5c4226aa698c41f808,2026Q4,0,0.04110125911867339,V3
0xe4b9a52d2bb336ff9d84799b70e72e8e5f4507df881af60f3f4daeb9f541a80e,2026Q4,1,0.9817651158260077,V3
0xbba38c85da94f7a5e69f49408fad5331ca169c2f0ccdfb0aea5279dc5b63e1d3,2026Q4,0,0.03970967113038426,V3
0xcf0b7161e61ef3464827e233c06c83a93b459a939f2bb309842da3feb878ce96,2026Q4,1,0.9817651158260077,V3
0x285908f7d6ef04ca37e4650ebb8ba9b6d323bbe5ab3e33d8162a80906a552e5f,2026Q4,0,0.03970967113038426,V3
0x78a7554bdf3861f7557bc637ae5298d948fbe26632e10042b34b8a0f6724cc4a,2026Q4,1,0.9817651158260077,V3
0xe6b7d4d8b4d2ff7dc8c9e5d6dd70b6eece210b8cf9e34fb45f9b9516cc4c76ff,2026Q4,1,0.9809106949584468,V3
0x61b66d02793b4a68ab0cc25be60d65f517fe18c7d654041281bb130341244fcc,2026Q4,1,0.9705241612601527,V3
0xb1d2cd56624ec8bb3d8115d50d503d0e8578bf32d754ad5fe3c0e08a73186c57,2026Q4,0,0.1360293471552839,V3
