condition_id,question,sub_category,entry_yes_price_3d,end_date,outcome_yes_won,grade,reason
0xb030d9cb4bfc8073cbc3db356cdf3f00b02c07477774476bcef6fa6d08e42298,Will Donald Trump sign an executive order on April 4?,discretionary,0.51,2025-04-04 12:00:00+00:00,1,CRISP,specific named event with binary observable / numerical threshold / specific date
0x49e0fd35e25a3c075cba2ddd500e0a69369c88a7ecf8971304495b1970d98017,Will the Bharatiya Janata Party (BJP) win the most seats in the 2026 West Bengal Legislative Assembly election?,discretionary,0.5805,2026-04-29 00:00:00+00:00,1,CRISP,specific named event with binary observable / numerical threshold / specific date
0x2010ff3939e8e664dd57369aa907bbaa6d03ae18be27fe3ab2f4cdcb95a8b2ab,Will a Republican win the popular vote and the Presidency? ,discretionary,0.3,2024-11-05 12:00:00+00:00,1,CRISP,specific named event with binary observable / numerical threshold / specific date
0xaf97f60cad3509b019aab16568bf05eaec5bc53f91ea2c66e2a76ab467c754db,Will Karoline Leavitt say Egypt during next White House press briefing?,discretionary,0.395,2025-12-31 12:00:00+00:00,0,CRISP,specific named event with binary observable / numerical threshold / specific date
0x76c0c20596c22e4699dcce0970e0bafed1ebe22026caf4626d7d9a49c3b3b6f9,Will Jacob Frey win the 2025 Minneapolis mayoral election?,discretionary,0.76,2025-11-04 12:00:00+00:00,1,CRISP,specific named event with binary observable / numerical threshold / specific date
0xc7e96db9aa56c83c19e7eb3d608ef821bf9ad7699c48c8864011e5caed4ebd3e,"Will Trump say ""Big trouble"" this week? (September 22-28)",discretionary,0.625,2025-09-28 00:00:00+00:00,1,CRISP,specific named event with binary observable / numerical threshold / specific date
0xcc1635ab47d7b8edbc0ec7877bfa8f94d511b5d239419367fb01ff6e3c0a05d4,"Will Starmer say ""Child"" during the next Prime Minister's Questions event?",discretionary,0.435,2026-03-11 00:00:00+00:00,1,CRISP,specific named event with binary observable / numerical threshold / specific date
0x48e51508835de42a12c7177cfcd45881590bdc9fa00baa1ca4173c441bb471ff,Will Donald Trump sign an executive order on August 27?,discretionary,0.31,2025-08-29 00:00:00+00:00,0,CRISP,specific named event with binary observable / numerical threshold / specific date
0xf8c5951cdc0168a64adbe243b468250e70a251ffea4556e7775ce430c880bffa,Will the Liberal Democrats win 46-60 seats in the next UK Election?,discretionary,0.325,2024-07-04 12:00:00+00:00,0,CRISP,specific named event with binary observable / numerical threshold / specific date
0x87822b3d4ccba1835d698354b01c050b55f20c5f34b14908bff4ea5a6d58af4c,Will Mark Carney be the next Canadian Prime Minister?,discretionary,0.819,2025-04-28 12:00:00+00:00,1,CRISP,specific named event with binary observable / numerical threshold / specific date
0x13de42d032bf66c9cbb5b7e00687c665fa253605228230a05de26cfed818c2c4,"Will Trump say ""Crypto"" or ""Bitcoin"" this week? (November 3 - 9)",discretionary,0.52,2025-11-09 00:00:00+00:00,1,CRISP,specific named event with binary observable / numerical threshold / specific date
0xcb06c7dbd4aa4a8d95861b8b69dcd7d5d0d42ddefb3983fc143fdc99fd3499cc,"Will Trump say ""My Father"" or ""My Mother"" this week? (April 27 - May 3)",discretionary,0.525,2026-05-03 00:00:00+00:00,1,CRISP,specific named event with binary observable / numerical threshold / specific date
0x3ac961dca3c4f0fc34bf94c661962012ab5e8bcdcadfc99affa06eddde00b29f,Biden drops out of presidential race?,discretionary,0.695,2024-11-04 12:00:00+00:00,1,AMBIGUOUS,"""drops out"" — campaign-end timing interpretive"
0x3fc804e4d893f86d49229eb42492cabf6150f5bcbf36c1b66d1e8f22bc15ec6d,"US strikes Iran by March 2, 2026?",discretionary,0.325,2026-06-30 00:00:00+00:00,1,CRISP,specific named event with binary observable / numerical threshold / specific date
0x301357b52de467d3f71833deb600bc43346aeafe09b7c473a82f436699b459da,Will James Talarico be the Democratic nominee for Senate in Texas?,discretionary,0.715,2026-03-03 00:00:00+00:00,1,CRISP,specific named event with binary observable / numerical threshold / specific date
0xec062773d9bcb38e22d673402ea20e895c764e0f85d8691c541fa896812c1948,"Will Trump say ""crypto"" or ""Bitcoin"" during his inauguration speech?",discretionary,0.445,2025-02-03 12:00:00+00:00,0,CRISP,specific named event with binary observable / numerical threshold / specific date
0xdd22472e552920b8438158ea7238bfadfa4f736aa4cee91a6b86c39ead110917,Will Donald Trump win the 2024 US Presidential Election?,discretionary,0.5825,2024-11-05 12:00:00+00:00,1,CRISP,specific named event with binary observable / numerical threshold / specific date
0xac6d30c07e239485ef6ec2f7a47aee6e04e48cdeff90bbc910ffefc8c647a181,Slovakia Presidential Election: Will Peter Pellegrini win?,discretionary,0.51,2024-04-04 00:00:00+00:00,1,CRISP,specific named event with binary observable / numerical threshold / specific date
0x9133a7c2abc25ff946a40572cce99b91078287817e513359fcf00bd8cdfacf1a,Will Melissa Bean be the Democratic Nominee for IL-08?,discretionary,0.635,2026-03-17 00:00:00+00:00,1,CRISP,specific named event with binary observable / numerical threshold / specific date
0x33403f2501afbeafa3372043080e5360d714a9323b264cb76c3aaafc335304a5,Will the Dravida Munnetra Kazhagam (DMK) win the most seats in the 2026 Tamil Nadu Legislative Assembly election?,discretionary,0.765,2026-04-23 00:00:00+00:00,0,CRISP,specific named event with binary observable / numerical threshold / specific date
0x14bf5aaa9c555faded1a58acff5ecad22c41eb20757145f14355766756c6ed62,"Will Trump say ""Not American"" this week? (September 8-14)",discretionary,0.545,2025-09-14 00:00:00+00:00,1,CRISP,specific named event with binary observable / numerical threshold / specific date
0xc84dfa2ab4a808d1b96a2cf439f8b88a1c5c37762253280deb7663a195d9b859,Trump announces end of military operations against Iran by June 30th?,discretionary,0.55,2026-06-30 23:55:00+00:00,1,AMBIGUOUS,end of military operations — interpretive
0xa9937410f8aae98cc6440a7480ad832be5a1a998afcf5a6e77c6f5aa4c0f259f,US x Iran ceasefire by May 31?,discretionary,0.335,2026-05-31 00:00:00+00:00,1,AMBIGUOUS,ceasefire interpretation (what counts as ceasefire/broken)
0x5185a5aa2a0012cc7a1289d2728470ce04b3c4a1f2375515e13ffca303e2f9bf,Will Donald Trump sign an executive order on May 22?,discretionary,0.52,2025-05-23 12:00:00+00:00,0,CRISP,specific named event with binary observable / numerical threshold / specific date
0x3948e6d65eec7e90e355e35c8a808852bcebfe4ae90325721298cfb8f4c32ca4,Will Labour win less than 325 seats in the next UK Election?,discretionary,0.4615,2025-01-31 12:00:00+00:00,0,CRISP,specific named event with binary observable / numerical threshold / specific date
0x5d66f71e5a3bc66ff4894c7fbf59efaaa4c33f3689089ffaa7e0df7a139c3f95,"Will Trump name ""Jensen"" or ""Huang"" in April?",discretionary,0.33,2026-04-30 00:00:00+00:00,1,CRISP,specific named event with binary observable / numerical threshold / specific date
0xaab820131c1a98cba47b21aa12f1e8549827d489340f2685c6643b2966782657,"Will Iran strike Kuwait by April 30, 2026?",discretionary,0.71,2026-04-30 00:00:00+00:00,1,CRISP,specific named event with binary observable / numerical threshold / specific date
0xd5a64f75a5d7107e53e7c3eaf52865624a0c79ad8c41379faef4285494991326,Will Russia capture Pokrovsk by December 31?,discretionary,0.54,2025-06-30 12:00:00+00:00,1,AMBIGUOUS,territorial capture verification disputed
0x362dbc85c50dc05041b8f46f9e34c9d723bda4efaccc448342c23689e2a43993,PA-10 election: Stelson (D) vs. Perry (R),discretionary,0.415,2024-11-05 12:00:00+00:00,0,CRISP,specific named event with binary observable / numerical threshold / specific date
0x03a629ada87bbe4c08a3cf23314f79127750af55dd810d8c25ccb39c50bc8459,"Will Trump say ""Mental Institution"" this week? (March 15)",discretionary,0.655,2026-03-15 00:00:00+00:00,1,CRISP,specific named event with binary observable / numerical threshold / specific date
0x7eca3eee73a4d437797aeb9a1815aaf4484403bdb926791f7e5c435a7f05f0e3,Will a Democrat win Ohio US Senate Election?,discretionary,0.435,2024-11-05 12:00:00+00:00,0,CRISP,specific named event with binary observable / numerical threshold / specific date
0x4d848bab2da79b9ff7f2b2b0d9ddb048bb1fb47e9f782887f16e91d27de41279,Will a Republican win Arizona Presidential Election?,discretionary,0.74,2024-11-05 12:00:00+00:00,1,CRISP,specific named event with binary observable / numerical threshold / specific date
0xeea3c1ef1764cffd540a50c7c85513ede593ce3d4bfe452aec6a0bce3e3b4d62,"US strikes Iran by March 4, 2026?",discretionary,0.345,2026-06-30 00:00:00+00:00,1,CRISP,specific named event with binary observable / numerical threshold / specific date
0x0c7d28659310de1bcffb52f14911f439094905e8a72dd1f341617bd0e20bc5e8,Will Elon tweet less than 250 times August 15–August 22?,discretionary,0.5615,2025-08-22 00:00:00+00:00,1,CRISP,specific named event with binary observable / numerical threshold / specific date
0x37426c459b51c7f10b550f643feae2788516ea46261c862b5f6883d8b4314a4c,"Will King Charles say ""AI"" or ""Artificial Intelligence"" during the joint meeting of Congress?",discretionary,0.465,2026-04-28 00:00:00+00:00,1,CRISP,specific named event with binary observable / numerical threshold / specific date
0xd304e9e13e6b0bf28faf314d5c92f119bacd7c4076b8567d93a03a6bd445280e,"Will Trump say ""Tough Cookie"" this week? (December 22 - 28)",discretionary,0.585,2025-12-28 00:00:00+00:00,0,CRISP,specific named event with binary observable / numerical threshold / specific date
0x43edd40756d4dfaa633687ddbfab445cdd21f9083a45289871e95b5292793bca,"US strikes Iran by December 31, 2026?",discretionary,0.785,2026-06-30 00:00:00+00:00,1,CRISP,specific named event with binary observable / numerical threshold / specific date
0x8c601a3d990460a92b604488eb97a9d19d9218c39609ad438cbe788a1db653d4,Will Donald Trump sign an executive order on June 30?,discretionary,0.775,2025-07-04 00:00:00+00:00,1,CRISP,specific named event with binary observable / numerical threshold / specific date
0xf461498d1b6c25b57eb9e2a61d33b6410593f6d48d891f2e0d8ebf23f509988a,"Will Powell say ""Pandemic"" during December press conference?",discretionary,0.58,2025-12-10 00:00:00+00:00,1,CRISP,specific named event with binary observable / numerical threshold / specific date
0x96f6fb6567b5938fc3c2e75f9829d7287340b9581a9c4817b8bc0aff82e1c45f,2024 Balance of Power: R Prez R Senate R House,discretionary,0.375,2024-11-05 12:00:00+00:00,1,CRISP,specific named event with binary observable / numerical threshold / specific date
0x3c5f88a130c95b8eddb33a8ca7444139a9fea357f7418ebae316d6bc2113a855,"Will Trump say ""Trump"" during Hungary PM events on November 7?",discretionary,0.485,2025-11-07 00:00:00+00:00,1,CRISP,specific named event with binary observable / numerical threshold / specific date
0xb17631413f217b33763f011a61990dd420f760af13bba6cdccd68c52b2b72d4e,Will a Democrat win Arizona US Senate Election?,discretionary,0.74,2024-11-05 12:00:00+00:00,1,CRISP,specific named event with binary observable / numerical threshold / specific date
0xb4511928cdf7b9a387cf3f18b19a0a842bdece1233d8575f92d15efdbf168baa,"Will Trump say ""Our great First Lady"" in April?",discretionary,0.65,2026-04-30 00:00:00+00:00,1,CRISP,specific named event with binary observable / numerical threshold / specific date
0xffcdfe69121723210a5dfa24041fce6f4b99469fc434afc99bb3ff7a270d7fb3,Will Ciprian Ciucu be the next Mayor of Bucharest?,discretionary,0.566,2025-12-07 00:00:00+00:00,1,CRISP,specific named event with binary observable / numerical threshold / specific date
0x35743117468978e7ddd6647790f599f21263d948f2a51fa78df47a6793fde562,"Will Trump say ""Day Care"" or ""Daycare"" this week? (January 11)",discretionary,0.4,2026-01-11 00:00:00+00:00,0,CRISP,specific named event with binary observable / numerical threshold / specific date
0xebe18843b0e316b35f4fb6b3b8017d5f0a5b84fc8289bde7c696550c1f3e628e,Will Trump tweet 25-29 times September 27-October 4?,discretionary,0.3,2024-10-04 12:00:00+00:00,0,CRISP,specific named event with binary observable / numerical threshold / specific date
0x2fc417b2e4f3be9d8007d48bcab0e9c3015c4e988f0faf3d081f08ffe0317503,Pavel Durov released in August?,discretionary,0.335,2024-08-31 12:00:00+00:00,1,AMBIGUOUS,released from custody — timing interpretive
0x3648ab7c146a9a85957e07c1d43a82272be71fde767822fd425e10ba0d6c0757,[Single Market] Will Glenn Youngkin win the 2024 Republican presidential nomination?,discretionary,0.5,2024-09-10 00:00:00+00:00,0,CRISP,specific named event with binary observable / numerical threshold / specific date
0xe8bc73364757a1a8fbf62e984698ecdce8fbfe1a56e3897d56d695d7d80dd0a8,"Will Andrew Tate post 100-129 posts from March 6 to March 13, 2026?",discretionary,0.34,2026-03-13 16:00:00+00:00,1,CRISP,specific named event with binary observable / numerical threshold / specific date
0xd513780a1859f1a5bd88054b3c98b7454557b4292bc07c52a008aa07dd87ab30,"Will Trump say ""Nasty"" this week? (August 25 - 31)",discretionary,0.625,2025-08-31 00:00:00+00:00,1,CRISP,specific named event with binary observable / numerical threshold / specific date
0x674027b87e5eb414494aa8e3d981969d0d1e4cd7ae8c7b8369c38d724d12760d,"Will Elon Musk post 65-89 tweets from February 7 to February 9, 2026?",discretionary,0.32,2026-02-09 17:00:00+00:00,0,CRISP,specific named event with binary observable / numerical threshold / specific date
0x78fcd6edb2892a1b46da7b0919f4d2d05a7b037d0f46ee465415ea8c4d1c1347,Will POTUS tweet more than 25 times Feb 7-14?,discretionary,0.61,2025-02-14 12:00:00+00:00,1,CRISP,specific named event with binary observable / numerical threshold / specific date
0xb124766234e1f19bc156a0edfb492f8c4cc3fa25303e722ad52780b66a3b70df,Biden drops out in July? ,discretionary,0.42,2024-07-31 12:00:00+00:00,1,AMBIGUOUS,"""drops out"" — campaign-end timing interpretive"
0xf5e48d50c65531036b7cb5d34a42ae1f5a88a5cd1624f0e0772434968d81bd8d,"Will Iran conduct a military action against Israel on March 29, 2026?",discretionary,0.795,2026-03-31 00:00:00+00:00,1,CRISP,specific named event with binary observable / numerical threshold / specific date
0x0e72ce28c3f56e4ef9b3770e03f0d2cf08c5db1eeeb8d1c0a0d9b1d3865c500b,Will Trump talk to Nigel Farage in February?,discretionary,0.34,2026-02-28 00:00:00+00:00,0,AMBIGUOUS,"""talk to"" — what counts as talking"
0x2bf00860d0daa4aa11d5f6e5aba62407c5f82225e652f6405701d9ddd83c5a6c,"Will Trump say ""Hell"" this week? (December 29 - January 4)",discretionary,0.75,2026-01-04 00:00:00+00:00,1,CRISP,specific named event with binary observable / numerical threshold / specific date
0xac4c8f562f7c6f4a191570b07a6cd8926854205a91d6da197a43924bdc4659a3,"US strikes Iran by January 18, 2026?",discretionary,0.475,2026-01-18 00:00:00+00:00,0,CRISP,specific named event with binary observable / numerical threshold / specific date
0xd85d61234bca7dfed426bd2440b8990ceeb455ddbba8bb9257d5d861066b45b2,"Will the Trump administration release any Epstein-related files on December 22, 2025?",discretionary,0.81,2025-12-31 00:00:00+00:00,1,AMBIGUOUS,Epstein release ambiguity
0x506a96c9d159163dd47aa3e6cf321feb0ea78d361d7ef810e838980fefed581a,Slovakia Presidential Election: Will Ivan Korčok win?,discretionary,0.485,2024-04-04 00:00:00+00:00,0,CRISP,specific named event with binary observable / numerical threshold / specific date
0x310cf1f2674f74a68f19e9f99bad1bb59354984a13062ba9dc5f25383faddcf0,"Will Trump say ""Western Hemisphere"" during the State of the Union address?",discretionary,0.385,2026-02-24 00:00:00+00:00,1,CRISP,specific named event with binary observable / numerical threshold / specific date
0x71da12db4aea759acbf68b2777c44b21caf6a5ee9ac335106ced647b53fb9a40,Will PH win the most seats in the 2026 Colombian Chamber of Representatives election?,discretionary,0.845,2026-03-08 20:00:00+00:00,1,CRISP,specific named event with binary observable / numerical threshold / specific date
0xb2a02ec1302923548722a92a0d21a0c440915ad15c429b5a61e825b4b1c82047,"Military action against Iran ends by April 11, 2026?",discretionary,0.755,2026-04-30 00:00:00+00:00,1,AMBIGUOUS,end of military action — interpretive
0xd98db52e63443f7de6a09f565afc2151dd1d987ac9b18bd04cc7b83e313760ed,Will Trump tweet less than 3 times Dec 6-13?,discretionary,0.47,2024-12-13 12:00:00+00:00,1,CRISP,specific named event with binary observable / numerical threshold / specific date
0x4873de62c03e7ee0776aac2c26e32d9466b631af8af0169e2cca03bafccd42c6,Favorite to win on Polymarket day after debate?,discretionary,0.33,2024-09-11 12:00:00+00:00,1,CRISP,specific named event with binary observable / numerical threshold / specific date
0xcfaa7bc4cee131fb6e724b54230616a1aad023dc6044da6b84f06b35ada28586,"Will Trump say ""Dome"" during his 4th of July remarks?",discretionary,0.38,2025-07-04 00:00:00+00:00,0,CRISP,specific named event with binary observable / numerical threshold / specific date
0xe1386710b61e8f800a3b27ed14528c4bc4756572451c7c97d140c5e8d8030f55,"Will Keir Starmer say ""Crisis"" during the next Prime Minister's Questions?",discretionary,0.57,2025-11-12 00:00:00+00:00,0,CRISP,specific named event with binary observable / numerical threshold / specific date
0xdc8391521f8ddad9dac60dc32ffeb7d1f78c707b241ceb4b383066e4d31595a8,Will Russia capture Kurakhove before December?,discretionary,0.585,2024-11-30 12:00:00+00:00,0,AMBIGUOUS,territorial capture verification disputed
0x3dba4e07efac6d60b8ae1b70b25f87cfb811e2163a4a63a5e4a946fbe47932d8,Biden drops out before the Democratic convention?,discretionary,0.66,2024-08-19 12:00:00+00:00,1,AMBIGUOUS,"""drops out"" — campaign-end timing interpretive"
0x2b0a07e75ef14cf292e6d93fdd07f333057acbe249f8a7af57bb1ee3c5a52b1a,Will Donald Trump sign an executive order on July 11?,discretionary,0.505,2025-07-11 00:00:00+00:00,0,CRISP,specific named event with binary observable / numerical threshold / specific date
0x696ba4726b7a261960878b703c525857ba5a08ee7e1404aa83bd8faa1e1d8687,Will the next Government of Canada be a Liberal majority?,discretionary,0.625,2025-04-28 12:00:00+00:00,0,CRISP,specific named event with binary observable / numerical threshold / specific date
0x72857b3b967e7cdf2e85258e88c7077ba22e6a3b0c1c30b6bd6fc7ee7b7b51a3,Will Nicolas Maduro Win the 2024 Venezuela presidential election?,discretionary,0.695,2024-07-28 12:00:00+00:00,0,CRISP,specific named event with binary observable / numerical threshold / specific date
0x458a27ca58fbbbd96f0240b2aa4b5dac0cce9bd5e87409a4021624edb2786ad0,Will Conservative Party win less than 125 seats in the next UK Election?,discretionary,0.755,2024-07-04 12:00:00+00:00,1,CRISP,specific named event with binary observable / numerical threshold / specific date
0xcba58d7e057d3a6051d062d6b62388f9207b6f3bc9212835f137128720964c76,Israel x Hamas ceasefire cancelled before April?,discretionary,0.345,2025-03-31 12:00:00+00:00,1,AMBIGUOUS,ceasefire interpretation (what counts as ceasefire/broken)
0x26ee82bee2493a302d21283cb578f7e2fff2dd15743854f53034d12420863b55,Which party wins 2024 US Presidential Election?,discretionary,0.42,2024-11-08 12:00:00+00:00,0,CRISP,specific named event with binary observable / numerical threshold / specific date
0x86cf498b6ad73c7631c08157c654b7e8c44ee33dfad2c261564aa375e3394578,"Will Trump say ""Minnesota"" during the State of the Union address?",discretionary,0.585,2026-02-24 00:00:00+00:00,1,CRISP,specific named event with binary observable / numerical threshold / specific date
0x265366ede72d73e137b2b9095a6cdc9be6149290caa295738a95e3d881ad0865,Kamala Harris wins the popular vote?,discretionary,0.6845,2024-11-05 12:00:00+00:00,0,CRISP,specific named event with binary observable / numerical threshold / specific date
0x55094f77e9dbc107fc354a9b8a5939cd0b4d0cfae24c7f892dd778b565b579c4,Will Edmundo González win the 2024 Venezuela presidential election?,discretionary,0.325,2024-07-28 12:00:00+00:00,1,CRISP,specific named event with binary observable / numerical threshold / specific date
0x2e94bb8dd09931d12e6e656fe4fe6ceb3922bc3d6eab864bb6cd24773cf67269,Khamenei out as Supreme Leader of Iran by June 30?,discretionary,0.635,2026-06-30 00:00:00+00:00,1,AMBIGUOUS,"""out as"" — when does out happen / interpretive"
0xccf29510341e7437f067af2cb107f69d617975a734646b4a6c86089242c8daa0,Will Jason Miyares win the 2025 Virginia Attorney General election?,discretionary,0.675,2025-11-04 00:00:00+00:00,0,CRISP,specific named event with binary observable / numerical threshold / specific date
0xa6ddb7146f48a12dbf73456d654211b01d7493829932c31b7fe85d82120d338f,Iran x Israel/US conflict ends by April 30?,discretionary,0.615,2026-04-30 00:00:00+00:00,1,AMBIGUOUS,conflict end interpretation
0x9f41292bea56c1a5671306d4285d1912af1a23e62bae6e58e6c0dc517cc98d46,Will a Republican win Texas US Senate Election?,discretionary,0.84,2024-11-05 12:00:00+00:00,1,CRISP,specific named event with binary observable / numerical threshold / specific date
0x824df6aa7e270678a5239d697918e918834a52cc6e59ebc25b650b2df649ac82,"US strikes Iran by March 7, 2026?",discretionary,0.445,2026-06-30 00:00:00+00:00,1,CRISP,specific named event with binary observable / numerical threshold / specific date
0xc74c985af2daadd3900b337e128555d997342db0d724528e9b0eb5d9bf2691a2,"Will Trump say ""Palestine"" during September?",discretionary,0.32,2025-09-30 00:00:00+00:00,1,CRISP,specific named event with binary observable / numerical threshold / specific date
0x91446872e083875e2315abb17c03854c178d65cef9e49e17b8c31352dbe2719a,"Will Trump say ""Crypto"" or ""Bitcoin"" this week? (October 27 - November 2)",discretionary,0.35,2025-11-02 00:00:00+00:00,1,CRISP,specific named event with binary observable / numerical threshold / specific date
0x330f413895b25d8669861208d3403725516f6e3d66164bea64a8be41a4ccb0b4,Matt Gaetz confirmed as Attorney General?,discretionary,0.305,2025-06-30 12:00:00+00:00,0,CRISP,specific named event with binary observable / numerical threshold / specific date
0x4f7bd51376ac212cfdfba705d083ef7664579951ff5c85fa549e32e88c461468,"Will Russia enter Rizdvianka by March 31, 2026?",discretionary,0.4,2026-02-28 00:00:00+00:00,1,AMBIGUOUS,territorial entry verification interpretive
0xdfd869fb69e5cb5352ebe56cf7ccb4396151dcddc8c284e74d4c33711007717e,Will Trump say “Transgender” this week? (November 10 - 16),discretionary,0.78,2025-11-16 00:00:00+00:00,0,CRISP,specific named event with binary observable / numerical threshold / specific date
0xd8084b77d5386b0c907a3e82567c737896ba0102af5de7ab7295aee6023409b6,Iran military response by Friday?,discretionary,0.445,2024-08-16 12:00:00+00:00,0,AMBIGUOUS,military response — interpretive scope
0x8730e1eb7a53c8ae47f700f8233851cab23f1a8fd0ddd80bcbc15155ebbf5a84,"Will Trump post ""I love King"" or ""I love the King"" on Truth Social this week?",discretionary,0.51,2026-05-03 00:00:00+00:00,0,CRISP,specific named event with binary observable / numerical threshold / specific date
0x961ee2529ff3c3b27a9b7dc424c1d7046f52bdd5b4ae38bd74ae65f0838fabaa,Will Daniel Noboa win the 2025 Ecuadorian Presidential Election? ,discretionary,0.405,2025-04-13 12:00:00+00:00,1,CRISP,specific named event with binary observable / numerical threshold / specific date
0xf7fbf61a0c895d7466ef299db9436ccff6af59cea208ec3bfdfb01b4d52b1705,"Will Trump post ""God Bless America"" on Truth Social this week? (March 15)",discretionary,0.62,2026-03-15 00:00:00+00:00,0,CRISP,specific named event with binary observable / numerical threshold / specific date
0x4c48d72bee2347ee0a0802850be8a7f36d318b405fb4bacbba455eb8a68dc6a3,Will the Liberal Party win the popular vote in Canada's next election?,discretionary,0.72,2025-04-28 12:00:00+00:00,1,CRISP,specific named event with binary observable / numerical threshold / specific date
0x459e26ea0ef5fae66cc7174b373906acd4579b47930d63907c9b26446000aff2,"Will Trump say ""Roof"" during Carney visit on May 6?",discretionary,0.525,2025-05-06 12:00:00+00:00,0,CRISP,specific named event with binary observable / numerical threshold / specific date
0x0af4fc7fc85ce04980cf9193bd36111400d096cdf257e5fe7e0e3968137ada9e,Will Alec Baldwin be named in Epstein files?,discretionary,0.76,2025-06-30 12:00:00+00:00,1,AMBIGUOUS,"""named in"" Epstein files — interpretive"
0xa699018223c711cf05cfd64fb0a688bbec786514fa13006ada520edea02f1797,"Will Leavitt say ""Governor"" during the next White House Press Briefing?",discretionary,0.555,2026-02-28 00:00:00+00:00,1,CRISP,specific named event with binary observable / numerical threshold / specific date
0xbb01eefb24a38a9aa1921ec168d3049e7374b28a2540937d06b3ff2524d66627,Will a Republican win Michigan Presidential Election?,discretionary,0.415,2024-11-05 12:00:00+00:00,1,CRISP,specific named event with binary observable / numerical threshold / specific date
0x5de4dac5750688a3ab6db801fef8afb9f069270bf6e211c8ef2ef3c13d4e6734,"Will Trump say ""Too Big To Rig"" this week? (January 25)",discretionary,0.6,2026-01-25 00:00:00+00:00,0,CRISP,specific named event with binary observable / numerical threshold / specific date
0x9fbe1832139c5e67dbf93813aabb9ac67ab8dd3d7d32fe86957ff761a8fa1532,Will CDU win the most seats in the 2026 Rhineland-Palatinate parliamentary elections?,discretionary,0.62,2026-03-22 00:00:00+00:00,1,CRISP,specific named event with binary observable / numerical threshold / specific date
0x352ac53453f995e751d2d90c7d781441eba9d1c4c7ebbc8e738fc570a543665b,Will a Republican win Wisconsin US Senate Election?,discretionary,0.34,2024-11-05 12:00:00+00:00,0,CRISP,specific named event with binary observable / numerical threshold / specific date
0x166ab6a5f3e348dc7b6d732b0848f373b042aff0290a5d7754f7628db6e4dc0f,"Will Trump say ""Board of Peace"" this week? (December 29 - January 4)",discretionary,0.325,2026-01-04 00:00:00+00:00,0,CRISP,specific named event with binary observable / numerical threshold / specific date
0xd25562868f4159fe3758f3fff2d0c8d1fec6f9643c05579473babcc1f393bb8f,"Will Leavitt say ""Tylenol"" or ""Autism"" during next White House press briefing?",discretionary,0.4,2025-12-31 00:00:00+00:00,0,CRISP,specific named event with binary observable / numerical threshold / specific date
0x8f20ff6ed2ba1e234f35e701a50c274ffb64fdd8d621254d017db0445486ab79,Will a Democrat win Nevada Presidential Election?,discretionary,0.365,2024-11-05 12:00:00+00:00,0,CRISP,specific named event with binary observable / numerical threshold / specific date
0x78554a269994cb47618a3f7583768a008a5c5e1396323b92e9bad4be17dcf7c7,"Will Bernie Sanders say ""Zohran"" or ""Mamdani"" during his West Virginia speech on August 8?",discretionary,0.345,2025-08-11 00:00:00+00:00,0,CRISP,specific named event with binary observable / numerical threshold / specific date
0xd32534b0564971fe6f3fa622a196d4006cc8b464f40bf748caf57108c54d0f5f,"Will Trump say ""AI"" or ""Artificial Intelligence"" during Saudi PM events on November 18?",discretionary,0.465,2025-11-18 00:00:00+00:00,1,CRISP,specific named event with binary observable / numerical threshold / specific date
0x050e617aeb25a5669c45fc3257c6e507cd48b72e240565aae6a9ee34e4a3b793,"Will Keir Starmer say ""NHS"" during the next Prime Minister's Questions?",discretionary,0.79,2025-12-03 00:00:00+00:00,1,CRISP,specific named event with binary observable / numerical threshold / specific date
0xb773804f2f8ce39e6f27487c5778506d95149ee41c194cb674a2254ff1193331,Will Seguro win all of Portugal's districts?,discretionary,0.795,2026-02-08 00:00:00+00:00,1,CRISP,specific named event with binary observable / numerical threshold / specific date
0xc8a7d7ced51ff0c00dee61e0a98d192db2f206f1eede15c8d2e1af5bab04d5cb,"Will Israel strike Gaza on February 8, 2026?",discretionary,0.37,2026-02-28 00:00:00+00:00,1,CRISP,specific named event with binary observable / numerical threshold / specific date
0xb2f7ed87460c653102e97db0d70e9fa5a8dd65d8ded48a6cd98ee6991afd8c0b,Israel military response against Iran by Friday?,discretionary,0.53,2024-10-11 12:00:00+00:00,0,AMBIGUOUS,military response — interpretive scope
0x77791e343f0c9befba6344921e846af705e5b63937c475d105707dd24a758902,Will Trump talk to Ursula von der Leyen in April?,discretionary,0.695,2026-04-30 00:00:00+00:00,1,AMBIGUOUS,"""talk to"" — what counts as talking"
0x806f7abef2f183ab5557e6996adc91b2c3dae3286d00a4efb38b2a05ebb124ce,Will Elon Musk tweet 800 or more times February 7-14?,discretionary,0.504,2025-02-14 12:00:00+00:00,1,CRISP,specific named event with binary observable / numerical threshold / specific date
0xdb93abfa2dd2026687b138417b8ba86c7f3f9729e288781de5688730d70d26e6,"Will Trump say ""Cuba"" during the State of the Union address?",discretionary,0.525,2026-02-24 00:00:00+00:00,0,CRISP,specific named event with binary observable / numerical threshold / specific date
0x8a175eb42f31b198faca9a77277bf90396bae30bf065d3a9898aaa8105657ab3,"Will Trump say ""Party"" this week? (December 29 - January 4)",discretionary,0.545,2026-01-04 00:00:00+00:00,1,CRISP,specific named event with binary observable / numerical threshold / specific date
0xf74a25ca00930e1b6bf444fcff9ded49cd7765d6e198a9af9c036688edb5a4ed,Will the White House call a full lid by 6:30PM on March 17?,discretionary,0.62,2026-03-21 00:00:00+00:00,1,CRISP,specific named event with binary observable / numerical threshold / specific date
0xe85db2c1843ebf5eac87613544d8a7e062039ec023d60fcaab2c9bf6340de110,"Will Trump say ""Winston"" or ""Churchill"" during King Charles visit?",discretionary,0.59,2026-04-30 00:00:00+00:00,1,CRISP,specific named event with binary observable / numerical threshold / specific date
0x08121291cd61eaea56d62dda92b80a1a5aa80d99fdf210343713902561a8939b,Will the next Government of Australia be a Labor majority?,discretionary,0.365,2025-05-03 12:00:00+00:00,1,CRISP,specific named event with binary observable / numerical threshold / specific date
0x5ad810c8d042f53c457a413241175022503d290593c54c8fb713d4ffae5f9cb7,"Will Karoline Leavitt say ""Executive order"" during next White House press briefing?",discretionary,0.749,2025-12-31 12:00:00+00:00,1,CRISP,specific named event with binary observable / numerical threshold / specific date
0x1586c09368022ef06b57487108ff99c83745309a79a7952ba11b916b606c6700,"Will Trump say ""Transgender"" this week? (October 13 - 19)",discretionary,0.705,2025-10-19 00:00:00+00:00,1,CRISP,specific named event with binary observable / numerical threshold / specific date
0x0fb480eb418fa2fcf9a360a4f55d0688a02413a4c7ccbf9703b63f2fa370cecb,"Will Trump say ""Autopen"" or ""Auto Pen"" this week? (February 8)",discretionary,0.545,2026-02-08 00:00:00+00:00,1,CRISP,specific named event with binary observable / numerical threshold / specific date
0x4a2fbd6b2903641f940af5165b151d970915360667a8af3ab3e24c94f3eb002c,Will Elon Musk create a new political party in 2025?,discretionary,0.525,2025-12-31 00:00:00+00:00,1,AMBIGUOUS,creating party interpretation
0x12f85b250c4943bb6d17804ec6c5d5e6b46dc3202f207acf7e56ce83d7319c5f,"Will Trump say ""Atlantic"" this week? (January 11)",discretionary,0.585,2026-01-11 00:00:00+00:00,0,CRISP,specific named event with binary observable / numerical threshold / specific date
0xa97d2a617f66ceaf5545e90e4c4f8ddc1bfefc094f1f3739bccfa9c6da226dbd,Will Trump tweet 5-9 times Nov 8-15?,discretionary,0.405,2024-11-15 12:00:00+00:00,0,CRISP,specific named event with binary observable / numerical threshold / specific date
0x28f1e9218bcd41ced05faf3c03f026721d87712556bf2828337551f03cae0a01,"Israel strikes Iran by March 31, 2026?",discretionary,0.62,2026-03-31 00:00:00+00:00,1,CRISP,specific named event with binary observable / numerical threshold / specific date
0x63cfffa8764426c9b2ffe4b521c9499b4e35c9fb53ff1be68c79dec2a016be2a,Taiwan Presidential Election: Will Ko Wen-je win?,discretionary,0.31,2024-01-13 00:00:00+00:00,0,CRISP,specific named event with binary observable / numerical threshold / specific date
0x26ed2c7b22d8bbf6789e76bdcd88c22b605df53e88c7b57fb3dc48b7ab259a8f,Will Andrew Cuomo win the Democratic Primary for Mayor of New York City?,discretionary,0.745,2025-06-24 12:00:00+00:00,0,CRISP,specific named event with binary observable / numerical threshold / specific date
0x2e52a72e036adfba7577a3f04f08b4b49e379a66837760bc567504b8ea88a759,Yoon arrested by January 31?,discretionary,0.63,2025-01-31 12:00:00+00:00,1,AMBIGUOUS,arrested verification timing
0x9f9b80acee3dff860af4b12f2399b07a8eca79376143e2c3565bcf833a96b4a0,Will Elon Musk create a new political party before August?,discretionary,0.405,2025-07-31 00:00:00+00:00,1,AMBIGUOUS,creating party interpretation
0x299730751090165592bfd5f8f12ff5bb316cd3dac7f17223128e3d4024622bcb,"Will Trump’s approval rating be between 39.0 and 39.4 on April 17, 2026?",discretionary,0.31,2026-04-18 00:00:00+00:00,0,CRISP,specific named event with binary observable / numerical threshold / specific date
0x3a17af0a20c160507cbdee8f0755e76bd21d2c09375f186a31c1aa456632c0ae,Will Trump release more Epstein files by December 26?,discretionary,0.335,2025-12-26 00:00:00+00:00,1,AMBIGUOUS,Epstein release ambiguity
0x12d1b41c90a2ff07173ab2469aad97fb9e80f781b36c32f99fbf4ae28a28b42a,Will Trump talk to Emmanuel Macron in January?,discretionary,0.51,2026-01-31 00:00:00+00:00,1,AMBIGUOUS,"""talk to"" — what counts as talking"
0x640938ae857aa2dfaa5aeb2af07ec853ab0eec5395a5d4ab1c31842f1d3ab271,Will Russia capture Kupiansk by December 31?,discretionary,0.675,2025-08-31 12:00:00+00:00,1,AMBIGUOUS,territorial capture verification disputed
0x91fd3b7cf10e925f169ff49dd657baf9794025b241965fecd0c1b9cbd9c1e115,Will Bhumjaithai Party (BJT) win the most seats in the 2026 Thai legislative election?,discretionary,0.3,2026-02-08 00:00:00+00:00,1,CRISP,specific named event with binary observable / numerical threshold / specific date
0x677740d692753fcb0f1227e99e564afebd643e9ff09ca32f73aeb1ae335cdb0f,Will the White House call a full lid by 6:30PM on April 11?,discretionary,0.42,2026-04-11 00:00:00+00:00,0,CRISP,specific named event with binary observable / numerical threshold / specific date
0x6d250918ac8353e8aedd848e1c0934c0feb8ad1be05676f19414def48d4a914a,Trump strikes another drug boat by Sep 30?,discretionary,0.3005,2025-09-30 00:00:00+00:00,0,CRISP,specific named event with binary observable / numerical threshold / specific date
0xc7b2e5c8d4a18e064af2fc9f59a12e211b7e9a4370215069d0b482e1af81a9b7,"Will Trump say ""Border"" 10 or more times during victory rally? ",discretionary,0.56,2025-01-20 12:00:00+00:00,1,CRISP,specific named event with binary observable / numerical threshold / specific date
0x208721a1cf3bf7ef63c58140d47054496aaa9dc0feee9f3bb0d95f8bba375230,Will Trump tweet 30-39 times September 27-October 4?,discretionary,0.41,2024-10-04 12:00:00+00:00,1,CRISP,specific named event with binary observable / numerical threshold / specific date
0x5c2e6aef8af5931e9bfa3750364626d754531d2fada2885d45c356b175962a25,Iran x Israel/US conflict ends by April 15?,discretionary,0.5575,2026-04-15 00:00:00+00:00,1,AMBIGUOUS,conflict end interpretation
0x50d5ba4a47a1efe738da33723781f842985f406e26f8f4a29a78551fac1c51c0,"Will Trump post ""RINO"" on Truth Social this week? (March 8)",discretionary,0.53,2026-03-08 00:00:00+00:00,0,CRISP,specific named event with binary observable / numerical threshold / specific date
0xb34dea60466c534a9cec1653ef49fb94d0daa9a90cee58bbe3b31dca715b110e,Will Kevin Spacey be named in Epstein files?,discretionary,0.39,2025-06-30 12:00:00+00:00,1,AMBIGUOUS,"""named in"" Epstein files — interpretive"
0xdfd3d267e9893993f70809ad9d0d21e0a56c1651910f128c3a88d6377d766c9e,Will Jay Jones win the 2025 Virginia Attorney General election?,discretionary,0.32,2025-11-04 00:00:00+00:00,1,CRISP,specific named event with binary observable / numerical threshold / specific date
0x16ce45a17a663196c1512f6d2350f2dbdc2a2ef65a2182ecc2409938a2a669ae,Will the Associated Press first call the 2025 New Jersey governor election at 11:00 PM ET or later on Nov 4 2025?,discretionary,0.44,2025-11-05 00:00:00+00:00,0,CRISP,specific named event with binary observable / numerical threshold / specific date
0xa706623e258521235d3874904d77b4dd4d55a9b092c59eb5c5ed4759882f657c,"Will Trump post ""Epic Fury"" on Truth Social this week?",discretionary,0.405,2026-03-22 00:00:00+00:00,0,CRISP,specific named event with binary observable / numerical threshold / specific date
0x49686d26fb712515cd5e12c23f0a1c7e10214c7faa3cb0a730aabe0c33694082,"Will Trump deport 250,000-500,000 people?",discretionary,0.85,2025-12-31 12:00:00+00:00,1,AMBIGUOUS,deportation count verification interpretive
0x98c0aa27e741d5bfeb0a06e68bddd256b857fd27597c76c500250db1483c51aa,"US strikes Iran by March 15, 2026?",discretionary,0.58,2026-06-30 00:00:00+00:00,1,CRISP,specific named event with binary observable / numerical threshold / specific date
0xe90fde5bbf32a779f5ad8cd47f890acd9f86b73e34e0f620698122052189a079,Will a Republican win Maine's 2nd congressional district?,discretionary,0.84,2024-11-05 12:00:00+00:00,1,CRISP,specific named event with binary observable / numerical threshold / specific date
0xfb898f62944858cd90a18655f393c456dd2c0d4ac17f1bbb4d06a2cebc8e1e72,"Will Trump say ""Fat"" this week? (January 18)",discretionary,0.465,2026-01-18 00:00:00+00:00,1,CRISP,specific named event with binary observable / numerical threshold / specific date
0xc8bc0657df535fee2568c70b982f6abe49dd108d011085da65dc292d8f4f7a1a,Will Donald Trump sign an executive order on April 8?,discretionary,0.65,2025-04-11 12:00:00+00:00,1,CRISP,specific named event with binary observable / numerical threshold / specific date
0x07e93796cdf81c9f6982d38f03aba01df60ee516cdd8a98cddc5756fba4c4c83,"Will Trump say ""Transgender"" this week? (February 8)",discretionary,0.515,2026-02-08 00:00:00+00:00,1,CRISP,specific named event with binary observable / numerical threshold / specific date
0x325038359610a566c0963c9f0ea2ea33b2ddedf7808898c4ed4166787213f1b5,Trump sentenced to no prison time?,discretionary,0.77,2024-07-11 12:00:00+00:00,1,CRISP,specific named event with binary observable / numerical threshold / specific date
0x9fdc4c7b35db7e7299a9f41c2b76644dd9d2923852da5881035f0bbec2d5e1ad,Will Jill Stein get the most votes of any 3rd party candidate?,discretionary,0.33,2024-11-05 12:00:00+00:00,1,CRISP,specific named event with binary observable / numerical threshold / specific date
0xa66d14ad94746e868fc81a76d3f67cc4583a2ab08a5056e07e4b3080c4ce04a9,Who will win the VP debate according to polls?,discretionary,0.77,2024-10-01 12:00:00+00:00,0,CRISP,specific named event with binary observable / numerical threshold / specific date
0xee1ee3d926fe8fd697485c6a057484a5814f3c02533f0490869fa4ca75abaded,Democratic sweep?,discretionary,0.835,2025-11-04 00:00:00+00:00,1,AMBIGUOUS,sweep interpretation
0x01ffd0acf0d6e42558a7cbd521efde937166a1bf09f3a2dfcdf36950c2dd3635,US escorts commercial ship through Hormuz by April 30?,discretionary,0.41,2026-03-31 00:00:00+00:00,0,CRISP,specific named event with binary observable / numerical threshold / specific date
0x64d6a172e63a085198fcd8032da984cc42398e21d8984eaf4813ce6e3f0469a6,Will the Slovenian Democratic Party (SDS) win the most seats in the 2026 Slovenian parliamentary election?,discretionary,0.725,2026-03-22 00:00:00+00:00,0,CRISP,specific named event with binary observable / numerical threshold / specific date
0x0bec8a350b24975b0f28366399c4ea04044c8d795b8b2cf2d7fdf8f21824302e,"Will Trump say ""Board of Peace"" during Saudi PM events on November 18?",discretionary,0.37,2025-11-18 00:00:00+00:00,1,CRISP,specific named event with binary observable / numerical threshold / specific date
0x34b5567e4f9a1b9561fba0f39c60b4da1f33052c8918dedc954401494d947cee,Will a Democrat win Wisconsin Presidential Election?,discretionary,0.525,2024-11-05 12:00:00+00:00,0,CRISP,specific named event with binary observable / numerical threshold / specific date
0x1b07e957981a04e688191208a4fc8b8349a93d6de03eba460fda38e647dafa5b,Sea/Air ceasefire in Ukraine before May? ,discretionary,0.425,2025-04-30 12:00:00+00:00,1,AMBIGUOUS,ceasefire interpretation (what counts as ceasefire/broken)
0xe65c106aa601e254aaa51c2897d1d99be0d0f753f642422656e6aa1db940f6ac,"Will Trump post ""Ammo"" or ""Ammunition"" on Truth Social this week?",discretionary,0.5,2026-05-03 00:00:00+00:00,0,CRISP,specific named event with binary observable / numerical threshold / specific date
0x4413ead4b809809217039b9a07e7d982485d0c8c4814f909caf7effe68f202c4,Will Brooke Rollins attend the 2026 State of the Union address?,discretionary,0.715,2026-02-24 00:00:00+00:00,1,AMBIGUOUS,"""attend"" interpretation"
0x57dc89d2f5803961a1c72add5969c2887f9591821d05421f2819fa17b664dd59,Will a Republican win Ohio US Senate Election?,discretionary,0.575,2024-11-05 12:00:00+00:00,1,CRISP,specific named event with binary observable / numerical threshold / specific date
0xc0be7b1f19f9b658778c2be7e6bc67596a00f347ab64392d0f5d387534c7c3b4,"US x Iran ceasefire extended by April 21, 2026?",discretionary,0.445,2026-04-21 00:00:00+00:00,0,AMBIGUOUS,ceasefire interpretation (what counts as ceasefire/broken)
0x4b78de44ea49d0eb8d5fee85352294b6f679a47c56944c6ad5c945e9a2ba7211,Government shutdown on Saturday?,discretionary,0.71,2026-02-14 00:00:00+00:00,0,CRISP,specific named event with binary observable / numerical threshold / specific date
0x7058f8abef2ca5e080b6febb7ec45da60319582619e89183b700aca3d8fb21da,Trump strikes another drug boat by Oct 31?,discretionary,0.77,2025-10-31 00:00:00+00:00,1,CRISP,specific named event with binary observable / numerical threshold / specific date
0xffaff77c56cb9f1e322129b8e1e525ceadd1d0e8dc2a62a4b33f3cb23bff9572,Favorite to win on Polymarket week after debate?,discretionary,0.745,2024-09-17 12:00:00+00:00,1,CRISP,specific named event with binary observable / numerical threshold / specific date
0x81b06cb917c9a2aabc67a7765bc3c640e88a699bbf451b29915049c0766cde04,US x Iran ceasefire by June 30?,discretionary,0.455,2026-06-30 00:00:00+00:00,1,AMBIGUOUS,ceasefire interpretation (what counts as ceasefire/broken)
0xdcf2271b7c57b7de917ef6205de87a46a4c180970e9480c9290bc9d18b74db93,Will Eric Adams endorse Cuomo?,discretionary,0.8,2025-11-04 00:00:00+00:00,1,CRISP,specific named event with binary observable / numerical threshold / specific date
0x5475a91387df16bd7f5b5fd5937dd2305365c01d6116c071d6859b377882f403,"Will Trump say ""Mortgage"" during WEF Address on January 21?",discretionary,0.6,2026-01-21 00:00:00+00:00,1,CRISP,specific named event with binary observable / numerical threshold / specific date
0x7f4f3962471f14be7619652ce074f8ed07937f37aeb3427338c183fbfa0ae4f2,Will Zelensky visit Israel by Nov 10?,discretionary,0.53,2023-11-10 00:00:00+00:00,0,AMBIGUOUS,"""visit country"" — diplomatic visit interpretive"
0x18dccc229331c63d8360d1400ece2355627637547d8dcd54aa5f7f1b5580686e,"Military action against Iran ends on April 9, 2026?",discretionary,0.413,2026-04-30 00:00:00+00:00,1,AMBIGUOUS,end of military action — interpretive
0xd009ac14bccdd12925a2d9f8d910411556e4ed153337abb18a97b97fabcf7db0,Will Rafał Trzaskowski be the next President of Poland?,discretionary,0.815,2025-05-18 12:00:00+00:00,0,CRISP,specific named event with binary observable / numerical threshold / specific date
0x5fc8cba7cc06011dd02a09513a93b2184c3aef48a8be0c005241e89308bc9cc8,Will Khamenei tweet again by March 14?,discretionary,0.785,2026-03-31 00:00:00+00:00,1,CRISP,specific named event with binary observable / numerical threshold / specific date
0x7d10de6ae70637b277d59ff7158940c0273935b74155c78e00c0c9f7219ca075,"Will Trump say ""Fun"" this week? (March 29)",discretionary,0.77,2026-03-29 00:00:00+00:00,1,CRISP,specific named event with binary observable / numerical threshold / specific date
0x39b754a2dd0e0b8433d5de711fb46abf6f3f893d9b72ffd57864052213322e7d,"Will Trump say ""Farmer"" during Carney visit on May 6?",discretionary,0.59,2025-05-06 12:00:00+00:00,0,CRISP,specific named event with binary observable / numerical threshold / specific date
0xcd1b6b71a1964f15e2c14809594cbfa0d576270e8ef94c8c24913121097e09e5,Will Donald Trump win the popular vote in the 2024 Presidential Election?,discretionary,0.316,2024-11-05 12:00:00+00:00,1,CRISP,specific named event with binary observable / numerical threshold / specific date
0x8f97d034bbf01cd874af524cefc6d83deaa25373c1ab4545a81589a4d3d2b2a8,Will a Democrat win North Carolina Presidential Election?,discretionary,0.31,2024-11-05 12:00:00+00:00,0,CRISP,specific named event with binary observable / numerical threshold / specific date
0x5f7adbfb99ad4c6c05ccef88d6a3cffcdb7c178911865b8c21b8b636b3bc5fe4,Will Trump’s approval rating be between 42.0 and 42.4 on November 14 2025?,discretionary,0.345,2025-11-15 00:00:00+00:00,0,CRISP,specific named event with binary observable / numerical threshold / specific date
0xb01e7889e4bc668ddeade5a079b5a225b66a323244a8ab87ee1080f0d14a8143,"Will Trump say ""Transgender"" this week? (March 1)",discretionary,0.33,2026-03-01 00:00:00+00:00,1,CRISP,specific named event with binary observable / numerical threshold / specific date
0xfe6a04a131a8032f3a037ce82b3200dfd014f76fa2002360b69301fac646807c,"Will Keir Starmer say ""Ukraine"" during the next Prime Minister's Questions?",discretionary,0.74,2026-01-28 00:00:00+00:00,0,CRISP,specific named event with binary observable / numerical threshold / specific date
0xa6397cb04d2e20f63b589b9dd37e8db7db6a33ebda189d1123e4ff191ac430c1,"Will Trump say ""Nazi"" this week? (March 8)",discretionary,0.535,2026-03-08 00:00:00+00:00,1,CRISP,specific named event with binary observable / numerical threshold / specific date
0xfc93f92b41376c8caeb67fc389e8901d2959e5a998a94c102209fe34b7eeaa7f,Trump sentenced to probation?,discretionary,0.475,2024-07-11 12:00:00+00:00,0,CRISP,specific named event with binary observable / numerical threshold / specific date
0x4b02efe53e631ada84681303fd66d79ad615f3d2b6a28b4633d43d935f89af58,"US strikes Iran by March 31, 2026?",discretionary,0.685,2026-06-30 00:00:00+00:00,1,CRISP,specific named event with binary observable / numerical threshold / specific date
0xd63b3697ae273e53e575d6e4cc833b28bce923167e4b8065235143babfb4b05d,"Will Leavitt say ""Fraud"" during the next White House press briefing?",discretionary,0.335,2026-04-30 00:00:00+00:00,0,CRISP,specific named event with binary observable / numerical threshold / specific date
0x70357debf15a956d82d8b2022aaf5f868763d1d0716d2c6e5ce35712e49a3b0f,Fed decreases interest rates by 25 bps after September 2024 meeting?,discretionary,0.645,2024-09-18 12:00:00+00:00,0,CRISP,specific named event with binary observable / numerical threshold / specific date
0xf5a4671c186af316ee0e4913d996c51a1fae12a5861e9eb25654a764e0593e69,"Will Leavitt say ""Fake"" or ""Hoax"" during the next White House Press Briefing?",discretionary,0.365,2026-02-20 00:00:00+00:00,0,CRISP,specific named event with binary observable / numerical threshold / specific date
0x247d957588c3af33cd023f8caa2b5a316c68e4cf903087261934d41734aa7ea2,Will Bernie Moreno win the Ohio Republican Senate Primary?,discretionary,0.745,2024-03-17 00:00:00+00:00,1,CRISP,specific named event with binary observable / numerical threshold / specific date
0xd65c4072e48a82a9cd49e8e6be332792fb13e8e076134d860d110427fc01d374,Will Jonas Gahr Støre become the next Prime Minister of Norway?,discretionary,0.835,2025-09-08 12:00:00+00:00,1,CRISP,specific named event with binary observable / numerical threshold / specific date
0xc6485bb7ea46d7bb89beb9c91e7572ecfc72a6273789496f78bc5e989e4d1638,Will Kamala Harris win the 2024 US Presidential Election?,discretionary,0.368,2024-11-04 12:00:00+00:00,0,CRISP,specific named event with binary observable / numerical threshold / specific date
0x38dfa2de75cfe3d28917237db30b7ef55045c8b000922dca1ac96aa27cd9f4ed,Will Kash Patel attend the 2026 State of the Union address?,discretionary,0.725,2026-02-24 00:00:00+00:00,0,AMBIGUOUS,"""attend"" interpretation"
0xa4ec08ec8caf4cb5033716dc452e4c0ba7838e675396507b77282ab31d3609a5,"Will Keir Starmer say ""Putin"" during the next Prime Minister's Questions?",discretionary,0.555,2025-12-17 00:00:00+00:00,1,CRISP,specific named event with binary observable / numerical threshold / specific date
0x6a79204ace08d896a72cac89c3c2b4c64b90218838c213e9377860596dc77ac5,Will People’s Party (PPLE) win the most seats in the 2026 Thai legislative election?,discretionary,0.695,2026-02-08 00:00:00+00:00,0,CRISP,specific named event with binary observable / numerical threshold / specific date
0xf33e075eaf25de7f6026e4d2e96a1a98a3a2147ac60aa15bca7fac3b0efce409,Will the Unity Labour Party (ULP) win the most elected seats in the 2025 Saint Vincent and the Grenadines House of Assembly election?,discretionary,0.43,2026-03-31 00:00:00+00:00,0,CRISP,specific named event with binary observable / numerical threshold / specific date
0x91dbde104fee004a34f638f9a49d7fb8d4e8bc75e213aab92cd853cbbc4c9c90,Will Eric Adams drop out?,discretionary,0.6,2025-11-03 00:00:00+00:00,1,AMBIGUOUS,"""drops out"" — campaign-end timing interpretive"
0x773f3ca26bdf685da92d2a8a701dd98e4e8b46e0b5366cf09aed9eb8fb6fc189,Will a Republican win North Carolina Presidential Election?,discretionary,0.695,2024-11-05 12:00:00+00:00,1,CRISP,specific named event with binary observable / numerical threshold / specific date
0xb51f2db5996c86c3fdbac6d67d0fdead997d959ce0d86bad5203d16ee746da17,Will LLA win the most seats in the Chamber of Deputies following the 2025 Argentina election?,discretionary,0.755,2025-10-26 12:00:00+00:00,1,CRISP,specific named event with binary observable / numerical threshold / specific date
0x3c0585e53f8a8ac29b1e81fbc89485dcdf451f0409648fa36417cc9f0487317b,Will Russia capture Siversk by December 31?,discretionary,0.57,2025-09-30 00:00:00+00:00,1,AMBIGUOUS,territorial capture verification disputed
0x6a4d97b6b54f49991f3984998fc8423668b09e9ea21de7074f27ab7dd4953ba3,"US strikes Iran by March 3, 2026?",discretionary,0.345,2026-06-30 00:00:00+00:00,1,CRISP,specific named event with binary observable / numerical threshold / specific date
0x4f8bddad85712e2b46756f71c753380a1417bec8049e4a45742e5182c3a5c015,"Will Israel conduct military action against Iran by April 14, 2026?",discretionary,0.59,2026-04-21 00:00:00+00:00,0,CRISP,specific named event with binary observable / numerical threshold / specific date
0x7e58abd89b04a34b4a066d94c0bcf53cf0c7ccd9f568c6c1a339d996bce6356a,Will Micheal Martin be the next Prime Minister of Ireland?,discretionary,0.575,2024-11-29 12:00:00+00:00,1,CRISP,specific named event with binary observable / numerical threshold / specific date
0xf480b4ea858af172baf1d8c4d2d0281ee8d2694ed9f40b12b3630c5328dfb3f6,Will the All India Trinamool Congress (AITC) win the most seats in the 2026 West Bengal Legislative Assembly election?,discretionary,0.419,2026-04-29 00:00:00+00:00,0,CRISP,specific named event with binary observable / numerical threshold / specific date
0xae43e53d8516dd644c2b294c6fcdc8b345e905352672c7f6cf1ebfee127d9409,Will Kamala Harris win Vermont by the largest margin?,discretionary,0.6,2024-11-05 12:00:00+00:00,1,CRISP,specific named event with binary observable / numerical threshold / specific date
0x1ddc0e7de1634d1204dda3bef66ffe18b0d52d8605c0a363755480de0dc81d41,Israel strike on Iranian nuclear facility before July?,hard_currency,0.57,2025-06-30 12:00:00+00:00,1,AMBIGUOUS,"""strike on facility"" verification interpretive"
0x2eaa8bce4ea7a229c9e8a3050914b044537d19953fa364b176f95e1abc27f5bf,Will South Korea presidential election winner get over 50% of votes?,hard_currency,0.695,2025-06-03 12:00:00+00:00,0,CRISP,specific named event with binary observable / numerical threshold / specific date
0x82962688c00787fce7588ef672b7c3b875db8ac1ce263f2f3cd64211bd2379c3,Will Lee Jae-myung win 50-55% of the vote in the South Korea election?,hard_currency,0.605,2025-06-03 12:00:00+00:00,0,CRISP,specific named event with binary observable / numerical threshold / specific date
0x680b5b8add0677e5865f4b6d6d1d90e2d9e818d7290947d3fffbf7991cbde08e,Will Starostové get between 7% and 10% of the vote in the Czech election?,hard_currency,0.305,2025-10-03 00:00:00+00:00,0,CRISP,specific named event with binary observable / numerical threshold / specific date
0x546ec332d630a9cd6f2d93d132d2f38b860dd54d682213bb84fd45938e56b292,Will the AfD win 20-25% of the vote in the German election?,hard_currency,0.675,2025-02-23 12:00:00+00:00,1,CRISP,specific named event with binary observable / numerical threshold / specific date
0xd3505ebab4f2d6496a0c1451a21584d95a0fae3d06c948ed42c373c59fd63e5a,Will voter turnout in the 2025 Polish presidential election be more than 72%?,hard_currency,0.485,2025-06-01 12:00:00+00:00,0,CRISP,specific named event with binary observable / numerical threshold / specific date
0xde38c515193b3b7f826f65e85fb50fc77d4fb134e56f3c36e9244ee812d75089,Will Tisza win the national list vote in the 2026 Hungarian Parliamentary election by 9%+?,hard_currency,0.425,2026-04-12 00:00:00+00:00,1,CRISP,specific named event with binary observable / numerical threshold / specific date
0x4d6c87358a0a8522c775c20288ab7df7c8ceb4ffd1abf01881ba343cdf45964f,Will turnout be between 63% and 66% in the Czech election?,hard_currency,0.405,2025-10-03 00:00:00+00:00,0,CRISP,specific named event with binary observable / numerical threshold / specific date
0xd4717f1118a739e898848610e68d74ea6cdf6ded0fedc3940143b9f3d57ff254,Will Fidesz-KDNP win 40-44% of the national list votes in the 2026 Hungarian Parliamentary election?,hard_currency,0.35,2026-04-12 00:00:00+00:00,0,CRISP,specific named event with binary observable / numerical threshold / specific date
0x6a9b909a643c41c74da1f117e70f4dfbf469246e03915b046fd75620c318858d,North Korea missile test in March?,hard_currency,0.66,2025-03-31 12:00:00+00:00,1,CRISP,specific named event with binary observable / numerical threshold / specific date
0xb45dfe8c5df7e41f4d9b03c5ccb3ab6598a9feb1914be0c83daf16cd98a74ba8,Will Motoristé get between 7% and 9% of the vote in the Czech election?,hard_currency,0.325,2025-10-03 00:00:00+00:00,0,CRISP,specific named event with binary observable / numerical threshold / specific date
0xb0675395c1b27d1298af7470c687e94622eb5bd3293abebd26bf1871cd671da1,"Will Trump say ""Tesla"" during tariff event on April 2?",hard_currency,0.305,2025-04-02 12:00:00+00:00,0,CRISP,specific named event with binary observable / numerical threshold / specific date
0x2a842ad6c44e8c4a0b7f303a0b3eb8422536d38b62de355ef2b0dacf0b88f43e,Will Rafał Trzaskowski win by 0-4%?,hard_currency,0.395,2025-06-01 12:00:00+00:00,0,CRISP,specific named event with binary observable / numerical threshold / specific date
0x8cdba4887831155f8d31de848806f53eaa2525f32eadbc0fa9b3421a7e430bc9,"Will Trump say ""Drone"" this week? (November 17 – 23)",hard_currency,0.58,2025-11-23 00:00:00+00:00,0,CRISP,specific named event with binary observable / numerical threshold / specific date
0x663ab7bbc3ea3156a3e81a67e341be33f0000183ae294c0e2061a7821864322c,"Will Trump say ""Nuclear"" during Iowa speech?",hard_currency,0.735,2026-01-27 00:00:00+00:00,1,CRISP,specific named event with binary observable / numerical threshold / specific date
0xf459f2a4cf56425af7346fbeed3f9c78e35463539fe38afa70ff3d00c127c7ab,"Will Trump say ""Fantastic job"" during tariff event on April 2?",hard_currency,0.485,2025-04-02 12:00:00+00:00,1,CRISP,specific named event with binary observable / numerical threshold / specific date
0xf5088153c033a7a79f7684478a268e644078898952664a86f86c45a35e5e2cc3,Will Trump's approval rating be between 46.0% and 46.4% on June 6?,hard_currency,0.305,2025-06-06 00:00:00+00:00,0,CRISP,specific named event with binary observable / numerical threshold / specific date
0xff48e9b2a1348205a430c941ff6a51aba1ec18ea34d0add5f82ba9f9ffd74590,Will Trump’s approval rating be between 43.5% and 43.9% on October 3?,hard_currency,0.31,2025-10-03 00:00:00+00:00,1,CRISP,specific named event with binary observable / numerical threshold / specific date
0x830fe8eb8ab09693af821fba6d1d2c5369a696715c029b978e06df41cc614390,Trump margin of victory in New Hampshire Primary >15%,hard_currency,0.41,2024-01-22 00:00:00+00:00,0,CRISP,specific named event with binary observable / numerical threshold / specific date
0x7d5dc9aa59955996da410825c00c8b05213540b622ca7a3a1ef756c914f102e1,Will China's annual inflation increase by ≥0.7% in December?,hard_currency,0.76,2026-01-10 00:00:00+00:00,1,CRISP,specific named event with binary observable / numerical threshold / specific date
0x31b00298fd4222286461c326fd60bc47caee6ee112e19975442469071ce69d52,Will Trump's approval rating be between 47.0% and 47.4% on March 21?,hard_currency,0.465,2025-03-21 12:00:00+00:00,0,CRISP,specific named event with binary observable / numerical threshold / specific date
0xc3ad8026d7dbbad93b96ffd93b37bf6d7b2005c9ec1df5aae9090f96d5ecc7bc,Will Trump reduce or pause tariffs on Cambodia in April?,hard_currency,0.545,2025-04-30 12:00:00+00:00,1,AMBIGUOUS,"""reduce or pause"" — interpretive"
0x38bc6b9fbc7f22b58a9b83330709e2fbb15ddbed7f2277831c8c3df0ee20475b,Will ≥2% of votes go to 3rd Party candidates?,hard_currency,0.645,2024-11-05 12:00:00+00:00,1,CRISP,specific named event with binary observable / numerical threshold / specific date
0x43bdd849294c7864a44abde82242ce8bd443323208c056d7289d9a86feeb0a25,Will Mamdani get over 50% of the vote in the general mayoral election?,hard_currency,0.57,2025-11-03 23:00:00+00:00,1,CRISP,specific named event with binary observable / numerical threshold / specific date
0x46dc560a09f07d8b6989bec851262e4df92ea0dd909631cf987afc88c8b8d729,Will MrBeast raise $40M for clean water by August 31?,hard_currency,0.575,2025-08-31 00:00:00+00:00,1,CRISP,specific named event with binary observable / numerical threshold / specific date
0x536edf11e2966f157280f0def83fec67c215be63fe508a7128793dfc415d141b,Will RFK Jr. win <1% of the popular vote?,hard_currency,0.705,2024-11-05 12:00:00+00:00,1,CRISP,specific named event with binary observable / numerical threshold / specific date
0x34e00873d02218d0b1a288fc579426bf8d85f6dd1d34c09d2c135c28d46932ec,Will Zohran Mamdani win by 10-20%?,hard_currency,0.495,2025-11-04 00:00:00+00:00,0,CRISP,specific named event with binary observable / numerical threshold / specific date
0xaf99acf92a4bb951c070b5de3ae11718f31d5478742fc4fb0101afb71e2ee3d8,Will Trump win Florida by 8+ points?,action_count,0.635,2024-11-05 12:00:00+00:00,1,CRISP,specific named event with binary observable / numerical threshold / specific date
0xdf68a861e1c61b9e36221d751e1277b0e941e6da40d6f5301cc10d003f4bc430,"Will the total number of TSA passengers for February 24 be less than 2,100,000?",action_count,0.62,2026-02-24 00:00:00+00:00,1,CRISP,specific named event with binary observable / numerical threshold / specific date
0xd9fdac0c56dd484b80f806fba550407c399186d48a1602548d8be2fd4ea0c454,"Will Leavitt say ""President"" or ""Administration"" 77+ times during the next White House Press Briefing?",action_count,0.415,2026-02-20 00:00:00+00:00,1,CRISP,specific named event with binary observable / numerical threshold / specific date
0x9fb093c5361acd17289f7b9962d6e14bca8a0ce05618498f95ffbacacd64e77b,Will Trump say “Border” 5+ times during his Iowa State Fairgrounds speech?,action_count,0.65,2025-07-04 00:00:00+00:00,1,CRISP,specific named event with binary observable / numerical threshold / specific date
0x63f7f0cae6ad5f914677dbcc2e806b94c0898573258e1f087c5b296136aa8d19,"Will Karoline Leavitt say ""Border"" 3+ times during next White House press briefing?",action_count,0.57,2025-12-31 12:00:00+00:00,0,CRISP,specific named event with binary observable / numerical threshold / specific date
0xbdccb1ae8d9cf2b226f2b012bf51f310048ddcedf33eb14fc5317dd348b95794,"Will Powell say ""Projection"" 5+ times during December press conference?",action_count,0.635,2025-12-10 00:00:00+00:00,1,CRISP,specific named event with binary observable / numerical threshold / specific date
0x9dd958416ab05e989cbc2bddb8fd6e89692b675e126cc0a89d9518634acf7cc2,"Will Elon Musk post 580+ tweets from January 6 to January 13, 2026?",action_count,0.5305,2026-01-13 17:00:00+00:00,0,CRISP,specific named event with binary observable / numerical threshold / specific date
0x804a460fcab8a4e4b887fb3671eec3b1fd352c673d22c09d3d41ea49f28e6066,"Will Trump say ""Biden"" or ""Obama"" 5+ times during the America Business Forum on November 5?",action_count,0.35,2025-11-05 00:00:00+00:00,1,CRISP,specific named event with binary observable / numerical threshold / specific date
0x21883719d5a0ca76297e4a933b6158c7caa64a7b4f5b538c4a9da51821838f01,"Will the total number of TSA passengers for March 1 be between 2,400,000 and 2,600,000?",action_count,0.315,2026-03-01 00:00:00+00:00,0,CRISP,specific named event with binary observable / numerical threshold / specific date
0xd50ca47f04ce40f641eea0a33451484ef5a3a2eb5e47264ede3a62f5218c6b4d,"Will the total number of TSA passengers for February 22 be between 2,400,000 and 2,600,000?",action_count,0.37,2026-02-22 00:00:00+00:00,1,CRISP,specific named event with binary observable / numerical threshold / specific date
0x6a63460b31d0caa8bf884dd2fb44529c04b2b710bea6551d67830bf3c9bd1982,"Will Trump say ""Biden"" 15+ times during Iowa speech?",action_count,0.455,2026-01-27 00:00:00+00:00,0,CRISP,specific named event with binary observable / numerical threshold / specific date
0xbe74c0cbc7b1cd812b5b68439b3cfdbce3e4148037e9dd4cf2ff078618e9e381,"Will Kamala Harris say ""Joe"" or ""Biden"" 3+ times on the Rachel Maddow Show on September 22?",action_count,0.665,2025-09-22 00:00:00+00:00,0,CRISP,specific named event with binary observable / numerical threshold / specific date
0x187309dbf4aee9150fff005a29ccb02b9a4d221cb00cd85211dcbcb8e867fd9c,Will Karoline Leavitt say ICE 5+ times during next White House press briefing?,action_count,0.845,2025-12-31 12:00:00+00:00,0,CRISP,specific named event with binary observable / numerical threshold / specific date
0x47dd8effe5d8fc842045c1a893b66a5b9c104a97f48ab7e11f17d2b4a2bc1ce5,"Will Leavitt say ""President"" 66+ times during the next White House Press Briefing?",action_count,0.515,2026-03-31 00:00:00+00:00,1,CRISP,specific named event with binary observable / numerical threshold / specific date
0x13496fa2338f07e366c573f3e274ba4966fdffcb8dd76d5aea98d35ac36ae783,Will LMP – Hungary’s Green Party (LMP) win the most seats in the next Hungarian parliamentary election?,discretionary,0.0005,2026-04-12 00:00:00+00:00,0,CRISP,specific named event with binary observable / numerical threshold / specific date
0x6055a391e4b71183be85fb246f1527cb235c0662e09e5617ce2901c97fdcc9ba,Will Ellen Degeneres be named in newly released Epstein files by March 31?,discretionary,0.972,2026-03-31 00:00:00+00:00,1,AMBIGUOUS,"""named in"" Epstein files — interpretive"
0x9c24d1c7e584b910eebd6f83e3b4a108d6a78f4b29013f5fc0a4bd29d01c9f13,"Will Elon Musk post 115-139 tweets from February 7 to February 9, 2026?",discretionary,0.165,2026-02-09 17:00:00+00:00,1,CRISP,specific named event with binary observable / numerical threshold / specific date
0x72dde577d8cb545ee62b45178820f450a855990a5a7c190ce8aea3ea781b49b1,Will Phan Van Giang be elected General Secretary of the Vietnamese Communist Party?,discretionary,0.0645,2026-01-25 00:00:00+00:00,0,CRISP,specific named event with binary observable / numerical threshold / specific date
0xfae907b4c7d9b39fcd27683e3f9e4bdbbafc24f36765b6240a93b8c94ed206fa,Lisa Cook out as Fed Governor by September 30?,discretionary,0.0325,2025-09-30 00:00:00+00:00,0,AMBIGUOUS,"""out as"" — when does out happen / interpretive"
0x6f7606ebbc0ab5c171b32b55b963c161d37d9d803f7b28c6b2b026f16425d52d,India military action against Pakistan before June?,discretionary,0.9995,2025-05-31 12:00:00+00:00,1,CRISP,specific named event with binary observable / numerical threshold / specific date
0x88f8790926f05d2b6ce8097499cc0bb9a6b0d8dc59b1bd34dccbe510006b963e,"Will Elon Musk post 460-479 tweets from January 2 to January 9, 2026?",discretionary,0.137,2026-01-09 17:00:00+00:00,0,CRISP,specific named event with binary observable / numerical threshold / specific date
0xf8226ef2f458366945d8dc932cd4f55aa054de8897daffb23792105b745b2519,"Will Elon Musk post 140-159 tweets from October 17 to October 24, 2025?",discretionary,0.0005,2025-10-24 16:00:00+00:00,0,CRISP,specific named event with binary observable / numerical threshold / specific date
0x5ca4b979bc764b3e137c1e73d04f967324b0c3e37407df285227a8bb58320bce,Will Mario Rivera Callejas win the 2025 Honduras presidential election?,discretionary,0.002,2025-11-30 00:00:00+00:00,0,CRISP,specific named event with binary observable / numerical threshold / specific date
0x150c3533d57741847fbdc0ec3099ec4338ed7bc8f70050fd9d4c6ac665feea74,Will the Government shutdown end October 3-5?,discretionary,0.0005,2025-10-15 00:00:00+00:00,0,CRISP,specific named event with binary observable / numerical threshold / specific date
0x0e4f635c4fdb0fbfe986ddc93712388065abad3bf0f19f07e3171196f75c3c8d,"Will Elon Musk post 580-599 tweets from December 30 to January 6, 2026?",discretionary,0.0505,2026-01-06 17:00:00+00:00,0,CRISP,specific named event with binary observable / numerical threshold / specific date
0x2fc8f8cc40668ba16c45d37f45d0bd8a3601c4d84d9c0d50f83bf3ded5f580bf,Will Elon Musk be the first elected Speaker of the House for the 119th congress?,discretionary,0.0035,2025-06-30 12:00:00+00:00,0,CRISP,specific named event with binary observable / numerical threshold / specific date
0x447e4b169e62d6a0c3131c52df11a471b760f25e395e701a0c165f7b9d0cbad9,Trump travel ban on more countries before July?,discretionary,0.085,2025-06-30 00:00:00+00:00,0,AMBIGUOUS,"""more countries"" interpretive"
0xa816bb43d3a6922fd376af2f85b4159d5d4c9ab96ba7d3687d3fb2a3d0bda88b,Will Pheu Thai Party (PT) win the most seats in the 2026 Thai legislative election?,discretionary,0.011,2026-02-08 00:00:00+00:00,0,CRISP,specific named event with binary observable / numerical threshold / specific date
0xe844e12246d8504b8ec30c1d461718dbc9645fb73487ca50e5e716eefbb2bc63,Will Trump nominate Arthur Laffer as the next Fed chair?,discretionary,0.0005,2026-12-31 00:00:00+00:00,0,CRISP,specific named event with binary observable / numerical threshold / specific date
0x4aceffe406a622f3cf6c7a9535a98db480687c7cb71242e88453171426d8acd2,Will the New Democratic Party win the most seats in Prince Edward Island in the next Canadian Election?,discretionary,0.0005,2025-04-28 12:00:00+00:00,0,CRISP,specific named event with binary observable / numerical threshold / specific date
0x1b6f76e5b8587ee896c35847e12d11e75290a8c3934c5952e8a9d6e4c6f03cfa,Khamenei out as Supreme Leader of Iran in 2025?,discretionary,0.0055,2025-12-31 12:00:00+00:00,0,AMBIGUOUS,"""out as"" — when does out happen / interpretive"
0x77ec24a85b85b8ef4e43974fa4299220365f50c3dbfc1be52a9c42e73c4d3bd9,Will Nebraska's 2nd Congressional District be the tipping point jurisdiction?,discretionary,0.0025,2024-11-05 12:00:00+00:00,0,AMBIGUOUS,"tipping point — calculated post-hoc, interpretive"
0xaffffdcf1ac14c2b3d6888f5efc76c0ea1aa5db4891588cc6e99f6e37e938acb,"Will US or Israel strike Iran on March 1, 2026?",discretionary,0.9385,2026-03-10 00:00:00+00:00,1,CRISP,specific named event with binary observable / numerical threshold / specific date
0x831ebc7fa8c94d42d526bd6ed622afde66cbbaaa2f14a480072d7b5e58f0c7ec,Unrealized gains tax passed before election day?,discretionary,0.0105,2024-11-04 12:00:00+00:00,0,CRISP,specific named event with binary observable / numerical threshold / specific date
0xdb696d4fe889e38e950b9ff13d15f6c3f7fafea2f9dd8265f630385eb8c15367,US x Venezuela military engagement by December 15?,discretionary,0.255,2025-11-30 00:00:00+00:00,0,AMBIGUOUS,military engagement — interpretive
0xc0008e6082a3557c4b6274e51c8a59c3b84361d6928cc43a7379388baa95ff9a,Biden drops out by July 12?,discretionary,0.03,2024-07-12 12:00:00+00:00,0,AMBIGUOUS,"""drops out"" — campaign-end timing interpretive"
0x9c9c47de9c871b6cfbae8956f3586f09ae131c44f73e478bc824c106489dd930,2024 presidential election: Democrats win by 0-4,discretionary,0.0835,2024-11-04 12:00:00+00:00,0,CRISP,specific named event with binary observable / numerical threshold / specific date
0x8cdce5c6fbdbade86234d95f4e665e2499780ac4c67ab64d0e5b5c26e029d381,Will a Democrat win Hawaii US Senate Election?,discretionary,0.99,2024-11-05 12:00:00+00:00,1,CRISP,specific named event with binary observable / numerical threshold / specific date
0x1927e2109d38b64952586466cc391734a3dd19054cc0607d3f5ce2dee8472428,Will Mariana Mortágua be the next Prime Minister of Portugal after the 2025 election?,discretionary,0.0005,2025-05-18 12:00:00+00:00,0,CRISP,specific named event with binary observable / numerical threshold / specific date
0x768eb43d1b7a745e0df1bb6050ab54aa3975fbbde6e23f4aa04cb527f5ffed2e,2024 presidential election: GOP wins by 1-4,discretionary,0.0175,2024-11-04 12:00:00+00:00,0,CRISP,specific named event with binary observable / numerical threshold / specific date
0x3ce5ee714234737803479a56eb108db5773073f9171c09f089c8d299c5e5d6c7,Will Trump meet with Putin in Saudi Arabia before June?,discretionary,0.003,2025-05-31 12:00:00+00:00,0,AMBIGUOUS,"""meet with X in month/place"" — meeting verification"
0xb8278c6c2e467f39c982a3054081fab22186a6583a0b9c93c611325804ba20ea,Will 30-34 ships transit the Strait of Hormuz between March 30-April 5?,discretionary,0.185,2026-04-05 00:00:00+00:00,0,CRISP,specific named event with binary observable / numerical threshold / specific date
0xceab7a42131f7b315aef27a5ba8dc9c850afc0a86ed5010e895192496812c116,Will Mark Cuban be the 2024 Democratic VP nominee?,discretionary,0.0005,2024-08-22 12:00:00+00:00,0,CRISP,specific named event with binary observable / numerical threshold / specific date
0x65fe5f6d1e37e6dd7d58e593842fe59547ec42fe4710f7c58c952144a982eb0f,Will Iran blame Israel for helicopter crash?,discretionary,0.1,2024-05-24 12:00:00+00:00,0,AMBIGUOUS,"""blame"" — subjective attribution"
0xff7290e188ccbc8fe771b65215237d4c33ced5a9ef819f3d574abe069ba84648,Will Frans Timmermans become the next Prime Minister of the Netherlands?,discretionary,0.0005,2026-12-31 00:00:00+00:00,0,CRISP,specific named event with binary observable / numerical threshold / specific date
0x0baa8bbb7b974a19e8b91205be112e064df134c7e4ae90476ca50c247c82daf1,Will 125-149 ships transit the Strait of Hormuz between April 20-April 26?,discretionary,0.0305,2026-04-26 00:00:00+00:00,0,CRISP,specific named event with binary observable / numerical threshold / specific date
0x627432726041308b873adac030c674542d1ce920bab336eb3ce83334c8324b4d,"Will the US next strike Iran on February 27, 2026 (ET)?",discretionary,0.047,2026-02-28 00:00:00+00:00,0,AMBIGUOUS,"""next strike"" temporal framing interpretive"
0xab90fa9ab957bf8457c6dc61a05366aa29125d504ee4edc27abc3841cd99118c,"Will Elon Musk post 480-499 tweets from December 26 to January 2, 2026?",discretionary,0.015,2026-01-02 17:00:00+00:00,0,CRISP,specific named event with binary observable / numerical threshold / specific date
0x3bf616ac5ec8252bb7755bc5f686b5c3d22b6413e2f128a57a9dfddf5f024544,Will Virginia be the tipping point state?,discretionary,0.008,2024-11-05 12:00:00+00:00,0,AMBIGUOUS,"tipping point — calculated post-hoc, interpretive"
0xb11c064ef5aebbb887ad14ae1e5555eb5f997dd2182907d8999f27ff5ae04fb8,Hunter Biden sentenced to prison before election?,discretionary,0.006,2024-11-04 12:00:00+00:00,0,CRISP,specific named event with binary observable / numerical threshold / specific date
0x46f15cb064fb468e39de360f14f5847898ef9b1489d15e9df702b92f1836598d,"Trump announces US x Iran ceasefire end by April 15, 2026?",discretionary,0.21,2026-04-15 00:00:00+00:00,0,AMBIGUOUS,ceasefire interpretation (what counts as ceasefire/broken)
0x92b8d97f175b4461fdc7db0f2bff9408e0dc03a23b2d51ab64f9f808c41aa3d5,Will Josh Shapiro be D-nom for VP on Election Day?,discretionary,0.0005,2024-11-04 12:00:00+00:00,0,CRISP,specific named event with binary observable / numerical threshold / specific date
0x6a642e9f63da8d3c1fc1ea5f027c9b1433b99731dca58a27e01b36de965d1d67,Will the next Dutch government be GL/PvdA?,discretionary,0.0005,2026-10-31 00:00:00+00:00,0,CRISP,specific named event with binary observable / numerical threshold / specific date
0xe00794dfbf7c8cbe606e335f542a22f1f1a1f6e40d4061fb5d3598e88f27fe2b,Will POTUS tweet 25-29 times Jan 22-29?,discretionary,0.09,2025-01-29 12:00:00+00:00,0,CRISP,specific named event with binary observable / numerical threshold / specific date
0xff5f61bd2d5522549b203694503903a1d65b21436e2736077e88d3faff35bfc7,"Will Trump say ""Mars"" during Virginia rally on Nov 2?",discretionary,0.255,2024-11-02 12:00:00+00:00,0,CRISP,specific named event with binary observable / numerical threshold / specific date
0x2151f3bb327741f78fb775e5b5e94c6d0aa3293e35faf1d59cb71fc6826b4d13,Jeremy Hunt next Conservative party leader?,discretionary,0.0005,2024-12-31 12:00:00+00:00,0,CRISP,specific named event with binary observable / numerical threshold / specific date
0x67ca01f75ad56b885aedae60d2a28c4569a69cf4e5814c356a95be28fb47678d,Will Tisza win 90–99 seats in the Hungarian National Assembly in this election?,discretionary,0.095,2026-04-12 00:00:00+00:00,0,CRISP,specific named event with binary observable / numerical threshold / specific date
0xe0a6f7188e0ad397075975f673bf8e13685165a0c3fc7b2cbd60d90c040b692e,"Will Elon Musk post 460-479 tweets from February 27 to March 6, 2026?",discretionary,0.0015,2026-03-06 17:00:00+00:00,0,CRISP,specific named event with binary observable / numerical threshold / specific date
0x3376277f95016b046ccc398942605382ebce0673ca2934c0732f61ace19ccd06,Will Conor McGregor be the next Prime Minister of Ireland?,discretionary,0.0025,2024-11-29 12:00:00+00:00,0,CRISP,specific named event with binary observable / numerical threshold / specific date
0x1b60fead57018405d3555612030acdf7f46a35955bdc697445708be31188cd71,Will Andy Beshear be the 2024 Democratic VP nominee?,discretionary,0.024,2024-08-22 12:00:00+00:00,0,CRISP,specific named event with binary observable / numerical threshold / specific date
0xcbf62e4ae8da845fd51ed3c444357536ba7e81c711f7b8e55ff79244aac110a0,"Will Elon Musk post 460-479 tweets from December 5 to December 12, 2025?",discretionary,0.127,2025-12-12 17:00:00+00:00,0,CRISP,specific named event with binary observable / numerical threshold / specific date
0x62269c6566f665f2a232e1c7104e1093c8c573bb57e7ac7292f5ca94a2168c0d,Fact Check: Is Tyler Robinson queer?,discretionary,0.9945,2025-12-31 00:00:00+00:00,1,AMBIGUOUS,fact-check on identity — interpretive
0x8906ef02619ac44492cfdb44781bcc2848c32895d2c3c39ceef00a960fc4d87b,Will Trump meet with Vladimir Putin in October?,discretionary,0.0095,2025-10-31 00:00:00+00:00,0,AMBIGUOUS,"""meet with X in month/place"" — meeting verification"
0xb0eccbca0ba5fd07efdfcb09b99abd59ea11502969c0587b979d29900dbcc874,Will Jay-Z be named in the Epstein survivors' list?,discretionary,0.003,2025-12-31 00:00:00+00:00,0,AMBIGUOUS,"""named in"" Epstein files — interpretive"
0x4f6be3a3a4d10c128211a0a430e44de4b66e7e9f7ab02a0393f1f4ad924ad980,Israel withdraws from Gaza in 2025?,discretionary,0.0065,2025-12-31 12:00:00+00:00,0,AMBIGUOUS,"""withdraws"" — verification interpretive"
0xb377882b1358774d40e246cbb18c5539c837ae30423f73dbb0fc39f8484817df,Will the US strike Iran next?,discretionary,0.0005,2026-12-31 00:00:00+00:00,0,AMBIGUOUS,"""strike X next"" temporal framing"
0x6b56f2d88fd3f6300722421389708fa07783db54abe1c1d77ee421f658cbe93d,Will Whitney Tilson win the Democratic Primary for Mayor of New York City?,discretionary,0.0005,2025-06-24 12:00:00+00:00,0,CRISP,specific named event with binary observable / numerical threshold / specific date
0xf06a54d7176d2e19f000b1bc41af74d79a22619648d7a8ac74ef231cc537850f,Will Volodymyr Zelenskyy visit Russia in 2025?,discretionary,0.0015,2025-12-31 00:00:00+00:00,0,AMBIGUOUS,"""visit country"" — diplomatic visit interpretive"
0xa3630220bf7bacfbbee372ef8e0c9c23df3912158e05623f585d1f8ceac00c92,Will KrF win the most seats in the next Norwegian parliamentary election?,discretionary,0.0005,2025-09-08 12:00:00+00:00,0,CRISP,specific named event with binary observable / numerical threshold / specific date
0x9c23652df72861fe7fc5e697e11f0084290c7d457e201d5e7bfcdfab36eb3b69,Will Trump's inaugural address be 16-18 minutes?,discretionary,0.215,2025-01-20 12:00:00+00:00,0,CRISP,specific named event with binary observable / numerical threshold / specific date
0xecea9731a89eb63695399025d5d3a8d367f4617c945587115733796c6876d520,Will Germán Riveros win the 2026 La Paz gubernatorial election?,discretionary,0.087,2026-03-22 00:00:00+00:00,0,CRISP,specific named event with binary observable / numerical threshold / specific date
0xa56afcf5b2db4531f9f339edc04acc9c29a777127b79164cf8850556d164f5ea,Will Zelenskyy and Putin not meet?,discretionary,0.88,2025-09-30 00:00:00+00:00,1,AMBIGUOUS,negation of meeting — interpretive
0x63bb7fc1b5b53a3fe498fffadd8171a7f0914cd86275dc91c6a539688d31021c,"Will the US next strike Iran on January 22, 2026 (ET)?",discretionary,0.0005,2026-01-31 00:00:00+00:00,0,AMBIGUOUS,"""next strike"" temporal framing interpretive"
0xf23a5dd4195664576da9963ef016ac43b3154da408f608379848c25b99c0828f,"Will Elon Musk post 320-339 tweets from February 17 to February 24, 2026?",discretionary,0.105,2026-02-24 17:00:00+00:00,0,CRISP,specific named event with binary observable / numerical threshold / specific date
0x007915eaf3a6c3c7f2c28a3f4984e257b69489defc4e2db834a1418ad9b433f6,"2024 Balance of Power: D Prez, R Senate, R House",discretionary,0.0765,2024-11-05 12:00:00+00:00,0,CRISP,specific named event with binary observable / numerical threshold / specific date
0x843fc1f23d8cfd3df343031312a8a3f0a930ad118c0c0e81a56c21f0ea9ff217,"US strikes Iran by January 23, 2026?",discretionary,0.0225,2026-01-31 00:00:00+00:00,0,CRISP,specific named event with binary observable / numerical threshold / specific date
0xba8a448cc9d7f859ffa5280014cab3f2973a11211cdac77925cdb7e93440abed,Jair Bolsonaro in jail by January 31?,discretionary,0.985,2026-01-31 00:00:00+00:00,1,AMBIGUOUS,"""in jail"" — interpretive timing/criteria"
0x2f99c403526da9553c4ac68218acbff90b1d63af271f0945996ce4a8efa1dcd7,"Will Leavitt say ""FBI"" during the next White House press briefing?",discretionary,0.13,2026-04-30 00:00:00+00:00,0,CRISP,specific named event with binary observable / numerical threshold / specific date
0xaa330505b64202aeb86ef486b0a0505efeb5c4706a7fcd9fe86d871567f75c7f,Another US strike on Venezuela on January 9?,discretionary,0.0075,2026-01-12 00:00:00+00:00,0,CRISP,specific named event with binary observable / numerical threshold / specific date
0xd092a7bd509c547431c12e86c8e7df40194da3790af8b34aeee04dcbf2e2359f,Will a Democrat win Florida US Senate Election?,discretionary,0.085,2024-11-05 12:00:00+00:00,0,CRISP,specific named event with binary observable / numerical threshold / specific date
0x1321095e16f2904ccae2520e22e635b69bd4f25fc54afd3d0d838a3bf54550ad,Will SER win the most seats in the Chamber of Deputies following the 2025 Argentina election?,discretionary,0.0005,2025-10-26 12:00:00+00:00,0,CRISP,specific named event with binary observable / numerical threshold / specific date
0xa26b38fe0728080e4d97f6c392118fc674d5ff6e98dc49986852ef316fdd05fb,Jagmeet Singh out as leader of New Democrats before June?,discretionary,0.9925,2025-05-31 12:00:00+00:00,1,AMBIGUOUS,"""out as"" — when does out happen / interpretive"
0x822876c98a1802ef3f2f33f7e480ae873f89c137ebfc0ede980565fedef998c5,"Will the US next strike Iran on February 9, 2026 (ET)?",discretionary,0.0005,2026-02-28 00:00:00+00:00,0,AMBIGUOUS,"""next strike"" temporal framing interpretive"
0x89c30df2073bc62ae8e0128aa3bbd6642ac1a91f8fec7c97f3eb11f04898e3e7,Will Stephen Miller be the first substitute White House Press Secretary?,discretionary,0.0015,2026-05-31 00:00:00+00:00,0,AMBIGUOUS,first substitute interpretation
0x2b31e7ad9f42753434a1703d157a1c8414c92b6f1ea2fa35acf6df90be9d777e,Will the federal government be shut down for 30 or more days in 2025?,discretionary,0.9945,2025-12-31 00:00:00+00:00,1,CRISP,specific named event with binary observable / numerical threshold / specific date
0xf78b84e417dec6b34f6cbea7002cfb4b16df21aa1cecc8eb701e2e58baf3fcdf,Trump takes Panama Canal in 2025?,discretionary,0.0015,2025-12-31 12:00:00+00:00,0,AMBIGUOUS,territorial acquisition interpretation
0x71efc09081b0e1afb01434ad7d626e22673c90494cbc64916e7476c707bc8bac,Will no new pope be elected in 2025?,discretionary,0.0015,2025-12-31 12:00:00+00:00,0,CRISP,specific named event with binary observable / numerical threshold / specific date
0x639dd659a2354b95cdb8657cfb0757520ff1dabccbba24a44c77d1804601b7c1,"Will Elon Musk post 460-479 tweets from January 9 to January 16, 2026?",discretionary,0.1275,2026-01-16 17:00:00+00:00,0,CRISP,specific named event with binary observable / numerical threshold / specific date
0x83ef4a16f2efdd4b269d1eeeaa2c5b53d62c1691875cefe24ab2409ee48de0df,Will Republicans have 52 seats in Senate after election?,discretionary,0.245,2024-11-05 12:00:00+00:00,0,CRISP,specific named event with binary observable / numerical threshold / specific date
0x1f39be217d3f2a907e0d978e164d9ca0a607f27267113806383fa81e47aa5d5a,Will the next Dutch government be VVD + CDA + D66?,discretionary,0.9995,2026-10-31 00:00:00+00:00,1,CRISP,specific named event with binary observable / numerical threshold / specific date
0x49d1276beb1d2ef560e9b4dd8df8a447e18bc39bc41da9eacd713d10c0476661,Will Bill Lee win the 2024 Republican VP nomination?,discretionary,0.0005,2024-07-18 12:00:00+00:00,0,CRISP,specific named event with binary observable / numerical threshold / specific date
0x3ef44f3a40ee5d7a15b319c44e7702d094d0036acc86c9c5991ba90801adddb7,"Will Donald Trump be President of the USA on April 30, 2024?",discretionary,0.0015,2024-04-30 00:00:00+00:00,0,CRISP,specific named event with binary observable / numerical threshold / specific date
0x505b7de22623130613df93f722ee6b9be7583a4188207bbbc6d6e6b996565841,"Will Elon Musk post 540-559 tweets from December 26 to January 2, 2026?",discretionary,0.004,2026-01-02 17:00:00+00:00,0,CRISP,specific named event with binary observable / numerical threshold / specific date
0x0d5e405a7ad802309508d4f2bc3c04b8d6e6e3b6f632dd91b94f5995f3aae630,Will Dialogue for Hungary (Párbeszéd) win the most seats in the next Hungarian parliamentary election?,discretionary,0.0005,2026-04-12 00:00:00+00:00,0,CRISP,specific named event with binary observable / numerical threshold / specific date
0x431a30c767aa1af96f29632f250e89dc533fccacb5be1ef77597304149e9b810,Will Will Levi be Trump's Attorney General?,discretionary,0.0005,2025-06-30 12:00:00+00:00,0,CRISP,specific named event with binary observable / numerical threshold / specific date
0x896a6af4a1a2685a17612cf42474151a68960cb4c1ffbe013bf4984eb63d8b7b,"Will Elon Musk post 320-339 tweets from January 30 to February 6, 2026?",discretionary,0.195,2026-02-06 17:00:00+00:00,0,CRISP,specific named event with binary observable / numerical threshold / specific date
0x662fbb2c1fc3e921cc0896cb802fb83792641e9b836feee50b55a8c4f2c60628,"Will Elon Musk post 360-379 tweets from January 27 to February 3, 2026?",discretionary,0.165,2026-02-03 17:00:00+00:00,0,CRISP,specific named event with binary observable / numerical threshold / specific date
0xb71ee44874e6128bf90be5d2f1c07a58bbebdf2518535143069992ac22e277d1,"Will Elon Musk post 160-179 tweets from September 30 to October 7, 2025?",discretionary,0.0005,2025-10-07 16:00:00+00:00,0,CRISP,specific named event with binary observable / numerical threshold / specific date
0x580adc1327de9bf7c179ef5aaffa3377bb5cb252b7d6390b027172d43fd6f993,"Maduro out by January 31, 2026?",discretionary,0.9995,2026-01-31 12:00:00+00:00,1,CRISP,specific named event with binary observable / numerical threshold / specific date
0x3712962b5dec4f983b9adc2344d7ef270268969422dc799a8a9ea79048ec80f9,"Will Andrew Tate post 160-189 posts from February 20 to February 27, 2026?",discretionary,0.0055,2026-02-27 17:00:00+00:00,0,CRISP,specific named event with binary observable / numerical threshold / specific date
0x4cdb2e75b2faf7328f3a6de172d72d4d312069484b667d13f96b5fa8ea50122b,James Comey arrested by April 29?,discretionary,0.09,2026-05-15 00:00:00+00:00,1,AMBIGUOUS,arrested verification timing
0xea236b37f6ba053c48240dafea9b4b745ce43aebd44d8911df35302d1ac951a3,Will Hillary Clinton win the 2024 Democratic Presidential Nomination?,discretionary,0.0005,2024-08-19 00:00:00+00:00,0,CRISP,specific named event with binary observable / numerical threshold / specific date
0x0e34316a55bc233e7a3413a93c42c66072b7ac502d76e2bc66884b3816ee6e07,Will Nguyễn Hòa Bình be the next Prime Minister of Vietnam?,discretionary,0.004,2026-01-25 00:00:00+00:00,0,CRISP,specific named event with binary observable / numerical threshold / specific date
0x656c4e16da2fee857f9b9c49a2a04821134a767fd69657490b16a923ecd64007,"Trump, Putin, and Zelensky meet together by September 30?",discretionary,0.004,2025-09-30 00:00:00+00:00,0,AMBIGUOUS,multi-party meeting interpretive
0x12d7301c569d569d9a465d6edb5613d1f984019d8abb1d194312668687044500,Will Trump acquire Greenland before July?,discretionary,0.002,2025-06-30 12:00:00+00:00,0,AMBIGUOUS,territorial acquisition interpretation
0xe6b7d4d8b4d2ff7dc8c9e5d6dd70b6eece210b8cf9e34fb45f9b9516cc4c76ff,Khamenei out as Supreme Leader of Iran in 2026?,discretionary,0.993,2026-12-31 00:00:00+00:00,1,AMBIGUOUS,"""out as"" — when does out happen / interpretive"
0x39504cbc120a8092f5df3d0ba612976a0d97a7aa2b699e73fae49010cbc31f1d,"Will the US next strike Iran on January 21, 2026 (ET)?",discretionary,0.0005,2026-01-31 00:00:00+00:00,0,AMBIGUOUS,"""next strike"" temporal framing interpretive"
0x069274e4970955a64b5fe0656875833610665d54912ec16aa175d3b3e55b4189,Will Francesca Muñoz win the 1st round of the 2025 Chilean presidential election?,discretionary,0.0015,2025-11-16 00:00:00+00:00,0,CRISP,specific named event with binary observable / numerical threshold / specific date
0xdefb6100803cdb70643e696c376e2fe61e5b9494a84b18415c8535ad797ea6f5,Will the Liberal Party win the third most seats in the next Canadian Election?,discretionary,0.0085,2025-04-28 12:00:00+00:00,0,CRISP,specific named event with binary observable / numerical threshold / specific date
0xbcaa021ed4f29709e42964b8ddc6e0dee4e7f1b6b935486abca8edc09824e875,"Will Elon Musk post 215-239 tweets from March 5 to March 7, 2026?",discretionary,0.0025,2026-03-07 17:00:00+00:00,0,CRISP,specific named event with binary observable / numerical threshold / specific date
0x734525c64d1cdbbb45574cf3ef7f2496bf019d80e4d13c4663f054bda1f28ace,House passes Epstein disclosure bill/resolution in 2025?,discretionary,0.989,2025-12-31 00:00:00+00:00,1,CRISP,specific named event with binary observable / numerical threshold / specific date
0xe8545ea6fed1e7cfa2547777ff038fe800002e04d046a03241ac2950558fdf09,Will the AFD be part of the next German government?,discretionary,0.0065,2025-06-30 12:00:00+00:00,0,CRISP,specific named event with binary observable / numerical threshold / specific date
0x56546e150010381a0b35589d2a775fc631329c07578f6b582d287323f6f364ca,Will Michelle Obama be the Democratic Presidential Nominee?,discretionary,0.009,2024-08-22 12:00:00+00:00,0,CRISP,specific named event with binary observable / numerical threshold / specific date
0x17cd926896aa499bea870e218dc2e32c99f102237e6ae90f49f4b03d69cac4da,Will Conor McGregor win the Irish Presidential Election?,discretionary,0.0005,2025-11-11 12:00:00+00:00,0,CRISP,specific named event with binary observable / numerical threshold / specific date
0xfc321fab4982c1d38d3b45dd7415bb2856d92f615437cfa613124bf514a23446,Israel and Saudi Arabia normalize relations before April?,discretionary,0.0025,2025-03-31 12:00:00+00:00,0,AMBIGUOUS,normalize relations diplomatic interpretive
0x4af1e46936a9f721b5f3729e332062ab9c8aa2b3f739574539d31c32a847c85b,"Will Elon Musk post 140-159 tweets from February 27 to March 6, 2026?",discretionary,0.1835,2026-03-06 17:00:00+00:00,0,CRISP,specific named event with binary observable / numerical threshold / specific date
0xbac49f234f6b0541c7ba0cd2c142ed93838f301c97f86619c81b19921e72d934,Will three people dissent the September Fed decision?,discretionary,0.13,2025-09-17 00:00:00+00:00,0,CRISP,specific named event with binary observable / numerical threshold / specific date
0x0e85e94301db0e38e25f0650ab649c3a4485b5fc9734a8b6abf3d0da0ee6dd55,Will Joe pardon Hunter Biden?,discretionary,0.295,2025-01-20 12:00:00+00:00,1,CRISP,specific named event with binary observable / numerical threshold / specific date
0xd59d5b6e8e170415fac435fb4d7b072c9c4ab7231fdbf3292334a722ee93a7c1,"Will either Cuomo or Mamdani concede by November 7, 2025?",discretionary,0.96,2025-11-07 00:00:00+00:00,1,AMBIGUOUS,concede timing/criteria interpretive
0xbb4bb3a55254bcfb15e858e6d2e553d24016181e70d604c739e0b3e99fd144ca, Will Iranian officials visit the White House by January 31?,discretionary,0.014,2026-01-31 00:00:00+00:00,0,AMBIGUOUS,visit interpretation
0x63a86e84ee38137a74b13cebd849a0ff0a4aa52a1e046d1470a4c7a5ecf67ef8,Will Steve Daines be the next Senate Majority Leader?,discretionary,0.0005,2025-06-30 12:00:00+00:00,0,CRISP,specific named event with binary observable / numerical threshold / specific date
0x5a200d7d560169d60dc82cd16bb14c16f36f029fdf609dcb92d06a554f9f0fe1,Iran x Israel/US conflict ends by March 31?,discretionary,0.0345,2026-03-31 00:00:00+00:00,0,AMBIGUOUS,conflict end interpretation
0xd898154718493ff0aab781ee5db2fbbb44a5712800b571629a5846cdd570cf8d,Will Tim Scott win the 2024 Republican VP nomination?,discretionary,0.0005,2024-09-05 12:00:00+00:00,0,CRISP,specific named event with binary observable / numerical threshold / specific date
0x38f455d58244268a4adff6b5787cfbe21cf584883db31d4371523511d5313f61,"Will Donald Trump post 180-199 Truth Social posts from April 7 to April 14, 2026?",discretionary,0.024,2026-04-14 16:00:00+00:00,0,CRISP,specific named event with binary observable / numerical threshold / specific date
0x4868359ffa5253cc5b4ced05612845ec5bd7fb4072324b62332033a8f895bcd3,Another South American country bans X?,discretionary,0.015,2024-09-30 12:00:00+00:00,0,AMBIGUOUS,"""another country"" interpretive"
0xc5821602b440e61665dce5dcdc0fd20153864ba185d26a13e9be80fe98bb9e97,Fed decreases interest rates by 25 bps after May 2025 meeting?,discretionary,0.017,2025-05-07 12:00:00+00:00,0,CRISP,specific named event with binary observable / numerical threshold / specific date
0x052a356ea100e7c57c79b80a9a29edd378e242c534f6d9cbfa707ef3d4e696e2,Will Mike Waltz be the first to leave the Trump Cabinet in 2025?,discretionary,0.0005,2025-12-31 00:00:00+00:00,0,AMBIGUOUS,first to leave — interpretive timing
0x6fd4cff7d7e09e613ae8db200557ec8487dfb2200412e230619400b23d52b5bc,Will Trump nominate Mandy Gunasekara for Administrator of the US Environmental Protection Agency?,discretionary,0.0205,2025-06-30 12:00:00+00:00,0,CRISP,specific named event with binary observable / numerical threshold / specific date
0x20685afcb4751f212d0bec51c769b174c2be1f951a8c5a5ff93ec3fb61fe6b02,"Will Elon Musk post 440-459 tweets from January 20 to January 27, 2026?",discretionary,0.1255,2026-01-27 17:00:00+00:00,0,CRISP,specific named event with binary observable / numerical threshold / specific date
0x40ea3197c420060b496893c32d8329cbe983cfd0e5b8e101ce4668314739bb66,"Will SPD, FDP, and Greens form the next German Government?",discretionary,0.0015,2025-02-23 12:00:00+00:00,0,CRISP,specific named event with binary observable / numerical threshold / specific date
0xb0a06b05d49947a302d0c3648add3b6d6660380de6bdb6b79f0007f18daf3adb,2024 presidential election: GOP wins by 215+,discretionary,0.0105,2024-11-04 12:00:00+00:00,0,CRISP,specific named event with binary observable / numerical threshold / specific date
0x99ccc2e019a8421742621c9896982f90fa4e73c3d490d609fb3687d56861367b,Will Trump meet with Pope Leo XIV in March 2026?,discretionary,0.0075,2026-03-31 00:00:00+00:00,0,AMBIGUOUS,"""meet with X in month/place"" — meeting verification"
0x61962c3f51c9c2e4f3885da88b70d3378a822830e42df02a19c7b035737515bc,Will the FED change rates to another level after Nov meeting?,discretionary,0.0025,2024-11-07 12:00:00+00:00,0,CRISP,specific named event with binary observable / numerical threshold / specific date
0x8d2f66a4e6b5dafbfdd266b42a020cf88dcf21acdac6d6236ceec94580b4b502,Will a candidate from another party win Texas US Senate Election?,discretionary,0.002,2024-11-05 12:00:00+00:00,0,CRISP,specific named event with binary observable / numerical threshold / specific date
0xb89a21f2452a9fa13b9fcaf8361e805deaac21c5f6788ed89e32e635fdd1b90b,Will the next Dutch government be PVV + CDA?,discretionary,0.0005,2026-10-31 00:00:00+00:00,0,CRISP,specific named event with binary observable / numerical threshold / specific date
0x38c0342fb672f38ad0990e98d6cc81d021a0c210fdb8c23ff086742b8a873c51,"Will US or Israel strike Iran by February 15, 2026?",discretionary,0.012,2026-12-31 00:00:00+00:00,0,CRISP,specific named event with binary observable / numerical threshold / specific date
0x78e20dcb15d578061a6df0c5014d66cc21244bad6848336f3513493c65cf09c1,"2024 Balance of Power: R Prez, R Senate, D House",discretionary,0.135,2024-11-05 12:00:00+00:00,0,CRISP,specific named event with binary observable / numerical threshold / specific date
0xbfd324657c4d104733f50a1ac04437cab025bcf63868e82b87a2cddbe1b25903,Will POTUS tweet 14-16 times Feb 7-14?,discretionary,0.0005,2025-02-14 12:00:00+00:00,0,CRISP,specific named event with binary observable / numerical threshold / specific date
0x4a68d828f7263f34391484404380c34efa9566f12a08a88553ddbe8e285c3ae9,No change in Fed interest rates after July 2025 meeting?,discretionary,0.9515,2025-07-30 12:00:00+00:00,1,CRISP,specific named event with binary observable / numerical threshold / specific date
0x2bd06b3fd416fa6bbb9cf2667ff62977754e49b6d7966077173d266a71a2f240,Will Pedro Tinoco de Faria win the 2026 Portugal presidential election?,discretionary,0.0005,2026-01-25 14:00:00+00:00,0,CRISP,specific named event with binary observable / numerical threshold / specific date
0x9ec068d68055cc7e14d82b67da6f8069423ce64d4cd3549aeb50116156a622f0,"Will a U.S. anti-cartel operation outside of the United States occur by April 30, 2026?",discretionary,0.16,2026-04-30 00:00:00+00:00,1,AMBIGUOUS,anti-cartel operation — interpretive
0x811b419c2edddef15dafdc687acc62643a00bb31012f29224e2efafa429a493d,Will Javier Bertucci Win the 2024 Venezuela presidential election?,discretionary,0.0005,2024-07-28 12:00:00+00:00,0,CRISP,specific named event with binary observable / numerical threshold / specific date
0x7ab9c0b2396b72fcc4643dc03c835cd2dbbcead944b261e653de7d0851a2493e,Will two members of The Squad lose their primaries?,discretionary,0.9875,2024-09-03 12:00:00+00:00,1,CRISP,specific named event with binary observable / numerical threshold / specific date
0xfc575fe49537c923f9aabf87f636f4949360bc6bab41b0f60b4f0f12ad9c98e6,"Will Elon Musk post 240-259 tweets from February 10 to February 17, 2026?",discretionary,0.119,2026-02-17 17:00:00+00:00,1,CRISP,specific named event with binary observable / numerical threshold / specific date
0xe8e3ca717d93be1f6fccea2cc168aeea15f2568466f37121d780efe32eae33e1,Tulsi Gabbard confirmed as Director of National Intelligence?,discretionary,0.9945,2025-06-30 12:00:00+00:00,1,CRISP,specific named event with binary observable / numerical threshold / specific date
0x653483009043f1663360bc35ed8fb542d3f9453916082d20ff025adaa2fe7032,Will Joe Biden win the 2024 Democratic Presidential Nomination?,discretionary,0.0005,2024-08-18 12:00:00+00:00,0,CRISP,specific named event with binary observable / numerical threshold / specific date
0xe5734d988f2e429c8bf13f02434f23ab8c95a865b6e1e81a2e43c6317d68749c,"Will Elon Musk post <40 tweets from February 12 to February 14, 2026?",discretionary,0.0135,2026-02-14 17:00:00+00:00,0,CRISP,specific named event with binary observable / numerical threshold / specific date
0xb115de5476741ec60696e6f08ed2ca791f3156b324bebe191f71e1198d38199b,Will Hong Kong have 190mm or more of precipitation in April?,discretionary,0.14,2026-04-30 00:00:00+00:00,0,CRISP,specific named event with binary observable / numerical threshold / specific date
0x55f8995a52478c39481ebb7b9c9cb78c2ca69871c226e9404f55aa0b59a1e920,Will Kamala go on Joe Rogan before election?,discretionary,0.068,2024-11-04 12:00:00+00:00,0,CRISP,specific named event with binary observable / numerical threshold / specific date
0x708fb14a697184ca11188ef64ea38ee355349d9d62db5654f0204e32005894dd,Will a Democrat win Connecticut US Senate Election?,discretionary,0.984,2024-11-05 12:00:00+00:00,1,CRISP,specific named event with binary observable / numerical threshold / specific date
0x1c9a2a68c5e470cff041f2633405fd8e7799dd599dd30c20622ec7c7d9032f6c,"US strikes Iran by January 27, 2026?",discretionary,0.014,2026-01-31 00:00:00+00:00,0,CRISP,specific named event with binary observable / numerical threshold / specific date
0x37e6c1227c1ee562cbd906099dadbd658ddca8cdb9730736857b4d82701c6393,Will Friedrich Merz be the next Chancellor of Germany?,discretionary,0.945,2025-02-23 12:00:00+00:00,1,CRISP,specific named event with binary observable / numerical threshold / specific date
0x8ee7186b5c39c64efc6ea96a4025afe2aa58fdeabb37a062b3f9517cc3a1657d,Will a candidate from another party win Missouri US Senate Election?,discretionary,0.002,2024-11-05 12:00:00+00:00,0,CRISP,specific named event with binary observable / numerical threshold / specific date
0xada495fb682578508a25567e8b7580da89f4c2a6abf28191ee4192529de1c949,"Will Elon Musk post 320-339 tweets from November 21 to November 28, 2025?",discretionary,0.011,2025-11-28 17:00:00+00:00,0,CRISP,specific named event with binary observable / numerical threshold / specific date
0xbc692175b4f15cf690207042084c0b6251f6263e8516d999306d431a832c1f41,"Will King Charles say ""Ballroom"" during the joint meeting of Congress?",discretionary,0.225,2026-04-28 00:00:00+00:00,0,CRISP,specific named event with binary observable / numerical threshold / specific date
0x7050f3cffaa3edcdc37d11a976a4af2f265e0fb733607bbac5e8078a24baa6f9,"Will there be 130,000,000-135,000,000 votes cast in the U.S. Presidential Election?",discretionary,0.001,2024-12-16 12:00:00+00:00,0,CRISP,specific named event with binary observable / numerical threshold / specific date
0x117e99b2f41a10df9e5d1df85e05f96fac445976ab5da2cf2ec968660bb281ae,GOP wins popular vote by 4-5%?,hard_currency,0.0005,2025-01-31 12:00:00+00:00,0,CRISP,specific named event with binary observable / numerical threshold / specific date
0x70f21389361e24c1ff0a85dc73882a5bf8093fd33f8a0ac770b58233daf3e20c,Will Baluta win by 9-12%?,hard_currency,0.0115,2025-12-07 00:00:00+00:00,0,CRISP,specific named event with binary observable / numerical threshold / specific date
0xfd94efe3bbd624fb6577ad51cf5639dcbbcd0eb5a6f03543d98a8e4fe58af27a,Will the U.S. collect between $100b and $200b in revenue in 2025?,hard_currency,0.0155,2026-02-28 12:00:00+00:00,0,CRISP,specific named event with binary observable / numerical threshold / specific date
0x8958c6464359ba927b09a2f03663a6f450e2f1eeae66edadc697a541d73bd458,Will the SPD win over 30% of the vote in the German election?,hard_currency,0.0015,2025-02-23 12:00:00+00:00,0,CRISP,specific named event with binary observable / numerical threshold / specific date
0xf5a756ef898f9fa858d8710a63f4aa16b4d3c4d2fff27afae1d1ed329620eed7,Will Trump's approval rating be between 47.0% and 47.4% on March 14?,hard_currency,0.125,2025-03-14 12:00:00+00:00,0,CRISP,specific named event with binary observable / numerical threshold / specific date
0xf25002593455b527f4234c40093978a0e2b7e3343d1cd07bb497fc83e6152dd5,Will Kari Lake win Arizona Senate election by 0-1%?,hard_currency,0.0005,2024-12-17 12:00:00+00:00,0,CRISP,specific named event with binary observable / numerical threshold / specific date
0x0a006c3843ea6b6959b46a46b7a0cdc52ed8773ba19d769b71d0d8b2650476b5,Will Trump get 70-72m votes in the 2024 U.S. Presidential Election?,hard_currency,0.055,2024-11-05 12:00:00+00:00,0,CRISP,specific named event with binary observable / numerical threshold / specific date
0xa325d584041ea5ec44e9f4d8de4d2e058fa3ca80d89a5ebc0cbccdce87a651de,Will the Republican candidate win Pennsylvania by 1.0%-1.5%? ,hard_currency,0.0565,2024-11-05 12:00:00+00:00,0,CRISP,specific named event with binary observable / numerical threshold / specific date
0x5858502a7f850fecf999b93f2595e5eefa758634cf0506f4047de5ff83ace7af,Will Kim Moon-soo win more than 40% of the vote in the South Korea election?,hard_currency,0.285,2025-06-03 12:00:00+00:00,1,CRISP,specific named event with binary observable / numerical threshold / specific date
0xf1ec6d2668853ffb52b9befd5e97118a152bc4dc6bc2ada45e0492974fa36efd,Will the Reserve Bank of India make no change to the policy repo rate after the February Meeting?,hard_currency,0.88,2026-02-06 00:00:00+00:00,1,CRISP,specific named event with binary observable / numerical threshold / specific date
0xb08d4306dc14f563528a231a177d7888b44e2d09274cac65331c37f53fac6bf2,Will Trump create a Bitcoin reserve in first week?,hard_currency,0.011,2025-01-27 12:00:00+00:00,0,AMBIGUOUS,creating reserve interpretation
0xd347dec81fb3e6a4b990f0dc291a8083c85bf4ef16e43efbd41b6f249584ba0d,Will Trump's approval rating be less than 44.5% on June 20?,hard_currency,0.155,2025-06-20 00:00:00+00:00,0,CRISP,specific named event with binary observable / numerical threshold / specific date
0xf963ec4b153e66668dd9e038a2cb258a3d228fde87efdcde95e1e3e8fc6ec56a,Will Crude Oil (CL) hit (HIGH) $130 by end of March?,hard_currency,0.0195,2026-03-31 00:00:00+00:00,0,CRISP,specific named event with binary observable / numerical threshold / specific date
0xd6e0317cee513cc3afdc1954ac576b241ad2287536e88b17fd3a77b4c3d0976e,Fed increases interest rates by 25+ bps after October 2025 meeting?,action_count,0.0015,2025-10-29 12:00:00+00:00,0,CRISP,specific named event with binary observable / numerical threshold / specific date
0x0a533c938200a10df86423dfbe621a2f36bfd4abc457615cf4992ed721c566bf,Fed increases interest rates by 25+ bps after September 2024 meeting?,action_count,0.0005,2024-09-18 12:00:00+00:00,0,CRISP,specific named event with binary observable / numerical threshold / specific date
0x0ebfa3375f9106999f107f7d7f4175e632e823b29ff8196dad62a692a3daac26,Bank of Japan increases interest rates by 50+ bps after January 2026 meeting?,action_count,0.0025,2026-01-23 00:00:00+00:00,0,CRISP,specific named event with binary observable / numerical threshold / specific date
0xb54e92a9f3edf1bfe9ef0f8a1b1ec483527f482b1463a8691024ced348ec498d,"Will Karoline Leavitt say ""President"" 70+ times during next White House press briefing?",action_count,0.208,2025-12-31 12:00:00+00:00,1,CRISP,specific named event with binary observable / numerical threshold / specific date
0x07ff647adb4fccea99d476fefd88d31a09bd275748bd093305ae661e03ef2366,"Will Elon Musk post 580+ tweets from September 9 to September 16, 2025?",action_count,0.0005,2025-09-16 16:00:00+00:00,0,CRISP,specific named event with binary observable / numerical threshold / specific date
