condition_id,sub_category,sub_tag,liquidity_tier,strategy,side,entry_price,stake,fee,outcome_yes_won,pnl,end_date
0x96340ce434329e4a80a0d52307e748dc2730f6d1caa986026c03e7f31be653cb,hard_currency,other,<5K,S1,YES,0.036,50.0,1.0,0,-51.0,2026-02-12 00:00:00+00:00
0x47789995e883b89bf00bb1646bc7eca8bed257b7aa7218d18f5f8ff74bc66d7b,hard_currency,other,<5K,S1,YES,0.021,50.0,1.0,0,-51.0,2026-03-24 00:00:00+00:00
0x8447c9bc496834cc756de1e49652abd73481347209ff29991d3b81a3d976e8bc,hard_currency,other,<5K,S1,YES,0.0395,50.0,1.0,0,-51.0,2026-03-31 00:00:00+00:00
0xccb5d0ddc702fdf00e9f3dff8a72eb370cbf86a6b0849aa3544ab23d0af4c17c,hard_currency,other,<5K,S2,NO,0.545,50.0,1.0,0,58.8901098901099,2026-03-18 00:00:00+00:00
0x8447c9bc496834cc756de1e49652abd73481347209ff29991d3b81a3d976e8bc,hard_currency,other,<5K,S2,YES,0.0395,50.0,1.0,0,-51.0,2026-03-31 00:00:00+00:00
0x47789995e883b89bf00bb1646bc7eca8bed257b7aa7218d18f5f8ff74bc66d7b,hard_currency,other,<5K,S4,NO,0.021,50.0,1.0,0,0.0725229826353413,2026-03-24 00:00:00+00:00
0x62448ffe33386d8b36a2f6f640eaf06a65af6e51d356828bb08d7596effef03b,hard_currency,other,5-15K,S1,YES,0.04,50.0,1.0,0,-51.0,2024-06-30 12:00:00+00:00
0x15e0b146150e82b933950410f5b55f6ce0dec34d3f49573fc462e9a09508a6cb,hard_currency,other,5-15K,S1,YES,0.13,50.0,1.0,1,333.6153846153846,2024-10-01 12:00:00+00:00
0x08a131664f87229dbecab1af132999fff2f4da146c7e6c07423827996af5bdb0,hard_currency,other,5-15K,S1,YES,0.0395,50.0,1.0,0,-51.0,2024-11-05 12:00:00+00:00
0xa2c684ca2658fc7adf1e7b4fbae6e3e36836cfcc00dbeeb691b802c3fc0f6251,hard_currency,other,5-15K,S1,YES,0.006,50.0,1.0,0,-51.0,2025-01-27 12:00:00+00:00
0x530ec9ba2fab8e6130677e101be8bbdfcb59b255732f9cd3730860717509d47d,hard_currency,trump_putin,5-15K,S1,YES,0.13,50.0,1.0,0,-51.0,2025-04-02 12:00:00+00:00
0x9eee062f20c9ca00dc8e373aebe808cd8a0f23f9ef42319176eb330a14d3ebdb,hard_currency,other,5-15K,S1,YES,0.014,50.0,1.0,0,-51.0,2025-04-04 12:00:00+00:00
0xdc88a7ceed2b87a68d111ba935330c016f61ab486c99de314ae9e078a3e0ba6f,hard_currency,other,5-15K,S1,YES,0.085,50.0,1.0,0,-51.0,2025-04-04 12:00:00+00:00
0xba48743eac0c82434df044e1071eb647e3dbfebae50d7a010734d1fa67636eb0,hard_currency,other,5-15K,S1,YES,0.04,50.0,1.0,0,-51.0,2025-04-18 12:00:00+00:00
0x1b4d436df7454c8f9b2809693a6106f7ea978f61988936168bbbca7277462e5c,hard_currency,other,5-15K,S1,YES,0.09,50.0,1.0,0,-51.0,2025-04-25 12:00:00+00:00
0xafa89f15f4478fe8de25d1b3cf6bfb730f1cbe71c49be0162d5ae49bfb6fc12d,hard_currency,china_taiwan,5-15K,S1,YES,0.031,50.0,1.0,0,-51.0,2025-04-30 12:00:00+00:00
0x32f3bab4bede9ecd2b35df328ce53067bdaa8835d74f437b42765fe6c12e712f,hard_currency,other,5-15K,S1,YES,0.003,50.0,1.0,0,-51.0,2025-04-30 12:00:00+00:00
0xf2fac7fa4a31542b564faa725649dc596b59beae296fecc436d1e40202baa5b9,hard_currency,other,5-15K,S1,YES,0.04,50.0,1.0,0,-51.0,2025-07-11 00:00:00+00:00
0x779c11cdb2946b7330be75b864228bc0c67bed919f7e96590cd80594d1cb1166,hard_currency,other,5-15K,S1,YES,0.0015,50.0,1.0,0,-51.0,2025-07-31 00:00:00+00:00
0xd76cd9ad15dbfab721504055b11298c6698aad9e0c4d0cf6f795048d95fe607a,hard_currency,other,5-15K,S1,NO,0.9955,50.0,1.0,1,-51.0,2025-07-31 12:00:00+00:00
0x448c358927e1010415b570d2f28fa15c2d5cda9b78b605a16c21fa116bebac5f,hard_currency,other,5-15K,S1,YES,0.09,50.0,1.0,0,-51.0,2025-08-08 00:00:00+00:00
0x4a8576498f2368190c72ee0536f34c30c6aaaf868ac6b72ab685fdbb5a4b0840,hard_currency,other,5-15K,S1,YES,0.004,50.0,1.0,0,-51.0,2025-08-22 00:00:00+00:00
0x5fb3af0ad49773f85b9d9eaee0e169bda9fd90c13da2107ca01743a7bcf39663,hard_currency,other,5-15K,S1,YES,0.101,50.0,1.0,0,-51.0,2025-08-29 00:00:00+00:00
0x0d26a40ed024d82761b2b07d2cf23f0045328f94f35bb3f95e73e544232a8975,hard_currency,other,5-15K,S1,YES,0.055,50.0,1.0,0,-51.0,2025-09-05 00:00:00+00:00
0x4bf553d0029cca7d97bf42b2a28351c271bff3c898f57421a3a5e16c6515734f,hard_currency,other,5-15K,S1,YES,0.125,50.0,1.0,1,349.0,2025-09-07 00:00:00+00:00
0x4970172d9dc6f25bcce9891906dd3aea3050a0e4e40ee74daf911a8e4a3126ba,hard_currency,other,5-15K,S1,YES,0.0025,50.0,1.0,0,-51.0,2025-09-08 00:00:00+00:00
0x40b9b62e09bf8429a058dd94edbeb3849691b41f2545fdd93af0473234a752be,hard_currency,other,5-15K,S1,YES,0.115,50.0,1.0,0,-51.0,2025-09-28 00:00:00+00:00
0xb09761f564bc398ee978545973b85b952a5aca000557a49a3224895893aaf8b9,hard_currency,other,5-15K,S1,YES,0.105,50.0,1.0,0,-51.0,2025-10-24 00:00:00+00:00
0x97c739bed00d60ed192e70500491d1a485c7c808d65cb131dd95a5d0b9d1f31c,hard_currency,israel,5-15K,S1,YES,0.0195,50.0,1.0,0,-51.0,2025-10-31 00:00:00+00:00
0x6759371105c771777d5be32c98a7fd8fcb71004ff8f2ae636cb8b85cea519309,hard_currency,other,5-15K,S1,YES,0.0055,50.0,1.0,0,-51.0,2025-11-16 00:00:00+00:00
0x44dcfd813569f30bc8ecda61aaa47d94804c2e2d3614189aecc0a8dd0c164671,hard_currency,other,5-15K,S1,YES,0.105,50.0,1.0,0,-51.0,2025-12-07 00:00:00+00:00
0x70f21389361e24c1ff0a85dc73882a5bf8093fd33f8a0ac770b58233daf3e20c,hard_currency,other,5-15K,S1,YES,0.0115,50.0,1.0,0,-51.0,2025-12-07 00:00:00+00:00
0x2b8b7aa9b685cd6b7b935a822d693a87578050d898535e6d128cb172eae099bb,hard_currency,other,5-15K,S1,YES,0.0025,50.0,1.0,0,-51.0,2025-12-31 00:00:00+00:00
0x69b7dca69efadef48c5fb13417a3fb5d6cef85eb4f4af07fbb7e6065cab8b1a0,hard_currency,other,5-15K,S1,YES,0.031,50.0,1.0,0,-51.0,2025-12-31 00:00:00+00:00
0xd1889f8050ae7b0a2ebb5f972a645826a1a40b0a54be855501c82101c129d552,hard_currency,china_taiwan,5-15K,S1,YES,0.0765,50.0,1.0,0,-51.0,2026-01-10 00:00:00+00:00
0x09178d8baa54118e1899a03f04b5dc64d0a3062683fd3d31fb6fe07c791ed251,hard_currency,other,5-15K,S1,YES,0.025,50.0,1.0,0,-51.0,2026-01-18 00:00:00+00:00
0x4f33a2b3938e0ee4cfad64f1ade11579d97f5b0cbe10945790549e713c04fa90,hard_currency,other,5-15K,S1,YES,0.0205,50.0,1.0,0,-51.0,2026-01-31 00:00:00+00:00
0x29678f23b6a77db6c99e320c2ed2709652e01ec14e9c3caeca5f4b692d735173,hard_currency,iran,5-15K,S1,NO,0.89,50.0,1.0,1,-51.0,2026-01-31 00:00:00+00:00
0xec01b68b417b073c619cb6f676692268dae467ef37be560375d9d39c8ac03223,hard_currency,other,5-15K,S1,YES,0.0015,50.0,1.0,0,-51.0,2026-02-01 00:00:00+00:00
0xf1ec6d2668853ffb52b9befd5e97118a152bc4dc6bc2ada45e0492974fa36efd,hard_currency,other,5-15K,S1,NO,0.88,50.0,1.0,1,-51.0,2026-02-06 00:00:00+00:00
0x2d400980d83c5c85335efc5b195676371e1249fb5d6e041d522f47b08bcda13d,hard_currency,other,5-15K,S1,YES,0.0215,50.0,1.0,0,-51.0,2026-02-10 00:00:00+00:00
0x4bf553d0029cca7d97bf42b2a28351c271bff3c898f57421a3a5e16c6515734f,hard_currency,other,5-15K,S2,YES,0.125,50.0,1.0,1,349.0,2025-09-07 00:00:00+00:00
0x40b9b62e09bf8429a058dd94edbeb3849691b41f2545fdd93af0473234a752be,hard_currency,other,5-15K,S2,YES,0.115,50.0,1.0,0,-51.0,2025-09-28 00:00:00+00:00
0x70f21389361e24c1ff0a85dc73882a5bf8093fd33f8a0ac770b58233daf3e20c,hard_currency,other,5-15K,S2,YES,0.0115,50.0,1.0,0,-51.0,2025-12-07 00:00:00+00:00
0x7d5dc9aa59955996da410825c00c8b05213540b622ca7a3a1ef756c914f102e1,hard_currency,china_taiwan,5-15K,S2,NO,0.76,50.0,1.0,1,-51.0,2026-01-10 00:00:00+00:00
0xf1ec6d2668853ffb52b9befd5e97118a152bc4dc6bc2ada45e0492974fa36efd,hard_currency,other,5-15K,S2,NO,0.88,50.0,1.0,1,-51.0,2026-02-06 00:00:00+00:00
0xf459f2a4cf56425af7346fbeed3f9c78e35463539fe38afa70ff3d00c127c7ab,hard_currency,other,5-15K,S3,YES,0.485,50.0,1.0,1,52.09278350515464,2025-04-02 12:00:00+00:00
0x0d26a40ed024d82761b2b07d2cf23f0045328f94f35bb3f95e73e544232a8975,hard_currency,other,5-15K,S3,YES,0.055,50.0,1.0,0,-51.0,2025-09-05 00:00:00+00:00
0x4d6c87358a0a8522c775c20288ab7df7c8ceb4ffd1abf01881ba343cdf45964f,hard_currency,other,5-15K,S3,YES,0.405,50.0,1.0,0,-51.0,2025-10-03 00:00:00+00:00
0xb09761f564bc398ee978545973b85b952a5aca000557a49a3224895893aaf8b9,hard_currency,other,5-15K,S3,YES,0.105,50.0,1.0,0,-51.0,2025-10-24 00:00:00+00:00
0xd1889f8050ae7b0a2ebb5f972a645826a1a40b0a54be855501c82101c129d552,hard_currency,china_taiwan,5-15K,S3,YES,0.0765,50.0,1.0,0,-51.0,2026-01-10 00:00:00+00:00
0x15e0b146150e82b933950410f5b55f6ce0dec34d3f49573fc462e9a09508a6cb,hard_currency,other,5-15K,S4,NO,0.13,50.0,1.0,1,-51.0,2024-10-01 12:00:00+00:00
0x530ec9ba2fab8e6130677e101be8bbdfcb59b255732f9cd3730860717509d47d,hard_currency,trump_putin,5-15K,S4,NO,0.13,50.0,1.0,0,6.47126436781609,2025-04-02 12:00:00+00:00
0x9eee062f20c9ca00dc8e373aebe808cd8a0f23f9ef42319176eb330a14d3ebdb,hard_currency,other,5-15K,S4,NO,0.014,50.0,1.0,0,-0.29006085192697384,2025-04-04 12:00:00+00:00
0xdc88a7ceed2b87a68d111ba935330c016f61ab486c99de314ae9e078a3e0ba6f,hard_currency,other,5-15K,S4,NO,0.085,50.0,1.0,0,3.644808743169399,2025-04-04 12:00:00+00:00
0xba48743eac0c82434df044e1071eb647e3dbfebae50d7a010734d1fa67636eb0,hard_currency,other,5-15K,S4,NO,0.04,50.0,1.0,0,1.0833333333333357,2025-04-18 12:00:00+00:00
0x1b4d436df7454c8f9b2809693a6106f7ea978f61988936168bbbca7277462e5c,hard_currency,other,5-15K,S4,NO,0.09,50.0,1.0,0,3.9450549450549417,2025-04-25 12:00:00+00:00
0xf2fac7fa4a31542b564faa725649dc596b59beae296fecc436d1e40202baa5b9,hard_currency,other,5-15K,S4,NO,0.04,50.0,1.0,0,1.0833333333333357,2025-07-11 00:00:00+00:00
0x448c358927e1010415b570d2f28fa15c2d5cda9b78b605a16c21fa116bebac5f,hard_currency,other,5-15K,S4,NO,0.09,50.0,1.0,0,3.9450549450549417,2025-08-08 00:00:00+00:00
0x4a8576498f2368190c72ee0536f34c30c6aaaf868ac6b72ab685fdbb5a4b0840,hard_currency,other,5-15K,S4,NO,0.004,50.0,1.0,0,-0.7991967871485954,2025-08-22 00:00:00+00:00
0x5fb3af0ad49773f85b9d9eaee0e169bda9fd90c13da2107ca01743a7bcf39663,hard_currency,other,5-15K,S4,NO,0.101,50.0,1.0,0,4.617352614015573,2025-08-29 00:00:00+00:00
0x0d26a40ed024d82761b2b07d2cf23f0045328f94f35bb3f95e73e544232a8975,hard_currency,other,5-15K,S4,NO,0.055,50.0,1.0,0,1.9100529100529116,2025-09-05 00:00:00+00:00
0x4bf553d0029cca7d97bf42b2a28351c271bff3c898f57421a3a5e16c6515734f,hard_currency,other,5-15K,S4,NO,0.125,50.0,1.0,1,-51.0,2025-09-07 00:00:00+00:00
0x40b9b62e09bf8429a058dd94edbeb3849691b41f2545fdd93af0473234a752be,hard_currency,other,5-15K,S4,NO,0.115,50.0,1.0,0,5.497175141242934,2025-09-28 00:00:00+00:00
0xb09761f564bc398ee978545973b85b952a5aca000557a49a3224895893aaf8b9,hard_currency,other,5-15K,S4,NO,0.105,50.0,1.0,0,4.865921787709496,2025-10-24 00:00:00+00:00
0x6759371105c771777d5be32c98a7fd8fcb71004ff8f2ae636cb8b85cea519309,hard_currency,other,5-15K,S4,NO,0.0055,50.0,1.0,0,-0.7234791352438421,2025-11-16 00:00:00+00:00
0x44dcfd813569f30bc8ecda61aaa47d94804c2e2d3614189aecc0a8dd0c164671,hard_currency,other,5-15K,S4,NO,0.105,50.0,1.0,0,4.865921787709496,2025-12-07 00:00:00+00:00
0x70f21389361e24c1ff0a85dc73882a5bf8093fd33f8a0ac770b58233daf3e20c,hard_currency,other,5-15K,S4,NO,0.0115,50.0,1.0,0,-0.4183105715730946,2025-12-07 00:00:00+00:00
0x4f33a2b3938e0ee4cfad64f1ade11579d97f5b0cbe10945790549e713c04fa90,hard_currency,other,5-15K,S4,NO,0.0205,50.0,1.0,0,0.0464522715671265,2026-01-31 00:00:00+00:00
0xec01b68b417b073c619cb6f676692268dae467ef37be560375d9d39c8ac03223,hard_currency,other,5-15K,S4,NO,0.0015,50.0,1.0,0,-0.9248873309964978,2026-02-01 00:00:00+00:00
0xc43c18c012d96ec13a57971335cc675dcc3d918b4749f2cfcda3fff38665d62d,hard_currency,iran,15-50K,S1,YES,0.002,50.0,1.0,0,-51.0,2023-12-31 00:00:00+00:00
0xa2ece5c7bb0eef95a16880a2d43135d3d97cdeeddc834cee0966bd12ea1bdc5b,hard_currency,other,15-50K,S1,NO,0.975,50.0,1.0,1,-51.0,2024-06-07 12:00:00+00:00
0x0f32d4d7167f073d9d903b91b48dfe08d2762e8b0a29e14e649bfef89512ce61,hard_currency,other,15-50K,S1,YES,0.045,50.0,1.0,0,-51.0,2024-11-05 12:00:00+00:00
0x910cc8289ec1fd98364e7338297d87e581af6feaa5fa12475e4d5c10cb7658b8,hard_currency,other,15-50K,S1,YES,0.115,50.0,1.0,0,-51.0,2024-11-05 12:00:00+00:00
0x2b75971d9f62ff8adfd1b246b263cf41f6995eb06514c7b7adc77354d70d3b46,hard_currency,other,15-50K,S1,YES,0.085,50.0,1.0,0,-51.0,2024-11-05 12:00:00+00:00
0xfc1c0fe6de97b694ace35cb972c6249f88bd3736ded927c8951e5abc30fe6d5f,hard_currency,other,15-50K,S1,YES,0.105,50.0,1.0,1,425.1904761904762,2024-11-05 12:00:00+00:00
0x5d7aae2086ed7e3ea82b65f5d8ed17ac4fa241c92a0a167bee0b356ae498f802,hard_currency,other,15-50K,S1,YES,0.035,50.0,1.0,0,-51.0,2024-11-05 12:00:00+00:00
0xf29303f912db3223d9fb0945192ae67ab519ad0d6fa85288c6f82fde6d3afdea,hard_currency,other,15-50K,S1,YES,0.0025,50.0,1.0,0,-51.0,2024-12-31 12:00:00+00:00
0xf5a756ef898f9fa858d8710a63f4aa16b4d3c4d2fff27afae1d1ed329620eed7,hard_currency,other,15-50K,S1,YES,0.125,50.0,1.0,0,-51.0,2025-03-14 12:00:00+00:00
0x4d9aa1fd40e69a3edf1ad6f1bf75a9c42b8faf145d40e0350ca270632b3fc4dd,hard_currency,other,15-50K,S1,YES,0.0085,50.0,1.0,0,-51.0,2025-04-18 12:00:00+00:00
0xfa2fe71de6a4121dad1e599542e29f18f2da8c3107c8d13ca8c2c998e864a930,hard_currency,china_taiwan,15-50K,S1,YES,0.008,50.0,1.0,0,-51.0,2025-04-30 12:00:00+00:00
0x7e19a9159dc7710a8aecf24fbd2cedf01bd77baaf14aeedbbe9091b75dcdf319,hard_currency,china_taiwan,15-50K,S1,YES,0.0055,50.0,1.0,0,-51.0,2025-04-30 12:00:00+00:00
0xae8d0502816e3a509685ca7a3557119c212b4a930e8731e4e8f5e8017ecfb479,hard_currency,other,15-50K,S1,YES,0.008,50.0,1.0,0,-51.0,2025-05-16 12:00:00+00:00
0x72c6794d9be77f33287ba88554e4d153c08427c46216faea58de5eccd266a1da,hard_currency,other,15-50K,S1,YES,0.003,50.0,1.0,0,-51.0,2025-06-30 12:00:00+00:00
0x23cfb7f4d4cefbac8e464cb53717654d84f82f5ab7ad4497662c122d94bb658f,hard_currency,other,15-50K,S1,YES,0.003,50.0,1.0,0,-51.0,2025-07-31 12:00:00+00:00
0xf18e0785116e491c40b5a607fa69a451ae552a3f04f50a6bc51a7768fa581e96,hard_currency,other,15-50K,S1,YES,0.1145,50.0,1.0,0,-51.0,2025-08-01 00:00:00+00:00
0x6ba01b84505b019e8c3ace62e85916535bdd950c0f7d78a6c1c6077fcb9b625c,hard_currency,china_taiwan,15-50K,S1,YES,0.0095,50.0,1.0,0,-51.0,2025-09-30 00:00:00+00:00
0x7f99d8d0221a775ca04249b00d86c02da178a897c7847c1c50972895758fcb8c,hard_currency,other,15-50K,S1,YES,0.045,50.0,1.0,0,-51.0,2025-10-31 00:00:00+00:00
0xf3714b6a1b25b3bcbf2bee6fa820b018bec57bd006fdb8459a5e6f5bd97749a9,hard_currency,other,15-50K,S1,YES,0.082,50.0,1.0,0,-51.0,2025-10-31 00:00:00+00:00
0xc84cdea449f5921873a3f93ebca7a238fbe8723412d19c2b2698340e00ce5afc,hard_currency,other,15-50K,S1,YES,0.115,50.0,1.0,0,-51.0,2025-11-04 00:00:00+00:00
0xc8d4fe249823708e621af15dcc0bfbdf158e7737b37bd75a284fdea3db526b96,hard_currency,other,15-50K,S1,YES,0.1,50.0,1.0,0,-51.0,2025-12-07 00:00:00+00:00
0x07a0819d15876d8566e6e252f8c74fa7a71d7baa6024cac65e572b82ef32f3df,hard_currency,other,15-50K,S1,YES,0.017,50.0,1.0,0,-51.0,2025-12-31 00:00:00+00:00
0xeabe357efefbd2510a34d6d7b5c1b844bfff0d104383e86d30ac6669bf0d034c,hard_currency,other,15-50K,S1,YES,0.006,50.0,1.0,0,-51.0,2025-12-31 00:00:00+00:00
0xe64946cd8d2d19ea559c78db03cd93688f842bc6277fbbf921a1423ca0e98f6c,hard_currency,other,15-50K,S1,YES,0.13,50.0,1.0,0,-51.0,2025-12-31 12:00:00+00:00
0x308fe0ad95520768ec0b794c7c30b3469bbdd4dd2feba218153672745ba0f6fe,hard_currency,other,15-50K,S1,YES,0.003,50.0,1.0,0,-51.0,2025-12-31 12:00:00+00:00
0x3288bd6f375b24c8369d5e7c4079723006a682840f9fcf703d6c5a312f8a385e,hard_currency,other,15-50K,S1,YES,0.006,50.0,1.0,0,-51.0,2026-02-01 00:00:00+00:00
0xde4e35d9c11c61db828bcdb303ce1d431a0aaca2bb8ab5c7719e59d86ca76462,hard_currency,other,15-50K,S1,YES,0.085,50.0,1.0,0,-51.0,2026-03-31 00:00:00+00:00
0x6f9143b5c37be6829a0cd89127d146cb7eccf777e17bd355b06641641a14192f,hard_currency,other,15-50K,S1,YES,0.026,50.0,1.0,0,-51.0,2026-04-30 00:00:00+00:00
0x1a7d40a55ae60c5dd65ed758dcb503074916132eba2f93a701d25ab999a7a370,hard_currency,other,15-50K,S2,YES,0.575,50.0,1.0,1,35.95652173913044,2025-10-29 00:00:00+00:00
0xde4e35d9c11c61db828bcdb303ce1d431a0aaca2bb8ab5c7719e59d86ca76462,hard_currency,other,15-50K,S2,YES,0.085,50.0,1.0,0,-51.0,2026-03-31 00:00:00+00:00
0x6f9143b5c37be6829a0cd89127d146cb7eccf777e17bd355b06641641a14192f,hard_currency,other,15-50K,S2,YES,0.026,50.0,1.0,0,-51.0,2026-04-30 00:00:00+00:00
0x910cc8289ec1fd98364e7338297d87e581af6feaa5fa12475e4d5c10cb7658b8,hard_currency,other,15-50K,S3,YES,0.115,50.0,1.0,0,-51.0,2024-11-05 12:00:00+00:00
0x2b75971d9f62ff8adfd1b246b263cf41f6995eb06514c7b7adc77354d70d3b46,hard_currency,other,15-50K,S3,YES,0.085,50.0,1.0,0,-51.0,2024-11-05 12:00:00+00:00
0xfc1c0fe6de97b694ace35cb972c6249f88bd3736ded927c8951e5abc30fe6d5f,hard_currency,other,15-50K,S3,YES,0.105,50.0,1.0,1,425.1904761904762,2024-11-05 12:00:00+00:00
0xee713b962d078edd60cc379ddeba60fb7762a95f667b3605b5eec187b638acf5,hard_currency,other,15-50K,S3,NO,0.815,50.0,1.0,1,-51.0,2025-01-29 12:00:00+00:00
0xf5a756ef898f9fa858d8710a63f4aa16b4d3c4d2fff27afae1d1ed329620eed7,hard_currency,other,15-50K,S3,YES,0.125,50.0,1.0,0,-51.0,2025-03-14 12:00:00+00:00
0xf5a756ef898f9fa858d8710a63f4aa16b4d3c4d2fff27afae1d1ed329620eed7,hard_currency,other,15-50K,S4,NO,0.125,50.0,1.0,0,6.142857142857146,2025-03-14 12:00:00+00:00
0x4d9aa1fd40e69a3edf1ad6f1bf75a9c42b8faf145d40e0350ca270632b3fc4dd,hard_currency,other,15-50K,S4,NO,0.0085,50.0,1.0,0,-0.571356530509334,2025-04-18 12:00:00+00:00
0xae8d0502816e3a509685ca7a3557119c212b4a930e8731e4e8f5e8017ecfb479,hard_currency,other,15-50K,S4,NO,0.008,50.0,1.0,0,-0.5967741935483843,2025-05-16 12:00:00+00:00
0xc8d4fe249823708e621af15dcc0bfbdf158e7737b37bd75a284fdea3db526b96,hard_currency,other,15-50K,S4,NO,0.1,50.0,1.0,0,4.555555555555557,2025-12-07 00:00:00+00:00
0xe64946cd8d2d19ea559c78db03cd93688f842bc6277fbbf921a1423ca0e98f6c,hard_currency,other,15-50K,S4,NO,0.13,50.0,1.0,0,6.47126436781609,2025-12-31 12:00:00+00:00
0xde4e35d9c11c61db828bcdb303ce1d431a0aaca2bb8ab5c7719e59d86ca76462,hard_currency,other,15-50K,S4,NO,0.085,50.0,1.0,0,3.644808743169399,2026-03-31 00:00:00+00:00
0x726314a1fcc05d68fed64866bc404d3b9f0be759b1094a1437cb9a2f7a5ecf6c,discretionary,other,<5K,S1,YES,0.065,50.0,1.0,0,-51.0,2024-06-30 12:00:00+00:00
0x98373b521fb96a8ac01b352d38b3095c21c8d30eadac1fe3a7e69f6c77eb2c66,discretionary,other,<5K,S1,YES,0.013,50.0,1.0,0,-51.0,2024-07-15 00:00:00+00:00
0xdbf039208c7ec82f5fc414680ce98f0ce7e2bf396b12ed43e18519a354a6d7ed,discretionary,iran,<5K,S1,YES,0.0005,50.0,1.0,0,-51.0,2024-07-20 12:00:00+00:00
0x3c870b5c93e1aa670cc421019a8317af0dff7ed2bc13576b3186a4b52f589b18,discretionary,other,<5K,S1,YES,0.125,50.0,1.0,0,-51.0,2025-02-28 12:00:00+00:00
0x43adc3e5c6f2a8500b30f59b2fca38779659a05fac792c9cb5b5fd3c02fb2cc2,discretionary,other,<5K,S1,NO,0.9995,50.0,1.0,1,-51.0,2025-04-04 12:00:00+00:00
0x11e7688550f7192a8fdc2678fe9711c06ff5117e11fe21be41a1a0827060ebdc,discretionary,other,<5K,S1,NO,0.9955,50.0,1.0,1,-51.0,2025-04-29 12:00:00+00:00
0xe351d100b5d0d183d740a185e7eb33b704fe76a644fb42c436f17d0f5c6ea4c1,discretionary,other,<5K,S1,YES,0.0005,50.0,1.0,0,-51.0,2025-06-03 12:00:00+00:00
0xcd6b8c35e1e11e19967784b0aa6811fc20a81639201203122de2c063fa9bb646,discretionary,other,<5K,S1,YES,0.085,50.0,1.0,0,-51.0,2025-06-24 08:00:00+00:00
0x455c0c8708d00d5c6eb84db8a6dc8771cf46d9830f8ee9a7b308333823388c05,discretionary,other,<5K,S1,NO,0.93,50.0,1.0,1,-51.0,2025-06-30 12:00:00+00:00
0x21c4ed93cba2c4e9ece886879875fa1f9e87ea5f27f706589a1e304d22f10747,discretionary,other,<5K,S1,YES,0.0095,50.0,1.0,0,-51.0,2025-06-30 12:00:00+00:00
0x68e11d8da6fbbfd7853effb7f5e3928de5fcdc255f520602bdfd5961347ff277,discretionary,other,<5K,S1,YES,0.0035,50.0,1.0,0,-51.0,2025-06-30 12:00:00+00:00
0xc4fc208787a6b40594f5236c754be025d52652c0c8a817ce4e2bb99ab980312c,discretionary,other,<5K,S1,YES,0.065,50.0,1.0,0,-51.0,2025-10-06 00:00:00+00:00
0x01e168ac93d7e3ab3cf472cb53daa1cd9102541c037ca94de45ee416df8e8eda,discretionary,other,<5K,S1,YES,0.0005,50.0,1.0,0,-51.0,2025-11-01 04:00:00+00:00
0xed9964452babe1123739620fa0c261bf1976b0183ce64f06b5329d53599e01bc,discretionary,other,<5K,S1,YES,0.0155,50.0,1.0,0,-51.0,2025-11-04 00:00:00+00:00
0xbdaf24dc4de4c82c57e6d95fa3a52b67404d9e0ce85df59eb253b8d5fc83c109,discretionary,other,<5K,S1,YES,0.003,50.0,1.0,0,-51.0,2025-11-16 00:00:00+00:00
0x3a7160fe898d4771ebcab763f7a6447b5341619de45a1b866d7aaba9524046b6,discretionary,other,<5K,S1,YES,0.0145,50.0,1.0,0,-51.0,2025-11-21 00:00:00+00:00
0x555b6636484ff3f6cf8f1e139ac492b4e8751477740a387a32d24b6265e61893,discretionary,other,<5K,S1,YES,0.0045,50.0,1.0,0,-51.0,2025-12-01 05:00:00+00:00
0xf86b5d640c385a42a621554ed9c766647c494917532a9f91d09241a440c5ed89,discretionary,other,<5K,S1,YES,0.002,50.0,1.0,0,-51.0,2025-12-07 00:00:00+00:00
0xbfd817dba69663fb4ddab7f8eef795c0aaf58f955c4a9598997454fd078f213e,discretionary,other,<5K,S1,YES,0.0015,50.0,1.0,0,-51.0,2025-12-07 00:00:00+00:00
0xdd603911e52e7276589c87ab3cbf34f30b685a2f450e8bd3b4ab4c9e07a0be5b,discretionary,other,<5K,S1,YES,0.11,50.0,1.0,0,-51.0,2025-12-31 00:00:00+00:00
0x5b2da90bfa4e369ae96f42a2ab96f8cafe8ed95b41b9fb03b4149a99dea34d34,discretionary,other,<5K,S1,YES,0.125,50.0,1.0,0,-51.0,2025-12-31 00:00:00+00:00
0xad7141bbf5412101b40b30c01ece77146390e73f72efbb6abc1e1dc963594515,discretionary,other,<5K,S1,YES,0.001,50.0,1.0,0,-51.0,2025-12-31 12:00:00+00:00
0x95d998baf8752df3cf78ca73965bf3888ec5075188423db8d6028cbd78dad1b4,discretionary,other,<5K,S1,YES,0.0025,50.0,1.0,0,-51.0,2026-01-18 00:00:00+00:00
0x3c99905e19ccc0f3c4621eb8e5e293fb609859dcb81a460f901c3139fa97c7a9,discretionary,other,<5K,S1,YES,0.0025,50.0,1.0,0,-51.0,2026-01-18 00:00:00+00:00
0x00b7f0b221b7e80b23195016ff6cbc30292ba6ff652b2e7136fdbf2938f82bd7,discretionary,other,<5K,S1,YES,0.0065,50.0,1.0,0,-51.0,2026-02-05 00:00:00+00:00
0x3e70559be16abb4ab098a7c1c93af871e844e342a041d5e70c01585724d20e43,discretionary,other,<5K,S1,YES,0.025,50.0,1.0,0,-51.0,2026-02-07 00:00:00+00:00
0x54e3d64b727472e976d84f9f565d393814f83e8a168ca976fcdf739a1fbe5f8f,discretionary,other,<5K,S1,YES,0.045,50.0,1.0,0,-51.0,2026-02-12 00:00:00+00:00
0x747c04462642f9e51ad7ada416b4bd56db8331e47bd533894f89837191080dd0,discretionary,other,<5K,S1,YES,0.027,50.0,1.0,0,-51.0,2026-02-15 00:00:00+00:00
0x7ba30776ac9e5c90e3266d25ec8305c33316999581e0a80cf7c569e08bfe15b0,discretionary,other,<5K,S1,YES,0.045,50.0,1.0,0,-51.0,2026-02-15 00:00:00+00:00
0x0e1503701cdd563065ccc331e9a953603f79cbf610cfd88ec098db474f619999,discretionary,other,<5K,S1,YES,0.0005,50.0,1.0,0,-51.0,2026-02-22 00:00:00+00:00
0x3956eee805da67722c9fbfccb3ff049bc151f47a17298fd18732d1d2f016de4c,discretionary,other,<5K,S1,YES,0.01,50.0,1.0,0,-51.0,2026-02-28 00:00:00+00:00
0xd314c3116f5dcdd029f915cf2f420061b37989f7f3f49ca4ab00bb217af4515d,discretionary,other,<5K,S1,YES,0.07,50.0,1.0,0,-51.0,2026-02-28 00:00:00+00:00
0xd9bb53d1bb939149caafae1e2a584b6b702c1a674796c71e5bd66ab2f955fbb7,discretionary,other,<5K,S1,YES,0.0805,50.0,1.0,0,-51.0,2026-02-28 00:00:00+00:00
0x9b0bbdedf52788114787e3a00d6f982eb18c8136485e7abde7ec311f0ccd0f72,discretionary,other,<5K,S1,YES,0.005,50.0,1.0,0,-51.0,2026-02-28 00:00:00+00:00
0xc5fffea43cca905976bd62899a4d5b3ef37c4f1e156b28ef0f16fab71ed3767d,discretionary,other,<5K,S1,YES,0.0015,50.0,1.0,0,-51.0,2026-03-03 00:00:00+00:00
0x4800c2fc26e10916ced5a329a66215b191fb37ea13df3d5df2cbed06c480724f,discretionary,other,<5K,S1,YES,0.012,50.0,1.0,0,-51.0,2026-03-03 00:00:00+00:00
0x23386629b6b0a5d2f8df8424b71162c73120efc01e0cd0984d2c03d254b22d72,discretionary,other,<5K,S1,YES,0.0915,50.0,1.0,0,-51.0,2026-03-03 00:00:00+00:00
0xcde9e4fdd35c536e66eed196a71d592f0c38e34b51b128de2e469b952c3088c1,discretionary,other,<5K,S1,YES,0.0105,50.0,1.0,0,-51.0,2026-03-03 00:00:00+00:00
0xb20081a082c4d15cb478c250c86c99064075ffac321b2e04a0860bac7b048b33,discretionary,other,<5K,S1,YES,0.07,50.0,1.0,0,-51.0,2026-03-05 00:00:00+00:00
0xe0a6f7188e0ad397075975f673bf8e13685165a0c3fc7b2cbd60d90c040b692e,discretionary,other,<5K,S1,YES,0.0015,50.0,1.0,0,-51.0,2026-03-06 17:00:00+00:00
0xbcaa021ed4f29709e42964b8ddc6e0dee4e7f1b6b935486abca8edc09824e875,discretionary,other,<5K,S1,YES,0.0025,50.0,1.0,0,-51.0,2026-03-07 17:00:00+00:00
0x2e6e835cc8f97093656d73592d322dfc3332f1d43dc39ff2c6ce6a1ca53d696e,discretionary,ukraine,<5K,S1,NO,0.995,50.0,1.0,1,-51.0,2026-03-08 00:00:00+00:00
0xd7ee0528c04c33761ec545da538ffeabcae04602bc19c9e035cdafb697dae325,discretionary,other,<5K,S1,YES,0.006,50.0,1.0,0,-51.0,2026-03-08 00:00:00+00:00
0xc4cf7a48d20d95b2f74f966922dfd3f5dc8c755576758073f66482a7d8d6fbb4,discretionary,other,<5K,S1,NO,0.985,50.0,1.0,1,-51.0,2026-03-10 00:00:00+00:00
0x6fbd4837e709e999c3f82eb22fa68fc08c424fdb41059aa0cdf3405d06773a0d,discretionary,other,<5K,S1,YES,0.0005,50.0,1.0,0,-51.0,2026-03-10 16:00:00+00:00
0xaedadf4772051419ed3cd9a787a1989ac6f2ab260ce76283dcfc8a3419177683,discretionary,other,<5K,S1,YES,0.0005,50.0,1.0,0,-51.0,2026-03-10 16:00:00+00:00
0x55a6b420ae53bc6d7739e8a33c3984ba1d21538d31fe3459a381e366b850530c,discretionary,other,<5K,S1,YES,0.0005,50.0,1.0,0,-51.0,2026-03-10 16:00:00+00:00
0x01baad69976decb8226da9fbd5d3984f3a2aeb11a391f0345b4c675daaada837,discretionary,other,<5K,S1,YES,0.0005,50.0,1.0,0,-51.0,2026-03-10 16:00:00+00:00
0x959629b6a311f82d1d6bef6dfe4cdb08c303fec9e0ce4c1372c63113c2aea76c,discretionary,other,<5K,S1,YES,0.0005,50.0,1.0,0,-51.0,2026-03-10 16:00:00+00:00
0x960d6a09b40f33bb753bd042a1c7db1a349fcc5c3ca0cec81a18c3a732a493a1,discretionary,other,<5K,S1,YES,0.0005,50.0,1.0,0,-51.0,2026-03-13 16:00:00+00:00
0x3ba0d281712a7df3cabf1d641af2f269b4f5a4932887e635793d6fcd4a09aac0,discretionary,other,<5K,S1,YES,0.0035,50.0,1.0,0,-51.0,2026-03-13 16:00:00+00:00
0x9fdc84c2ec9402997b5bb5d0b977de745768b629600625c376f007825640bb67,discretionary,other,<5K,S1,YES,0.0035,50.0,1.0,0,-51.0,2026-03-13 16:00:00+00:00
0xdc8e885b8d8a00cbfa2ca9ee1d436dabf9210dca021a56163fa43231f6f9047c,discretionary,other,<5K,S1,YES,0.025,50.0,1.0,0,-51.0,2026-03-14 00:00:00+00:00
0x9f5abf425562ab4c0308c2b799294eb630e5ffcad090123b8c5a2a8076608f02,discretionary,other,<5K,S1,YES,0.045,50.0,1.0,0,-51.0,2026-03-17 00:00:00+00:00
0x482770539bf90c1ce461ad13c2424a0f807fcc28c28cc67faf6cbb507aae2caa,discretionary,other,<5K,S1,YES,0.0025,50.0,1.0,0,-51.0,2026-03-17 00:00:00+00:00
0xebfb0486c055d27950a481ae92fe58888fd1d3432ab7869e7362048eeb432d01,discretionary,other,<5K,S1,YES,0.0005,50.0,1.0,0,-51.0,2026-03-17 00:00:00+00:00
0xf4b99bb441359f1dff8f544f53e63bc1850ea4c6ed27bd52d15667859c9d9932,discretionary,other,<5K,S1,YES,0.0135,50.0,1.0,0,-51.0,2026-03-17 16:00:00+00:00
0x5bf2a9800247508b9605272056bfeef40b4e5eb9f49ffe481a9b8a6eb00b1dc7,discretionary,other,<5K,S1,YES,0.0055,50.0,1.0,0,-51.0,2026-03-22 00:00:00+00:00
0xc5153775b1693ef577a567cade666e1cae41327a48b3ba3d7748078d8181ca1e,discretionary,other,<5K,S1,YES,0.0345,50.0,1.0,0,-51.0,2026-03-22 00:00:00+00:00
0xecea9731a89eb63695399025d5d3a8d367f4617c945587115733796c6876d520,discretionary,other,<5K,S1,YES,0.087,50.0,1.0,0,-51.0,2026-03-22 00:00:00+00:00
0x3424b6158c22be5a65e2a3bf6b678e1a2f46196261f79e05fc3dbf465c573a80,discretionary,other,<5K,S1,YES,0.0005,50.0,1.0,0,-51.0,2026-03-22 00:00:00+00:00
0x6be6c8aa318e5061d661b7569f5eef1b0e7e475a101498e9cfc9a69c36a82c9d,discretionary,other,<5K,S1,NO,0.967,50.0,1.0,1,-51.0,2026-03-23 23:55:00+00:00
0x18af6c77626be130410fa28fd8b4535b72d40e0e970c25da822329cdb6a73959,discretionary,other,<5K,S1,YES,0.0075,50.0,1.0,0,-51.0,2026-03-24 00:00:00+00:00
0xbb8466d31cf6be58c5664c0eab55ad29946eecee7408791ac5c0cbb9df9e3993,discretionary,other,<5K,S1,YES,0.0005,50.0,1.0,0,-51.0,2026-03-27 16:00:00+00:00
0xda660a5eb2784ff0532094a5f7a43ab6b102206ca4e03d9814f9e5d5bfad5656,discretionary,other,<5K,S1,NO,0.865,50.0,1.0,1,-51.0,2026-03-31 00:00:00+00:00
0x1ca1950d0483c9c33796bc9114a2364525c5b638a48004383ddf2926626109c7,discretionary,other,<5K,S1,YES,0.019,50.0,1.0,0,-51.0,2026-03-31 00:00:00+00:00
0x3faa0b1404c38363b50690273c9949074510c6311853114c2271b3cd5ad8692a,discretionary,iran,<5K,S1,YES,0.02,50.0,1.0,0,-51.0,2026-03-31 00:00:00+00:00
0x9a983bfceb49a764b5ac7e6dc7bac62281642d78abe8b90cfe58ab1292dad6cf,discretionary,other,<5K,S1,YES,0.095,50.0,1.0,0,-51.0,2026-03-31 00:00:00+00:00
0xcb0ec1a3c312524cca8015c0843aa1f97d0f6375be4a967e0882303b68e8d8ee,discretionary,other,<5K,S1,NO,0.9505,50.0,1.0,1,-51.0,2026-03-31 00:00:00+00:00
0xd507350c6dbbc2473d016d58a2ea36b57ecb6a12100736749d3c7739c88f2839,discretionary,other,<5K,S1,YES,0.0265,50.0,1.0,0,-51.0,2026-03-31 00:00:00+00:00
0xcc9c1e331f1a11433ef7944421339e45c1871eb0b3204afa4588d00892c56ff4,discretionary,other,<5K,S1,YES,0.04,50.0,1.0,1,1199.0,2026-03-31 00:00:00+00:00
0xbf5952e2f44f1251863da558fb625484230648a9709807eeb39fb08670a87e01,discretionary,israel,<5K,S1,YES,0.003,50.0,1.0,0,-51.0,2026-03-31 00:00:00+00:00
0x88c4aba5a59b33313d41e9fe4f06d0005199bcb12b421083a9806e16a3e30d49,discretionary,israel,<5K,S1,NO,0.9995,50.0,1.0,1,-51.0,2026-03-31 00:00:00+00:00
0xdc2132b6675c25777c9b93c5bd6b8c1c856fce18cb5b80fb0fa7cb8b0e72e322,discretionary,iran,<5K,S1,NO,0.9945,50.0,1.0,1,-51.0,2026-03-31 00:00:00+00:00
0xf87bd9aaeb1d05bd460bf540f6cdaeb9b7e04400bcf6b2168fd8a17bbb65b0d3,discretionary,other,<5K,S1,YES,0.105,50.0,1.0,0,-51.0,2026-03-31 00:00:00+00:00
0xa17f9ca943405227c65e4f6b881d01557b4cd4835229e0c07190439c0b8b617c,discretionary,other,<5K,S1,NO,0.977,50.0,1.0,1,-51.0,2026-03-31 00:00:00+00:00
0xd1d8fa26ef7ad91590dd77ff463f1b5577dab3bbcef61d2697f797491f553f3a,discretionary,iran,<5K,S1,YES,0.0065,50.0,1.0,0,-51.0,2026-03-31 00:00:00+00:00
0x2d88926d45bec2e089ed072b14afbf137cb2085cfc50d598a343b43a2756c26e,discretionary,other,<5K,S1,YES,0.0005,50.0,1.0,0,-51.0,2026-04-01 04:00:00+00:00
0xc653271dd2430252e32987b23d083cbf125b02ffa8fde56cc84051477e429856,discretionary,other,<5K,S1,YES,0.0005,50.0,1.0,0,-51.0,2026-04-01 04:00:00+00:00
0x2957a612a6bba277168f7b52d3ea7d2c44628bc130d841063f6cc1b158c4375e,discretionary,other,<5K,S1,YES,0.07,50.0,1.0,0,-51.0,2026-04-09 00:00:00+00:00
0x67a776c285676937265be323be8de1021dc3f44bbb0ded250d7e579b8411bbb3,discretionary,other,<5K,S1,YES,0.001,50.0,1.0,0,-51.0,2026-04-12 00:00:00+00:00
0xcb85aab42249e733ecffed7618b419df1be5da1874ce7ffe35dac66d8a9a65bc,discretionary,other,<5K,S1,YES,0.0005,50.0,1.0,0,-51.0,2026-04-12 00:00:00+00:00
0xbd4ca4d153696bb74db5493b27138eb1514ef16744befe4eff552168d5426c36,discretionary,other,<5K,S1,YES,0.0015,50.0,1.0,0,-51.0,2026-04-13 00:00:00+00:00
0x9a055ff77bd43b6fa1f097a86a9e87f5b5bc6aeaec3326d943b01c8eb7aea7d1,discretionary,other,<5K,S1,YES,0.0005,50.0,1.0,0,-51.0,2026-04-19 00:00:00+00:00
0x2f99c403526da9553c4ac68218acbff90b1d63af271f0945996ce4a8efa1dcd7,discretionary,other,<5K,S1,YES,0.13,50.0,1.0,0,-51.0,2026-04-30 00:00:00+00:00
0xabf5cc61e402873d84f619357c7b4673994b302f81d0cd4adff234f9efa5e37a,discretionary,other,<5K,S1,NO,0.9555,50.0,1.0,1,-51.0,2026-04-30 00:00:00+00:00
0x72fee40790a2efa4a9a0fdf2be80d5aa47b62467ab69f10456a5ffe6b9afe9ec,discretionary,other,<5K,S1,YES,0.031,50.0,1.0,0,-51.0,2026-04-30 00:00:00+00:00
0xf02a0f12219339e7cb16489465c926bbedc5767345aafc3679683141c6cc7c41,discretionary,other,<5K,S1,YES,0.028,50.0,1.0,0,-51.0,2026-04-30 00:00:00+00:00
0x574571e4e87444e0078b7b991a43eef929be16365e607a7d9a950b6df8f02752,discretionary,other,<5K,S1,YES,0.035,50.0,1.0,0,-51.0,2026-04-30 00:00:00+00:00
0xbcbaf0cda0371263542ae37e012a021f0f3a1ec85a4e674f95cdfeb18fa39d0c,discretionary,other,<5K,S1,YES,0.0005,50.0,1.0,0,-51.0,2026-05-01 04:00:00+00:00
0xa36f7e7b009f1275389f8ba46852ef83b8a412705a2c45c3098a40a18460bbd8,discretionary,other,<5K,S1,YES,0.025,50.0,1.0,0,-51.0,2026-05-05 00:00:00+00:00
0x89c30df2073bc62ae8e0128aa3bbd6642ac1a91f8fec7c97f3eb11f04898e3e7,discretionary,other,<5K,S1,YES,0.0015,50.0,1.0,0,-51.0,2026-05-31 00:00:00+00:00
0xc69075e9555b2da95ac78ccea9431b89549c30181cfde6520571ff5c3d52e6f1,discretionary,china_taiwan,<5K,S1,YES,0.0005,50.0,1.0,0,-51.0,2026-06-30 00:00:00+00:00
0x2d8eafed91122236a8696e51ae582f5c04c1281fe8c6a8c36dbb9cf8b2e96f02,discretionary,other,<5K,S1,YES,0.0005,50.0,1.0,0,-51.0,2026-12-31 00:00:00+00:00
0x682140227736f5237b11edceb93cbd4e70ae967c16fc4bd597db938cfef7e0a8,discretionary,other,<5K,S1,YES,0.009,50.0,1.0,0,-51.0,2026-12-31 00:00:00+00:00
0xa3c415670913335266c2f895ece9c9c8c4924bea9b626ad364b4f9093ec4b218,discretionary,other,<5K,S1,YES,0.0005,50.0,1.0,0,-51.0,2026-12-31 00:00:00+00:00
0x7c08d2e1c19790f9376776ccbf3113340fb09f549f7f288e19af68a3a5e7eaa4,discretionary,other,<5K,S1,YES,0.0185,50.0,1.0,0,-51.0,2026-12-31 00:00:00+00:00
0xd513780a1859f1a5bd88054b3c98b7454557b4292bc07c52a008aa07dd87ab30,discretionary,other,<5K,S2,YES,0.625,50.0,1.0,1,29.0,2025-08-31 00:00:00+00:00
0x13de42d032bf66c9cbb5b7e00687c665fa253605228230a05de26cfed818c2c4,discretionary,other,<5K,S2,NO,0.52,50.0,1.0,1,-51.0,2025-11-09 00:00:00+00:00
0xd2ae4a02d708c97bc6f3a0dc7180918bd346f105a25f3b1362e4c94d05ebd190,discretionary,other,<5K,S2,NO,0.38,50.0,1.0,0,29.645161290322577,2025-12-21 00:00:00+00:00
0xd304e9e13e6b0bf28faf314d5c92f119bacd7c4076b8567d93a03a6bd445280e,discretionary,other,<5K,S2,NO,0.585,50.0,1.0,0,69.48192771084337,2025-12-28 00:00:00+00:00
0xdd603911e52e7276589c87ab3cbf34f30b685a2f450e8bd3b4ab4c9e07a0be5b,discretionary,other,<5K,S2,YES,0.11,50.0,1.0,0,-51.0,2025-12-31 00:00:00+00:00
0x166ab6a5f3e348dc7b6d732b0848f373b042aff0290a5d7754f7628db6e4dc0f,discretionary,other,<5K,S2,YES,0.325,50.0,1.0,0,-51.0,2026-01-04 00:00:00+00:00
0x0e72ce28c3f56e4ef9b3770e03f0d2cf08c5db1eeeb8d1c0a0d9b1d3865c500b,discretionary,other,<5K,S2,YES,0.34,50.0,1.0,0,-51.0,2026-02-28 00:00:00+00:00
0x4af1e46936a9f721b5f3729e332062ab9c8aa2b3f739574539d31c32a847c85b,discretionary,other,<5K,S2,NO,0.1835,50.0,1.0,0,10.2369871402327,2026-03-06 17:00:00+00:00
0x2e6e835cc8f97093656d73592d322dfc3332f1d43dc39ff2c6ce6a1ca53d696e,discretionary,ukraine,<5K,S2,NO,0.995,50.0,1.0,1,-51.0,2026-03-08 00:00:00+00:00
0x786f607c0608743fd2a66530c4df1bc340be493f4b2c1068fa5f84a3029196aa,discretionary,other,<5K,S2,YES,0.245,50.0,1.0,0,-51.0,2026-03-13 16:00:00+00:00
0xdc8e885b8d8a00cbfa2ca9ee1d436dabf9210dca021a56163fa43231f6f9047c,discretionary,other,<5K,S2,YES,0.025,50.0,1.0,0,-51.0,2026-03-14 00:00:00+00:00
0xf7fbf61a0c895d7466ef299db9436ccff6af59cea208ec3bfdfb01b4d52b1705,discretionary,other,<5K,S2,NO,0.62,50.0,1.0,0,80.57894736842104,2026-03-15 00:00:00+00:00
0xf4b99bb441359f1dff8f544f53e63bc1850ea4c6ed27bd52d15667859c9d9932,discretionary,other,<5K,S2,YES,0.0135,50.0,1.0,0,-51.0,2026-03-17 16:00:00+00:00
0xf74a25ca00930e1b6bf444fcff9ded49cd7765d6e198a9af9c036688edb5a4ed,discretionary,other,<5K,S2,NO,0.62,50.0,1.0,1,-51.0,2026-03-21 00:00:00+00:00
0x5d36de3368b7d6b218038429039c3375c2c5524e1b9559bb883d341bb3aba6ed,discretionary,other,<5K,S2,YES,0.175,50.0,1.0,0,-51.0,2026-03-22 00:00:00+00:00
0xa706623e258521235d3874904d77b4dd4d55a9b092c59eb5c5ed4759882f657c,discretionary,other,<5K,S2,YES,0.405,50.0,1.0,0,-51.0,2026-03-22 00:00:00+00:00
0x8b37b96c32b8b51e02dda4d63ae5f93b3172205766ff40778faf17df4e6b0265,discretionary,other,<5K,S2,YES,0.32,50.0,1.0,0,-51.0,2026-03-31 00:00:00+00:00
0xe65c106aa601e254aaa51c2897d1d99be0d0f753f642422656e6aa1db940f6ac,discretionary,other,<5K,S2,NO,0.5,50.0,1.0,0,49.0,2026-05-03 00:00:00+00:00
0x726314a1fcc05d68fed64866bc404d3b9f0be759b1094a1437cb9a2f7a5ecf6c,discretionary,other,<5K,S3,YES,0.065,50.0,1.0,0,-51.0,2024-06-30 12:00:00+00:00
0xd513780a1859f1a5bd88054b3c98b7454557b4292bc07c52a008aa07dd87ab30,discretionary,other,<5K,S3,NO,0.625,50.0,1.0,1,-51.0,2025-08-31 00:00:00+00:00
0x08a042be3a6c0324f4c5f75573cf9497b43c50a5e66f66286e21f0b0da555bd6,discretionary,other,<5K,S3,YES,0.205,50.0,1.0,0,-51.0,2026-02-24 00:00:00+00:00
0xd314c3116f5dcdd029f915cf2f420061b37989f7f3f49ca4ab00bb217af4515d,discretionary,other,<5K,S3,YES,0.07,50.0,1.0,0,-51.0,2026-02-28 00:00:00+00:00
0x23386629b6b0a5d2f8df8424b71162c73120efc01e0cd0984d2c03d254b22d72,discretionary,other,<5K,S3,YES,0.0915,50.0,1.0,0,-51.0,2026-03-03 00:00:00+00:00
0xb20081a082c4d15cb478c250c86c99064075ffac321b2e04a0860bac7b048b33,discretionary,other,<5K,S3,YES,0.07,50.0,1.0,0,-51.0,2026-03-05 00:00:00+00:00
0xcc1635ab47d7b8edbc0ec7877bfa8f94d511b5d239419367fb01ff6e3c0a05d4,discretionary,other,<5K,S3,YES,0.435,50.0,1.0,1,63.94252873563218,2026-03-11 00:00:00+00:00
0x9a983bfceb49a764b5ac7e6dc7bac62281642d78abe8b90cfe58ab1292dad6cf,discretionary,other,<5K,S3,YES,0.095,50.0,1.0,0,-51.0,2026-03-31 00:00:00+00:00
0x677740d692753fcb0f1227e99e564afebd643e9ff09ca32f73aeb1ae335cdb0f,discretionary,other,<5K,S3,YES,0.42,50.0,1.0,0,-51.0,2026-04-11 00:00:00+00:00
0x98373b521fb96a8ac01b352d38b3095c21c8d30eadac1fe3a7e69f6c77eb2c66,discretionary,other,<5K,S4,NO,0.013,50.0,1.0,0,-0.341438703140831,2024-07-15 00:00:00+00:00
0x3c870b5c93e1aa670cc421019a8317af0dff7ed2bc13576b3186a4b52f589b18,discretionary,other,<5K,S4,NO,0.125,50.0,1.0,0,6.142857142857146,2025-02-28 12:00:00+00:00
0xe351d100b5d0d183d740a185e7eb33b704fe76a644fb42c436f17d0f5c6ea4c1,discretionary,other,<5K,S4,NO,0.0005,50.0,1.0,0,-0.9749874937468732,2025-06-03 12:00:00+00:00
0xcd6b8c35e1e11e19967784b0aa6811fc20a81639201203122de2c063fa9bb646,discretionary,other,<5K,S4,NO,0.085,50.0,1.0,0,3.644808743169399,2025-06-24 08:00:00+00:00
0x21c4ed93cba2c4e9ece886879875fa1f9e87ea5f27f706589a1e304d22f10747,discretionary,other,<5K,S4,NO,0.0095,50.0,1.0,0,-0.5204442200908659,2025-06-30 12:00:00+00:00
0x68e11d8da6fbbfd7853effb7f5e3928de5fcdc255f520602bdfd5961347ff277,discretionary,other,<5K,S4,NO,0.0035,50.0,1.0,0,-0.8243853487205257,2025-06-30 12:00:00+00:00
0xbdaf24dc4de4c82c57e6d95fa3a52b67404d9e0ce85df59eb253b8d5fc83c109,discretionary,other,<5K,S4,NO,0.003,50.0,1.0,0,-0.8495486459378156,2025-11-16 00:00:00+00:00
0x3a7160fe898d4771ebcab763f7a6447b5341619de45a1b866d7aaba9524046b6,discretionary,other,<5K,S4,NO,0.0145,50.0,1.0,0,-0.2643328259766662,2025-11-21 00:00:00+00:00
0x555b6636484ff3f6cf8f1e139ac492b4e8751477740a387a32d24b6265e61893,discretionary,other,<5K,S4,NO,0.0045,50.0,1.0,0,-0.7739829231541933,2025-12-01 05:00:00+00:00
0xf86b5d640c385a42a621554ed9c766647c494917532a9f91d09241a440c5ed89,discretionary,other,<5K,S4,NO,0.002,50.0,1.0,0,-0.8997995991983956,2025-12-07 00:00:00+00:00
0xbfd817dba69663fb4ddab7f8eef795c0aaf58f955c4a9598997454fd078f213e,discretionary,other,<5K,S4,NO,0.0015,50.0,1.0,0,-0.9248873309964978,2025-12-07 00:00:00+00:00
0x5b2da90bfa4e369ae96f42a2ab96f8cafe8ed95b41b9fb03b4149a99dea34d34,discretionary,other,<5K,S4,NO,0.125,50.0,1.0,0,6.142857142857146,2025-12-31 00:00:00+00:00
0xad7141bbf5412101b40b30c01ece77146390e73f72efbb6abc1e1dc963594515,discretionary,other,<5K,S4,NO,0.001,50.0,1.0,0,-0.9499499499499464,2025-12-31 12:00:00+00:00
0x54e3d64b727472e976d84f9f565d393814f83e8a168ca976fcdf739a1fbe5f8f,discretionary,other,<5K,S4,NO,0.045,50.0,1.0,0,1.356020942408378,2026-02-12 00:00:00+00:00
0x9b0bbdedf52788114787e3a00d6f982eb18c8136485e7abde7ec311f0ccd0f72,discretionary,other,<5K,S4,NO,0.005,50.0,1.0,0,-0.7487437185929622,2026-02-28 00:00:00+00:00
0xe0a6f7188e0ad397075975f673bf8e13685165a0c3fc7b2cbd60d90c040b692e,discretionary,other,<5K,S4,NO,0.0015,50.0,1.0,0,-0.9248873309964978,2026-03-06 17:00:00+00:00
0xbcaa021ed4f29709e42964b8ddc6e0dee4e7f1b6b935486abca8edc09824e875,discretionary,other,<5K,S4,NO,0.0025,50.0,1.0,0,-0.8746867167919845,2026-03-07 17:00:00+00:00
0x6fbd4837e709e999c3f82eb22fa68fc08c424fdb41059aa0cdf3405d06773a0d,discretionary,other,<5K,S4,NO,0.0005,50.0,1.0,0,-0.9749874937468732,2026-03-10 16:00:00+00:00
0xaedadf4772051419ed3cd9a787a1989ac6f2ab260ce76283dcfc8a3419177683,discretionary,other,<5K,S4,NO,0.0005,50.0,1.0,0,-0.9749874937468732,2026-03-10 16:00:00+00:00
0x55a6b420ae53bc6d7739e8a33c3984ba1d21538d31fe3459a381e366b850530c,discretionary,other,<5K,S4,NO,0.0005,50.0,1.0,0,-0.9749874937468732,2026-03-10 16:00:00+00:00
0x01baad69976decb8226da9fbd5d3984f3a2aeb11a391f0345b4c675daaada837,discretionary,other,<5K,S4,NO,0.0005,50.0,1.0,0,-0.9749874937468732,2026-03-10 16:00:00+00:00
0x959629b6a311f82d1d6bef6dfe4cdb08c303fec9e0ce4c1372c63113c2aea76c,discretionary,other,<5K,S4,NO,0.0005,50.0,1.0,0,-0.9749874937468732,2026-03-10 16:00:00+00:00
0x960d6a09b40f33bb753bd042a1c7db1a349fcc5c3ca0cec81a18c3a732a493a1,discretionary,other,<5K,S4,NO,0.0005,50.0,1.0,0,-0.9749874937468732,2026-03-13 16:00:00+00:00
0x3ba0d281712a7df3cabf1d641af2f269b4f5a4932887e635793d6fcd4a09aac0,discretionary,other,<5K,S4,NO,0.0035,50.0,1.0,0,-0.8243853487205257,2026-03-13 16:00:00+00:00
0x9fdc84c2ec9402997b5bb5d0b977de745768b629600625c376f007825640bb67,discretionary,other,<5K,S4,NO,0.0035,50.0,1.0,0,-0.8243853487205257,2026-03-13 16:00:00+00:00
0xdc8e885b8d8a00cbfa2ca9ee1d436dabf9210dca021a56163fa43231f6f9047c,discretionary,other,<5K,S4,NO,0.025,50.0,1.0,0,0.2820512820512846,2026-03-14 00:00:00+00:00
0xf4b99bb441359f1dff8f544f53e63bc1850ea4c6ed27bd52d15667859c9d9932,discretionary,other,<5K,S4,NO,0.0135,50.0,1.0,0,-0.31576279776989935,2026-03-17 16:00:00+00:00
0x18af6c77626be130410fa28fd8b4535b72d40e0e970c25da822329cdb6a73959,discretionary,other,<5K,S4,NO,0.0075,50.0,1.0,0,-0.6221662468513856,2026-03-24 00:00:00+00:00
0xbb8466d31cf6be58c5664c0eab55ad29946eecee7408791ac5c0cbb9df9e3993,discretionary,other,<5K,S4,NO,0.0005,50.0,1.0,0,-0.9749874937468732,2026-03-27 16:00:00+00:00
0x3faa0b1404c38363b50690273c9949074510c6311853114c2271b3cd5ad8692a,discretionary,iran,<5K,S4,NO,0.02,50.0,1.0,0,0.020408163265308588,2026-03-31 00:00:00+00:00
0xd1d8fa26ef7ad91590dd77ff463f1b5577dab3bbcef61d2697f797491f553f3a,discretionary,iran,<5K,S4,NO,0.0065,50.0,1.0,0,-0.6728736789129357,2026-03-31 00:00:00+00:00
0xbd4ca4d153696bb74db5493b27138eb1514ef16744befe4eff552168d5426c36,discretionary,other,<5K,S4,NO,0.0015,50.0,1.0,0,-0.9248873309964978,2026-04-13 00:00:00+00:00
0x2f99c403526da9553c4ac68218acbff90b1d63af271f0945996ce4a8efa1dcd7,discretionary,other,<5K,S4,NO,0.13,50.0,1.0,0,6.47126436781609,2026-04-30 00:00:00+00:00
0x72fee40790a2efa4a9a0fdf2be80d5aa47b62467ab69f10456a5ffe6b9afe9ec,discretionary,other,<5K,S4,NO,0.031,50.0,1.0,0,0.5995872033023772,2026-04-30 00:00:00+00:00
0xc69075e9555b2da95ac78ccea9431b89549c30181cfde6520571ff5c3d52e6f1,discretionary,china_taiwan,<5K,S4,NO,0.0005,50.0,1.0,0,-0.9749874937468732,2026-06-30 00:00:00+00:00
0x2d8eafed91122236a8696e51ae582f5c04c1281fe8c6a8c36dbb9cf8b2e96f02,discretionary,other,<5K,S4,NO,0.0005,50.0,1.0,0,-0.9749874937468732,2026-12-31 00:00:00+00:00
0x682140227736f5237b11edceb93cbd4e70ae967c16fc4bd597db938cfef7e0a8,discretionary,other,<5K,S4,NO,0.009,50.0,1.0,0,-0.545913218970739,2026-12-31 00:00:00+00:00
0x7176ea2c885ca312ef235ee387aa1268c93b2665174b8eb84e23cc2fb2405157,discretionary,other,5-15K,S1,YES,0.0035,50.0,1.0,0,-51.0,2024-01-26 00:00:00+00:00
0xaf41f7fb45897a56dc0ac8b5df42f1dcd8f99cf5bad80a5de888e4cf99307d40,discretionary,other,5-15K,S1,YES,0.0005,50.0,1.0,0,-51.0,2024-04-04 00:00:00+00:00
0xf9c7971bcfc0de56bc9b09572e6919fd58a8987c555d6de259e76373f4ee6f1a,discretionary,other,5-15K,S1,YES,0.0095,50.0,1.0,0,-51.0,2024-05-05 12:00:00+00:00
0x404597aa5f4e7f994206a48394963495f8a4d6a6854ac85ea9acaf1bcbccc297,discretionary,other,5-15K,S1,YES,0.005,50.0,1.0,0,-51.0,2024-05-05 12:00:00+00:00
0x1fc53f59947710cb613cd48d2c68f753100b02733cfee816d0194f8b47ee7817,discretionary,israel,5-15K,S1,YES,0.025,50.0,1.0,0,-51.0,2024-06-30 12:00:00+00:00
0xa326973ab56abd02f43b4ce2a0532e03daff5a4f56085bbd5b0f029efbdd8dc5,discretionary,iran,5-15K,S1,YES,0.0005,50.0,1.0,0,-51.0,2024-07-20 12:00:00+00:00
0x624894c23b387e4bf886f1db7947afafd2f8bd963e3cdb69b8366f206878392a,discretionary,iran,5-15K,S1,YES,0.0015,50.0,1.0,0,-51.0,2024-07-20 12:00:00+00:00
0x3d08c5e0b1017c1c25c3ba4ea169c16bd1c8ca2e965fdc820e506f9cfb2c4932,discretionary,other,5-15K,S1,YES,0.0185,50.0,1.0,0,-51.0,2024-07-31 12:00:00+00:00
0x0e01611dacdfeb89e9e02d4e74e5094e25b6334cc0c5842e84905e1b2704be13,discretionary,other,5-15K,S1,YES,0.005,50.0,1.0,0,-51.0,2024-08-06 12:00:00+00:00
0x516926e359f14dd1e7b5d2c54948253a521597169819bd896e80e11223862e04,discretionary,other,5-15K,S1,YES,0.003,50.0,1.0,0,-51.0,2024-09-06 12:00:00+00:00
0xbe2b2808fd555bc847b54dd65116539f79d1639d27a17da5626cbd31e2835683,discretionary,other,5-15K,S1,YES,0.0035,50.0,1.0,0,-51.0,2024-09-29 12:00:00+00:00
0xc61529c5988583ee3a6f753bd15db17b81ba19548a607e00f5238d48eb38a10b,discretionary,other,5-15K,S1,YES,0.0205,50.0,1.0,0,-51.0,2024-09-30 12:00:00+00:00
0x2093833fcaeb0d0dde38db96c9ccd9ed95abfccae6e9d661ac1598ad51344a70,discretionary,other,5-15K,S1,YES,0.002,50.0,1.0,0,-51.0,2024-10-21 12:00:00+00:00
0xdccfe732bdb97b0c9157d27d5f8f5f8b51fab0d4453f0885882b0f73fbe18b32,discretionary,other,5-15K,S1,YES,0.085,50.0,1.0,0,-51.0,2024-10-27 12:00:00+00:00
0x0644b8969ea752fb1434d720f968832fd51cb4485771ed6fa18029e9972491bc,discretionary,other,5-15K,S1,YES,0.14,50.0,1.0,0,-51.0,2024-11-01 12:00:00+00:00
0xf6b7915ba50b1b67039083b3f6f681d59205ee60b132d23deea171eca171968b,discretionary,other,5-15K,S1,YES,0.01,50.0,1.0,0,-51.0,2024-11-05 12:00:00+00:00
0x64491574bb603c1bcda36090a23d8401db5116cf7c48b4499e4ec44386d194d9,discretionary,other,5-15K,S1,YES,0.016,50.0,1.0,0,-51.0,2024-11-08 12:00:00+00:00
0x80cd2c45399e16f58d51f9b10a9b376880f1d4cc47caf14732fabc10698d8ee5,discretionary,other,5-15K,S1,YES,0.06,50.0,1.0,0,-51.0,2024-11-14 12:00:00+00:00
0x1bf009231937cd876608131b4d168189825e2ad642b08ab472663948fef65cef,discretionary,other,5-15K,S1,YES,0.0005,50.0,1.0,0,-51.0,2024-12-31 12:00:00+00:00
0xc59e9fb081b5c3397ce2d66108d497c787f731768b7f32bbe86b5ff2fdb453ed,discretionary,other,5-15K,S1,YES,0.033,50.0,1.0,0,-51.0,2025-01-20 12:00:00+00:00
0xdd8f6ee8450f775642b7982bba551d112057a4585468012a0f0e12e42c5c50ed,discretionary,other,5-15K,S1,YES,0.0035,50.0,1.0,0,-51.0,2025-01-20 12:00:00+00:00
0x223433f5748810af91f2548aa48407a904e249cc2f8bf9622f802fd5760ab0bb,discretionary,other,5-15K,S1,YES,0.029,50.0,1.0,0,-51.0,2025-01-20 12:00:00+00:00
0x84d3f50aed81bd7e414e0e9f86f07b9ca439c4d672d7141562f9ff3dfe740b10,discretionary,other,5-15K,S1,YES,0.135,50.0,1.0,0,-51.0,2025-01-20 12:00:00+00:00
0x350401bb1fb8db6dd486595f9e47c0ef93a1fe5e3d6c646ad3916c9d2f8572c4,discretionary,other,5-15K,S1,YES,0.0105,50.0,1.0,0,-51.0,2025-02-07 12:00:00+00:00
0x8f40d01bba5ef204437e11663ae8c40af0f613e816d1b86978806fe3e0b3a903,discretionary,other,5-15K,S1,YES,0.0005,50.0,1.0,0,-51.0,2025-02-14 12:00:00+00:00
0x937b00af36c37c4f0a627bfa522c5aa677d661588851b368715af2e58bb1b20f,discretionary,other,5-15K,S1,YES,0.0215,50.0,1.0,0,-51.0,2025-02-14 12:00:00+00:00
0x1e96d97deb425994b88fc71e7ed335c9f64fe9bd674b0070dcade07b535c955e,discretionary,other,5-15K,S1,YES,0.0125,50.0,1.0,0,-51.0,2025-02-14 12:00:00+00:00
0x939643150756c693fa321aa8dc30bafd44ca71d608ee11ef66941688e63fb6f5,discretionary,other,5-15K,S1,YES,0.085,50.0,1.0,0,-51.0,2025-02-28 12:00:00+00:00
0xd69aabaec949a0fbd1aa98f6bdc557d90469c0bed5fe516b7c48021481f00277,discretionary,other,5-15K,S1,YES,0.012,50.0,1.0,0,-51.0,2025-02-28 12:00:00+00:00
0x7c25cfe207398e1099aafe12fa163d2b53d4a89de4a61f7962c78258e7260697,discretionary,other,5-15K,S1,YES,0.005,50.0,1.0,0,-51.0,2025-02-28 12:00:00+00:00
0x6d278d07154de8765c96a5e0c12cea5bfb31ebf52f843ad9d406bf59ead66fad,discretionary,other,5-15K,S1,YES,0.007,50.0,1.0,0,-51.0,2025-03-14 12:00:00+00:00
0x861c998374c15081dfb030cc5c740bf830e5223dde065ade50acf1e0e1c9ad5a,discretionary,other,5-15K,S1,NO,0.9865,50.0,1.0,1,-51.0,2025-03-31 12:00:00+00:00
0x8bf941a9c55903fb2ebf4718c2c3dc289497923eabdaa3ff0678b97e48371cc3,discretionary,other,5-15K,S1,NO,0.97,50.0,1.0,1,-51.0,2025-03-31 12:00:00+00:00
0x2a0dfcba4bf202737819f15d1a938c875c0b45019a822c4ea146233a8a124b27,discretionary,other,5-15K,S1,YES,0.0095,50.0,1.0,0,-51.0,2025-03-31 12:00:00+00:00
0xf82f80421d0a6535c8480f042a0899f52ac09c67502c2504e6352cb2320c2215,discretionary,other,5-15K,S1,YES,0.008,50.0,1.0,0,-51.0,2025-03-31 12:00:00+00:00
0xa26b38fe0728080e4d97f6c392118fc674d5ff6e98dc49986852ef316fdd05fb,discretionary,other,5-15K,S1,NO,0.9925,50.0,1.0,1,-51.0,2025-05-31 12:00:00+00:00
0xe884b2766a826f02ade24fff30b687ffca77bbd263a55fa6ef61cf1ee6ecc3fe,discretionary,other,5-15K,S1,YES,0.02,50.0,1.0,0,-51.0,2025-05-31 12:00:00+00:00
0x466fa40a6f366eb2e9e7289520ece51c00ba09b093a1170ec9245a3a5bf6b4dd,discretionary,other,5-15K,S1,YES,0.115,50.0,1.0,0,-51.0,2025-06-20 00:00:00+00:00
0x447e4b169e62d6a0c3131c52df11a471b760f25e395e701a0c165f7b9d0cbad9,discretionary,other,5-15K,S1,YES,0.085,50.0,1.0,0,-51.0,2025-06-30 00:00:00+00:00
0x1b34e58c8dbc90b18f8fdee979a46bfa153a2bea35ac7678950d9ae88f266300,discretionary,other,5-15K,S1,YES,0.0295,50.0,1.0,0,-51.0,2025-06-30 12:00:00+00:00
0x58c601a4782130e23c508cc8eecbd6f9c0e047571c2ac5c81f5a4bbe752b2e5e,discretionary,other,5-15K,S1,YES,0.095,50.0,1.0,0,-51.0,2025-06-30 12:00:00+00:00
0x4e67f9c7e72b7f10427b8f152bdce42ab9b9bf9209bc5662dbacf384bbd2a4c6,discretionary,other,5-15K,S1,YES,0.002,50.0,1.0,0,-51.0,2025-06-30 12:00:00+00:00
0xb361aeecf5e34bfa760c3f715970e8b244f50d747e1843edd8698848a7fc4d9d,discretionary,other,5-15K,S1,YES,0.015,50.0,1.0,0,-51.0,2025-06-30 12:00:00+00:00
0x984d1ee788ff724a30af27cd77ef74455b49bf6382460aceabbec94f01961a35,discretionary,other,5-15K,S1,YES,0.0155,50.0,1.0,0,-51.0,2025-06-30 12:00:00+00:00
0xfca1a2c7262a3718b3079428b50dd4114add3f48d1e44f9692b34e1f4ebe32a6,discretionary,other,5-15K,S1,YES,0.001,50.0,1.0,0,-51.0,2025-06-30 12:00:00+00:00
0x67c75f4852ca79f08a7766c60bd9edb7df7f353320c1e168514e53b8f6427a81,discretionary,other,5-15K,S1,YES,0.0005,50.0,1.0,0,-51.0,2025-06-30 12:00:00+00:00
0x8cbd1eec9f4fec06441183d51ece9d314f9d90439b8faa1e9c3a56c3cd70a68a,discretionary,other,5-15K,S1,YES,0.0005,50.0,1.0,0,-51.0,2025-06-30 12:00:00+00:00
0x6eb92562df425ef6ddffa03fbf2d766b6816c9b5cc3175e799d439bbdb3d8c45,discretionary,other,5-15K,S1,YES,0.0015,50.0,1.0,0,-51.0,2025-06-30 12:00:00+00:00
0xf8b56301ef6e79875a783a89dbc4c1fe29be4152858a2f2c2d96fa52e8be5dc1,discretionary,other,5-15K,S1,YES,0.017,50.0,1.0,0,-51.0,2025-06-30 12:00:00+00:00
0x2b52c752e7565b54fdd0c60d6c6db006dd4422611a9799d381285fa1771395f3,discretionary,other,5-15K,S1,YES,0.0015,50.0,1.0,0,-51.0,2025-06-30 12:00:00+00:00
0x3f6d0c5fb6274a88afa19b9e6f4e5cecd719324ade47c97aff7883002880d64e,discretionary,other,5-15K,S1,YES,0.055,50.0,1.0,1,858.0909090909091,2025-07-19 00:00:00+00:00
0xe5ee25ddde1a96b51f26dc44e782147d56a4f401a8df9e1705e69c9c2ed45652,discretionary,other,5-15K,S1,YES,0.0005,50.0,1.0,0,-51.0,2025-07-31 00:00:00+00:00
0x2824d2633fafe8985a611c408b99505c18c7d9be4f05bd044e0a8085f9f2dcb1,discretionary,other,5-15K,S1,YES,0.0005,50.0,1.0,0,-51.0,2025-07-31 00:00:00+00:00
0x8546a59f7bf128e652ce9448597ad83d301f795c92f523c7352717f4760665e3,discretionary,other,5-15K,S1,YES,0.003,50.0,1.0,0,-51.0,2025-07-31 00:00:00+00:00
0x94b6840fd4789ed22141fe13b44d65b7a172717ee5574bab326657f2e6035d80,discretionary,other,5-15K,S1,YES,0.085,50.0,1.0,0,-51.0,2025-07-31 00:00:00+00:00
0xa1f352ecc07504abee723e29badf7f4b629d02c95c82337c35ffd7f402afa6dd,discretionary,other,5-15K,S1,YES,0.0115,50.0,1.0,0,-51.0,2025-08-17 00:00:00+00:00
0xc4c1335387edfaf4729f49cab9f9541e6de3299fecf11224de7fd4fba6e3d39c,discretionary,other,5-15K,S1,YES,0.085,50.0,1.0,0,-51.0,2025-08-24 00:00:00+00:00
0x9339212e711a0ed6185067689c98e1e42159cf46d671c9f0da14b62f9b69fefc,discretionary,other,5-15K,S1,YES,0.004,50.0,1.0,0,-51.0,2025-09-01 00:00:00+00:00
0x187098977ed6bcfa0ed23dd28b5f1e29ae83556bf16a7ad2c09c57e263a959e7,discretionary,other,5-15K,S1,YES,0.0035,50.0,1.0,0,-51.0,2025-09-03 00:00:00+00:00
0xd42095c555fc67294ee945b214b84f49f86b11e3274c325adcf0d49e09114e38,discretionary,other,5-15K,S1,YES,0.0005,50.0,1.0,0,-51.0,2025-09-08 00:00:00+00:00
0x669b35203fbaaf260e1e5198b8ca2ebd7887d7ffa6985dab99abb0bf94ef674e,discretionary,other,5-15K,S1,YES,0.08,50.0,1.0,0,-51.0,2025-09-08 00:00:00+00:00
0xa05e5a87b0576f0cd1929145fce0bc6a4ed33d90a08e0319950075c6c0f0a0a8,discretionary,other,5-15K,S1,YES,0.085,50.0,1.0,0,-51.0,2025-09-08 00:00:00+00:00
0x26140fbd80ec4d942e1c59f86472ea542f9ff3eb9c4015dffa381112f54ebed5,discretionary,other,5-15K,S1,YES,0.0125,50.0,1.0,0,-51.0,2025-09-30 00:00:00+00:00
0x2188d6a45be5d481c8910e16fefd9ee648dbeade00e5a26642fec71ea828ab4c,discretionary,other,5-15K,S1,YES,0.008,50.0,1.0,0,-51.0,2025-09-30 00:00:00+00:00
0xeb005a466ab396190a47e815c0855820d554716e0873cff67a30a690f4174ba1,discretionary,israel,5-15K,S1,YES,0.045,50.0,1.0,0,-51.0,2025-10-01 00:00:00+00:00
0xb98af52160e844fa40409c12c1e205be748d71446cd653b7b7b04ec05d6da4e3,discretionary,other,5-15K,S1,YES,0.115,50.0,1.0,0,-51.0,2025-10-19 00:00:00+00:00
0x24392325f435e81d2d5f79a9e5ddd94dbbd59d7f2b43ba4c2fea1786065d055b,discretionary,other,5-15K,S1,YES,0.0355,50.0,1.0,0,-51.0,2025-10-31 00:00:00+00:00
0x46172824696c98fa617d0e7e1f1e0a86625814fc4f6aa414892bffac2a2d2f29,discretionary,other,5-15K,S1,NO,0.998,50.0,1.0,1,-51.0,2025-10-31 00:00:00+00:00
0x08edb367286b5c3c9ea0bea943ab0749edd854f6e4b3628278cf079766677111,discretionary,other,5-15K,S1,YES,0.0005,50.0,1.0,0,-51.0,2025-11-01 04:00:00+00:00
0x70322178742efe1415667480d0250b7e10125aa8afab7f969ff0dc16725cec48,discretionary,other,5-15K,S1,YES,0.007,50.0,1.0,0,-51.0,2025-11-01 04:00:00+00:00
0x83e670fd628dc76016696a01fd235ccca81b5796d0fb073a8d2672a56504419e,discretionary,other,5-15K,S1,YES,0.0075,50.0,1.0,0,-51.0,2025-11-03 00:00:00+00:00
0x6979dba3f5a7573f1814d6a5ee8f9c762e73b06fa81cef30086c547134ccf7b9,discretionary,other,5-15K,S1,YES,0.014,50.0,1.0,0,-51.0,2025-11-04 00:00:00+00:00
0x819c78a2541fe1402d06ff9f52d48c58fa09b783adca75d4d4eedf4a27d0e928,discretionary,other,5-15K,S1,YES,0.012,50.0,1.0,0,-51.0,2025-11-04 12:00:00+00:00
0x61870556c0637f5696a33075581854ba8a8108948ec9f554919cf839d25b5bdf,discretionary,other,5-15K,S1,YES,0.003,50.0,1.0,0,-51.0,2025-11-04 12:00:00+00:00
0x2cd2746b18983deb67d1f42e9fa6821033b71d44d146d3721245cd3ef6280d20,discretionary,other,5-15K,S1,YES,0.0115,50.0,1.0,0,-51.0,2025-11-05 00:00:00+00:00
0xddb66024ea0bf7c7ea00880ec00d576b4b964cddfe260c4ee2cfe5d942ec24de,discretionary,other,5-15K,S1,YES,0.0015,50.0,1.0,0,-51.0,2025-11-16 00:00:00+00:00
0xfdd1e93d6de891bcd7317688268f81882d9082ba8de09b592e53b63a90d43267,discretionary,other,5-15K,S1,YES,0.04,50.0,1.0,0,-51.0,2025-11-16 00:00:00+00:00
0x28bddef098300d985d7d68d10d7d2a8661db61b059e8ca013ee68af7542b273e,discretionary,other,5-15K,S1,YES,0.011,50.0,1.0,0,-51.0,2025-11-16 00:00:00+00:00
0xa22f66e9deb9f2b7d17fa59ab7b3c277772bafe39ee3b4dfc5c34c99419108fa,discretionary,other,5-15K,S1,YES,0.065,50.0,1.0,0,-51.0,2025-11-28 00:00:00+00:00
0x016f0eb7684de2748aea07d967003a087bff3c79d2eeefd601570533c054a9ec,discretionary,other,5-15K,S1,YES,0.0065,50.0,1.0,0,-51.0,2025-11-30 00:00:00+00:00
0xdcb86d5bf312d4887b7f14328e76c6822d3bfcbf7716ce70318fbe1756ce9ac4,discretionary,other,5-15K,S1,NO,0.992,50.0,1.0,1,-51.0,2025-11-30 00:00:00+00:00
0x3dff91ab1bb9077c5f7aac0abb908394871420e2c182f2dd0b4e4b9d70f54b13,discretionary,other,5-15K,S1,YES,0.005,50.0,1.0,0,-51.0,2025-11-30 00:00:00+00:00
0x9bbd4aaca039b708e2c0c3b6324d3037be46c44db49541e6b0fc38c8ab719f0a,discretionary,other,5-15K,S1,YES,0.0005,50.0,1.0,0,-51.0,2025-12-02 00:00:00+00:00
0xfdadcad423c4a5945a8c70d2473e07aba1f8988b1a6b78605a4956d0768f3bdd,discretionary,other,5-15K,S1,YES,0.0015,50.0,1.0,0,-51.0,2025-12-28 00:00:00+00:00
0x4bc0a746e6ce6c096d4f6b052f74ac6781afa2bb12af3c0e8ce88d447920336e,discretionary,other,5-15K,S1,YES,0.0065,50.0,1.0,0,-51.0,2025-12-31 00:00:00+00:00
0xf74dc702c52c37ff6654148cbea82cdef18209fc8a702fd018c54c1619bf789b,discretionary,other,5-15K,S1,YES,0.0005,50.0,1.0,0,-51.0,2025-12-31 00:00:00+00:00
0x396b37233d7c36883428a540f848e4b655bd8bc8b169cb9b5e1c2f0a36a09f2d,discretionary,other,5-15K,S1,YES,0.0045,50.0,1.0,0,-51.0,2025-12-31 00:00:00+00:00
0x433f0e14de07b6a841021ec537ea1bc64f41146912966af74f347aa8f5bee013,discretionary,other,5-15K,S1,YES,0.0005,50.0,1.0,0,-51.0,2025-12-31 00:00:00+00:00
0x155c85b47875dd5e8a77680325c5a5fec62642707616bf8cede73972287f61db,discretionary,other,5-15K,S1,YES,0.0405,50.0,1.0,0,-51.0,2025-12-31 00:00:00+00:00
0x3d95c6d70bad806cf5cb76b2563308964a971a18ac7cea044d61785cb2ae79b7,discretionary,other,5-15K,S1,YES,0.0025,50.0,1.0,0,-51.0,2025-12-31 00:00:00+00:00
0x169e70c922deb614f22617bb6e6816398141c13db0041d48c953be6fe73125bf,discretionary,other,5-15K,S1,YES,0.0005,50.0,1.0,0,-51.0,2025-12-31 00:00:00+00:00
0xf8f345fb0909dcfacf5431e01c93d1454df348fe1cacef706297931b8e4b2cff,discretionary,other,5-15K,S1,YES,0.0005,50.0,1.0,0,-51.0,2025-12-31 00:00:00+00:00
0x6e2a4b6c85ab696a130e69a768b5b045be55f11d4cbb337c10c8633060f96429,discretionary,other,5-15K,S1,YES,0.0035,50.0,1.0,0,-51.0,2025-12-31 00:00:00+00:00
0xdeddc78c2b2adb95ae35d7796e989d38d014ee481a0e6f0d52ab34711f4ebcc9,discretionary,other,5-15K,S1,YES,0.0085,50.0,1.0,0,-51.0,2025-12-31 00:00:00+00:00
0xb0eccbca0ba5fd07efdfcb09b99abd59ea11502969c0587b979d29900dbcc874,discretionary,other,5-15K,S1,YES,0.003,50.0,1.0,0,-51.0,2025-12-31 00:00:00+00:00
0xafdeaa4b9b41a2eb8b450360f190b7c129f8de71de8faf8af8ba53d0db4fa2f2,discretionary,other,5-15K,S1,YES,0.0115,50.0,1.0,0,-51.0,2025-12-31 00:00:00+00:00
0xcecc8bb7906099b97d3bfc3890c0640cca8e934d66f65c5f185b0c1b263e0973,discretionary,other,5-15K,S1,YES,0.0025,50.0,1.0,0,-51.0,2025-12-31 00:00:00+00:00
0x17aae6dd6e7679ceb532fd10f72e0ca6912ae8d6063e7aa3d3dda7d1b6e600b1,discretionary,other,5-15K,S1,YES,0.0015,50.0,1.0,0,-51.0,2025-12-31 00:00:00+00:00
0xdae8eb120cc18c5f8fe9fc1863df68d0f589c9db0408d9d248b934e57f7e1b81,discretionary,other,5-15K,S1,NO,0.9565,50.0,1.0,1,-51.0,2025-12-31 12:00:00+00:00
0xd640f9d87fa9c64980a6e6609e66a5f651048345d2d659887d23c5426fc6e672,discretionary,other,5-15K,S1,NO,0.935,50.0,1.0,0,718.2307692307699,2025-12-31 12:00:00+00:00
0x37f329dc3878b26f5f2d7f4f57fbc3b74b594657fd705eb07c748023d78abcf0,discretionary,other,5-15K,S1,NO,0.885,50.0,1.0,1,-51.0,2025-12-31 12:00:00+00:00
0x95436050e102daf4b531e0910799be2742a7a8769f98f4f833363e4afef791d2,discretionary,other,5-15K,S1,YES,0.0305,50.0,1.0,0,-51.0,2025-12-31 12:00:00+00:00
0x28e1e883c5e1043c31fe445bb35552c8628bc0d4156c6f1f3e8060489f4243d5,discretionary,other,5-15K,S1,YES,0.0685,50.0,1.0,0,-51.0,2026-01-01 00:00:00+00:00
0xf3cdab0cc84ccab80c8e06f38ab2580077a26d67f07dd98e7777e7b00058c838,discretionary,other,5-15K,S1,YES,0.003,50.0,1.0,0,-51.0,2026-01-11 00:00:00+00:00
0xf143aa3a6c93f0a82e38e242d7b0ae7bcc8ffe0f7fa310a0960a6025312c0277,discretionary,other,5-15K,S1,YES,0.075,50.0,1.0,1,615.6666666666667,2026-01-17 00:00:00+00:00
0xe8c0a798faae1448aa0a038657a14dae1ba58a18e3ad3f38b5231d3d86057a0a,discretionary,other,5-15K,S1,YES,0.001,50.0,1.0,0,-51.0,2026-01-25 00:00:00+00:00
0xba8a448cc9d7f859ffa5280014cab3f2973a11211cdac77925cdb7e93440abed,discretionary,other,5-15K,S1,NO,0.985,50.0,1.0,1,-51.0,2026-01-31 00:00:00+00:00
0x4524095e8835d504c29f27d2af982bffa70373f2f7fa1bc40adcc3ad0964408b,discretionary,israel,5-15K,S1,YES,0.0325,50.0,1.0,0,-51.0,2026-01-31 00:00:00+00:00
0x6813d99ee682de526bbadddf904638d20616455321eaae1ca60c49da82edfffd,discretionary,ukraine,5-15K,S1,YES,0.09,50.0,1.0,0,-51.0,2026-01-31 00:00:00+00:00
0x3b300c36b9c836df7abfc11d27e3772bcb43697be2c1ffa3bd8f614b500298ca,discretionary,other,5-15K,S1,NO,0.9905,50.0,1.0,1,-51.0,2026-02-01 00:00:00+00:00
0x56cb1f63d508262c16a4af7dd4a5d18d07288ebb03c1e8fb5242a1692692b7c5,discretionary,other,5-15K,S1,NO,0.9945,50.0,1.0,1,-51.0,2026-02-01 00:00:00+00:00
0xe300bb11ad99f542f22f87f0b96a9d667fe16abf33681576149971657c2bf9a0,discretionary,other,5-15K,S1,YES,0.003,50.0,1.0,0,-51.0,2026-02-05 00:00:00+00:00
0x248d7306736a1b62827ed2f83a24993d1586b7dd9cec3b31f6777de8ee8d14d4,discretionary,other,5-15K,S1,YES,0.003,50.0,1.0,0,-51.0,2026-02-05 00:00:00+00:00
0x276b0a06595274f60a004b6d1de663b270d3c92fd42052d895d9fa0bd8b46750,discretionary,other,5-15K,S1,NO,0.9955,50.0,1.0,1,-51.0,2026-02-08 00:00:00+00:00
0xb856b719378120d10d93e78a52ad10ed553132b17dcf51c2daf4e9f90382661e,discretionary,other,5-15K,S1,YES,0.0005,50.0,1.0,0,-51.0,2026-02-08 00:00:00+00:00
0x47648295841c2508d7ebf8e1d0e28b1c25cf338cdf3f21cedd46141cc7c7a6ec,discretionary,other,5-15K,S1,YES,0.001,50.0,1.0,0,-51.0,2026-02-08 00:00:00+00:00
0x37d7295a17db461c15867862afe90bfad6cd46436b0d121a7c96c37e166103b4,discretionary,other,5-15K,S1,YES,0.0005,50.0,1.0,0,-51.0,2026-02-08 00:00:00+00:00
0x710193727ac6a09331ee6e4ee1780bca7bff716279591a1348bcd9510813931c,discretionary,other,5-15K,S1,YES,0.105,50.0,1.0,0,-51.0,2026-02-24 00:00:00+00:00
0x290d12210eb22e590dde359f968f421b5c595571c0c4830476a6b8aa7c9bc5d1,discretionary,israel,5-15K,S1,YES,0.048,50.0,1.0,0,-51.0,2026-02-24 00:00:00+00:00
0x2d62fd0b35a3999aab9ffad1fd0343bd21cd076b5e54b4e7e47e7153f8d67285,discretionary,other,5-15K,S1,YES,0.004,50.0,1.0,0,-51.0,2026-02-27 17:00:00+00:00
0xea4d3584864651860c0afd2305b63570f42e1204dfda86145edf296b6718bcc3,discretionary,other,5-15K,S1,NO,0.9995,50.0,1.0,1,-51.0,2026-02-28 00:00:00+00:00
0xb3d21b788d04e02a26029c54218973692da58fb930484c42a0a745fa81297def,discretionary,other,5-15K,S1,YES,0.0345,50.0,1.0,0,-51.0,2026-02-28 00:00:00+00:00
0xf7f72f4aa935744918cf3ddf3fc85d10762a7a0adec293957dafda85e233f334,discretionary,other,5-15K,S1,YES,0.135,50.0,1.0,0,-51.0,2026-02-28 00:00:00+00:00
0x5f561abe30e2f1c1f418b707c08966f65706efd49e4ba0ba60d17afa45035217,discretionary,other,5-15K,S1,NO,0.9955,50.0,1.0,1,-51.0,2026-02-28 00:00:00+00:00
0x88c9d4dd72fe2af21e36816c8fb1e5729c5705fe8693f4fb4fdd769a45f91a7c,discretionary,other,5-15K,S1,YES,0.0025,50.0,1.0,0,-51.0,2026-02-28 00:00:00+00:00
0x1fa1a6c43ce50fce4334766ef08f265ef5e0f8765ad302c0e318895a12b1040e,discretionary,other,5-15K,S1,NO,0.915,50.0,1.0,1,-51.0,2026-02-28 00:00:00+00:00
0x599446732613178835897ddf521458d210c41f0bd573faf17ad8c5b72c18277a,discretionary,korea,5-15K,S1,YES,0.0015,50.0,1.0,0,-51.0,2026-02-28 00:00:00+00:00
0x895c592288d0afe678bff18bd0c74e6fad2200a0ec7b25c1cc0c24476e2e5afa,discretionary,other,5-15K,S1,YES,0.125,50.0,1.0,0,-51.0,2026-02-28 00:00:00+00:00
0x44c7698903ec4787ff00bf74bba257c8803b11e4afbb74d2d376a1299c4cee19,discretionary,other,5-15K,S1,NO,0.989,50.0,1.0,1,-51.0,2026-02-28 00:00:00+00:00
0x0799f444caca148ef5f550500a462833c39b9935ce9bc61375e18319e08a364a,discretionary,other,5-15K,S1,YES,0.004,50.0,1.0,0,-51.0,2026-03-03 00:00:00+00:00
0x15fedfabbde4e459d2b180fc754d56e29e0585fa9d6cb983196ff004d1090bc9,discretionary,other,5-15K,S1,NO,0.9345,50.0,1.0,1,-51.0,2026-03-03 00:00:00+00:00
0x92fa9bfd28ddbe07c035e2dad8defee4be3ffb945a2da25768a59990603ccb94,discretionary,other,5-15K,S1,NO,0.9885,50.0,1.0,1,-51.0,2026-03-03 00:00:00+00:00
0x4091bf71e79a78c76242931f80ca94ae2ca9340ccc7a607667ba96e09d9c5730,discretionary,other,5-15K,S1,YES,0.0015,50.0,1.0,0,-51.0,2026-03-03 00:00:00+00:00
0x3e3ddc44cdb765771c07b5898b9025c468c908f22f185810667f4fd88be24cea,discretionary,other,5-15K,S1,YES,0.005,50.0,1.0,0,-51.0,2026-03-31 00:00:00+00:00
0x6055a391e4b71183be85fb246f1527cb235c0662e09e5617ce2901c97fdcc9ba,discretionary,other,5-15K,S1,NO,0.972,50.0,1.0,1,-51.0,2026-03-31 00:00:00+00:00
0x6f41f28f3e160d0dfcc6ae58996665092e94081ef0b0d53d092582d70ab59ff1,discretionary,other,5-15K,S1,YES,0.0135,50.0,1.0,0,-51.0,2026-03-31 00:00:00+00:00
0x6791ea58d6bdaf33dd36a9194a8810408b44a5e4eac836209c950ad46893bf6e,discretionary,other,5-15K,S1,YES,0.007,50.0,1.0,0,-51.0,2026-04-03 16:00:00+00:00
0x3bf2955dbfde4496dff53d247355bf74cfc41397538b8678587b3462b6584451,discretionary,other,5-15K,S1,YES,0.095,50.0,1.0,0,-51.0,2026-04-05 00:00:00+00:00
0xf796efc04b4280e760fcb777ab8d33519ff777e36c680959ebb4fe6b84cc99ef,discretionary,other,5-15K,S1,YES,0.0015,50.0,1.0,0,-51.0,2026-04-07 16:00:00+00:00
0x83e0999fad067bfa7213444cd7dd55f4480d381fefa3656c38aa13ee0deaf970,discretionary,other,5-15K,S1,YES,0.003,50.0,1.0,0,-51.0,2026-04-12 00:00:00+00:00
0x613e429931f3073610c3a54c5c80c592fb9b949da3d5fbc8375bf5e9f188fc20,discretionary,other,5-15K,S1,YES,0.145,50.0,1.0,0,-51.0,2026-04-12 00:00:00+00:00
0x46e6e6b6166e36aa34595642bb5c534c64c6d8d6d86ea5c8beece600581efce3,discretionary,other,5-15K,S1,YES,0.0005,50.0,1.0,0,-51.0,2026-04-14 16:00:00+00:00
0x0939fff091b132b98cf3e3d7998d5033c60fd20f41999f7f450846653fc32642,discretionary,other,5-15K,S1,YES,0.0145,50.0,1.0,0,-51.0,2026-04-16 00:00:00+00:00
0xb45e08056a9cd66a37d8097eb47a1c97517934bdcabfb490d177166df7314ffa,discretionary,other,5-15K,S1,YES,0.0155,50.0,1.0,0,-51.0,2026-04-19 00:00:00+00:00
0xc64b0a947b10179c675fb093e0565af6a522edef28423175541614eaca9646b7,discretionary,other,5-15K,S1,YES,0.075,50.0,1.0,0,-51.0,2026-04-19 00:00:00+00:00
0xf0519224d6082069e2f4d63b7b8c463a174679a739e75b8c5c57d9e6f75b53ac,discretionary,other,5-15K,S1,YES,0.065,50.0,1.0,0,-51.0,2026-04-30 00:00:00+00:00
0x58cc4219cc5e48ce9594245db8942caed74a131a824ececaa2df6c20ded6319b,discretionary,iran,5-15K,S1,NO,0.895,50.0,1.0,1,-51.0,2026-04-30 00:00:00+00:00
0x79a3155deb0060fe904f446def4d0c7b0e32dbb0b6ec1d29900d2ae14a171e50,discretionary,other,5-15K,S1,NO,0.9605,50.0,1.0,1,-51.0,2026-04-30 00:00:00+00:00
0x055e4a40d880f0a821b131d74dbb170952b41988cd763f6baeeb1fe72770abe9,discretionary,iran,5-15K,S1,YES,0.0095,50.0,1.0,0,-51.0,2026-04-30 00:00:00+00:00
0xa571de6630800eb1dcd9cf6a39113b6e436f748335c7bf88e126ee14078177d3,discretionary,iran,5-15K,S1,YES,0.0005,50.0,1.0,0,-51.0,2026-04-30 00:00:00+00:00
0xf05a4a187e05875b6d26389008dfc68edb9f026341ac98b5becf455276af478e,discretionary,iran,5-15K,S1,YES,0.0175,50.0,1.0,0,-51.0,2026-04-30 00:00:00+00:00
0xb32a8f9d6a33d17afda204649706b6a6e2684f5b4a983b3713da55b51fbe44af,discretionary,iran,5-15K,S1,NO,0.91,50.0,1.0,1,-51.0,2026-04-30 00:00:00+00:00
0xb115de5476741ec60696e6f08ed2ca791f3156b324bebe191f71e1198d38199b,discretionary,other,5-15K,S1,YES,0.14,50.0,1.0,0,-51.0,2026-04-30 00:00:00+00:00
0xbd5d1e406ef6afdf1bbf2fe3ccb2b936f3bac9a163a291b58c01cd03d830288d,discretionary,other,5-15K,S1,NO,0.97,50.0,1.0,1,-51.0,2026-05-05 00:00:00+00:00
0x0dd54661592b361dd215f93c4e443621ae49d43c74e45d9ab7580c84f3b20a2c,discretionary,other,5-15K,S1,YES,0.0065,50.0,1.0,0,-51.0,2026-05-05 00:00:00+00:00
0x7842b4eed48ae877d51805b0b09aad798e7ce12d52ba67f0b7e90ca75a3a6e76,discretionary,other,5-15K,S1,YES,0.005,50.0,1.0,0,-51.0,2026-05-05 00:00:00+00:00
0x0a68368782ad0b7798c3802233513ce20004906f69d24431a548e15a19bc2891,discretionary,other,5-15K,S1,NO,0.9695,50.0,1.0,1,-51.0,2026-06-30 00:00:00+00:00
0x3f24b4802bac08dcd85567198b079804e2fe914d7391e78fa55bb96d06abc3b8,discretionary,other,5-15K,S1,YES,0.0025,50.0,1.0,0,-51.0,2026-07-31 00:00:00+00:00
0xdc1559dc50cf439c5f97050984e11a3c0906712a2d536586df2c19dfbab2b9eb,discretionary,other,5-15K,S1,YES,0.015,50.0,1.0,0,-51.0,2026-12-31 00:00:00+00:00
0x089f3132b49c8db05df452752b6f3036a9e8f893e4a032cd8683fe16f85a75d4,discretionary,other,5-15K,S1,YES,0.002,50.0,1.0,0,-51.0,2026-12-31 00:00:00+00:00
0xba969da61cd51a1bc5fc2368f25d15b45588dfa87d7dbffd720186c771be7eb6,discretionary,other,5-15K,S1,YES,0.0095,50.0,1.0,0,-51.0,2026-12-31 00:00:00+00:00
0x0e01611dacdfeb89e9e02d4e74e5094e25b6334cc0c5842e84905e1b2704be13,discretionary,other,5-15K,S2,YES,0.005,50.0,1.0,0,-51.0,2024-08-06 12:00:00+00:00
0x3c56b8d7b69bee2c0d9ec5d8a93f632a6f27d147844c8dfa726704e1fbd08d79,discretionary,other,5-15K,S2,NO,0.375,50.0,1.0,1,-51.0,2025-09-07 05:00:00+00:00
0x1859f2db5700c12c754b8d4c1f7fb0b663df1c90cf1c0b2a931744ed9d9ff002,discretionary,other,5-15K,S2,YES,0.215,50.0,1.0,0,-51.0,2025-09-30 00:00:00+00:00
0xb48372708bdfadbd7e045a1838847f5b2e80ff2c9aac5fcfb314c14168c5ffb0,discretionary,other,5-15K,S2,YES,0.28,50.0,1.0,0,-51.0,2025-10-19 00:00:00+00:00
0x2bf00860d0daa4aa11d5f6e5aba62407c5f82225e652f6405701d9ddd83c5a6c,discretionary,other,5-15K,S2,NO,0.75,50.0,1.0,1,-51.0,2026-01-04 00:00:00+00:00
0x3b300c36b9c836df7abfc11d27e3772bcb43697be2c1ffa3bd8f614b500298ca,discretionary,other,5-15K,S2,NO,0.9905,50.0,1.0,1,-51.0,2026-02-01 00:00:00+00:00
0x56cb1f63d508262c16a4af7dd4a5d18d07288ebb03c1e8fb5242a1692692b7c5,discretionary,other,5-15K,S2,NO,0.9945,50.0,1.0,1,-51.0,2026-02-01 00:00:00+00:00
0x276b0a06595274f60a004b6d1de663b270d3c92fd42052d895d9fa0bd8b46750,discretionary,other,5-15K,S2,NO,0.9955,50.0,1.0,1,-51.0,2026-02-08 00:00:00+00:00
0x67a6e3228b394eb8a29663cc329d4c727d32dd0034e990b11c9f74663815b839,discretionary,other,5-15K,S2,YES,0.33,50.0,1.0,0,-51.0,2026-02-15 00:00:00+00:00
0x35bb21df72dfd9ce9bb57e14fd449ff339f51dcb6a91e3604b1748ccf2f85b1c,discretionary,other,5-15K,S2,YES,0.21,50.0,1.0,0,-51.0,2026-02-22 00:00:00+00:00
0xf7f72f4aa935744918cf3ddf3fc85d10762a7a0adec293957dafda85e233f334,discretionary,other,5-15K,S2,YES,0.135,50.0,1.0,0,-51.0,2026-02-28 00:00:00+00:00
0x481657a00b8ad571ec4ac87f26c6911ab43b234da326b298da7d663b8ffc3b3d,discretionary,other,5-15K,S2,YES,0.225,50.0,1.0,0,-51.0,2026-02-28 00:00:00+00:00
0x3bf2955dbfde4496dff53d247355bf74cfc41397538b8678587b3462b6584451,discretionary,other,5-15K,S2,YES,0.095,50.0,1.0,0,-51.0,2026-04-05 00:00:00+00:00
0x1563b185a42f2f5ed9f686cc6ea156b544736ae6becbf1757b65443fac89ec43,discretionary,other,5-15K,S2,YES,0.27,50.0,1.0,0,-51.0,2026-04-12 00:00:00+00:00
0x37426c459b51c7f10b550f643feae2788516ea46261c862b5f6883d8b4314a4c,discretionary,other,5-15K,S2,NO,0.465,50.0,1.0,1,-51.0,2026-04-28 00:00:00+00:00
0xb115de5476741ec60696e6f08ed2ca791f3156b324bebe191f71e1198d38199b,discretionary,other,5-15K,S2,YES,0.14,50.0,1.0,0,-51.0,2026-04-30 00:00:00+00:00
0x939643150756c693fa321aa8dc30bafd44ca71d608ee11ef66941688e63fb6f5,discretionary,other,5-15K,S3,YES,0.085,50.0,1.0,0,-51.0,2025-02-28 12:00:00+00:00
0x447e4b169e62d6a0c3131c52df11a471b760f25e395e701a0c165f7b9d0cbad9,discretionary,other,5-15K,S3,YES,0.085,50.0,1.0,0,-51.0,2025-06-30 00:00:00+00:00
0x669b35203fbaaf260e1e5198b8ca2ebd7887d7ffa6985dab99abb0bf94ef674e,discretionary,other,5-15K,S3,YES,0.08,50.0,1.0,0,-51.0,2025-09-08 00:00:00+00:00
0xa05e5a87b0576f0cd1929145fce0bc6a4ed33d90a08e0319950075c6c0f0a0a8,discretionary,other,5-15K,S3,YES,0.085,50.0,1.0,0,-51.0,2025-09-08 00:00:00+00:00
0x61ca1f1af4ba9c66bd3ead0ea599f61996f34f0d9400648d63709859fb92f53c,discretionary,other,5-15K,S3,YES,0.255,50.0,1.0,0,-51.0,2025-10-29 00:00:00+00:00
0x9a615cbdd9d230739f633023c4ddcab6b38e37d9e7551f3d6297ee48f78eda2a,discretionary,other,5-15K,S3,YES,0.265,50.0,1.0,0,-51.0,2025-11-04 00:00:00+00:00
0xe1386710b61e8f800a3b27ed14528c4bc4756572451c7c97d140c5e8d8030f55,discretionary,other,5-15K,S3,NO,0.57,50.0,1.0,0,65.27906976744185,2025-11-12 00:00:00+00:00
0x680f7b23a5530b558ffe24268eb281fee6446352c05c3710197cc71f984165d3,discretionary,other,5-15K,S3,YES,0.255,50.0,1.0,0,-51.0,2025-11-21 00:00:00+00:00
0xf461498d1b6c25b57eb9e2a61d33b6410593f6d48d891f2e0d8ebf23f509988a,discretionary,other,5-15K,S3,NO,0.58,50.0,1.0,1,-51.0,2025-12-10 00:00:00+00:00
0xe162833f35f03acd299aaf72ec2cc4da4ef8aee209da3bb63a5e3148fab3962f,discretionary,other,5-15K,S3,YES,0.45,50.0,1.0,0,-51.0,2026-02-11 00:00:00+00:00
0xc192b7a27fdc74f8e77ba65a6d553bcfa88723cbae6bcbbb2ac539b532ce9db4,discretionary,other,5-15K,S3,NO,0.715,50.0,1.0,1,-51.0,2026-02-24 00:00:00+00:00
0x4413ead4b809809217039b9a07e7d982485d0c8c4814f909caf7effe68f202c4,discretionary,other,5-15K,S3,NO,0.715,50.0,1.0,1,-51.0,2026-02-24 00:00:00+00:00
0xb60ff6bafcf4a93f264367439e27f6efb179100008c9b4e50e91c463e4100a6e,discretionary,other,5-15K,S3,YES,0.29,50.0,1.0,0,-51.0,2026-04-12 00:00:00+00:00
0x40144d050887a9e17375489e7a176f5c53712b75753db33b74be351621992ef3,discretionary,other,5-15K,S3,YES,0.155,50.0,1.0,1,271.5806451612903,2026-04-19 00:00:00+00:00
0xbc692175b4f15cf690207042084c0b6251f6263e8516d999306d431a832c1f41,discretionary,other,5-15K,S3,YES,0.225,50.0,1.0,0,-51.0,2026-04-28 00:00:00+00:00
0xf0519224d6082069e2f4d63b7b8c463a174679a739e75b8c5c57d9e6f75b53ac,discretionary,other,5-15K,S3,YES,0.065,50.0,1.0,0,-51.0,2026-04-30 00:00:00+00:00
0x7176ea2c885ca312ef235ee387aa1268c93b2665174b8eb84e23cc2fb2405157,discretionary,other,5-15K,S4,NO,0.0035,50.0,1.0,0,-0.8243853487205257,2024-01-26 00:00:00+00:00
0x516926e359f14dd1e7b5d2c54948253a521597169819bd896e80e11223862e04,discretionary,other,5-15K,S4,NO,0.003,50.0,1.0,0,-0.8495486459378156,2024-09-06 12:00:00+00:00
0xbe2b2808fd555bc847b54dd65116539f79d1639d27a17da5626cbd31e2835683,discretionary,other,5-15K,S4,NO,0.0035,50.0,1.0,0,-0.8243853487205257,2024-09-29 12:00:00+00:00
0xc61529c5988583ee3a6f753bd15db17b81ba19548a607e00f5238d48eb38a10b,discretionary,other,5-15K,S4,NO,0.0205,50.0,1.0,0,0.0464522715671265,2024-09-30 12:00:00+00:00
0xdccfe732bdb97b0c9157d27d5f8f5f8b51fab0d4453f0885882b0f73fbe18b32,discretionary,other,5-15K,S4,NO,0.085,50.0,1.0,0,3.644808743169399,2024-10-27 12:00:00+00:00
0x64491574bb603c1bcda36090a23d8401db5116cf7c48b4499e4ec44386d194d9,discretionary,other,5-15K,S4,NO,0.016,50.0,1.0,0,-0.18699186991869965,2024-11-08 12:00:00+00:00
0x80cd2c45399e16f58d51f9b10a9b376880f1d4cc47caf14732fabc10698d8ee5,discretionary,other,5-15K,S4,NO,0.06,50.0,1.0,0,2.191489361702132,2024-11-14 12:00:00+00:00
0xc59e9fb081b5c3397ce2d66108d497c787f731768b7f32bbe86b5ff2fdb453ed,discretionary,other,5-15K,S4,NO,0.033,50.0,1.0,0,0.7063081695966957,2025-01-20 12:00:00+00:00
0xdd8f6ee8450f775642b7982bba551d112057a4585468012a0f0e12e42c5c50ed,discretionary,other,5-15K,S4,NO,0.0035,50.0,1.0,0,-0.8243853487205257,2025-01-20 12:00:00+00:00
0x84d3f50aed81bd7e414e0e9f86f07b9ca439c4d672d7141562f9ff3dfe740b10,discretionary,other,5-15K,S4,NO,0.135,50.0,1.0,0,6.8034682080924895,2025-01-20 12:00:00+00:00
0x350401bb1fb8db6dd486595f9e47c0ef93a1fe5e3d6c646ad3916c9d2f8572c4,discretionary,other,5-15K,S4,NO,0.0105,50.0,1.0,0,-0.4694290045477558,2025-02-07 12:00:00+00:00
0x8f40d01bba5ef204437e11663ae8c40af0f613e816d1b86978806fe3e0b3a903,discretionary,other,5-15K,S4,NO,0.0005,50.0,1.0,0,-0.9749874937468732,2025-02-14 12:00:00+00:00
0x937b00af36c37c4f0a627bfa522c5aa677d661588851b368715af2e58bb1b20f,discretionary,other,5-15K,S4,NO,0.0215,50.0,1.0,0,0.09862033725089248,2025-02-14 12:00:00+00:00
0x1e96d97deb425994b88fc71e7ed335c9f64fe9bd674b0070dcade07b535c955e,discretionary,other,5-15K,S4,NO,0.0125,50.0,1.0,0,-0.3670886075949369,2025-02-14 12:00:00+00:00
0x6d278d07154de8765c96a5e0c12cea5bfb31ebf52f843ad9d406bf59ead66fad,discretionary,other,5-15K,S4,NO,0.007,50.0,1.0,0,-0.6475327291037232,2025-03-14 12:00:00+00:00
0x2a0dfcba4bf202737819f15d1a938c875c0b45019a822c4ea146233a8a124b27,discretionary,other,5-15K,S4,NO,0.0095,50.0,1.0,0,-0.5204442200908659,2025-03-31 12:00:00+00:00
0xf82f80421d0a6535c8480f042a0899f52ac09c67502c2504e6352cb2320c2215,discretionary,other,5-15K,S4,NO,0.008,50.0,1.0,0,-0.5967741935483843,2025-03-31 12:00:00+00:00
0x466fa40a6f366eb2e9e7289520ece51c00ba09b093a1170ec9245a3a5bf6b4dd,discretionary,other,5-15K,S4,NO,0.115,50.0,1.0,0,5.497175141242934,2025-06-20 00:00:00+00:00
0x4e67f9c7e72b7f10427b8f152bdce42ab9b9bf9209bc5662dbacf384bbd2a4c6,discretionary,other,5-15K,S4,NO,0.002,50.0,1.0,0,-0.8997995991983956,2025-06-30 12:00:00+00:00
0x984d1ee788ff724a30af27cd77ef74455b49bf6382460aceabbec94f01961a35,discretionary,other,5-15K,S4,NO,0.0155,50.0,1.0,0,-0.21279837480955166,2025-06-30 12:00:00+00:00
0xfca1a2c7262a3718b3079428b50dd4114add3f48d1e44f9692b34e1f4ebe32a6,discretionary,other,5-15K,S4,NO,0.001,50.0,1.0,0,-0.9499499499499464,2025-06-30 12:00:00+00:00
0x8cbd1eec9f4fec06441183d51ece9d314f9d90439b8faa1e9c3a56c3cd70a68a,discretionary,other,5-15K,S4,NO,0.0005,50.0,1.0,0,-0.9749874937468732,2025-06-30 12:00:00+00:00
0xf8b56301ef6e79875a783a89dbc4c1fe29be4152858a2f2c2d96fa52e8be5dc1,discretionary,other,5-15K,S4,NO,0.017,50.0,1.0,0,-0.1353001017293991,2025-06-30 12:00:00+00:00
0x2b52c752e7565b54fdd0c60d6c6db006dd4422611a9799d381285fa1771395f3,discretionary,other,5-15K,S4,NO,0.0015,50.0,1.0,0,-0.9248873309964978,2025-06-30 12:00:00+00:00
0x3f6d0c5fb6274a88afa19b9e6f4e5cecd719324ade47c97aff7883002880d64e,discretionary,other,5-15K,S4,NO,0.055,50.0,1.0,1,-51.0,2025-07-19 00:00:00+00:00
0xe5ee25ddde1a96b51f26dc44e782147d56a4f401a8df9e1705e69c9c2ed45652,discretionary,other,5-15K,S4,NO,0.0005,50.0,1.0,0,-0.9749874937468732,2025-07-31 00:00:00+00:00
0x2824d2633fafe8985a611c408b99505c18c7d9be4f05bd044e0a8085f9f2dcb1,discretionary,other,5-15K,S4,NO,0.0005,50.0,1.0,0,-0.9749874937468732,2025-07-31 00:00:00+00:00
0xc4c1335387edfaf4729f49cab9f9541e6de3299fecf11224de7fd4fba6e3d39c,discretionary,other,5-15K,S4,NO,0.085,50.0,1.0,0,3.644808743169399,2025-08-24 00:00:00+00:00
0xeb005a466ab396190a47e815c0855820d554716e0873cff67a30a690f4174ba1,discretionary,israel,5-15K,S4,NO,0.045,50.0,1.0,0,1.356020942408378,2025-10-01 00:00:00+00:00
0xddb66024ea0bf7c7ea00880ec00d576b4b964cddfe260c4ee2cfe5d942ec24de,discretionary,other,5-15K,S4,NO,0.0015,50.0,1.0,0,-0.9248873309964978,2025-11-16 00:00:00+00:00
0xfdd1e93d6de891bcd7317688268f81882d9082ba8de09b592e53b63a90d43267,discretionary,other,5-15K,S4,NO,0.04,50.0,1.0,0,1.0833333333333357,2025-11-16 00:00:00+00:00
0x28bddef098300d985d7d68d10d7d2a8661db61b059e8ca013ee68af7542b273e,discretionary,other,5-15K,S4,NO,0.011,50.0,1.0,0,-0.44388270980788747,2025-11-16 00:00:00+00:00
0xa22f66e9deb9f2b7d17fa59ab7b3c277772bafe39ee3b4dfc5c34c99419108fa,discretionary,other,5-15K,S4,NO,0.065,50.0,1.0,0,2.475935828876999,2025-11-28 00:00:00+00:00
0xf74dc702c52c37ff6654148cbea82cdef18209fc8a702fd018c54c1619bf789b,discretionary,other,5-15K,S4,NO,0.0005,50.0,1.0,0,-0.9749874937468732,2025-12-31 00:00:00+00:00
0x6e2a4b6c85ab696a130e69a768b5b045be55f11d4cbb337c10c8633060f96429,discretionary,other,5-15K,S4,NO,0.0035,50.0,1.0,0,-0.8243853487205257,2025-12-31 00:00:00+00:00
0xafdeaa4b9b41a2eb8b450360f190b7c129f8de71de8faf8af8ba53d0db4fa2f2,discretionary,other,5-15K,S4,NO,0.0115,50.0,1.0,0,-0.4183105715730946,2025-12-31 00:00:00+00:00
0xcecc8bb7906099b97d3bfc3890c0640cca8e934d66f65c5f185b0c1b263e0973,discretionary,other,5-15K,S4,NO,0.0025,50.0,1.0,0,-0.8746867167919845,2025-12-31 00:00:00+00:00
0x17aae6dd6e7679ceb532fd10f72e0ca6912ae8d6063e7aa3d3dda7d1b6e600b1,discretionary,other,5-15K,S4,NO,0.0015,50.0,1.0,0,-0.9248873309964978,2025-12-31 00:00:00+00:00
0xf143aa3a6c93f0a82e38e242d7b0ae7bcc8ffe0f7fa310a0960a6025312c0277,discretionary,other,5-15K,S4,NO,0.075,50.0,1.0,1,-51.0,2026-01-17 00:00:00+00:00
0xe8c0a798faae1448aa0a038657a14dae1ba58a18e3ad3f38b5231d3d86057a0a,discretionary,other,5-15K,S4,NO,0.001,50.0,1.0,0,-0.9499499499499464,2026-01-25 00:00:00+00:00
0x290d12210eb22e590dde359f968f421b5c595571c0c4830476a6b8aa7c9bc5d1,discretionary,israel,5-15K,S4,NO,0.048,50.0,1.0,0,1.5210084033613498,2026-02-24 00:00:00+00:00
0x2d62fd0b35a3999aab9ffad1fd0343bd21cd076b5e54b4e7e47e7153f8d67285,discretionary,other,5-15K,S4,NO,0.004,50.0,1.0,0,-0.7991967871485954,2026-02-27 17:00:00+00:00
0x3e3ddc44cdb765771c07b5898b9025c468c908f22f185810667f4fd88be24cea,discretionary,other,5-15K,S4,NO,0.005,50.0,1.0,0,-0.7487437185929622,2026-03-31 00:00:00+00:00
0x6791ea58d6bdaf33dd36a9194a8810408b44a5e4eac836209c950ad46893bf6e,discretionary,other,5-15K,S4,NO,0.007,50.0,1.0,0,-0.6475327291037232,2026-04-03 16:00:00+00:00
0x3bf2955dbfde4496dff53d247355bf74cfc41397538b8678587b3462b6584451,discretionary,other,5-15K,S4,NO,0.095,50.0,1.0,0,4.248618784530386,2026-04-05 00:00:00+00:00
0xf796efc04b4280e760fcb777ab8d33519ff777e36c680959ebb4fe6b84cc99ef,discretionary,other,5-15K,S4,NO,0.0015,50.0,1.0,0,-0.9248873309964978,2026-04-07 16:00:00+00:00
0x613e429931f3073610c3a54c5c80c592fb9b949da3d5fbc8375bf5e9f188fc20,discretionary,other,5-15K,S4,NO,0.145,50.0,1.0,0,7.4795321637426895,2026-04-12 00:00:00+00:00
0x46e6e6b6166e36aa34595642bb5c534c64c6d8d6d86ea5c8beece600581efce3,discretionary,other,5-15K,S4,NO,0.0005,50.0,1.0,0,-0.9749874937468732,2026-04-14 16:00:00+00:00
0x055e4a40d880f0a821b131d74dbb170952b41988cd763f6baeeb1fe72770abe9,discretionary,iran,5-15K,S4,NO,0.0095,50.0,1.0,0,-0.5204442200908659,2026-04-30 00:00:00+00:00
0xa571de6630800eb1dcd9cf6a39113b6e436f748335c7bf88e126ee14078177d3,discretionary,iran,5-15K,S4,NO,0.0005,50.0,1.0,0,-0.9749874937468732,2026-04-30 00:00:00+00:00
0xf05a4a187e05875b6d26389008dfc68edb9f026341ac98b5becf455276af478e,discretionary,iran,5-15K,S4,NO,0.0175,50.0,1.0,0,-0.1094147582697218,2026-04-30 00:00:00+00:00
0xba969da61cd51a1bc5fc2368f25d15b45588dfa87d7dbffd720186c771be7eb6,discretionary,other,5-15K,S4,NO,0.0095,50.0,1.0,0,-0.5204442200908659,2026-12-31 00:00:00+00:00
0x6727df9eedb122a2f1e182709da2475dc7860e56d1ce7dc5b1155ba0199a8faa,discretionary,other,15-50K,S1,YES,0.12,50.0,1.0,0,-51.0,2024-03-17 00:00:00+00:00
0x029327103f06eecb01600bbb678e5b1bc27eaa17d27f6cfbe5d9a415ec46776e,discretionary,other,15-50K,S1,YES,0.0015,50.0,1.0,0,-51.0,2024-03-31 12:00:00+00:00
0x152c134a6603134d47643b976b9bcb275b35fa4ac259f5bfce2c9c5c328fa4a7,discretionary,other,15-50K,S1,NO,0.95,50.0,1.0,1,-51.0,2024-05-08 12:00:00+00:00
0x8e97cc08d441a872877f33d66730a30c98a3735c5b64cd72a9b9e779c9737c8f,discretionary,korea,15-50K,S1,YES,0.013,50.0,1.0,0,-51.0,2024-05-31 12:00:00+00:00
0x25078e84b111eba2d9ff88fdd9120d1e0e30227c05b1076bd245770c4c7ca653,discretionary,other,15-50K,S1,YES,0.0115,50.0,1.0,0,-51.0,2024-05-31 12:00:00+00:00
0x654f1c8a3ce4e61961af9b620f36cfa8a6d48429bf9951ae5951ae3d5815ec4f,discretionary,iran,15-50K,S1,YES,0.11,50.0,1.0,0,-51.0,2024-06-09 12:00:00+00:00
0x9481768ac6a92513844183022afe2f4093f38245f427cdeb291c0480f9dbbe51,discretionary,other,15-50K,S1,YES,0.0255,50.0,1.0,0,-51.0,2024-07-04 12:00:00+00:00
0x238b1d5bd9d37fdfb4b840be41984397d7b39320bbdf08b21ecb50cbe100186e,discretionary,other,15-50K,S1,YES,0.002,50.0,1.0,0,-51.0,2024-07-04 12:00:00+00:00
0xdf4d0baef31895effa199e618abe9ae3a8d6288bddcaad4e6ecd6df09594c25e,discretionary,other,15-50K,S1,YES,0.0175,50.0,1.0,0,-51.0,2024-07-04 12:00:00+00:00
0x4e4e752f13a3313eef2577a99f3aff16ac7b4f2543fd9edb0c61d8405993211e,discretionary,iran,15-50K,S1,NO,0.9905,50.0,1.0,1,-51.0,2024-07-20 12:00:00+00:00
0x2303e7d877d176ee0641ebbd6b1be54f2c312ef5f53243e370c8e89cdcdc926a,discretionary,other,15-50K,S1,YES,0.0045,50.0,1.0,0,-51.0,2024-07-31 12:00:00+00:00
0x67d4918c6c8cd6c1c831e1555582d6e39c0fef1040a44bc3bf3a9900582d14a2,discretionary,other,15-50K,S1,YES,0.0405,50.0,1.0,0,-51.0,2024-08-30 12:00:00+00:00
0x6083e93af7bd4b4d45d6cf8d7059815fe073fcab1df2d5e0e08f53ce54eadc14,discretionary,other,15-50K,S1,YES,0.0025,50.0,1.0,0,-51.0,2024-08-30 12:00:00+00:00
0x4868359ffa5253cc5b4ced05612845ec5bd7fb4072324b62332033a8f895bcd3,discretionary,other,15-50K,S1,YES,0.015,50.0,1.0,0,-51.0,2024-09-30 12:00:00+00:00
0xb49048083ea92ebf7a9a798f553ccde94ca107acd996dc5dfabc6cc9921055e9,discretionary,other,15-50K,S1,YES,0.1,50.0,1.0,0,-51.0,2024-10-04 12:00:00+00:00
0x9233fe6628a1aa25492294ab5774bcd18ad6accc00d883da620b27559f32c11d,discretionary,other,15-50K,S1,YES,0.0195,50.0,1.0,0,-51.0,2024-10-04 12:00:00+00:00
0xe12d115758e9e24fc40fda30fadce06aa960bcb5336cbc85071918a5c7fdfa2d,discretionary,other,15-50K,S1,YES,0.0175,50.0,1.0,0,-51.0,2024-10-11 12:00:00+00:00
0x111a93cf9000b6d7f004327c60e01374596e3e3718d37054e4b525151916e38e,discretionary,other,15-50K,S1,YES,0.003,50.0,1.0,0,-51.0,2024-10-13 12:00:00+00:00
0x457a6133557b924bc6ffc9d7d3831334072ee526b209963629496fd1b82ad500,discretionary,other,15-50K,S1,YES,0.002,50.0,1.0,0,-51.0,2024-10-27 12:00:00+00:00
0x626436e51a9b7486bf356594f29de0c729ae4e88b4c196e58d2eb9cc8d4105f9,discretionary,other,15-50K,S1,YES,0.0025,50.0,1.0,0,-51.0,2024-10-28 12:00:00+00:00
0x0c7d74eeb5c8e9ee6f642a190e445ae853f54e3e36d9e290de7dafb54f8c3feb,discretionary,israel,15-50K,S1,NO,0.996,50.0,1.0,1,-51.0,2024-10-31 12:00:00+00:00
0x285e4aabc9c3c3234e3bd8f1e35aecde7dbb7cec879a53b231a2bd78831a3c63,discretionary,other,15-50K,S1,YES,0.125,50.0,1.0,0,-51.0,2024-11-01 12:00:00+00:00
0x7ba7837a3ae2e0aaa1a5e4a4f2b8ece8855ad0190e12d4cd0d372edd70174dd1,discretionary,other,15-50K,S1,YES,0.085,50.0,1.0,1,537.2352941176471,2024-11-01 12:00:00+00:00
0x729d6207e0e0093ab731cdb1c476bca1739280ba91cdc702b0ae53068ed65198,discretionary,other,15-50K,S1,YES,0.0295,50.0,1.0,0,-51.0,2024-11-04 12:00:00+00:00
0x8b6d62510907ffb835b26f6dc52bb0b1effef6a5c9139c89ccc753b9c58fc482,discretionary,other,15-50K,S1,YES,0.0075,50.0,1.0,0,-51.0,2024-11-04 12:00:00+00:00
0x78dca20ad6401138b24acc0d953b58fd2676128a92afb515f257dd334da9023c,discretionary,other,15-50K,S1,YES,0.0075,50.0,1.0,0,-51.0,2024-11-05 12:00:00+00:00
0x2a1b9dbbe06dc0f6df7897c2154869a56bed24a2dc538b68b336e03b0c9625c6,discretionary,other,15-50K,S1,YES,0.115,50.0,1.0,0,-51.0,2024-11-05 12:00:00+00:00
0x29e7164544fd3c577bd2da5a9079ba388b1e4dcd6c52cb70bac4eb75abf00173,discretionary,other,15-50K,S1,NO,0.87,50.0,1.0,1,-51.0,2024-11-05 12:00:00+00:00
0x27e47fcc55d252f5ffeee42bf8e2d7d6d5a54e4ff7a31e95e5cb057e18b7d0dc,discretionary,other,15-50K,S1,YES,0.029,50.0,1.0,0,-51.0,2024-11-05 12:00:00+00:00
0xf6d2f149653747b4aea397565f4f562a50e0b5e0860c739f9a1fc79b76244032,discretionary,other,15-50K,S1,YES,0.0075,50.0,1.0,0,-51.0,2024-11-05 12:00:00+00:00
0x6281da0c3cee2da5dfbdbaa9489b535f2295bc5d65159c4718d7f95738ddebc8,discretionary,other,15-50K,S1,YES,0.0065,50.0,1.0,0,-51.0,2024-11-05 12:00:00+00:00
0x4e2f47832d9b760e5cd51368e899e421d2551524205cce86cf98ee9ec0703a88,discretionary,other,15-50K,S1,NO,0.987,50.0,1.0,1,-51.0,2024-11-05 12:00:00+00:00
0x8abc1dbf73fec5af7107a682fdbecce4f4294afbd84fd4d857b103dd8a32f2ce,discretionary,other,15-50K,S1,YES,0.002,50.0,1.0,0,-51.0,2024-11-12 12:00:00+00:00
0xde869f771487aed89216a080b2279edc9de57735172f46d634643c0403e988f6,discretionary,other,15-50K,S1,YES,0.011,50.0,1.0,0,-51.0,2024-11-15 12:00:00+00:00
0x0cd78cbbc9196f363db2f4c6003504168526b7deaf3d1e79231d1c2ac97329ca,discretionary,other,15-50K,S1,YES,0.07,50.0,1.0,1,663.2857142857142,2024-11-15 12:00:00+00:00
0x964af551780a10a7a7be4cba2e441126830b18b831387f9b8006b3ff2371e744,discretionary,other,15-50K,S1,YES,0.0005,50.0,1.0,0,-51.0,2024-11-16 12:00:00+00:00
0x4ed3add94cc122aade943eb59d747bcfdc5068961ba27f1c2b1c4d1ff21d2dc1,discretionary,other,15-50K,S1,YES,0.135,50.0,1.0,0,-51.0,2024-11-30 12:00:00+00:00
0x702abe9529336493889acfd656d5169f0aebd96f97d3afc4a8c7a3a5cf71ae7e,discretionary,other,15-50K,S1,YES,0.0995,50.0,1.0,0,-51.0,2024-12-31 12:00:00+00:00
0x6a539d6b727716a683def53c8ace5f876a2b01b4fd4b74675a89e4c4ed9788e5,discretionary,other,15-50K,S1,YES,0.003,50.0,1.0,0,-51.0,2024-12-31 12:00:00+00:00
0xc0cd9248d65fdc84719c2dd5b386651bfb888cfae1f91c11ec39c3382daac301,discretionary,other,15-50K,S1,YES,0.009,50.0,1.0,0,-51.0,2024-12-31 12:00:00+00:00
0x61075b95e0441d8d7248f6e206d4c6efc511020565ce96f8b92435fbfb0df7e2,discretionary,other,15-50K,S1,YES,0.0205,50.0,1.0,0,-51.0,2024-12-31 12:00:00+00:00
0x026bd42df2b17550ad5edceb43f95553b254deb94571905c5338cb3dc5a801ab,discretionary,other,15-50K,S1,YES,0.09,50.0,1.0,0,-51.0,2025-01-10 12:00:00+00:00
0xc87eefa985446d46cd4251c089e120d6583f532df43d2f6a277b5c253097be8e,discretionary,other,15-50K,S1,YES,0.0045,50.0,1.0,0,-51.0,2025-01-19 12:00:00+00:00
0x380f7150652303197abdd7cebd9cfd188d4c34bf0d74dc8e0985010d23182a53,discretionary,other,15-50K,S1,YES,0.0015,50.0,1.0,0,-51.0,2025-01-20 12:00:00+00:00
0xe20ccccd24a2cb5b16a649b7843502672c8c6ab3b8982614487fe87340e16c30,discretionary,other,15-50K,S1,YES,0.0055,50.0,1.0,0,-51.0,2025-01-27 12:00:00+00:00
0xe00794dfbf7c8cbe606e335f542a22f1f1a1f6e40d4061fb5d3598e88f27fe2b,discretionary,other,15-50K,S1,YES,0.09,50.0,1.0,0,-51.0,2025-01-29 12:00:00+00:00
0xb146887546d8b19d236f10c247baa0c3fef5d6ca242b24b0ed3b66b857cdc71c,discretionary,other,15-50K,S1,YES,0.14,50.0,1.0,0,-51.0,2025-01-29 12:00:00+00:00
0xa04150f69e6b4b0faad54b940a0e4d65744722ea254597c75578ecaa96d1a5ea,discretionary,other,15-50K,S1,YES,0.0075,50.0,1.0,0,-51.0,2025-01-31 12:00:00+00:00
0xbfd324657c4d104733f50a1ac04437cab025bcf63868e82b87a2cddbe1b25903,discretionary,other,15-50K,S1,YES,0.0005,50.0,1.0,0,-51.0,2025-02-14 12:00:00+00:00
0x20a59e7c724fe4fd79b0797d17b03175ffcf79866c1e712e50a920fa90cdda76,discretionary,other,15-50K,S1,YES,0.009,50.0,1.0,0,-51.0,2025-02-27 12:00:00+00:00
0x8352897596d350e6946fe1ee342e692c7d02ab81632761edcc90f82ff21cf1ae,discretionary,other,15-50K,S1,YES,0.0005,50.0,1.0,0,-51.0,2025-03-14 12:00:00+00:00
0xe8cb25509e310da6a5bae13acef73bccdd9521b14f1c2d821a49f8466336e10e,discretionary,other,15-50K,S1,YES,0.007,50.0,1.0,0,-51.0,2025-03-21 12:00:00+00:00
0x44ed371c6f18a042223cb9f88e0a1363383657cd3a5d02a8b45c457fa1790ebf,discretionary,other,15-50K,S1,NO,0.9955,50.0,1.0,1,-51.0,2025-03-31 12:00:00+00:00
0x0a86c5aafaf6d09f50c4abd262cd688e948c9f267ca8df7882b3c68997055c1b,discretionary,other,15-50K,S1,YES,0.0115,50.0,1.0,0,-51.0,2025-03-31 12:00:00+00:00
0xd1f77a3400817730aca6f1c9508b98f2a5e591e8945b5419b617b9586a17461f,discretionary,other,15-50K,S1,YES,0.0035,50.0,1.0,0,-51.0,2025-03-31 12:00:00+00:00
0x36428bd51c8240d8063bbfbf1777f1b9e8e31f23b852f3fe14d2569f84d17401,discretionary,other,15-50K,S1,YES,0.0065,50.0,1.0,0,-51.0,2025-03-31 12:00:00+00:00
0xf882b0d63becc41ea3a990d42e137728f4cdb147cc373321075c5dfa8cdaffa1,discretionary,trump_putin,15-50K,S1,YES,0.075,50.0,1.0,0,-51.0,2025-04-18 12:00:00+00:00
0x948ab7d22a31ab218c935e3999199b8ed6698bad52bc5e717629c591bd6f4190,discretionary,other,15-50K,S1,YES,0.0115,50.0,1.0,0,-51.0,2025-04-26 12:00:00+00:00
0xa690bcb4a1214dec6c41d3992c8909fb4faa68f481e91b83510a5926c8dcb818,discretionary,other,15-50K,S1,NO,0.97,50.0,1.0,1,-51.0,2025-04-28 12:00:00+00:00
0xaf3d0dc7ae911f132057aceb5d90db5213503c47a6b07dc58e6a964ddc0b1ba5,discretionary,other,15-50K,S1,YES,0.0025,50.0,1.0,0,-51.0,2025-04-28 12:00:00+00:00
0x6ee44a32b167a5d5d05a4b6522d7304a27b8682e3314528afbd99a9cf22a3ef6,discretionary,other,15-50K,S1,YES,0.023,50.0,1.0,0,-51.0,2025-04-30 12:00:00+00:00
0x38dfaef00556eb168b46e2c9e79d49ce4725df55d8fefb3c3dab07811db8d0f1,discretionary,other,15-50K,S1,YES,0.021,50.0,1.0,0,-51.0,2025-04-30 12:00:00+00:00
0x9cf011dcb1d04832b524118515fe1076764182ff54fd2a1bc36561f1ec2f8cf2,discretionary,other,15-50K,S1,YES,0.122,50.0,1.0,0,-51.0,2025-05-03 12:00:00+00:00
0x9eb11ec0a68daa7704d91cb9cf6505afed4a920a84d99eb9f35e834682b12df2,discretionary,other,15-50K,S1,NO,0.9995,50.0,1.0,1,-51.0,2025-05-31 12:00:00+00:00
0x4323d8fe52e4f1d04ec5d088b7cff3f1613722df7f140615d689c9dd4e794368,discretionary,other,15-50K,S1,YES,0.0145,50.0,1.0,0,-51.0,2025-06-02 12:00:00+00:00
0x754e9fbe2731ad1b775887a7e83d67b92b0700546740cefb204a2499f076eafd,discretionary,other,15-50K,S1,YES,0.0005,50.0,1.0,0,-51.0,2025-06-03 12:00:00+00:00
0x54905ea776fdd41043fcf0ef8828e8062afbc4cec663822302fd0ccdb307d8b5,discretionary,other,15-50K,S1,YES,0.017,50.0,1.0,0,-51.0,2025-06-30 12:00:00+00:00
0x6fd4cff7d7e09e613ae8db200557ec8487dfb2200412e230619400b23d52b5bc,discretionary,other,15-50K,S1,YES,0.0205,50.0,1.0,0,-51.0,2025-06-30 12:00:00+00:00
0x0e0c14b89cb08fd028364656cc41b4771323ee7e0fda9c041271be62b3faf468,discretionary,other,15-50K,S1,YES,0.0005,50.0,1.0,0,-51.0,2025-06-30 12:00:00+00:00
0x3b1121fddcadbd2b8bb2c96bf815a5303b72b8f90fa3145140ab607cec232fae,discretionary,other,15-50K,S1,NO,0.999,50.0,1.0,1,-51.0,2025-06-30 12:00:00+00:00
0x9f66d14b441a5af47cf31c9f063114d67c92968174c89de7badb722e0262f6a0,discretionary,other,15-50K,S1,YES,0.0025,50.0,1.0,0,-51.0,2025-06-30 12:00:00+00:00
0x1dd8d6afc998fe922a00c46a2705c325f4bc09f9af750bedf1946513dd60c099,discretionary,other,15-50K,S1,YES,0.002,50.0,1.0,0,-51.0,2025-06-30 12:00:00+00:00
0xabcc3eed397a203fbc9e4b99fdf37c42f7015fe3fe1cff090d58574d47496685,discretionary,other,15-50K,S1,YES,0.0005,50.0,1.0,0,-51.0,2025-06-30 12:00:00+00:00
0x93f4c7d110f2ac9752f56bc448d81f393c439ee96e4342898c9c5e535bb08e4a,discretionary,other,15-50K,S1,YES,0.0005,50.0,1.0,0,-51.0,2025-07-27 12:00:00+00:00
0x65e2de7aa9d97d3c1fa818321dcba2ead3a44c42a94f29df4b008d1cddb6fa46,discretionary,iran,15-50K,S1,NO,0.9,50.0,1.0,1,-51.0,2025-07-31 00:00:00+00:00
0x1ea32b75e1572c8c471d4600b05bfa322c5e1a5ab97a95fb2b047ea798dab2ee,discretionary,china_taiwan,15-50K,S1,NO,0.9545,50.0,1.0,1,-51.0,2025-07-31 00:00:00+00:00
0x128f8900f9fcf26d6686566105a0bbb581813a0d3f16f1fa0a0324e56ed9c6fc,discretionary,other,15-50K,S1,YES,0.002,50.0,1.0,0,-51.0,2025-08-01 00:00:00+00:00
0xd6ba332e88335deb8d04b7faae06e1ad265f1e8ad464a2a906e7748dc8c7790a,discretionary,other,15-50K,S1,YES,0.0005,50.0,1.0,0,-51.0,2025-08-15 00:00:00+00:00
0x6d20fbec2da69596c8c350ba463fb1132ec47a34c89d71d0294ca75b6c419339,discretionary,other,15-50K,S1,YES,0.075,50.0,1.0,1,615.6666666666667,2025-08-17 00:00:00+00:00
0x461e3a6415a701a260c9f61ba726074e44c65c20d3e1f2ca916aaa10747ab319,discretionary,other,15-50K,S1,YES,0.033,50.0,1.0,0,-51.0,2025-08-31 00:00:00+00:00
0x0c5ae6834bad46eb993926dd5055818a0a695f93940860247556af7ddc18377e,discretionary,other,15-50K,S1,YES,0.018,50.0,1.0,0,-51.0,2025-08-31 00:00:00+00:00
0x67f5f2ce94e999560348ba7cea12b82e032f503f572084756bd6cad0b1f5bb3e,discretionary,other,15-50K,S1,YES,0.015,50.0,1.0,0,-51.0,2025-08-31 12:00:00+00:00
0x6913acb3b4cd22d006de94416187e2fb3ae2cd56871aefd4cfd1c328548f7f5e,discretionary,other,15-50K,S1,YES,0.0055,50.0,1.0,0,-51.0,2025-08-31 12:00:00+00:00
0x5baecd1f5286bb3150e6186b8cd6ca0468cbed8093cd6b8f4a1a8752d35139d4,discretionary,other,15-50K,S1,YES,0.0025,50.0,1.0,0,-51.0,2025-08-31 23:55:00+00:00
0xbf203db4288fb9d2644db867ba399900279f18026fbfd302fe858e539fad36d2,discretionary,other,15-50K,S1,YES,0.029,50.0,1.0,0,-51.0,2025-08-31 23:55:00+00:00
0x129ef0a1c46d47760646aaabbc6b9c229355476b8c392e85c614540a2532000b,discretionary,other,15-50K,S1,YES,0.0025,50.0,1.0,0,-51.0,2025-09-05 16:00:00+00:00
0x410dae9e439d5943703e08bab74b2147f526d13e432fcbf3583dd351c3f3936a,discretionary,other,15-50K,S1,YES,0.0025,50.0,1.0,0,-51.0,2025-09-16 12:00:00+00:00
0x6373a53f15b4db85d6ba64e24e75a39211aa12781b9034ef94ee0bcb630212af,discretionary,other,15-50K,S1,YES,0.003,50.0,1.0,0,-51.0,2025-09-16 12:00:00+00:00
0x8d93791d7c262550cdaf6edde9016add94aef0b8a4a06bea8c6bd53b233ce0d5,discretionary,other,15-50K,S1,YES,0.0005,50.0,1.0,0,-51.0,2025-09-16 16:00:00+00:00
0xbac49f234f6b0541c7ba0cd2c142ed93838f301c97f86619c81b19921e72d934,discretionary,other,15-50K,S1,YES,0.13,50.0,1.0,0,-51.0,2025-09-17 00:00:00+00:00
0xa372387ff2de628dd2097d889a34b5cf08a6fcdd8e59b254400e0b47506c557e,discretionary,other,15-50K,S1,YES,0.001,50.0,1.0,0,-51.0,2025-09-23 16:00:00+00:00
0xcd70715798fc5a4ffe5650f41fc94d6ae981cc809da3561cdbea3dac869ff561,discretionary,other,15-50K,S1,YES,0.0005,50.0,1.0,0,-51.0,2025-09-26 16:00:00+00:00
0xbe79f22965635de887b6d690911d04ec6a9d86ada78f2323f1ed56b316ece79a,discretionary,other,15-50K,S1,YES,0.009,50.0,1.0,0,-51.0,2025-10-05 12:00:00+00:00
0xb71ee44874e6128bf90be5d2f1c07a58bbebdf2518535143069992ac22e277d1,discretionary,other,15-50K,S1,YES,0.0005,50.0,1.0,0,-51.0,2025-10-07 16:00:00+00:00
0x9c02440c284eaa4798096be5cbde0c845d9962ff22664e50e2d7922a5d26a1c7,discretionary,other,15-50K,S1,YES,0.0005,50.0,1.0,0,-51.0,2025-10-10 16:00:00+00:00
0xe84fe1887a4b01ad9bd837a4a35d7ea540110af706f5c4010192ab9ddde144ec,discretionary,other,15-50K,S1,YES,0.0595,50.0,1.0,0,-51.0,2025-10-29 00:00:00+00:00
0xbd6c9dcbbf279ec16536724b73336b1b9f27e78f0034e872261c590a01110bf0,discretionary,israel,15-50K,S1,YES,0.005,50.0,1.0,0,-51.0,2025-10-31 00:00:00+00:00
0x8906ef02619ac44492cfdb44781bcc2848c32895d2c3c39ceef00a960fc4d87b,discretionary,trump_putin,15-50K,S1,YES,0.0095,50.0,1.0,0,-51.0,2025-10-31 00:00:00+00:00
0xf93c2cb39ae91f4d46ce09b9db68e2e446bf75c896e071ff90e83d16ed9bf182,discretionary,other,15-50K,S1,YES,0.018,50.0,1.0,0,-51.0,2025-10-31 00:00:00+00:00
0x0e65ac45d12af61673ed92b0e65866d7b7fa58ce395c71cfc86d91e10af26ad4,discretionary,other,15-50K,S1,YES,0.09,50.0,1.0,0,-51.0,2025-10-31 00:00:00+00:00
0x343bd70dc933edcae475b2053c6a3cf10ea6383ef2ef87d0ab70e31a045f8645,discretionary,other,15-50K,S1,YES,0.017,50.0,1.0,0,-51.0,2025-10-31 00:00:00+00:00
0x27bc9a0246320133b3e57d9c698d1b94fb9c4f1924886b954960e8ac0b5514ce,discretionary,other,15-50K,S1,YES,0.08,50.0,1.0,0,-51.0,2025-10-31 00:00:00+00:00
0x78d6c8f900ef99c64ee123db009cf864179d4b659c5c898030c756c5e528d8aa,discretionary,other,15-50K,S1,YES,0.0155,50.0,1.0,0,-51.0,2025-10-31 00:00:00+00:00
0x92137f9e112c001cbef3e32da9aca4b42cd3d161f51c2963779ae694d45a48da,discretionary,other,15-50K,S1,YES,0.105,50.0,1.0,1,425.1904761904762,2025-10-31 00:00:00+00:00
0xfb9dd816b88371cce8f1367e3eaca65957233d5199d96058d22e89532c3d6356,discretionary,other,15-50K,S1,YES,0.0035,50.0,1.0,0,-51.0,2025-11-01 04:00:00+00:00
0xaa0bec393d2ed411398d4bd5cbeaf36d5dc2bf9d9b248ee7949f32bc6abee3a6,discretionary,other,15-50K,S1,YES,0.0005,50.0,1.0,0,-51.0,2025-11-01 04:00:00+00:00
0xe5764e7d18ccccc39b1f342f7a7b5c8866538ad801af9eae13d39d5322199985,discretionary,other,15-50K,S1,YES,0.0035,50.0,1.0,0,-51.0,2025-11-03 00:00:00+00:00
0xe8d1a07af334e35411c7237ff531fd98905aa60204bd8ff03c080132f42ee897,discretionary,other,15-50K,S1,YES,0.0235,50.0,1.0,0,-51.0,2025-11-04 00:00:00+00:00
0x21caf8776c903a31133ba57f63d2a23c33502189372f3046786876fd037abdef,discretionary,other,15-50K,S1,YES,0.0005,50.0,1.0,0,-51.0,2025-11-04 12:00:00+00:00
0x0bd2cb9ae2503784fed1110b9ccf19375b9cbeb420ba0f0ded93be0093f14543,discretionary,other,15-50K,S1,YES,0.0005,50.0,1.0,0,-51.0,2025-11-04 12:00:00+00:00
0xe97744bcb7f8a67743636ca4cfb4045326af8c9f572bf10d1b6c9c18b078ca69,discretionary,other,15-50K,S1,YES,0.05,50.0,1.0,0,-51.0,2025-11-04 12:00:00+00:00
0xd59d5b6e8e170415fac435fb4d7b072c9c4ab7231fdbf3292334a722ee93a7c1,discretionary,other,15-50K,S1,NO,0.96,50.0,1.0,1,-51.0,2025-11-07 00:00:00+00:00
0x020419fa798598e8bbb6a084432a1c8d690b6528f1cc6b085666ad1989b4b5c0,discretionary,other,15-50K,S1,YES,0.0395,50.0,1.0,0,-51.0,2025-11-08 00:00:00+00:00
0x9f5c624ebd59176bff519d147041052677cb2a4f0877b3e67f003534c402aee1,discretionary,other,15-50K,S1,YES,0.003,50.0,1.0,0,-51.0,2025-11-16 00:00:00+00:00
0x9b792b2218e77b4c168b8cb603af34ad3703f2753d326f0f444de3711228116b,discretionary,other,15-50K,S1,YES,0.024,50.0,1.0,0,-51.0,2025-11-16 00:00:00+00:00
0x26205b37b6a134c44549b98178c5260ca8a9411d9bbc8ac882b91d6ab15e7713,discretionary,other,15-50K,S1,YES,0.003,50.0,1.0,0,-51.0,2025-11-16 00:00:00+00:00
0x1dc56b0273b8de5535f64d6643800ec029501a8606b68f84f3dce232e47b2db9,discretionary,other,15-50K,S1,YES,0.0035,50.0,1.0,0,-51.0,2025-11-16 00:00:00+00:00
0x069274e4970955a64b5fe0656875833610665d54912ec16aa175d3b3e55b4189,discretionary,other,15-50K,S1,YES,0.0015,50.0,1.0,0,-51.0,2025-11-16 00:00:00+00:00
0x113b388d6e9ef1539ac9b7914eaad093570e206992c61299436fb1d2736ffb89,discretionary,other,15-50K,S1,YES,0.011,50.0,1.0,0,-51.0,2025-11-21 00:00:00+00:00
0xf997dca922180bb38139f3435673d017c610f30f80eb0ee96212a96fea4bbb24,discretionary,israel,15-50K,S1,YES,0.0085,50.0,1.0,0,-51.0,2025-11-30 00:00:00+00:00
0x1fc2a8443ee2edace495659774b89963222351505a2b9bab7d4856b8638e5dab,discretionary,other,15-50K,S1,NO,0.952,50.0,1.0,1,-51.0,2025-11-30 00:00:00+00:00
0x3d8f4aefd2ee8568c15c35e00187214b66d8aea2542c6dc7d1b40c90c2544e9c,discretionary,ukraine,15-50K,S1,NO,0.9995,50.0,1.0,1,-51.0,2025-11-30 00:00:00+00:00
0xa068761026b778d901bda82e3fc1429b6a2922b68de80795ef7afd9204430a0d,discretionary,other,15-50K,S1,YES,0.0385,50.0,1.0,0,-51.0,2025-11-30 00:00:00+00:00
0xf0982dec078df24338886583eeb3567b6a1d07b6092c20a7cf4a089a06d7ba56,discretionary,other,15-50K,S1,YES,0.0305,50.0,1.0,0,-51.0,2025-11-30 12:00:00+00:00
0x0f90742078c0807d6d17fd6808e187504989b6bd1aaa68aa9521d9499275025b,discretionary,other,15-50K,S1,YES,0.0035,50.0,1.0,0,-51.0,2025-11-30 12:00:00+00:00
0x137cbb1e5bbb4eb571c18a6dfe2777dd3cd7e06a6fa25afbcb75206918e3776f,discretionary,other,15-50K,S1,YES,0.0255,50.0,1.0,0,-51.0,2025-11-30 12:00:00+00:00
0x38b4857b4be08493cdb6aad1052332b57fe58d4e16b2f1979434ce2260433358,discretionary,other,15-50K,S1,YES,0.0005,50.0,1.0,0,-51.0,2025-12-01 05:00:00+00:00
0x4d51d65695bf66a3f7743a96ae9041ba14fc93d3fbd21b9c2a11fd0e3047e01a,discretionary,other,15-50K,S1,YES,0.0055,50.0,1.0,0,-51.0,2025-12-01 05:00:00+00:00
0xfb49ab21eeb7c15d59882cb00062a61d5215070156fe7706ea1a651fc4c143a9,discretionary,other,15-50K,S1,YES,0.0005,50.0,1.0,0,-51.0,2025-12-01 05:00:00+00:00
0xe35dba72c626cc2e73143f3da3bd525c7e98bab1392f544faaa3105343420da5,discretionary,other,15-50K,S1,YES,0.0005,50.0,1.0,0,-51.0,2025-12-01 05:00:00+00:00
0xbdbffeb5cfbeeea9b09253c86b3c8401f8db93850db681f94b2005c20a0424ee,discretionary,other,15-50K,S1,YES,0.0105,50.0,1.0,0,-51.0,2025-12-01 05:00:00+00:00
0xda440234b0f1fe76ca6fb6f66da25236ecbbbcd9a6ff274749dde9a5f3583c24,discretionary,other,15-50K,S1,YES,0.075,50.0,1.0,0,-51.0,2025-12-05 00:00:00+00:00
0x21649e35e2374274c137b4bb2dad5c7e41a5bbf1ca5bec85fc42511e38a2b9c9,discretionary,other,15-50K,S1,NO,0.945,50.0,1.0,1,-51.0,2025-12-23 00:00:00+00:00
0x7793fb95b191bdc476eb4c18396735ac57da1164cba56670f4ba709925647a04,discretionary,other,15-50K,S1,NO,0.89,50.0,1.0,0,403.5454545454546,2025-12-23 00:00:00+00:00
0x415fd8fd1fe843a0cc164cabf56bfa867f0d739f029db04dc083880a2f27ce65,discretionary,other,15-50K,S1,YES,0.0095,50.0,1.0,0,-51.0,2025-12-31 00:00:00+00:00
0xdac55cbd27e9a0a8fc8af153d6f584e411f401a054a5de55c2f6cafc06d1a8a8,discretionary,venezuela,15-50K,S1,YES,0.0095,50.0,1.0,0,-51.0,2025-12-31 00:00:00+00:00
0x6b5ecd887aaa99a4c2745119f36a23e2846e3f6407ec74f77ad675ea90c3ef2a,discretionary,venezuela,15-50K,S1,YES,0.0015,50.0,1.0,0,-51.0,2025-12-31 00:00:00+00:00
0xf564fdfa282fade9a343c2b8b02a9cd25b9adfd491abe494e04233889e3cb9fc,discretionary,other,15-50K,S1,YES,0.0015,50.0,1.0,0,-51.0,2025-12-31 00:00:00+00:00
0x24b040251d1121196e5d21f479c33a869d0c7b3e35a41571a40690e3aebd54cc,discretionary,other,15-50K,S1,YES,0.0025,50.0,1.0,0,-51.0,2025-12-31 00:00:00+00:00
0xa7bdb4e554de13129dc429dc030e780661253f44a60aeed6a502a6d9a06a49d1,discretionary,other,15-50K,S1,YES,0.002,50.0,1.0,0,-51.0,2025-12-31 00:00:00+00:00
0x1d2cf8d200e14ad27fabd93f654ee999fa6ef413b902ddb0a71db21c45757f63,discretionary,other,15-50K,S1,YES,0.0145,50.0,1.0,0,-51.0,2025-12-31 00:00:00+00:00
0x521c8ade9d59c45f946774716cf55aab0b6b95ef0766387f8ff21effb7f9b592,discretionary,other,15-50K,S1,YES,0.029,50.0,1.0,0,-51.0,2025-12-31 00:00:00+00:00
0xf06a54d7176d2e19f000b1bc41af74d79a22619648d7a8ac74ef231cc537850f,discretionary,other,15-50K,S1,YES,0.0015,50.0,1.0,0,-51.0,2025-12-31 00:00:00+00:00
0x052a356ea100e7c57c79b80a9a29edd378e242c534f6d9cbfa707ef3d4e696e2,discretionary,other,15-50K,S1,YES,0.0005,50.0,1.0,0,-51.0,2025-12-31 00:00:00+00:00
0x6a4fb41f0a5a6a18bcc84a7b168cdb928a3e9fba7f5903a33bde22db8bc418bf,discretionary,other,15-50K,S1,YES,0.003,50.0,1.0,0,-51.0,2025-12-31 00:00:00+00:00
0x9d8a88abd5a103760c22e11551c7ae59f861326fcc823674fc02606b63560cf9,discretionary,other,15-50K,S1,YES,0.0015,50.0,1.0,0,-51.0,2025-12-31 00:00:00+00:00
0x8d71eebfeac93509b5d1061725583b8df364823d816be3b2284b07cfa913f20a,discretionary,ukraine,15-50K,S1,YES,0.0195,50.0,1.0,0,-51.0,2025-12-31 00:00:00+00:00
0xfcce7516a6edb3293fbd8482b69bd0543ac5440689a743d4dd14543f3958d002,discretionary,other,15-50K,S1,YES,0.061,50.0,1.0,1,768.672131147541,2025-12-31 00:00:00+00:00
0xafe1b7be515259388df5bf5123dfcada1345866aa04704b5703ea8dacf5793e1,discretionary,china_taiwan,15-50K,S1,YES,0.0125,50.0,1.0,0,-51.0,2025-12-31 00:00:00+00:00
0x3b489d201869b9e813047955884c846bfa69c768c7df1d5175e55d6cebe63310,discretionary,other,15-50K,S1,YES,0.0125,50.0,1.0,0,-51.0,2025-12-31 00:00:00+00:00
0xb20a98a26ba3b1d1d29d37f80469465bcb103604b34c2a01ce1b9742ffba9b26,discretionary,other,15-50K,S1,YES,0.0075,50.0,1.0,0,-51.0,2025-12-31 00:00:00+00:00
0x8c673122e07691335ddca322dd41013711b9eb28dbd0406309df8a12ae353a2a,discretionary,other,15-50K,S1,YES,0.0005,50.0,1.0,0,-51.0,2025-12-31 12:00:00+00:00
0xe4e5cdc4135cfcc3afce62f24687609ae42b67982641015eda335828772edd08,discretionary,other,15-50K,S1,YES,0.0005,50.0,1.0,0,-51.0,2025-12-31 12:00:00+00:00
0x5193e1dbd548e792d51bbf361e419e45c3945ca3253275fbae82cfc13b2355a1,discretionary,other,15-50K,S1,YES,0.0005,50.0,1.0,0,-51.0,2025-12-31 12:00:00+00:00
0x5916b06ac023a9fd380b05d469d508d0ad722aae7ab9c5f3efc7aefa2e8fd39f,discretionary,other,15-50K,S1,YES,0.0195,50.0,1.0,0,-51.0,2025-12-31 12:00:00+00:00
0x185dfb6e222f3e467a98f39cd70a0083aa200425798efe9f1b2d9fb6dbd190ad,discretionary,other,15-50K,S1,NO,0.997,50.0,1.0,1,-51.0,2025-12-31 12:00:00+00:00
0x96f6aed94facad5cfeca5507e1a3f6a5c6500dac44df4b373bb829ba8fe0b5a6,discretionary,other,15-50K,S1,YES,0.0005,50.0,1.0,0,-51.0,2025-12-31 12:00:00+00:00
0x97f7ac6f9488a6c3470e8d0305bbde37f76692a78374cbef803946bdeac07e48,discretionary,other,15-50K,S1,NO,0.999,50.0,1.0,1,-51.0,2025-12-31 12:00:00+00:00
0xbc89401b0d892987a1696442b97f736fab0a683c925eda4032cebbc3fb587759,discretionary,other,15-50K,S1,NO,0.9985,50.0,1.0,1,-51.0,2025-12-31 12:00:00+00:00
0x0742e85e568235c6bbf715556bd9b26f32f76e5946f21a000d387c0e3b846e20,discretionary,other,15-50K,S1,YES,0.0005,50.0,1.0,0,-51.0,2025-12-31 12:00:00+00:00
0x54f2d63a6512045645b3789b498f95227b1ce57801b1f9d0c9f9fa9f4d5dc7eb,discretionary,other,15-50K,S1,YES,0.0005,50.0,1.0,0,-51.0,2025-12-31 12:00:00+00:00
0xdaf6aa41c877b0a2f21f670e0b2b23343e24ea6743c7ddb5b373ebb1ae8e7915,discretionary,other,15-50K,S1,YES,0.0005,50.0,1.0,0,-51.0,2025-12-31 12:00:00+00:00
0x19f72612d7e2e92adc3f2ac2d75806b37bd9788b0dd6999654474da2d67e6956,discretionary,other,15-50K,S1,YES,0.0005,50.0,1.0,0,-51.0,2025-12-31 12:00:00+00:00
0x06eede5999a7a67a2b56811f81c7b352d17f8a6df556527731a95a1f4e07ff96,discretionary,israel,15-50K,S1,YES,0.031,50.0,1.0,1,1561.9032258064517,2025-12-31 21:00:00+00:00
0xfb35c4b75b932f91fd543651473976d1124c6eab5e204050dce7028eae44ea8b,discretionary,other,15-50K,S1,YES,0.0035,50.0,1.0,0,-51.0,2025-12-31 23:55:00+00:00
0x6831e2d6108d2316252466bf828cdb02aa16c5e8152ff428d2c0a035d5637e60,discretionary,other,15-50K,S1,YES,0.0005,50.0,1.0,0,-51.0,2026-01-01 05:00:00+00:00
0x824494c789b70bcb571591f8efdbcabc2bef578e0498ad9d1348a1ce9f94b8e3,discretionary,other,15-50K,S1,YES,0.0005,50.0,1.0,0,-51.0,2026-01-01 05:00:00+00:00
0x6615814797e1f3be7a827c70a94c674e9e568bfc7f1986c1f9257abcc5624d82,discretionary,other,15-50K,S1,YES,0.095,50.0,1.0,0,-51.0,2026-01-05 17:00:00+00:00
0xaf9f82c55c0bcdbc4bfa99fe4a8ee9040361c79071754b299797480ab95b262b,discretionary,other,15-50K,S1,YES,0.0645,50.0,1.0,0,-51.0,2026-01-09 00:00:00+00:00
0x2474fea8345b414b9f1d9279b6a05b2dc0882d850c376a5efe885446576407da,discretionary,other,15-50K,S1,YES,0.105,50.0,1.0,0,-51.0,2026-01-09 00:00:00+00:00
0xc30a8d604d0cf4d62c816a902c14ed0db890033a7334cca6f4b941c1ec3b5640,discretionary,other,15-50K,S1,YES,0.0005,50.0,1.0,0,-51.0,2026-01-25 00:00:00+00:00
0x2bdb09e4e7a2a4037db2401d2788e2565555db63967ed3e7c276c128d8e56f9a,discretionary,other,15-50K,S1,YES,0.0005,50.0,1.0,0,-51.0,2026-01-25 00:00:00+00:00
0x09c729799fba39d2d21ecd5dc104e9e03aeea536543cd0a560230400218fcf94,discretionary,other,15-50K,S1,YES,0.0005,50.0,1.0,0,-51.0,2026-01-25 00:00:00+00:00
0xa355b428bba7888ea049f39827a9add26c1b4d8ad5cfd58d598346a257b96e91,discretionary,other,15-50K,S1,YES,0.0005,50.0,1.0,0,-51.0,2026-01-25 00:00:00+00:00
0x25ac9d2a86cb02a5db4347478f025703c9f2c8a6fab61b35d2ddc21de67058a6,discretionary,israel,15-50K,S1,YES,0.0015,50.0,1.0,0,-51.0,2026-01-31 00:00:00+00:00
0x01b6f748bc326963f1f4cd24add622c83ac1a0656a07129d90f8226a6ec207dd,discretionary,other,15-50K,S1,NO,0.9985,50.0,1.0,1,-51.0,2026-01-31 00:00:00+00:00
0x88352e2e5e5305c202da7c156c9642837bab9acb82dd2468cbf40edeacaf060e,discretionary,israel,15-50K,S1,YES,0.0015,50.0,1.0,0,-51.0,2026-01-31 00:00:00+00:00
0x8a3b0aeb1043b701cd74342626b507468da35c944909517b435a152c1c0ef1d2,discretionary,other,15-50K,S1,YES,0.0005,50.0,1.0,0,-51.0,2026-01-31 00:00:00+00:00
0x5387de10b12c52e40eb885344a3723caf3d973f21fc588853cdda23d7ed754cf,discretionary,other,15-50K,S1,YES,0.0005,50.0,1.0,0,-51.0,2026-01-31 00:00:00+00:00
0xbb4bb3a55254bcfb15e858e6d2e553d24016181e70d604c739e0b3e99fd144ca,discretionary,other,15-50K,S1,YES,0.014,50.0,1.0,0,-51.0,2026-01-31 00:00:00+00:00
0x6bceb0f2be7d25f62dc9edc582ff9002a445d199ff0b1f53ae4a5f3f548de1c4,discretionary,other,15-50K,S1,YES,0.135,50.0,1.0,0,-51.0,2026-02-01 00:00:00+00:00
0x39283deae2beada4b6c25f88f726ee11930bfdb195d2b26361f07329af484659,discretionary,other,15-50K,S1,YES,0.021,50.0,1.0,0,-51.0,2026-02-01 00:00:00+00:00
0x0832d2eb8afe687701554353e1794adaf6bf4663ec3116df80286338d0716615,discretionary,other,15-50K,S1,YES,0.0005,50.0,1.0,0,-51.0,2026-02-01 00:00:00+00:00
0xdc0bd6f9e7c36da2085c3f7444405bd4dce3298143f69b7f5f23677e91171cc2,discretionary,other,15-50K,S1,YES,0.001,50.0,1.0,0,-51.0,2026-02-01 00:00:00+00:00
0xc5285610c7f6585fb7606b0a3225f21619c8b754e750fb540b2f334164eaf90c,discretionary,iran,15-50K,S1,YES,0.0005,50.0,1.0,0,-51.0,2026-02-13 00:00:00+00:00
0xef4860353148f9bd10be4ba84282384403e113942244f82c4d0dac8a2be0612f,discretionary,other,15-50K,S1,YES,0.001,50.0,1.0,0,-51.0,2026-02-22 00:00:00+00:00
0x3712962b5dec4f983b9adc2344d7ef270268969422dc799a8a9ea79048ec80f9,discretionary,other,15-50K,S1,YES,0.0055,50.0,1.0,0,-51.0,2026-02-27 17:00:00+00:00
0xa379b8ee37319494f5eaea63dc538df747e36f0a2b8d26ce8f0ff9c049701af2,discretionary,israel,15-50K,S1,YES,0.009,50.0,1.0,0,-51.0,2026-02-28 00:00:00+00:00
0xc680fb95af936fc7fd2c5e8a1181104484540b963f8923e7c9593710711f2242,discretionary,other,15-50K,S1,YES,0.036,50.0,1.0,0,-51.0,2026-02-28 00:00:00+00:00
0x0758aa7db63be1ed058d237d8f502a18af9b9d5c58c1939886416b8c21f778a4,discretionary,other,15-50K,S1,YES,0.006,50.0,1.0,0,-51.0,2026-02-28 00:00:00+00:00
0xea48854a5c19a29c6c38956685ba0607c95f93ac9f927a4810b2d428561141f8,discretionary,ukraine,15-50K,S1,YES,0.0005,50.0,1.0,0,-51.0,2026-02-28 00:00:00+00:00
0x85aa838bb6cfcc7c70ac1ab6de0aff9ef53bafc994865b9571ecac1df0376f43,discretionary,ukraine,15-50K,S1,YES,0.0005,50.0,1.0,0,-51.0,2026-02-28 00:00:00+00:00
0x2c3e740697e50433b0ecafdadcb01d7e2e5d4dd61459733a39b5dd25311a275e,discretionary,ukraine,15-50K,S1,YES,0.0005,50.0,1.0,0,-51.0,2026-02-28 00:00:00+00:00
0x069ba516b54b2e18545097211a510ec615758a50953255ba5e41dfab0446dc63,discretionary,other,15-50K,S1,YES,0.11,50.0,1.0,0,-51.0,2026-02-28 00:00:00+00:00
0xd5a74540b3e1cc65af6150bfbecb4d769c99adef982556c79fe21bd5c2fe7985,discretionary,other,15-50K,S1,YES,0.065,50.0,1.0,0,-51.0,2026-02-28 00:00:00+00:00
0xb020e45afe4e743ab2628c608795dfd1e719056231f57731a9fad40d521c6673,discretionary,other,15-50K,S1,YES,0.075,50.0,1.0,0,-51.0,2026-02-28 00:00:00+00:00
0x74634b7ee56491ede6435a342e83ff2600aa6308bca3d3ae7b4ecfc095a36baa,discretionary,other,15-50K,S1,YES,0.07,50.0,1.0,0,-51.0,2026-02-28 00:00:00+00:00
0x4fbd086817445f575f5ca39d650d5f2f98761b20a8fad60bdf6d75f1a6024d63,discretionary,other,15-50K,S1,YES,0.075,50.0,1.0,0,-51.0,2026-02-28 00:00:00+00:00
0xb1621719120f210181d8f27e411d987ace6408dd3e0243cd0de518ed18289a91,discretionary,other,15-50K,S1,YES,0.105,50.0,1.0,0,-51.0,2026-03-27 16:00:00+00:00
0x99ccc2e019a8421742621c9896982f90fa4e73c3d490d609fb3687d56861367b,discretionary,other,15-50K,S1,YES,0.0075,50.0,1.0,0,-51.0,2026-03-31 00:00:00+00:00
0x8658f913e63080886a9da58d2ac9e5365cea530997c7fd6ea8aeef8c2c22d69f,discretionary,other,15-50K,S1,NO,0.895,50.0,1.0,1,-51.0,2026-03-31 00:00:00+00:00
0xdc169ca8e998ea2531440c5c10258b77e22680ce701f9f46edec84903a16cbfb,discretionary,israel,15-50K,S1,YES,0.0235,50.0,1.0,0,-51.0,2026-03-31 00:00:00+00:00
0xd14145c56e36be13dccb37c63158c3bc8c691e8f13993816af24afd4b3fa702f,discretionary,other,15-50K,S1,YES,0.06,50.0,1.0,0,-51.0,2026-03-31 00:00:00+00:00
0x0e2c1d7a29fb3ecbbbb320ea2d2261b141197ea28098a548271644b40b9a6fd7,discretionary,israel,15-50K,S1,NO,0.895,50.0,1.0,1,-51.0,2026-03-31 00:00:00+00:00
0x9b2241e5023cf5a319268637c6b525b29527ff627fea24d7ff11bf8dbbbce515,discretionary,ukraine,15-50K,S1,YES,0.045,50.0,1.0,0,-51.0,2026-03-31 00:00:00+00:00
0x027b8d3b2f68a0f78ca5afec04ef182f3a6e9dd8a35dc572162dfe4483c89542,discretionary,israel,15-50K,S1,YES,0.095,50.0,1.0,0,-51.0,2026-03-31 00:00:00+00:00
0x0b62ca57f1de8b89add79078aaf413b129eef8315625b2fec1ffcf256d8dece4,discretionary,other,15-50K,S1,YES,0.016,50.0,1.0,0,-51.0,2026-03-31 16:00:00+00:00
0x19ed51210cede6932e559922cbb832a0a218d45383feba376580e6ce2ad93853,discretionary,other,15-50K,S1,YES,0.015,50.0,1.0,0,-51.0,2026-03-31 16:00:00+00:00
0xa158db8eeff5631f5b1dde5bf231dc15b6258916ec39f79c2aa1d243e05789f2,discretionary,other,15-50K,S1,YES,0.0175,50.0,1.0,0,-51.0,2026-04-04 00:00:00+00:00
0x8153292497d6fd565744dcd34791082fa8fa5eafa8f55c8d017e557af8133002,discretionary,other,15-50K,S1,YES,0.1,50.0,1.0,1,449.0,2026-04-12 00:00:00+00:00
0x67ca01f75ad56b885aedae60d2a28c4569a69cf4e5814c356a95be28fb47678d,discretionary,other,15-50K,S1,YES,0.095,50.0,1.0,0,-51.0,2026-04-12 00:00:00+00:00
0x38f455d58244268a4adff6b5787cfbe21cf584883db31d4371523511d5313f61,discretionary,other,15-50K,S1,YES,0.024,50.0,1.0,0,-51.0,2026-04-14 16:00:00+00:00
0x950cf1c7a2c2b731389374697caf126fe71af6f48f7fd729ea80cd7445c4cf1e,discretionary,other,15-50K,S1,YES,0.0325,50.0,1.0,0,-51.0,2026-04-14 16:00:00+00:00
0x835293fdd731fd51f66f18e627e58ce4022ffb4f8db7a64f9e068a4c9bb20a66,discretionary,other,15-50K,S1,YES,0.09,50.0,1.0,0,-51.0,2026-04-17 00:00:00+00:00
0x73d9fc56285985bf2ce99fc8f501a002651b55e1cf644af26db80692c6673343,discretionary,other,15-50K,S1,YES,0.001,50.0,1.0,0,-51.0,2026-04-19 00:00:00+00:00
0x1da3b067be31eb471516bd0ae8d1f85f8f6770747c34f6cbd761438fd58397de,discretionary,other,15-50K,S1,YES,0.125,50.0,1.0,0,-51.0,2026-04-19 00:00:00+00:00
0xbe26cb4271d859584f3acc2c8f8ea9ae872f6845d89b3b1777ab100918f08906,discretionary,other,15-50K,S1,YES,0.07,50.0,1.0,0,-51.0,2026-04-26 00:00:00+00:00
0x0baa8bbb7b974a19e8b91205be112e064df134c7e4ae90476ca50c247c82daf1,discretionary,other,15-50K,S1,YES,0.0305,50.0,1.0,0,-51.0,2026-04-26 00:00:00+00:00
0xd2ba0333139cc904c92b7741b9457b8eaebd4964e3a450217dbbd8dadc882551,discretionary,other,15-50K,S1,YES,0.0005,50.0,1.0,0,-51.0,2026-04-28 16:00:00+00:00
0x5d07dbbd43ea9f1a4f585a4f22af1019f9f82b4901341910925ce74ff7b9b02e,discretionary,other,15-50K,S1,NO,0.905,50.0,1.0,1,-51.0,2026-04-29 00:00:00+00:00
0x02b4a096c4e3115d67b3eb05663b29ee5c982be66f53029ddaf16b22c9ce84c9,discretionary,other,15-50K,S1,YES,0.0055,50.0,1.0,0,-51.0,2026-04-30 00:00:00+00:00
0x683c00d1a271b8316d5851fe4b07508ebf230b2aa9e94b4f455dcbb4486b6ab5,discretionary,iran,15-50K,S1,YES,0.12,50.0,1.0,0,-51.0,2026-04-30 00:00:00+00:00
0xbf245f51ee0cb5020ffc948b2e63d86ca112c2691665a043a2e139f0c9d4d1f1,discretionary,iran,15-50K,S1,YES,0.0295,50.0,1.0,0,-51.0,2026-04-30 00:00:00+00:00
0x8cfbeb1d72b72ee16a05865b8b2a328c7386f1f544975ab58c9f33d825994f6b,discretionary,other,15-50K,S1,YES,0.0155,50.0,1.0,0,-51.0,2026-04-30 00:00:00+00:00
0xf1f7d2cf64386174d05522499b147e18e60bbf7e2749967879ee8685b15c98a6,discretionary,other,15-50K,S1,YES,0.002,50.0,1.0,0,-51.0,2026-04-30 00:00:00+00:00
0xa3b848a002b85952f7fab6337b26caa15612674b227a6246026d3c35d76fe464,discretionary,israel,15-50K,S1,NO,0.938,50.0,1.0,1,-51.0,2026-04-30 00:00:00+00:00
0x12b07f4fa02263c8d93c220e006b26b7e072c1ac54597ac5be6e4aab052927ae,discretionary,iran,15-50K,S1,YES,0.0345,50.0,1.0,0,-51.0,2026-04-30 00:00:00+00:00
0xe566a096b545e9e1ac3f2c96e3fe5b03153ec4c1e0803cada1890d78fafd01f0,discretionary,china_taiwan,15-50K,S1,YES,0.004,50.0,1.0,0,-51.0,2026-04-30 00:00:00+00:00
0x14d4b7687586f20713394670dd33875138c1b8107f62f54a6b3869c7d1b1c861,discretionary,iran,15-50K,S1,YES,0.0355,50.0,1.0,0,-51.0,2026-04-30 00:00:00+00:00
0xaecd38f0d1b839a2621b54a6dd2a69d1f37d39c812bc2f1f1432ee79555623f8,discretionary,china_taiwan,15-50K,S1,YES,0.0095,50.0,1.0,0,-51.0,2026-04-30 00:00:00+00:00
0xccbfe9aaeeb3639ebae86443370a955d5273ee47e43bd765bbd0a7306d3bce3a,discretionary,iran,15-50K,S1,YES,0.004,50.0,1.0,0,-51.0,2026-04-30 00:00:00+00:00
0x6eb70f72edc1698f445e6ad2a7392225f175f4171288e62c637f09c86593ab97,discretionary,other,15-50K,S1,YES,0.0005,50.0,1.0,0,-51.0,2026-05-01 04:00:00+00:00
0xc567553c26e9955a40bcf3c6ca948b32be9e65c836e4178356dfe7dffa23f3e6,discretionary,iran,15-50K,S1,NO,0.925,50.0,1.0,1,-51.0,2026-06-15 00:00:00+00:00
0xbfd4bb8d6a1e16404dd95d2e5c4af005f11f07d37da91f1e9e442e4dd9878e6d,discretionary,other,15-50K,S1,YES,0.0005,50.0,1.0,0,-51.0,2026-12-31 00:00:00+00:00
0x2eccb9409a0a88eaadb64cbe5d229e471299fd6c73824ce3be05ce0bb47ab85e,discretionary,other,15-50K,S1,YES,0.0005,50.0,1.0,0,-51.0,2026-12-31 00:00:00+00:00
0xa3bebe9029f1c1d6c470ae4a6ee6e5d806df30f56a80b17dffcd80b3c225af2f,discretionary,other,15-50K,S1,YES,0.006,50.0,1.0,0,-51.0,2026-12-31 00:00:00+00:00
0xa454a98c451d635ee4d928ab690d694541868169b296bb3a5d01c9383fd8e438,discretionary,other,15-50K,S1,YES,0.0165,50.0,1.0,0,-51.0,2026-12-31 00:00:00+00:00
0x2bea5055e9824663f02e4ef6f9d66b22650dd9be675f42ba5be9b32a5931b8b1,discretionary,other,15-50K,S1,NO,0.985,50.0,1.0,1,-51.0,2026-12-31 00:00:00+00:00
0x6019cb1669ec7dfeb2eb0c7a39a3b8f806192d160467a070cc5ecf1a1128ca48,discretionary,other,15-50K,S1,YES,0.0005,50.0,1.0,0,-51.0,2026-12-31 00:00:00+00:00
0xb71ee44874e6128bf90be5d2f1c07a58bbebdf2518535143069992ac22e277d1,discretionary,other,15-50K,S2,YES,0.0005,50.0,1.0,0,-51.0,2025-10-07 16:00:00+00:00
0xe84fe1887a4b01ad9bd837a4a35d7ea540110af706f5c4010192ab9ddde144ec,discretionary,other,15-50K,S2,YES,0.0595,50.0,1.0,0,-51.0,2025-10-29 00:00:00+00:00
0x0e65ac45d12af61673ed92b0e65866d7b7fa58ce395c71cfc86d91e10af26ad4,discretionary,other,15-50K,S2,YES,0.09,50.0,1.0,0,-51.0,2025-10-31 00:00:00+00:00
0x7058f8abef2ca5e080b6febb7ec45da60319582619e89183b700aca3d8fb21da,discretionary,other,15-50K,S2,NO,0.77,50.0,1.0,1,-51.0,2025-10-31 00:00:00+00:00
0x9f5c624ebd59176bff519d147041052677cb2a4f0877b3e67f003534c402aee1,discretionary,other,15-50K,S2,YES,0.003,50.0,1.0,0,-51.0,2025-11-16 00:00:00+00:00
0xfcce7516a6edb3293fbd8482b69bd0543ac5440689a743d4dd14543f3958d002,discretionary,other,15-50K,S2,YES,0.061,50.0,1.0,1,768.672131147541,2025-12-31 00:00:00+00:00
0x6bceb0f2be7d25f62dc9edc582ff9002a445d199ff0b1f53ae4a5f3f548de1c4,discretionary,other,15-50K,S2,YES,0.135,50.0,1.0,0,-51.0,2026-02-01 00:00:00+00:00
0xb62321e23190f4d23687b67371eebc3de87bcd54b65ba92467f88d05ada3a5ba,discretionary,other,15-50K,S2,YES,0.175,50.0,1.0,0,-51.0,2026-02-08 00:00:00+00:00
0xb01e7889e4bc668ddeade5a079b5a225b66a323244a8ab87ee1080f0d14a8143,discretionary,other,15-50K,S2,YES,0.33,50.0,1.0,1,100.5151515151515,2026-03-01 00:00:00+00:00
0xa6397cb04d2e20f63b589b9dd37e8db7db6a33ebda189d1123e4ff191ac430c1,discretionary,other,15-50K,S2,NO,0.535,50.0,1.0,1,-51.0,2026-03-08 00:00:00+00:00
0x0b35eb5df8e17d42cba0909d8bb78e635cb0d014e6fba6322c173cfea6337cd9,discretionary,other,15-50K,S2,NO,0.795,50.0,1.0,1,-51.0,2026-03-22 00:00:00+00:00
0xdc169ca8e998ea2531440c5c10258b77e22680ce701f9f46edec84903a16cbfb,discretionary,israel,15-50K,S2,YES,0.0235,50.0,1.0,0,-51.0,2026-03-31 00:00:00+00:00
0x0e2c1d7a29fb3ecbbbb320ea2d2261b141197ea28098a548271644b40b9a6fd7,discretionary,israel,15-50K,S2,NO,0.895,50.0,1.0,1,-51.0,2026-03-31 00:00:00+00:00
0xd59eeffdd1e495d93841cfa5b9daacd3ff0e0b61ad134642b56fd1875562620b,discretionary,iran,15-50K,S2,YES,0.33,50.0,1.0,0,-51.0,2026-03-31 00:00:00+00:00
0x8153292497d6fd565744dcd34791082fa8fa5eafa8f55c8d017e557af8133002,discretionary,other,15-50K,S2,YES,0.1,50.0,1.0,1,449.0,2026-04-12 00:00:00+00:00
0xbe26cb4271d859584f3acc2c8f8ea9ae872f6845d89b3b1777ab100918f08906,discretionary,other,15-50K,S2,YES,0.07,50.0,1.0,0,-51.0,2026-04-26 00:00:00+00:00
0x8730e1eb7a53c8ae47f700f8233851cab23f1a8fd0ddd80bcbc15155ebbf5a84,discretionary,other,15-50K,S2,NO,0.51,50.0,1.0,0,51.04081632653062,2026-05-03 00:00:00+00:00
0x6727df9eedb122a2f1e182709da2475dc7860e56d1ce7dc5b1155ba0199a8faa,discretionary,other,15-50K,S3,YES,0.12,50.0,1.0,0,-51.0,2024-03-17 00:00:00+00:00
0x247d957588c3af33cd023f8caa2b5a316c68e4cf903087261934d41734aa7ea2,discretionary,other,15-50K,S3,NO,0.745,50.0,1.0,1,-51.0,2024-03-17 00:00:00+00:00
0x5720305ea5f0c987b4bbdff43e213b49ffb8df4cbca382e361370901bd7ffdbb,discretionary,other,15-50K,S3,YES,0.229,50.0,1.0,1,167.34061135371178,2024-06-27 12:00:00+00:00
0x0075f011c67cd76c108a1f6b9a994a399ed4e3ace3fa85939bee0e25aa659b68,discretionary,other,15-50K,S3,YES,0.265,50.0,1.0,1,137.67924528301887,2024-06-27 12:00:00+00:00
0xaef532e27cdf2efcb16c3ebbf779a24634afe30d74e005c20aab3ec09cf5e476,discretionary,other,15-50K,S3,YES,0.225,50.0,1.0,0,-51.0,2024-10-01 12:00:00+00:00
0xb49048083ea92ebf7a9a798f553ccde94ca107acd996dc5dfabc6cc9921055e9,discretionary,other,15-50K,S3,YES,0.1,50.0,1.0,0,-51.0,2024-10-04 12:00:00+00:00
0x7edb08c2696bd1380e7c9db88298afeb36d856a1f59cbf3d02b64f13506523dc,discretionary,other,15-50K,S3,YES,0.225,50.0,1.0,0,-51.0,2024-11-02 12:00:00+00:00
0x2a1b9dbbe06dc0f6df7897c2154869a56bed24a2dc538b68b336e03b0c9625c6,discretionary,other,15-50K,S3,YES,0.115,50.0,1.0,0,-51.0,2024-11-05 12:00:00+00:00
0x29e7164544fd3c577bd2da5a9079ba388b1e4dcd6c52cb70bac4eb75abf00173,discretionary,other,15-50K,S3,NO,0.87,50.0,1.0,1,-51.0,2024-11-05 12:00:00+00:00
0x026bd42df2b17550ad5edceb43f95553b254deb94571905c5338cb3dc5a801ab,discretionary,other,15-50K,S3,YES,0.09,50.0,1.0,0,-51.0,2025-01-10 12:00:00+00:00
0x9c23652df72861fe7fc5e697e11f0084290c7d457e201d5e7bfcdfab36eb3b69,discretionary,other,15-50K,S3,YES,0.215,50.0,1.0,0,-51.0,2025-01-20 12:00:00+00:00
0xf16bb5a97c8d13e41b51dec9024d55f69a39736d4a0f8539bacc993470cb02f8,discretionary,other,15-50K,S3,YES,0.28,50.0,1.0,0,-51.0,2025-07-04 00:00:00+00:00
0x6d20fbec2da69596c8c350ba463fb1132ec47a34c89d71d0294ca75b6c419339,discretionary,other,15-50K,S3,YES,0.075,50.0,1.0,1,615.6666666666667,2025-08-17 00:00:00+00:00
0xbac49f234f6b0541c7ba0cd2c142ed93838f301c97f86619c81b19921e72d934,discretionary,other,15-50K,S3,YES,0.13,50.0,1.0,0,-51.0,2025-09-17 00:00:00+00:00
0xc7e96db9aa56c83c19e7eb3d608ef821bf9ad7699c48c8864011e5caed4ebd3e,discretionary,other,15-50K,S3,NO,0.625,50.0,1.0,1,-51.0,2025-09-28 00:00:00+00:00
0xd8347fdfd47e2298171cf432bcfb491a711a16e0ff8da245a89f34871836941d,discretionary,other,15-50K,S3,YES,0.18,50.0,1.0,1,226.77777777777777,2025-10-29 00:00:00+00:00
0xdbeb72564490bf3b0213dfff3181d40121ed898775bf9026886eedc373b568ba,discretionary,other,15-50K,S3,NO,0.735,50.0,1.0,1,-51.0,2025-12-10 00:00:00+00:00
0xb26a5b6abcf15659bf295f767226876e4b87f01abf4acc4804c0cfd7327f6513,discretionary,other,15-50K,S3,YES,0.3415,50.0,1.0,0,-51.0,2025-12-31 00:00:00+00:00
0x6615814797e1f3be7a827c70a94c674e9e568bfc7f1986c1f9257abcc5624d82,discretionary,other,15-50K,S3,YES,0.095,50.0,1.0,0,-51.0,2026-01-05 17:00:00+00:00
0x86cf498b6ad73c7631c08157c654b7e8c44ee33dfad2c261564aa375e3394578,discretionary,other,15-50K,S3,NO,0.585,50.0,1.0,1,-51.0,2026-02-24 00:00:00+00:00
0xdb93abfa2dd2026687b138417b8ba86c7f3f9729e288781de5688730d70d26e6,discretionary,cuba,15-50K,S3,NO,0.525,50.0,1.0,0,54.26315789473685,2026-02-24 00:00:00+00:00
0xd14145c56e36be13dccb37c63158c3bc8c691e8f13993816af24afd4b3fa702f,discretionary,other,15-50K,S3,YES,0.06,50.0,1.0,0,-51.0,2026-03-31 00:00:00+00:00
0x01510d4f36a4055795345072479f71f432533d2c2bf2f3265eaa142d34306914,discretionary,other,15-50K,S3,YES,0.245,50.0,1.0,0,-51.0,2026-04-12 00:00:00+00:00
0x1d8d0ed997c870e00a7b13e39ff94fea8b3e80b6f728c33f936da4341270bd4b,discretionary,other,15-50K,S3,NO,0.755,50.0,1.0,0,153.08163265306123,2026-04-29 00:00:00+00:00
0x6727df9eedb122a2f1e182709da2475dc7860e56d1ce7dc5b1155ba0199a8faa,discretionary,other,15-50K,S4,NO,0.12,50.0,1.0,0,5.81818181818182,2024-03-17 00:00:00+00:00
0x029327103f06eecb01600bbb678e5b1bc27eaa17d27f6cfbe5d9a415ec46776e,discretionary,other,15-50K,S4,NO,0.0015,50.0,1.0,0,-0.9248873309964978,2024-03-31 12:00:00+00:00
0x25078e84b111eba2d9ff88fdd9120d1e0e30227c05b1076bd245770c4c7ca653,discretionary,other,15-50K,S4,NO,0.0115,50.0,1.0,0,-0.4183105715730946,2024-05-31 12:00:00+00:00
0x654f1c8a3ce4e61961af9b620f36cfa8a6d48429bf9951ae5951ae3d5815ec4f,discretionary,iran,15-50K,S4,NO,0.11,50.0,1.0,0,5.179775280898873,2024-06-09 12:00:00+00:00
0xdf4d0baef31895effa199e618abe9ae3a8d6288bddcaad4e6ecd6df09594c25e,discretionary,other,15-50K,S4,NO,0.0175,50.0,1.0,0,-0.1094147582697218,2024-07-04 12:00:00+00:00
0x2303e7d877d176ee0641ebbd6b1be54f2c312ef5f53243e370c8e89cdcdc926a,discretionary,other,15-50K,S4,NO,0.0045,50.0,1.0,0,-0.7739829231541933,2024-07-31 12:00:00+00:00
0x67d4918c6c8cd6c1c831e1555582d6e39c0fef1040a44bc3bf3a9900582d14a2,discretionary,other,15-50K,S4,NO,0.0405,50.0,1.0,0,1.1104742053152705,2024-08-30 12:00:00+00:00
0x6083e93af7bd4b4d45d6cf8d7059815fe073fcab1df2d5e0e08f53ce54eadc14,discretionary,other,15-50K,S4,NO,0.0025,50.0,1.0,0,-0.8746867167919845,2024-08-30 12:00:00+00:00
0x9233fe6628a1aa25492294ab5774bcd18ad6accc00d883da620b27559f32c11d,discretionary,other,15-50K,S4,NO,0.0195,50.0,1.0,0,-0.005609382967875831,2024-10-04 12:00:00+00:00
0xe12d115758e9e24fc40fda30fadce06aa960bcb5336cbc85071918a5c7fdfa2d,discretionary,other,15-50K,S4,NO,0.0175,50.0,1.0,0,-0.1094147582697218,2024-10-11 12:00:00+00:00
0x457a6133557b924bc6ffc9d7d3831334072ee526b209963629496fd1b82ad500,discretionary,other,15-50K,S4,NO,0.002,50.0,1.0,0,-0.8997995991983956,2024-10-27 12:00:00+00:00
0x285e4aabc9c3c3234e3bd8f1e35aecde7dbb7cec879a53b231a2bd78831a3c63,discretionary,other,15-50K,S4,NO,0.125,50.0,1.0,0,6.142857142857146,2024-11-01 12:00:00+00:00
0x7ba7837a3ae2e0aaa1a5e4a4f2b8ece8855ad0190e12d4cd0d372edd70174dd1,discretionary,other,15-50K,S4,NO,0.085,50.0,1.0,1,-51.0,2024-11-01 12:00:00+00:00
0x8b6d62510907ffb835b26f6dc52bb0b1effef6a5c9139c89ccc753b9c58fc482,discretionary,other,15-50K,S4,NO,0.0075,50.0,1.0,0,-0.6221662468513856,2024-11-04 12:00:00+00:00
0x8abc1dbf73fec5af7107a682fdbecce4f4294afbd84fd4d857b103dd8a32f2ce,discretionary,other,15-50K,S4,NO,0.002,50.0,1.0,0,-0.8997995991983956,2024-11-12 12:00:00+00:00
0xde869f771487aed89216a080b2279edc9de57735172f46d634643c0403e988f6,discretionary,other,15-50K,S4,NO,0.011,50.0,1.0,0,-0.44388270980788747,2024-11-15 12:00:00+00:00
0x0cd78cbbc9196f363db2f4c6003504168526b7deaf3d1e79231d1c2ac97329ca,discretionary,other,15-50K,S4,NO,0.07,50.0,1.0,1,-51.0,2024-11-15 12:00:00+00:00
0x964af551780a10a7a7be4cba2e441126830b18b831387f9b8006b3ff2371e744,discretionary,other,15-50K,S4,NO,0.0005,50.0,1.0,0,-0.9749874937468732,2024-11-16 12:00:00+00:00
0x4ed3add94cc122aade943eb59d747bcfdc5068961ba27f1c2b1c4d1ff21d2dc1,discretionary,other,15-50K,S4,NO,0.135,50.0,1.0,0,6.8034682080924895,2024-11-30 12:00:00+00:00
0x380f7150652303197abdd7cebd9cfd188d4c34bf0d74dc8e0985010d23182a53,discretionary,other,15-50K,S4,NO,0.0015,50.0,1.0,0,-0.9248873309964978,2025-01-20 12:00:00+00:00
0xe20ccccd24a2cb5b16a649b7843502672c8c6ab3b8982614487fe87340e16c30,discretionary,other,15-50K,S4,NO,0.0055,50.0,1.0,0,-0.7234791352438421,2025-01-27 12:00:00+00:00
0xe00794dfbf7c8cbe606e335f542a22f1f1a1f6e40d4061fb5d3598e88f27fe2b,discretionary,other,15-50K,S4,NO,0.09,50.0,1.0,0,3.9450549450549417,2025-01-29 12:00:00+00:00
0xbfd324657c4d104733f50a1ac04437cab025bcf63868e82b87a2cddbe1b25903,discretionary,other,15-50K,S4,NO,0.0005,50.0,1.0,0,-0.9749874937468732,2025-02-14 12:00:00+00:00
0x20a59e7c724fe4fd79b0797d17b03175ffcf79866c1e712e50a920fa90cdda76,discretionary,other,15-50K,S4,NO,0.009,50.0,1.0,0,-0.545913218970739,2025-02-27 12:00:00+00:00
0x8352897596d350e6946fe1ee342e692c7d02ab81632761edcc90f82ff21cf1ae,discretionary,other,15-50K,S4,NO,0.0005,50.0,1.0,0,-0.9749874937468732,2025-03-14 12:00:00+00:00
0xe8cb25509e310da6a5bae13acef73bccdd9521b14f1c2d821a49f8466336e10e,discretionary,other,15-50K,S4,NO,0.007,50.0,1.0,0,-0.6475327291037232,2025-03-21 12:00:00+00:00
0x0a86c5aafaf6d09f50c4abd262cd688e948c9f267ca8df7882b3c68997055c1b,discretionary,other,15-50K,S4,NO,0.0115,50.0,1.0,0,-0.4183105715730946,2025-03-31 12:00:00+00:00
0xf882b0d63becc41ea3a990d42e137728f4cdb147cc373321075c5dfa8cdaffa1,discretionary,trump_putin,15-50K,S4,NO,0.075,50.0,1.0,0,3.054054054054049,2025-04-18 12:00:00+00:00
0x948ab7d22a31ab218c935e3999199b8ed6698bad52bc5e717629c591bd6f4190,discretionary,other,15-50K,S4,NO,0.0115,50.0,1.0,0,-0.4183105715730946,2025-04-26 12:00:00+00:00
0x38dfaef00556eb168b46e2c9e79d49ce4725df55d8fefb3c3dab07811db8d0f1,discretionary,other,15-50K,S4,NO,0.021,50.0,1.0,0,0.0725229826353413,2025-04-30 12:00:00+00:00
0x9cf011dcb1d04832b524118515fe1076764182ff54fd2a1bc36561f1ec2f8cf2,discretionary,other,15-50K,S4,NO,0.122,50.0,1.0,0,5.9476082004555835,2025-05-03 12:00:00+00:00
0x54905ea776fdd41043fcf0ef8828e8062afbc4cec663822302fd0ccdb307d8b5,discretionary,other,15-50K,S4,NO,0.017,50.0,1.0,0,-0.1353001017293991,2025-06-30 12:00:00+00:00
0x6fd4cff7d7e09e613ae8db200557ec8487dfb2200412e230619400b23d52b5bc,discretionary,other,15-50K,S4,NO,0.0205,50.0,1.0,0,0.0464522715671265,2025-06-30 12:00:00+00:00
0x0e0c14b89cb08fd028364656cc41b4771323ee7e0fda9c041271be62b3faf468,discretionary,other,15-50K,S4,NO,0.0005,50.0,1.0,0,-0.9749874937468732,2025-06-30 12:00:00+00:00
0xabcc3eed397a203fbc9e4b99fdf37c42f7015fe3fe1cff090d58574d47496685,discretionary,other,15-50K,S4,NO,0.0005,50.0,1.0,0,-0.9749874937468732,2025-06-30 12:00:00+00:00
0xd6ba332e88335deb8d04b7faae06e1ad265f1e8ad464a2a906e7748dc8c7790a,discretionary,other,15-50K,S4,NO,0.0005,50.0,1.0,0,-0.9749874937468732,2025-08-15 00:00:00+00:00
0x6d20fbec2da69596c8c350ba463fb1132ec47a34c89d71d0294ca75b6c419339,discretionary,other,15-50K,S4,NO,0.075,50.0,1.0,1,-51.0,2025-08-17 00:00:00+00:00
0x129ef0a1c46d47760646aaabbc6b9c229355476b8c392e85c614540a2532000b,discretionary,other,15-50K,S4,NO,0.0025,50.0,1.0,0,-0.8746867167919845,2025-09-05 16:00:00+00:00
0x8d93791d7c262550cdaf6edde9016add94aef0b8a4a06bea8c6bd53b233ce0d5,discretionary,other,15-50K,S4,NO,0.0005,50.0,1.0,0,-0.9749874937468732,2025-09-16 16:00:00+00:00
0xa372387ff2de628dd2097d889a34b5cf08a6fcdd8e59b254400e0b47506c557e,discretionary,other,15-50K,S4,NO,0.001,50.0,1.0,0,-0.9499499499499464,2025-09-23 16:00:00+00:00
0xcd70715798fc5a4ffe5650f41fc94d6ae981cc809da3561cdbea3dac869ff561,discretionary,other,15-50K,S4,NO,0.0005,50.0,1.0,0,-0.9749874937468732,2025-09-26 16:00:00+00:00
0xb71ee44874e6128bf90be5d2f1c07a58bbebdf2518535143069992ac22e277d1,discretionary,other,15-50K,S4,NO,0.0005,50.0,1.0,0,-0.9749874937468732,2025-10-07 16:00:00+00:00
0x9c02440c284eaa4798096be5cbde0c845d9962ff22664e50e2d7922a5d26a1c7,discretionary,other,15-50K,S4,NO,0.0005,50.0,1.0,0,-0.9749874937468732,2025-10-10 16:00:00+00:00
0x92137f9e112c001cbef3e32da9aca4b42cd3d161f51c2963779ae694d45a48da,discretionary,other,15-50K,S4,NO,0.105,50.0,1.0,1,-51.0,2025-10-31 00:00:00+00:00
0x020419fa798598e8bbb6a084432a1c8d690b6528f1cc6b085666ad1989b4b5c0,discretionary,other,15-50K,S4,NO,0.0395,50.0,1.0,0,1.0562207183758474,2025-11-08 00:00:00+00:00
0x9f5c624ebd59176bff519d147041052677cb2a4f0877b3e67f003534c402aee1,discretionary,other,15-50K,S4,NO,0.003,50.0,1.0,0,-0.8495486459378156,2025-11-16 00:00:00+00:00
0x9b792b2218e77b4c168b8cb603af34ad3703f2753d326f0f444de3711228116b,discretionary,other,15-50K,S4,NO,0.024,50.0,1.0,0,0.22950819672131217,2025-11-16 00:00:00+00:00
0x26205b37b6a134c44549b98178c5260ca8a9411d9bbc8ac882b91d6ab15e7713,discretionary,other,15-50K,S4,NO,0.003,50.0,1.0,0,-0.8495486459378156,2025-11-16 00:00:00+00:00
0x1dc56b0273b8de5535f64d6643800ec029501a8606b68f84f3dce232e47b2db9,discretionary,other,15-50K,S4,NO,0.0035,50.0,1.0,0,-0.8243853487205257,2025-11-16 00:00:00+00:00
0x38b4857b4be08493cdb6aad1052332b57fe58d4e16b2f1979434ce2260433358,discretionary,other,15-50K,S4,NO,0.0005,50.0,1.0,0,-0.9749874937468732,2025-12-01 05:00:00+00:00
0xe35dba72c626cc2e73143f3da3bd525c7e98bab1392f544faaa3105343420da5,discretionary,other,15-50K,S4,NO,0.0005,50.0,1.0,0,-0.9749874937468732,2025-12-01 05:00:00+00:00
0xda440234b0f1fe76ca6fb6f66da25236ecbbbcd9a6ff274749dde9a5f3583c24,discretionary,other,15-50K,S4,NO,0.075,50.0,1.0,0,3.054054054054049,2025-12-05 00:00:00+00:00
0xdac55cbd27e9a0a8fc8af153d6f584e411f401a054a5de55c2f6cafc06d1a8a8,discretionary,venezuela,15-50K,S4,NO,0.0095,50.0,1.0,0,-0.5204442200908659,2025-12-31 00:00:00+00:00
0x6b5ecd887aaa99a4c2745119f36a23e2846e3f6407ec74f77ad675ea90c3ef2a,discretionary,venezuela,15-50K,S4,NO,0.0015,50.0,1.0,0,-0.9248873309964978,2025-12-31 00:00:00+00:00
0x24b040251d1121196e5d21f479c33a869d0c7b3e35a41571a40690e3aebd54cc,discretionary,other,15-50K,S4,NO,0.0025,50.0,1.0,0,-0.8746867167919845,2025-12-31 00:00:00+00:00
0xa7bdb4e554de13129dc429dc030e780661253f44a60aeed6a502a6d9a06a49d1,discretionary,other,15-50K,S4,NO,0.002,50.0,1.0,0,-0.8997995991983956,2025-12-31 00:00:00+00:00
0x1d2cf8d200e14ad27fabd93f654ee999fa6ef413b902ddb0a71db21c45757f63,discretionary,other,15-50K,S4,NO,0.0145,50.0,1.0,0,-0.2643328259766662,2025-12-31 00:00:00+00:00
0x9d8a88abd5a103760c22e11551c7ae59f861326fcc823674fc02606b63560cf9,discretionary,other,15-50K,S4,NO,0.0015,50.0,1.0,0,-0.9248873309964978,2025-12-31 00:00:00+00:00
0x8d71eebfeac93509b5d1061725583b8df364823d816be3b2284b07cfa913f20a,discretionary,ukraine,15-50K,S4,NO,0.0195,50.0,1.0,0,-0.005609382967875831,2025-12-31 00:00:00+00:00
0xafe1b7be515259388df5bf5123dfcada1345866aa04704b5703ea8dacf5793e1,discretionary,china_taiwan,15-50K,S4,NO,0.0125,50.0,1.0,0,-0.3670886075949369,2025-12-31 00:00:00+00:00
0x3b489d201869b9e813047955884c846bfa69c768c7df1d5175e55d6cebe63310,discretionary,other,15-50K,S4,NO,0.0125,50.0,1.0,0,-0.3670886075949369,2025-12-31 00:00:00+00:00
0x96f6aed94facad5cfeca5507e1a3f6a5c6500dac44df4b373bb829ba8fe0b5a6,discretionary,other,15-50K,S4,NO,0.0005,50.0,1.0,0,-0.9749874937468732,2025-12-31 12:00:00+00:00
0x06eede5999a7a67a2b56811f81c7b352d17f8a6df556527731a95a1f4e07ff96,discretionary,israel,15-50K,S4,NO,0.031,50.0,1.0,1,-51.0,2025-12-31 21:00:00+00:00
0x6615814797e1f3be7a827c70a94c674e9e568bfc7f1986c1f9257abcc5624d82,discretionary,other,15-50K,S4,NO,0.095,50.0,1.0,0,4.248618784530386,2026-01-05 17:00:00+00:00
0xaf9f82c55c0bcdbc4bfa99fe4a8ee9040361c79071754b299797480ab95b262b,discretionary,other,15-50K,S4,NO,0.0645,50.0,1.0,0,2.4473543559593836,2026-01-09 00:00:00+00:00
0x2474fea8345b414b9f1d9279b6a05b2dc0882d850c376a5efe885446576407da,discretionary,other,15-50K,S4,NO,0.105,50.0,1.0,0,4.865921787709496,2026-01-09 00:00:00+00:00
0x25ac9d2a86cb02a5db4347478f025703c9f2c8a6fab61b35d2ddc21de67058a6,discretionary,israel,15-50K,S4,NO,0.0015,50.0,1.0,0,-0.9248873309964978,2026-01-31 00:00:00+00:00
0x88352e2e5e5305c202da7c156c9642837bab9acb82dd2468cbf40edeacaf060e,discretionary,israel,15-50K,S4,NO,0.0015,50.0,1.0,0,-0.9248873309964978,2026-01-31 00:00:00+00:00
0x8a3b0aeb1043b701cd74342626b507468da35c944909517b435a152c1c0ef1d2,discretionary,other,15-50K,S4,NO,0.0005,50.0,1.0,0,-0.9749874937468732,2026-01-31 00:00:00+00:00
0x5387de10b12c52e40eb885344a3723caf3d973f21fc588853cdda23d7ed754cf,discretionary,other,15-50K,S4,NO,0.0005,50.0,1.0,0,-0.9749874937468732,2026-01-31 00:00:00+00:00
0x6bceb0f2be7d25f62dc9edc582ff9002a445d199ff0b1f53ae4a5f3f548de1c4,discretionary,other,15-50K,S4,NO,0.135,50.0,1.0,0,6.8034682080924895,2026-02-01 00:00:00+00:00
0x39283deae2beada4b6c25f88f726ee11930bfdb195d2b26361f07329af484659,discretionary,other,15-50K,S4,NO,0.021,50.0,1.0,0,0.0725229826353413,2026-02-01 00:00:00+00:00
0xc5285610c7f6585fb7606b0a3225f21619c8b754e750fb540b2f334164eaf90c,discretionary,iran,15-50K,S4,NO,0.0005,50.0,1.0,0,-0.9749874937468732,2026-02-13 00:00:00+00:00
0x3712962b5dec4f983b9adc2344d7ef270268969422dc799a8a9ea79048ec80f9,discretionary,other,15-50K,S4,NO,0.0055,50.0,1.0,0,-0.7234791352438421,2026-02-27 17:00:00+00:00
0xea48854a5c19a29c6c38956685ba0607c95f93ac9f927a4810b2d428561141f8,discretionary,ukraine,15-50K,S4,NO,0.0005,50.0,1.0,0,-0.9749874937468732,2026-02-28 00:00:00+00:00
0x85aa838bb6cfcc7c70ac1ab6de0aff9ef53bafc994865b9571ecac1df0376f43,discretionary,ukraine,15-50K,S4,NO,0.0005,50.0,1.0,0,-0.9749874937468732,2026-02-28 00:00:00+00:00
0x2c3e740697e50433b0ecafdadcb01d7e2e5d4dd61459733a39b5dd25311a275e,discretionary,ukraine,15-50K,S4,NO,0.0005,50.0,1.0,0,-0.9749874937468732,2026-02-28 00:00:00+00:00
0xb1621719120f210181d8f27e411d987ace6408dd3e0243cd0de518ed18289a91,discretionary,other,15-50K,S4,NO,0.105,50.0,1.0,0,4.865921787709496,2026-03-27 16:00:00+00:00
0xdc169ca8e998ea2531440c5c10258b77e22680ce701f9f46edec84903a16cbfb,discretionary,israel,15-50K,S4,NO,0.0235,50.0,1.0,0,0.20327700972862317,2026-03-31 00:00:00+00:00
0x027b8d3b2f68a0f78ca5afec04ef182f3a6e9dd8a35dc572162dfe4483c89542,discretionary,israel,15-50K,S4,NO,0.095,50.0,1.0,0,4.248618784530386,2026-03-31 00:00:00+00:00
0x0b62ca57f1de8b89add79078aaf413b129eef8315625b2fec1ffcf256d8dece4,discretionary,other,15-50K,S4,NO,0.016,50.0,1.0,0,-0.18699186991869965,2026-03-31 16:00:00+00:00
0x19ed51210cede6932e559922cbb832a0a218d45383feba376580e6ce2ad93853,discretionary,other,15-50K,S4,NO,0.015,50.0,1.0,0,-0.23857868020304807,2026-03-31 16:00:00+00:00
0x8153292497d6fd565744dcd34791082fa8fa5eafa8f55c8d017e557af8133002,discretionary,other,15-50K,S4,NO,0.1,50.0,1.0,1,-51.0,2026-04-12 00:00:00+00:00
0x38f455d58244268a4adff6b5787cfbe21cf584883db31d4371523511d5313f61,discretionary,other,15-50K,S4,NO,0.024,50.0,1.0,0,0.22950819672131217,2026-04-14 16:00:00+00:00
0x950cf1c7a2c2b731389374697caf126fe71af6f48f7fd729ea80cd7445c4cf1e,discretionary,other,15-50K,S4,NO,0.0325,50.0,1.0,0,0.6795865633074953,2026-04-14 16:00:00+00:00
0x835293fdd731fd51f66f18e627e58ce4022ffb4f8db7a64f9e068a4c9bb20a66,discretionary,other,15-50K,S4,NO,0.09,50.0,1.0,0,3.9450549450549417,2026-04-17 00:00:00+00:00
0xbe26cb4271d859584f3acc2c8f8ea9ae872f6845d89b3b1777ab100918f08906,discretionary,other,15-50K,S4,NO,0.07,50.0,1.0,0,2.7634408602150557,2026-04-26 00:00:00+00:00
0x0baa8bbb7b974a19e8b91205be112e064df134c7e4ae90476ca50c247c82daf1,discretionary,other,15-50K,S4,NO,0.0305,50.0,1.0,0,0.5729757607013894,2026-04-26 00:00:00+00:00
0xd2ba0333139cc904c92b7741b9457b8eaebd4964e3a450217dbbd8dadc882551,discretionary,other,15-50K,S4,NO,0.0005,50.0,1.0,0,-0.9749874937468732,2026-04-28 16:00:00+00:00
0x8cfbeb1d72b72ee16a05865b8b2a328c7386f1f544975ab58c9f33d825994f6b,discretionary,other,15-50K,S4,NO,0.0155,50.0,1.0,0,-0.21279837480955166,2026-04-30 00:00:00+00:00
0xaecd38f0d1b839a2621b54a6dd2a69d1f37d39c812bc2f1f1432ee79555623f8,discretionary,china_taiwan,15-50K,S4,NO,0.0095,50.0,1.0,0,-0.5204442200908659,2026-04-30 00:00:00+00:00
0x2eccb9409a0a88eaadb64cbe5d229e471299fd6c73824ce3be05ce0bb47ab85e,discretionary,other,15-50K,S4,NO,0.0005,50.0,1.0,0,-0.9749874937468732,2026-12-31 00:00:00+00:00
0x1f5e91cec5de2c58c8b51e5830819bbed6c0978dc05b964e4f432d7744977d2a,discretionary,other,50-200K,S1,YES,0.0005,50.0,1.0,0,-51.0,2023-11-30 00:00:00+00:00
0xf9158852b2e253f40ffa0f77727ba6a765f3ebaaba350a7319b0399bbcbf4034,discretionary,other,50-200K,S1,YES,0.004,50.0,1.0,0,-51.0,2024-01-31 00:00:00+00:00
0x572d2a40bf469740550636564e19469f30b7c9fb6257eeeb2f8949ca0a8624ed,discretionary,other,50-200K,S1,NO,0.9745,50.0,1.0,1,-51.0,2024-03-31 12:00:00+00:00
0x3ef44f3a40ee5d7a15b319c44e7702d094d0036acc86c9c5991ba90801adddb7,discretionary,other,50-200K,S1,YES,0.0015,50.0,1.0,0,-51.0,2024-04-30 00:00:00+00:00
0xf62e217fb457a2cedd9a653bcda57e88c3f3093a7a49aee65028146198f5208a,discretionary,other,50-200K,S1,YES,0.0115,50.0,1.0,0,-51.0,2024-04-30 12:00:00+00:00
0xd4dfcc32f0a03aef3c273345a8a9c0cc5680082e03e39aecdd7660c5c90ac15e,discretionary,ukraine,50-200K,S1,NO,0.996,50.0,1.0,1,-51.0,2024-04-30 12:00:00+00:00
0x23a9be32693bd427cce236d5af3e9f86aa38776e3ff4823faa7f51443d1a5647,discretionary,other,50-200K,S1,NO,0.982,50.0,1.0,1,-51.0,2024-04-30 12:00:00+00:00
0x65fe5f6d1e37e6dd7d58e593842fe59547ec42fe4710f7c58c952144a982eb0f,discretionary,iran,50-200K,S1,YES,0.1,50.0,1.0,0,-51.0,2024-05-24 12:00:00+00:00
0xe88e8e620c7909a760072e04c24bdbfbc2c7b1941bf8cd96ce8c578cfc380ffd,discretionary,other,50-200K,S1,NO,0.9855,50.0,1.0,1,-51.0,2024-05-26 12:00:00+00:00
0x6c405d9f77288b373f5783e1bdf491b57dc8023bac6fce295898aa78dc27ccc7,discretionary,other,50-200K,S1,YES,0.002,50.0,1.0,0,-51.0,2024-05-26 12:00:00+00:00
0x0e32fd85a870d09ee702b15a21edb4492f24bf1b65aca3a2007a22d2ae081d56,discretionary,other,50-200K,S1,YES,0.14,50.0,1.0,0,-51.0,2024-06-04 12:00:00+00:00
0x280eb8f1e5f195088dfc62e12e065e3fcc3a09211709d4b6f892d5310b31cfbf,discretionary,other,50-200K,S1,YES,0.0015,50.0,1.0,0,-51.0,2024-06-09 12:00:00+00:00
0xe43dba1f16fa43b0adcb38e22a5910c9a388f945fe158840e6d0f59d2a126c44,discretionary,other,50-200K,S1,YES,0.002,50.0,1.0,0,-51.0,2024-06-09 12:00:00+00:00
0x6f9b2be44ad64a56ac05a99b89a95e2729bc9febe49aa44eeb8d806279d714bb,discretionary,other,50-200K,S1,NO,0.965,50.0,1.0,0,1377.5714285714273,2024-06-09 12:00:00+00:00
0xd2e8813b65f3a8c88493dd2c1ca6f1ad1f269eeda21104f24e47072bc127ad65,discretionary,other,50-200K,S1,YES,0.0015,50.0,1.0,0,-51.0,2024-06-09 12:00:00+00:00
0x2f32e050a163862021e380339667e145e03e8f18e20da50030f1d325db78b49a,discretionary,other,50-200K,S1,YES,0.0015,50.0,1.0,0,-51.0,2024-06-09 12:00:00+00:00
0xafb8265ded6d4ea88f95722d37fc9b3266bfbf5b976ebe1071e6c8b5f46565d4,discretionary,other,50-200K,S1,YES,0.0015,50.0,1.0,0,-51.0,2024-06-09 12:00:00+00:00
0xd30a1acf914d446c4c1992afb8f6815113629699434a173f94153379566c00bb,discretionary,other,50-200K,S1,YES,0.0015,50.0,1.0,0,-51.0,2024-06-09 12:00:00+00:00
0xb3fea26b4ef9c91cd759fb81144a42f8c81f9616f8b266f922635c0759ad9b67,discretionary,other,50-200K,S1,YES,0.0015,50.0,1.0,0,-51.0,2024-06-09 12:00:00+00:00
0x081bc70350ee00c9037789f49ea3f6a7ea205608f03d9ead721bbe6ba70fe32d,discretionary,other,50-200K,S1,YES,0.0075,50.0,1.0,0,-51.0,2024-06-10 12:00:00+00:00
0x4df9b983c037c0baa85f1d10184ef5f2dc000a979eedcd78b69edbfd5bb651c9,discretionary,other,50-200K,S1,NO,0.945,50.0,1.0,1,-51.0,2024-06-27 12:00:00+00:00
0x68005aadd48b8be729a102135eebd1e1b0425c49236bbcec11e25d5162a48165,discretionary,other,50-200K,S1,YES,0.005,50.0,1.0,0,-51.0,2024-06-27 12:00:00+00:00
0x6619837b206286f5a61d0c4e7a675df4568bab2995a1c15f6da3064806cf2898,discretionary,other,50-200K,S1,YES,0.005,50.0,1.0,0,-51.0,2024-07-04 12:00:00+00:00
0x999bb2d458e5474e2102ee237af3673f9c9545d3a17a0e4364723add23d63c22,discretionary,other,50-200K,S1,YES,0.0005,50.0,1.0,0,-51.0,2024-07-04 12:00:00+00:00
0xcaddc7b29a7f6346cae62c0833ad548c5a609f214507e5525572d31e238f4451,discretionary,other,50-200K,S1,YES,0.01,50.0,1.0,0,-51.0,2024-07-04 12:00:00+00:00
0x90cf5a30dbfb33d2a6c8f3335f891aa20e5d52c6b0d6365e04e6c11cf05d6a0d,discretionary,other,50-200K,S1,YES,0.0005,50.0,1.0,0,-51.0,2024-07-04 12:00:00+00:00
0x7bd5fb93fd2e973a5d0e8c940fb1fb3c9a910fc321cf565d6fd3d219df62969c,discretionary,other,50-200K,S1,YES,0.0005,50.0,1.0,0,-51.0,2024-07-04 12:00:00+00:00
0xde4cff1a88bbe308aef0eb9a8b64925f23e58d8f1279d08b071c865181844ac3,discretionary,other,50-200K,S1,YES,0.0005,50.0,1.0,0,-51.0,2024-07-04 12:00:00+00:00
0x4cb0e4f9b6d2d2a11abde7cf3746cf413e263c22f9e07b65a9f9d09850f04581,discretionary,other,50-200K,S1,YES,0.0005,50.0,1.0,0,-51.0,2024-07-04 12:00:00+00:00
0x73531e600541608053a7fb2fc3261821485fb0d26450dea661af6961c65bf440,discretionary,other,50-200K,S1,YES,0.0025,50.0,1.0,0,-51.0,2024-07-04 12:00:00+00:00
0x78102af35049c87167cf4b257ed731e01852d13d5c95f05f1eaa97daaa0430fc,discretionary,other,50-200K,S1,YES,0.0005,50.0,1.0,0,-51.0,2024-07-04 12:00:00+00:00
0x8ce108abb02936b3a5b76a80d0eb7192586189cfd75dd5d254ecf2828260fdb1,discretionary,other,50-200K,S1,YES,0.0005,50.0,1.0,0,-51.0,2024-07-04 12:00:00+00:00
0xaa2b2ed16e5e09e355cb9c023b08ebe35671531d5007c3d66e75d0fec5f639a2,discretionary,iran,50-200K,S1,YES,0.0095,50.0,1.0,0,-51.0,2024-07-20 12:00:00+00:00
0x9ced49b3bb85caa25de45a49221bd9f0ef0aca2eb80dfa2700dfe0ac37f799d5,discretionary,iran,50-200K,S1,YES,0.007,50.0,1.0,0,-51.0,2024-07-31 12:00:00+00:00
0x08fbe3be22b176f9fd7a915ccd5b23470d6671747a05a4500346897f2834113e,discretionary,other,50-200K,S1,YES,0.01,50.0,1.0,0,-51.0,2024-08-10 00:00:00+00:00
0x3c1b76f77f93f19371d3df801047c0fba2e6ca4c4bd489dbabea990ea68f8941,discretionary,other,50-200K,S1,NO,0.991,50.0,1.0,1,-51.0,2024-08-10 00:00:00+00:00
0x92791284a7b95ca8909afa02a41769ffef3012693f6567ad5306119abf0efc3b,discretionary,other,50-200K,S1,YES,0.0005,50.0,1.0,0,-51.0,2024-08-13 12:00:00+00:00
0x8288d2d383414fce6bc4b7609ed5074c86bce99cb0b13ff01a23bad674901998,discretionary,other,50-200K,S1,YES,0.0005,50.0,1.0,0,-51.0,2024-08-13 12:00:00+00:00
0xeb6e3bde4d9b0b0b171a37cc5f439b55197c8bdb16847367e760aaca572a67e5,discretionary,other,50-200K,S1,YES,0.0005,50.0,1.0,0,-51.0,2024-08-13 12:00:00+00:00
0x3538387b73b008cc3948592999d43fc03d9191a8c1bc9963bcc4689dbf7d71fa,discretionary,israel,50-200K,S1,NO,0.97,50.0,1.0,1,-51.0,2024-08-31 12:00:00+00:00
0x7ab9c0b2396b72fcc4643dc03c835cd2dbbcead944b261e653de7d0851a2493e,discretionary,other,50-200K,S1,NO,0.9875,50.0,1.0,1,-51.0,2024-09-03 12:00:00+00:00
0x768603866bc5ce73836ccae47d72ee47cdd605d41320d3894ca41412f784d775,discretionary,other,50-200K,S1,YES,0.0025,50.0,1.0,0,-51.0,2024-09-10 00:00:00+00:00
0xd93cb2d70e5e00e804ff2115f59aaed64cffe4af275264e9a629e1e4ad3dab80,discretionary,other,50-200K,S1,YES,0.001,50.0,1.0,0,-51.0,2024-09-10 00:00:00+00:00
0x0a011ae478add880492d6d8e5aa98213405b7cec1e1cb34b84bf4c1bad055b2c,discretionary,other,50-200K,S1,YES,0.011,50.0,1.0,0,-51.0,2024-09-30 12:00:00+00:00
0x808dafe4b275bc66788b6a5a56cd1ab8cce1e74a19cfbd999fa1267270abde54,discretionary,other,50-200K,S1,YES,0.0005,50.0,1.0,0,-51.0,2024-10-03 12:00:00+00:00
0xb9998922e9b800d3c8dd65636a4f9905bae8d587f8cfd78d06c6209b33bb46cf,discretionary,other,50-200K,S1,YES,0.003,50.0,1.0,0,-51.0,2024-11-01 12:00:00+00:00
0x3c3b3cd604871d9247512a0572c49dfb46c6e5d981f9e35e3018fd91051e1272,discretionary,other,50-200K,S1,YES,0.011,50.0,1.0,0,-51.0,2024-11-04 12:00:00+00:00
0xcc78239da94906bbf74b76b71cfdf05b653596c3f81580edfeddad9a79c48488,discretionary,other,50-200K,S1,YES,0.009,50.0,1.0,0,-51.0,2024-11-04 12:00:00+00:00
0x26c0b0cbc44517dfc8ad8c750ee24e048e5ca733155515c0ac4bce686317bbb1,discretionary,other,50-200K,S1,YES,0.0135,50.0,1.0,0,-51.0,2024-11-04 12:00:00+00:00
0xf32f38434f2192f5135e007f2bc102a6c7dca299fb9b7e71b76542891161f6a1,discretionary,other,50-200K,S1,YES,0.0065,50.0,1.0,0,-51.0,2024-11-04 12:00:00+00:00
0xb11c064ef5aebbb887ad14ae1e5555eb5f997dd2182907d8999f27ff5ae04fb8,discretionary,other,50-200K,S1,YES,0.006,50.0,1.0,0,-51.0,2024-11-04 12:00:00+00:00
0x831ebc7fa8c94d42d526bd6ed622afde66cbbaaa2f14a480072d7b5e58f0c7ec,discretionary,other,50-200K,S1,YES,0.0105,50.0,1.0,0,-51.0,2024-11-04 12:00:00+00:00
0xf8965140c41f13be11ee4c7d10f2ca021ed4e5e0ea68274e88eff7e2d7f13c74,discretionary,other,50-200K,S1,YES,0.0025,50.0,1.0,0,-51.0,2024-11-05 12:00:00+00:00
0x2bd564bdef719d33ddc1c564c80bf0b6da83632e902150e587964a91c1152ec9,discretionary,other,50-200K,S1,YES,0.0215,50.0,1.0,0,-51.0,2024-11-05 12:00:00+00:00
0xc5beee218c5ebc772faa7f53a7196a3d1ba16dfcb74767586c232c2e3c89ed3c,discretionary,other,50-200K,S1,NO,0.974,50.0,1.0,1,-51.0,2024-11-05 12:00:00+00:00
0xa7b4202e7b52aed7a7427e592d41618f7f8dcd66875842caf197d8e5b9f47d72,discretionary,other,50-200K,S1,YES,0.1355,50.0,1.0,0,-51.0,2024-11-05 12:00:00+00:00
0xb1de4b144ba2d4beb2a1983c2c9a14268f5226bc9700b7e442884f00396b7178,discretionary,other,50-200K,S1,NO,0.955,50.0,1.0,1,-51.0,2024-11-05 12:00:00+00:00
0x47aa18816785d40fb11c68fa6a66a426a35c9bbe82643cef8eab21bddf78781e,discretionary,other,50-200K,S1,YES,0.0065,50.0,1.0,0,-51.0,2024-11-05 12:00:00+00:00
0xa4d3d05f19370519b12ead7c0c33b7c3f9c8b4a1d0020040ffd13ca01d6c0adf,discretionary,other,50-200K,S1,YES,0.027,50.0,1.0,0,-51.0,2024-11-05 12:00:00+00:00
0xa307945df868b9b1e7378bab702f82da547144e5d264e2894a3c163db348ae03,discretionary,israel,50-200K,S1,YES,0.003,50.0,1.0,0,-51.0,2024-11-05 12:00:00+00:00
0x7d8633c04403a076b45530d1f0a02506aa93d6569aba91b111b2d9877445c58d,discretionary,other,50-200K,S1,YES,0.0135,50.0,1.0,0,-51.0,2024-11-05 12:00:00+00:00
0x2dfc5ff604b12ac8721316b109cd786b0da27a24719238bb23aa7882d8f3b3ab,discretionary,other,50-200K,S1,YES,0.01,50.0,1.0,0,-51.0,2024-11-05 12:00:00+00:00
0x8525f7e85bf8ef24d29899a79bfa74b2fd6b9b50283f21fc003677dd8fb14705,discretionary,other,50-200K,S1,YES,0.012,50.0,1.0,0,-51.0,2024-11-05 12:00:00+00:00
0x5b6ccf86a766f363d0c3d24f17f40974c706d85c67827d4f3dcaeae4b90070c9,discretionary,other,50-200K,S1,NO,0.9685,50.0,1.0,1,-51.0,2024-11-05 12:00:00+00:00
0x521a7fb05fa539cddc4b5c573fb3888a143b1262c394cce452189e67b53d0726,discretionary,other,50-200K,S1,YES,0.002,50.0,1.0,0,-51.0,2024-11-05 12:00:00+00:00
0xb467b29463dfba230ccb24eca91c03c53665e9febc746cada108c63830b7573d,discretionary,other,50-200K,S1,YES,0.003,50.0,1.0,0,-51.0,2024-11-05 12:00:00+00:00
0x8ee7186b5c39c64efc6ea96a4025afe2aa58fdeabb37a062b3f9517cc3a1657d,discretionary,other,50-200K,S1,YES,0.002,50.0,1.0,0,-51.0,2024-11-05 12:00:00+00:00
0xfae4fdaf7036a338e7ec27b790ed39e7d11b64dc0bd26cdd5e8ccb01ffc433b9,discretionary,other,50-200K,S1,NO,0.9595,50.0,1.0,1,-51.0,2024-11-05 12:00:00+00:00
0xb8ac153a019048d4a963017c64725c5d93dc8baad3f67870bea8874463458b53,discretionary,other,50-200K,S1,YES,0.037,50.0,1.0,0,-51.0,2024-11-05 12:00:00+00:00
0x56b4aec4a24e21a2f82a3db32085c851ef03db7337f757d0647f6eefdad072ab,discretionary,other,50-200K,S1,YES,0.002,50.0,1.0,0,-51.0,2024-11-05 12:00:00+00:00
0x6a425b7b03692e2409f1c9471a9de354c1a9d5989f56c5dae0ef66b15f589de9,discretionary,other,50-200K,S1,NO,0.966,50.0,1.0,1,-51.0,2024-11-05 12:00:00+00:00
0xfd17ee27498ae7f11983620f9e7377a25d94a9046dd75eaa00b8b30b600b0bef,discretionary,other,50-200K,S1,YES,0.05,50.0,1.0,0,-51.0,2024-11-05 12:00:00+00:00
0x1a98a4c6a8e9af6340bdb4e076ee0f07eb7363fb752fe028aa9d9b337e189767,discretionary,other,50-200K,S1,YES,0.02,50.0,1.0,0,-51.0,2024-11-05 12:00:00+00:00
0x663547d11940a254fb40518c6ded62ce8a96b8ac317957f6168d618fa526b023,discretionary,other,50-200K,S1,YES,0.0045,50.0,1.0,0,-51.0,2024-11-05 12:00:00+00:00
0x4508a8705c853ca5727dec327449916f7524acbc4d8abc4685f25aad29c7c4d3,discretionary,other,50-200K,S1,YES,0.005,50.0,1.0,0,-51.0,2024-11-05 12:00:00+00:00
0x7f1f8a4728c54dd23057ddd2f690651375539ae7fea37a00f42c6f1890cd52c4,discretionary,other,50-200K,S1,NO,0.966,50.0,1.0,1,-51.0,2024-11-05 12:00:00+00:00
0x47fcd892db3b4bb786d598607fe8e65ebd9c245a203a2e6375f74d6523137826,discretionary,other,50-200K,S1,YES,0.0085,50.0,1.0,0,-51.0,2024-11-05 12:00:00+00:00
0x708fb14a697184ca11188ef64ea38ee355349d9d62db5654f0204e32005894dd,discretionary,other,50-200K,S1,NO,0.984,50.0,1.0,1,-51.0,2024-11-05 12:00:00+00:00
0xe005005133803bbc7cc16b0295ecb797cc8763f81ab0f2a6c4c90a817e794aa7,discretionary,other,50-200K,S1,YES,0.012,50.0,1.0,0,-51.0,2024-11-05 12:00:00+00:00
0x8cdce5c6fbdbade86234d95f4e665e2499780ac4c67ab64d0e5b5c26e029d381,discretionary,other,50-200K,S1,NO,0.99,50.0,1.0,1,-51.0,2024-11-05 12:00:00+00:00
0x4ea4e8587b99e7fe73a7448c87ef492e284bc6b465e4973235c081a00017465f,discretionary,other,50-200K,S1,NO,0.976,50.0,1.0,1,-51.0,2024-11-05 12:00:00+00:00
0x052ff66bad8c4792750d1879c482d562eff17bfd1bb5c6fb278e07e9d44c459e,discretionary,other,50-200K,S1,NO,0.98,50.0,1.0,1,-51.0,2024-11-05 12:00:00+00:00
0x464970747ef4695bbf1d46757b122caa5b3fad410f8a79bcc773e6524b769835,discretionary,other,50-200K,S1,YES,0.0045,50.0,1.0,0,-51.0,2024-11-05 12:00:00+00:00
0x155cc0bfdc26383ddd4f6718de3839f5e987a7d1da74b8979363e9a96d0938d9,discretionary,other,50-200K,S1,NO,0.9755,50.0,1.0,1,-51.0,2024-11-05 12:00:00+00:00
0x05a16ffcfaa6948233c1cc448f87acddf1ea144597b424739dd4a2e07f397b04,discretionary,other,50-200K,S1,YES,0.026,50.0,1.0,0,-51.0,2024-11-05 12:00:00+00:00
0x2815a243a0021f3a00ab110f8185d03a491cbf1a9aaf9f1baf1c1f2a16fb737a,discretionary,other,50-200K,S1,YES,0.002,50.0,1.0,0,-51.0,2024-11-05 12:00:00+00:00
0xb156f975ef4e42fc1c32bb838098adcb91fd88f4cd6be2004b95ad53540a7bb7,discretionary,other,50-200K,S1,NO,0.9835,50.0,1.0,1,-51.0,2024-11-05 12:00:00+00:00
0xa0de93ceb5e777e92f1d0f2ce78fdf0ef14989f09b36d53736a01591a616c0ce,discretionary,other,50-200K,S1,YES,0.0225,50.0,1.0,0,-51.0,2024-11-05 12:00:00+00:00
0x0dfa89589bd8ecc00a593f1bb85dd8dfce41df5ffa16426fb23ba5ceb3daf241,discretionary,other,50-200K,S1,YES,0.0045,50.0,1.0,0,-51.0,2024-11-05 12:00:00+00:00
0x8009308fb5bea84c1eedc10fec72fb1d9ebc33d31fffd89f65a34247a724f246,discretionary,other,50-200K,S1,YES,0.003,50.0,1.0,0,-51.0,2024-11-05 12:00:00+00:00
0xdf36fcc041cadc34d517a8548330f8bb0312c9acef4f621c89fee89610cf995c,discretionary,other,50-200K,S1,NO,0.945,50.0,1.0,1,-51.0,2024-11-05 12:00:00+00:00
0x3e65bcc5712f6b581dc8a24de10cf8143b567d5739abedd8043f85f3cc1a8392,discretionary,other,50-200K,S1,NO,0.9995,50.0,1.0,1,-51.0,2024-12-31 12:00:00+00:00
0x0e923e93a9174928f1de00c93969b45e2215beb9823ac26e0640b5786d2bbe6a,discretionary,other,50-200K,S1,YES,0.01,50.0,1.0,0,-51.0,2025-01-31 12:00:00+00:00
0xe6d2c502694c4358abdd310107bc744f7a4a9d5e6d877c3dcb3e866832ccf1a2,discretionary,other,50-200K,S1,YES,0.004,50.0,1.0,0,-51.0,2025-01-31 12:00:00+00:00
0xfc93f92b41376c8caeb67fc389e8901d2959e5a998a94c102209fe34b7eeaa7f,discretionary,other,50-200K,S2,NO,0.475,50.0,1.0,0,44.23809523809524,2024-07-11 12:00:00+00:00
0x65fe5f6d1e37e6dd7d58e593842fe59547ec42fe4710f7c58c952144a982eb0f,discretionary,iran,50-200K,S3,YES,0.1,50.0,1.0,0,-51.0,2024-05-24 12:00:00+00:00
0x0e32fd85a870d09ee702b15a21edb4492f24bf1b65aca3a2007a22d2ae081d56,discretionary,other,50-200K,S3,YES,0.14,50.0,1.0,0,-51.0,2024-06-04 12:00:00+00:00
0x426f9a026f65b0c35e563fc5ba313f5e89e9327354dd1467feb269e24125e87a,discretionary,other,50-200K,S3,YES,0.2,50.0,1.0,0,-51.0,2024-06-04 12:00:00+00:00
0x4df9b983c037c0baa85f1d10184ef5f2dc000a979eedcd78b69edbfd5bb651c9,discretionary,other,50-200K,S3,NO,0.945,50.0,1.0,1,-51.0,2024-06-27 12:00:00+00:00
0xe7c0f5dc1be16566f894fd93fb631a6a767cf1e8116449d03e5e80a549fb3d76,discretionary,other,50-200K,S3,YES,0.325,50.0,1.0,0,-51.0,2024-06-27 12:00:00+00:00
0xdf36fcc041cadc34d517a8548330f8bb0312c9acef4f621c89fee89610cf995c,discretionary,other,50-200K,S3,NO,0.945,50.0,1.0,1,-51.0,2024-11-05 12:00:00+00:00
0x65fe5f6d1e37e6dd7d58e593842fe59547ec42fe4710f7c58c952144a982eb0f,discretionary,iran,50-200K,S4,NO,0.1,50.0,1.0,0,4.555555555555557,2024-05-24 12:00:00+00:00
0x081bc70350ee00c9037789f49ea3f6a7ea205608f03d9ead721bbe6ba70fe32d,discretionary,other,50-200K,S4,NO,0.0075,50.0,1.0,0,-0.6221662468513856,2024-06-10 12:00:00+00:00
0x21baf6d500df8012399972c6229ac577af80ca39c67315dfce62b90968de9010,action_count,other,<5K,S1,YES,0.095,50.0,1.0,0,-51.0,2025-12-31 12:00:00+00:00
0xb5dd9533834c4f552754f7f8a1df775d8b1ce38661b9a03061c1da7bbf139aa3,action_count,other,<5K,S1,YES,0.0685,50.0,1.0,0,-51.0,2026-02-21 00:00:00+00:00
0x4e3337fb44d6c7a5b56f38a647cc288a8eee242e97870213a0e902ac4cca9d00,action_count,other,<5K,S1,YES,0.027,50.0,1.0,0,-51.0,2026-03-08 00:00:00+00:00
0xea06822828e9c9e4273d8c4941c9b3e4fec6dfe594c6908c91ba38c338765bcd,action_count,other,<5K,S1,YES,0.02,50.0,1.0,0,-51.0,2026-03-22 00:00:00+00:00
0xff0f3a4c6d7789c73b483437801249e6cbc51f5c5f1e979062144ce77a410f99,action_count,other,<5K,S1,YES,0.007,50.0,1.0,0,-51.0,2026-03-24 00:00:00+00:00
0x6a9af49e4d04d69c1d8be844267ddc798af37aec44c1ad06d09c16fb19c0846e,action_count,other,<5K,S1,YES,0.0085,50.0,1.0,0,-51.0,2026-03-24 16:00:00+00:00
0x4e3337fb44d6c7a5b56f38a647cc288a8eee242e97870213a0e902ac4cca9d00,action_count,other,<5K,S2,YES,0.027,50.0,1.0,0,-51.0,2026-03-08 00:00:00+00:00
0x79992ae60d488b649e61f4e9b0d3c6e8045f20e4e01040f28f7d92488b1125e4,action_count,other,<5K,S3,YES,0.43,50.0,1.0,0,-51.0,2026-01-11 00:00:00+00:00
0x21baf6d500df8012399972c6229ac577af80ca39c67315dfce62b90968de9010,action_count,other,<5K,S4,NO,0.095,50.0,1.0,0,4.248618784530386,2025-12-31 12:00:00+00:00
0xb5dd9533834c4f552754f7f8a1df775d8b1ce38661b9a03061c1da7bbf139aa3,action_count,other,<5K,S4,NO,0.0685,50.0,1.0,0,2.6768652710681664,2026-02-21 00:00:00+00:00
0x4e3337fb44d6c7a5b56f38a647cc288a8eee242e97870213a0e902ac4cca9d00,action_count,other,<5K,S4,NO,0.027,50.0,1.0,0,0.38746145940390875,2026-03-08 00:00:00+00:00
0xff0f3a4c6d7789c73b483437801249e6cbc51f5c5f1e979062144ce77a410f99,action_count,other,<5K,S4,NO,0.007,50.0,1.0,0,-0.6475327291037232,2026-03-24 00:00:00+00:00
0x385cff65ea17ab2d69888d3bb01198a287c664375dc1376384e9711173f30215,action_count,other,5-15K,S1,YES,0.0365,50.0,1.0,0,-51.0,2025-12-20 00:00:00+00:00
0xdc3883290f848c9177d1017303916ee8cff8b6b2966d97b5ddd70bd4ce7c85cf,action_count,other,5-15K,S1,YES,0.024,50.0,1.0,0,-51.0,2025-12-29 00:00:00+00:00
0x9a4b70d49c610171ab3d1d86774bb328e05a3301c8d5969577795d98ddfe9c3e,action_count,other,5-15K,S1,YES,0.135,50.0,1.0,0,-51.0,2026-01-18 00:00:00+00:00
0xfbfae05057e0419e82f0b712dd21f8b37886f8cb9b1409ec044d27e24ec5d84a,action_count,other,5-15K,S1,YES,0.061,50.0,1.0,0,-51.0,2026-01-25 00:00:00+00:00
0x6036f178fa884664fae572c12fe4e1ead6004d6fecf04e77421bb0bff9781caa,action_count,other,5-15K,S1,NO,0.885,50.0,1.0,1,-51.0,2026-02-14 00:00:00+00:00
0xd4a37f712e744966be81ba4a59b4bb031d66bc650a464e7beec228c2b7adad62,action_count,other,5-15K,S2,YES,0.395,50.0,1.0,0,-51.0,2025-12-21 00:00:00+00:00
0xdc3883290f848c9177d1017303916ee8cff8b6b2966d97b5ddd70bd4ce7c85cf,action_count,other,5-15K,S2,YES,0.024,50.0,1.0,0,-51.0,2025-12-29 00:00:00+00:00
0x48aa1228e2f719f1bba2f5acfb3edcbd04003e5cb00863e1c81a550729271439,action_count,other,5-15K,S2,NO,0.207,50.0,1.0,1,-51.0,2026-01-04 00:00:00+00:00
0x9a4b70d49c610171ab3d1d86774bb328e05a3301c8d5969577795d98ddfe9c3e,action_count,other,5-15K,S2,YES,0.135,50.0,1.0,0,-51.0,2026-01-18 00:00:00+00:00
0xfbfae05057e0419e82f0b712dd21f8b37886f8cb9b1409ec044d27e24ec5d84a,action_count,other,5-15K,S2,YES,0.061,50.0,1.0,0,-51.0,2026-01-25 00:00:00+00:00
0xc277431601c752feb6d191da24e9dc21cc65818aced543da7eeaaa217bd99ec6,action_count,other,5-15K,S2,YES,0.225,50.0,1.0,0,-51.0,2026-02-08 00:00:00+00:00
0x21883719d5a0ca76297e4a933b6158c7caa64a7b4f5b538c4a9da51821838f01,action_count,other,5-15K,S2,YES,0.315,50.0,1.0,0,-51.0,2026-03-01 00:00:00+00:00
0x9fb093c5361acd17289f7b9962d6e14bca8a0ce05618498f95ffbacacd64e77b,action_count,other,5-15K,S3,NO,0.65,50.0,1.0,1,-51.0,2025-07-04 00:00:00+00:00
0xbdccb1ae8d9cf2b226f2b012bf51f310048ddcedf33eb14fc5317dd348b95794,action_count,other,5-15K,S3,NO,0.635,50.0,1.0,1,-51.0,2025-12-10 00:00:00+00:00
0xd4a37f712e744966be81ba4a59b4bb031d66bc650a464e7beec228c2b7adad62,action_count,other,5-15K,S3,YES,0.395,50.0,1.0,0,-51.0,2025-12-21 00:00:00+00:00
0x84f5d68d1b5ba7fdf37fe3a9999d633356e58e3f926ef33d38676f1e724237ce,action_count,other,5-15K,S3,YES,0.35,50.0,1.0,0,-51.0,2025-12-29 00:00:00+00:00
0x385cff65ea17ab2d69888d3bb01198a287c664375dc1376384e9711173f30215,action_count,other,5-15K,S4,NO,0.0365,50.0,1.0,0,0.89413596263622,2025-12-20 00:00:00+00:00
0xdc3883290f848c9177d1017303916ee8cff8b6b2966d97b5ddd70bd4ce7c85cf,action_count,other,5-15K,S4,NO,0.024,50.0,1.0,0,0.22950819672131217,2025-12-29 00:00:00+00:00
0x9a4b70d49c610171ab3d1d86774bb328e05a3301c8d5969577795d98ddfe9c3e,action_count,other,5-15K,S4,NO,0.135,50.0,1.0,0,6.8034682080924895,2026-01-18 00:00:00+00:00
0xfbfae05057e0419e82f0b712dd21f8b37886f8cb9b1409ec044d27e24ec5d84a,action_count,other,5-15K,S4,NO,0.061,50.0,1.0,0,2.2481363152289617,2026-01-25 00:00:00+00:00
0x5af55bec4d5a0b1fb4638a819a1532e2338a82bb432499314f70fb564110273c,action_count,other,15-50K,S1,YES,0.005,50.0,1.0,0,-51.0,2025-01-20 12:00:00+00:00
0x07ff647adb4fccea99d476fefd88d31a09bd275748bd093305ae661e03ef2366,action_count,other,15-50K,S1,YES,0.0005,50.0,1.0,0,-51.0,2025-09-16 16:00:00+00:00
0xf766cd8d4336b4a06b7fddb60574058e2f8631a2ef95d0598632e46a505e5788,action_count,other,15-50K,S1,YES,0.105,50.0,1.0,0,-51.0,2025-12-21 00:00:00+00:00
0xd30162fdb150667fd91c0c573dc74b1cb251e216e089fd20859133b5cb2ae5c9,action_count,other,15-50K,S1,YES,0.0365,50.0,1.0,1,1318.8630136986303,2025-12-21 00:00:00+00:00
0x4c4fb6f271915e60c899281b74bf13876eb9ffdc5486527863900f1c35b673fd,action_count,other,15-50K,S1,YES,0.04,50.0,1.0,0,-51.0,2026-03-13 16:00:00+00:00
0x4b4a00cc1b9a54b43cf79dfe8efbbf66826ce9129eb9d73f2a47907072792444,action_count,other,15-50K,S1,YES,0.0005,50.0,1.0,0,-51.0,2026-05-01 04:00:00+00:00
0xa8a38708979d953a914860bcbd64093f7e532f300a04565e516fcaaa93942d69,action_count,other,15-50K,S1,YES,0.0125,50.0,1.0,0,-51.0,2026-05-01 16:00:00+00:00
0x4c4fb6f271915e60c899281b74bf13876eb9ffdc5486527863900f1c35b673fd,action_count,other,15-50K,S2,YES,0.04,50.0,1.0,0,-51.0,2026-03-13 16:00:00+00:00
0xa8a38708979d953a914860bcbd64093f7e532f300a04565e516fcaaa93942d69,action_count,other,15-50K,S2,YES,0.0125,50.0,1.0,0,-51.0,2026-05-01 16:00:00+00:00
0x5af55bec4d5a0b1fb4638a819a1532e2338a82bb432499314f70fb564110273c,action_count,other,15-50K,S4,NO,0.005,50.0,1.0,0,-0.7487437185929622,2025-01-20 12:00:00+00:00
0x07ff647adb4fccea99d476fefd88d31a09bd275748bd093305ae661e03ef2366,action_count,other,15-50K,S4,NO,0.0005,50.0,1.0,0,-0.9749874937468732,2025-09-16 16:00:00+00:00
0xf766cd8d4336b4a06b7fddb60574058e2f8631a2ef95d0598632e46a505e5788,action_count,other,15-50K,S4,NO,0.105,50.0,1.0,0,4.865921787709496,2025-12-21 00:00:00+00:00
0xd30162fdb150667fd91c0c573dc74b1cb251e216e089fd20859133b5cb2ae5c9,action_count,other,15-50K,S4,NO,0.0365,50.0,1.0,1,-51.0,2025-12-21 00:00:00+00:00
0x4c4fb6f271915e60c899281b74bf13876eb9ffdc5486527863900f1c35b673fd,action_count,other,15-50K,S4,NO,0.04,50.0,1.0,0,1.0833333333333357,2026-03-13 16:00:00+00:00
0xa8a38708979d953a914860bcbd64093f7e532f300a04565e516fcaaa93942d69,action_count,other,15-50K,S4,NO,0.0125,50.0,1.0,0,-0.3670886075949369,2026-05-01 16:00:00+00:00
0x427d1daa59182e7a2fa46f70e11c2f17d301a97cabfacf2c5c3512d991f31a6b,action_count,other,50-200K,S1,YES,0.037,50.0,1.0,0,-51.0,2024-07-04 12:00:00+00:00
